Date,benchmark,bm_returns,bulls_absolute,bears_absolute,bulls_relative,bears_relative,bullbear_absolute_avg,bullbear_relative_avg
2001-01-02,1283.27001953125,,,,,,,
2001-01-03,1347.56005859375,0.05009860597069338,,,,,,
2001-01-04,1333.3399658203125,0.03901746750645052,,,,,,
2001-01-05,1298.3499755859375,0.011751194857802405,,,,,,
2001-01-08,1295.8599853515625,0.009810846999224188,,,,,,
2001-01-09,1300.800048828125,0.013660437032011696,,,,,,
2001-01-10,1313.27001953125,0.02337777672929553,,,,,,
2001-01-11,1326.8199462890625,0.03393668214404344,,,,,,
2001-01-12,1318.550048828125,0.027492288263511355,,,,,,
2001-01-16,1326.6500244140625,0.033804268955537786,,,,,,
2001-01-17,1329.469970703125,0.03600173811334817,,,,,,
2001-01-18,1347.969970703125,0.05041803376308018,,,,,,
2001-01-19,1342.5400390625,0.04618670944475123,,,,,,
2001-01-22,1342.9000244140625,0.046467231350572735,,,,,,
2001-01-23,1360.4000244140625,0.06010426777599487,,,,,,
2001-01-24,1364.300048828125,0.06314339777568678,,,,,,
2001-01-25,1357.510009765625,0.05785219720280943,,,,,,
2001-01-26,1354.949951171875,0.05585724792885616,,,,,,
2001-01-29,1364.1700439453125,0.06304209027154961,,,,,,
2001-01-30,1373.72998046875,0.07049175899125504,,,,,,
2001-01-31,1366.010009765625,0.06447590060944308,,,,,,
2001-02-01,1373.469970703125,0.07028914398298114,,,,,,
2001-02-02,1349.469970703125,0.05158692259954489,,,,,,
2001-02-05,1354.31005859375,0.055358605734784794,,,,,,
2001-02-06,1352.260009765625,0.053761086275182945,,,,,,
2001-02-07,1340.8900146484375,0.0449009126997566,,,,,,
2001-02-08,1332.530029296875,0.03838631699945649,,,,,,
2001-02-09,1314.760009765625,0.024538865363563866,,,,,,
2001-02-12,1330.31005859375,0.03665638435134877,,,,,,
2001-02-13,1318.800048828125,0.027687103069589103,,,,,,
2001-02-14,1315.9200439453125,0.025442832698600037,,,,,,
2001-02-15,1326.6099853515625,0.03377306814675207,,,,,,
2001-02-16,1301.530029296875,0.014229281045851305,,,,,,
2001-02-20,1278.93994140625,-0.003374253320888254,,,,,,
2001-02-21,1255.27001953125,-0.021819258280675435,,,,,,
2001-02-22,1252.8199462890625,-0.023728500454884727,,,,,,
2001-02-23,1245.8599853515625,-0.029152114216267844,,,,,,
2001-02-26,1267.6500244140625,-0.012172025278742837,,,,,,
2001-02-27,1257.93994140625,-0.01973869703139508,,,,,,
2001-02-28,1239.93994140625,-0.033765363068972154,,,,,,
2001-03-01,1241.22998046875,-0.032760088229799034,,,,,,
2001-03-02,1234.1800537109375,-0.038253808686533164,,,,,,
2001-03-05,1241.4100341796875,-0.032619779714679775,,,,,,
2001-03-06,1253.800048828125,-0.022964746510550915,,,,,,
2001-03-07,1261.8900146484375,-0.016660566020720968,,,,,,
2001-03-08,1264.739990234375,-0.014439696256321355,,,,,,
2001-03-09,1233.4200439453125,-0.038846053306962114,,,,,,
2001-03-12,1180.1600341796875,-0.0803494072036578,,,,,,
2001-03-13,1197.6600341796875,-0.06671237077823544,,,,,,
2001-03-14,1166.7099609375,-0.09083050084527533,,,,,,
2001-03-15,1173.56005859375,-0.08549249905921918,,,,,,
2001-03-16,1150.530029296875,-0.103438861824935,,,,,,
2001-03-19,1170.81005859375,-0.0876354619260713,,,,,,
2001-03-20,1142.6199951171875,-0.10960282892406259,,,,,,
2001-03-21,1122.1400146484375,-0.1255620426180214,,,,,,
2001-03-22,1117.5799560546875,-0.12911551034059454,,,,,,
2001-03-23,1139.8299560546875,-0.11177699259970042,,,,,,
2001-03-26,1152.68994140625,-0.10175573039000596,,,,,,
2001-03-27,1182.1700439453125,-0.07878308855284133,,,,,,
2001-03-28,1153.2900390625,-0.1012880987558864,,,,,,
2001-03-29,1147.949951171875,-0.10544941150328124,,,,,,
2001-03-30,1160.3299560546875,-0.09580217850134864,,,,,,
2001-04-02,1145.8699951171875,-0.10707023644505553,,,,,,
2001-04-03,1106.4599609375,-0.13778086910994325,,,,,,
2001-04-04,1103.25,-0.14028226078016437,,,,,,
2001-04-05,1151.43994140625,-0.10272980442039314,,,,,,
2001-04-06,1128.4300537109375,-0.12066047165729898,,,,,,
2001-04-09,1137.5899658203125,-0.11352252565220122,,,,,,
2001-04-10,1168.3800048828125,-0.08952910369588762,,,,,,
2001-04-11,1165.8900146484375,-0.09146945155446573,,,,,,
2001-04-12,1183.5,-0.0777467080292994,,,,,,
2001-04-16,1179.6800537109375,-0.08072343641141944,,,,,,
2001-04-17,1191.81005859375,-0.07127101821556436,,,,,,
2001-04-18,1238.1600341796875,-0.0351523721936865,,,,,,
2001-04-19,1253.68994140625,-0.023050548734711462,,,,,,
2001-04-20,1242.97998046875,-0.031396384587256465,,,,,,
2001-04-23,1224.3599853515625,-0.045906187538929055,,,,,,
2001-04-24,1209.469970703125,-0.05750936880383262,,,,,,
2001-04-25,1228.75,-0.042485228129278796,,,,,,
2001-04-26,1234.52001953125,-0.03798888718510418,,,,,,
2001-04-27,1253.050048828125,-0.023549190928782715,,,,,,
2001-04-30,1249.4599609375,-0.02634680003363521,,,,,,
2001-05-01,1266.43994140625,-0.013114993624760762,,,,,,
2001-05-02,1267.4300537109375,-0.012343439478230356,,,,,,
2001-05-03,1248.5799560546875,-0.027032551956004514,,,,,,
2001-05-04,1266.6099853515625,-0.012982485311837988,,,,,,
2001-05-07,1263.510009765625,-0.015398169882315127,,,,,,
2001-05-08,1261.199951171875,-0.017198304350190985,,,,,,
2001-05-09,1255.5400390625,-0.021608843070204387,,,,,,
2001-05-10,1255.1800537109375,-0.021889364976025893,,,,,,
2001-05-11,1245.6700439453125,-0.0293001278091658,,,,,,
2001-05-14,1248.9200439453125,-0.026767535330158854,,,,,,
2001-05-15,1249.43994140625,-0.026362400438027955,,,,,,
2001-05-16,1284.989990234375,0.0013403030359537826,,,,,,
2001-05-17,1288.489990234375,0.004067710321038254,,,,,,
2001-05-18,1291.9599609375,0.006771716999533162,,,,,,
2001-05-21,1312.8299560546875,0.02303485320590304,,,,,,
2001-05-22,1309.3800048828125,0.020346446931800877,,,,,,
2001-05-23,1289.050048828125,0.004504141146371765,,,,,,
2001-05-24,1293.1700439453125,0.007714685345551642,,,,,,
2001-05-25,1277.8900146484375,-0.004192418431762768,,,,,,
2001-05-29,1267.9300537109375,-0.011953809866075416,,,,,,
2001-05-30,1248.0799560546875,-0.027422181568159343,,,,,,
2001-05-31,1255.8199462890625,-0.02139072278195464,,,,,,
2001-06-01,1260.6700439453125,-0.017611239444518256,,,,,,
2001-06-04,1267.1099853515625,-0.012592855699683048,,,,,,
2001-06-05,1283.5699462890625,0.00023372069264371298,,,,,,
2001-06-06,1270.030029296875,-0.010317384519908157,,,,,,
2001-06-07,1276.9599609375,-0.004917171365114381,,,,,,
2001-06-08,1264.9599609375,-0.014268282056832615,,,,,,
2001-06-11,1254.3900146484375,-0.022505010203044185,,,,,,
2001-06-12,1255.8499755859375,-0.02136732217536541,,,,,,
2001-06-13,1241.5999755859375,-0.0324717661217806,,,,,,
2001-06-14,1219.8699951171875,-0.04940505384612681,,,,,,
2001-06-15,1214.3599853515625,-0.053698779782027306,,,,,,
2001-06-18,1208.4300537109375,-0.0583197337125112,,,,,,
2001-06-19,1212.5799560546875,-0.055085884031159105,,,,,,
2001-06-20,1223.1400146484375,-0.04685686096272701,,,,,,
2001-06-21,1237.0400390625,-0.03602513871993673,,,,,,
2001-06-22,1225.3499755859375,-0.04513472851681566,,,,,,
2001-06-25,1218.5999755859375,-0.050394728280907075,,,,,,
2001-06-26,1216.760009765625,-0.051828538618800435,,,,,,
2001-06-27,1211.0699462890625,-0.0562625730698203,,,,,,
2001-06-28,1226.199951171875,-0.044472377201035584,,,,,,
2001-06-29,1224.3800048828125,-0.045890587134535976,,,,,,
2001-07-02,1236.719970703125,-0.036274554941389314,,,,,,
2001-07-03,1234.449951171875,-0.03804348860047935,,,,,,
2001-07-05,1219.239990234375,-0.0498959909624187,,,,,,
2001-07-06,1190.5899658203125,-0.0722217867637791,,,,,,
2001-07-09,1198.780029296875,-0.06583960425198465,,,,,,
2001-07-10,1181.52001953125,-0.07928962607352597,,,,,,
2001-07-11,1180.1800537109375,-0.08033380679926427,,,,,,
2001-07-12,1208.1400146484375,-0.05854574932737444,,,,,,
2001-07-13,1215.6800537109375,-0.052670104336264734,,,,,,
2001-07-16,1202.449951171875,-0.0629797837783943,,,,,,
2001-07-17,1214.43994140625,-0.053636473288872555,,,,,,
2001-07-18,1207.7099609375,-0.058880872648571114,,,,,,
2001-07-19,1215.02001953125,-0.053184442059145964,,,,,,
2001-07-20,1210.8499755859375,-0.05643398726930826,,,,,,
2001-07-23,1191.030029296875,-0.07187886324038584,,,,,,
2001-07-24,1171.6500244140625,-0.08698091081248727,,,,,,
2001-07-25,1190.489990234375,-0.07229969366132649,,,,,,
2001-07-26,1202.9300537109375,-0.0626056594462151,,,,,,
2001-07-27,1205.8199462890625,-0.06035368399744667,,,,,,
2001-07-30,1204.52001953125,-0.061366663914399155,,,,,,
2001-07-31,1211.22998046875,-0.05613786495909345,,,,,,
2001-08-01,1215.9300537109375,-0.052475289530186986,,,,,,
2001-08-02,1220.75,-0.048719301923757063,,,,,,
2001-08-03,1214.3499755859375,-0.05370657998422346,,,,,,
2001-08-06,1200.47998046875,-0.06451490162042428,,,,,,
2001-08-07,1204.4000244140625,-0.06146017121633962,,,,,,
2001-08-08,1183.530029296875,-0.07772330742270939,,,,,,
2001-08-09,1183.4300537109375,-0.07780121432025688,,,,,,
2001-08-10,1190.1600341796875,-0.07255681496055832,,,,,,
2001-08-13,1191.2900390625,-0.0716762482321115,,,,,,
2001-08-14,1186.72998046875,-0.07522971595468464,,,,,,
2001-08-15,1178.02001953125,-0.08201703335860988,,,,,,
2001-08-16,1181.6600341796875,-0.07918051836719209,,,,,,
2001-08-17,1161.969970703125,-0.09452418195854972,,,,,,
2001-08-20,1171.4100341796875,-0.08716792541636809,,,,,,
2001-08-21,1157.260009765625,-0.09819446246523578,,,,,,
2001-08-22,1165.31005859375,-0.09192138765977476,,,,,,
2001-08-23,1162.0899658203125,-0.09443067465660937,,,,,,
2001-08-24,1184.9300537109375,-0.07663232548379229,,,,,,
2001-08-27,1179.2099609375,-0.08108976054140149,,,,,,
2001-08-28,1161.510009765625,-0.09488261076191895,,,,,,
2001-08-29,1148.56005859375,-0.10497397966696465,,,,,,
2001-08-30,1129.030029296875,-0.12019293514759599,,,,,,
2001-08-31,1133.5799560546875,-0.11664736275163645,,,,,,
2001-09-04,1132.93994140625,-0.11714610007012483,,,,,,
2001-09-05,1131.739990234375,-0.11808117308952981,,,,,,
2001-09-06,1106.4000244140625,-0.13782757519870448,,,,,,
2001-09-07,1085.780029296875,-0.15389589659899683,,,,,,
2001-09-10,1092.5400390625,-0.14862809663270882,,,,,,
2001-09-17,1038.77001953125,-0.19052888034375592,,,,,,
2001-09-18,1032.739990234375,-0.19522783629620433,,,,,,
2001-09-19,1016.0999755859376,-0.20819472120365012,,,,,,
2001-09-20,984.5399780273438,-0.23278814042038065,,,,,,
2001-09-21,965.7999877929688,-0.2473914506739937,,,,,,
2001-09-24,1003.4500122070312,-0.2180523218538446,,,,,,
2001-09-25,1012.27001953125,-0.21117924978796665,,,,,,
2001-09-26,1007.0399780273438,-0.215254807873409,,,,,,
2001-09-27,1018.6099853515624,-0.20623877294067905,,,,,,
2001-09-28,1040.93994140625,-0.18883794870663018,,,,,,
2001-10-01,1038.550048828125,-0.19070029454324378,,,,,,
2001-10-02,1051.3299560546875,-0.18074143395112086,,,,,,
2001-10-03,1072.280029296875,-0.16441589612717944,,,,,,
2001-10-04,1069.6300048828125,-0.16648095209648384,,,,,,
2001-10-05,1071.3800048828125,-0.1651172484539416,,,,,,
2001-10-08,1062.43994140625,-0.17208387538396852,,,,,,
2001-10-09,1056.75,-0.17651781471057126,,,,,,
2001-10-10,1080.989990234375,-0.1576285787232541,,,,,,
2001-10-11,1097.4300537109375,-0.14481750761090328,,,,,,
2001-10-12,1091.6500244140625,-0.14932164875727438,,,,,,
2001-10-15,1089.97998046875,-0.15062304590666187,,,,,,
2001-10-16,1097.5400390625,-0.1447318005111592,,,,,,
2001-10-17,1077.0899658203125,-0.16066770872294567,,,,,,
2001-10-18,1068.6099853515625,-0.16727581172518646,,,,,,
2001-10-19,1073.47998046875,-0.16348082310777434,,,,,,
2001-10-22,1089.9000244140625,-0.1506853523998165,,,,,,
2001-10-23,1084.780029296875,-0.15467515582330627,,,,,,
2001-10-24,1085.199951171875,-0.15434792782872309,,,,,,
2001-10-25,1100.0899658203125,-0.1427447465638194,,,,,,
2001-10-26,1104.6099853515625,-0.13922247965003232,,,,,,
2001-10-29,1078.300048828125,-0.1597247403769274,,,,,,
2001-10-30,1059.7900390625,-0.17414883622885602,,,,,,
2001-10-31,1059.780029296875,-0.1741566364310525,,,,,,
2001-11-01,1084.0999755859375,-0.15520509395058057,,,,,,
2001-11-02,1087.199951171875,-0.15278940938010355,,,,,,
2001-11-05,1102.8399658203125,-0.1406017836969674,,,,,,
2001-11-06,1118.8599853515625,-0.12811803570361713,,,,,,
2001-11-07,1115.800048828125,-0.13050251946530844,,,,,,
2001-11-08,1118.5400390625,-0.12836735680065292,,,,,,
2001-11-09,1120.31005859375,-0.12698805275371772,,,,,,
2001-11-12,1118.3299560546875,-0.12853106592236152,,,,,,
2001-11-13,1139.0899658203125,-0.11235363681573574,,,,,,
2001-11-14,1141.2099609375,-0.11070161106517551,,,,,,
2001-11-15,1142.239990234375,-0.10989895123427629,,,,,,
2001-11-16,1138.6500244140625,-0.11269646521471188,,,,,,
2001-11-19,1151.06005859375,-0.10302583160618994,,,,,,
2001-11-20,1142.6600341796875,-0.1095716281152761,,,,,,
2001-11-21,1137.030029296875,-0.11395886135311717,,,,,,
2001-11-23,1150.3399658203125,-0.10358697054224986,,,,,,
2001-11-26,1157.4200439453125,-0.09806975435450926,,,,,,
2001-11-27,1149.5,-0.10424152165583334,,,,,,
2001-11-28,1128.52001953125,-0.12059036496194708,,,,,,
2001-11-29,1140.199951171875,-0.11148867049168176,,,,,,
2001-11-30,1139.449951171875,-0.11207311490991412,,,,,,
2001-12-03,1129.9000244140625,-0.11951498342742295,,,,,,
2001-12-04,1144.800048828125,-0.1079040019603229,,,,,,
2001-12-05,1170.3499755859375,-0.08799398585385654,,,,,,
2001-12-06,1167.0999755859375,-0.0905265783328636,,,,,,
2001-12-07,1158.31005859375,-0.09737620222994348,,,,,,
2001-12-10,1139.9300537109375,-0.11169899057773514,,,,,,
2001-12-11,1136.760009765625,-0.11416927656358744,,,,,,
2001-12-12,1137.0699462890625,-0.11392775566874824,,,,,,
2001-12-13,1119.3800048828125,-0.12771280568706922,,,,,,
2001-12-14,1123.0899658203125,-0.12482178440469327,,,,,,
2001-12-17,1134.3599853515625,-0.11603951772681453,,,,,,
2001-12-18,1142.9200439453125,-0.10936901310700209,,,,,,
2001-12-19,1149.56005859375,-0.10419472044265465,,,,,,
2001-12-20,1139.9300537109375,-0.11169899057773514,,,,,,
2001-12-21,1144.8900146484375,-0.10783389526497189,,,,,,
2001-12-24,1144.6500244140625,-0.10802090986885282,,,,,,
2001-12-26,1149.3699951171875,-0.10434282915997051,,,,,,
2001-12-27,1157.1300048828125,-0.09829576996937273,,,,,,
2001-12-28,1161.02001953125,-0.09526444017187741,,,,,,
2001-12-31,1148.0799560546875,-0.10534810399914363,,,,,,
2002-01-02,1154.6700439453125,-0.10021271722136138,,,,,,
2002-01-03,1165.27001953125,-0.09195258846856047,,,,,,
2002-01-04,1172.510009765625,-0.0863107592945106,,,,,,
2002-01-07,1164.8900146484375,-0.09224871077877494,100.0,0.0,87.5,12.5,1.0,0.75
2002-01-08,1160.7099609375,-0.09550605619113361,100.0,0.0,94.44444444444444,5.555555555555555,1.0,0.8888888888888888
2002-01-09,1155.1400146484375,-0.09984648821579589,100.0,0.0,92.6829268292683,7.317073170731707,1.0,0.8536585365853658
2002-01-10,1156.550048828125,-0.09874770607468242,100.0,0.0,93.18181818181817,6.8181818181818175,1.0,0.8636363636363636
2002-01-11,1145.5999755859375,-0.10728065165552536,100.0,0.0,95.91836734693877,4.081632653061225,1.0,0.9183673469387755
2002-01-14,1138.4100341796875,-0.11288347981859304,96.96969696969697,3.0303030303030303,94.11764705882352,5.88235294117647,0.9393939393939394,0.8823529411764706
2002-01-15,1146.18994140625,-0.10682091534801941,97.14285714285714,2.857142857142857,94.23076923076923,5.769230769230769,0.9428571428571428,0.8846153846153846
2002-01-16,1127.5699462890625,-0.121330718299692,97.22222222222221,2.7777777777777777,96.22641509433963,3.7735849056603774,0.9444444444444444,0.9245283018867925
2002-01-17,1138.8800048828125,-0.11251725081302755,89.13043478260869,10.869565217391305,93.10344827586206,6.896551724137931,0.782608695652174,0.8620689655172413
2002-01-18,1127.5799560546875,-0.12132291809749562,85.71428571428571,14.285714285714285,91.93548387096774,8.064516129032258,0.7142857142857143,0.8387096774193549
2002-01-22,1119.31005859375,-0.1277673119780277,86.27450980392157,13.725490196078432,92.95774647887323,7.042253521126761,0.7254901960784313,0.8591549295774648
2002-01-23,1128.1800537109375,-0.12085528646337607,87.93103448275862,12.068965517241379,92.0,8.0,0.7586206896551724,0.84
2002-01-24,1132.1500244140625,-0.117761650172726,88.33333333333333,11.666666666666666,93.75,6.25,0.7666666666666667,0.875
2002-01-25,1133.280029296875,-0.11688108344427928,88.05970149253731,11.940298507462686,93.18181818181817,6.8181818181818175,0.7611940298507462,0.8636363636363636
2002-01-28,1133.06005859375,-0.11705249764376735,88.40579710144928,11.594202898550725,93.47826086956522,6.521739130434782,0.7681159420289855,0.8695652173913043
2002-01-29,1100.6400146484375,-0.1423161159406826,86.3013698630137,13.698630136986301,92.45283018867924,7.547169811320755,0.726027397260274,0.8490566037735849
2002-01-30,1113.5699462890625,-0.13224034744002977,86.48648648648648,13.513513513513514,91.74311926605505,8.256880733944955,0.7297297297297297,0.8348623853211009
2002-01-31,1130.199951171875,-0.11928126273478046,87.34177215189874,12.658227848101266,91.8918918918919,8.108108108108109,0.7468354430379747,0.8378378378378378
2002-02-01,1122.199951171875,-0.12551533652925917,87.8048780487805,12.195121951219512,92.17391304347827,7.82608695652174,0.7560975609756098,0.8434782608695652
2002-02-04,1094.43994140625,-0.14714758020605379,86.90476190476191,13.095238095238097,91.33858267716536,8.661417322834646,0.7380952380952381,0.8267716535433071
2002-02-05,1090.02001953125,-0.1505918450978765,81.52173913043478,18.478260869565215,90.51094890510949,9.48905109489051,0.6304347826086957,0.8102189781021898
2002-02-06,1083.510009765625,-0.15566483025808686,78.57142857142857,21.428571428571427,90.20979020979021,9.79020979020979,0.5714285714285714,0.8041958041958042
2002-02-07,1080.1700439453125,-0.15826752943244504,78.57142857142857,21.428571428571427,90.9090909090909,9.090909090909092,0.5714285714285714,0.8181818181818182
2002-02-08,1096.219970703125,-0.14576047595692232,78.21782178217822,21.782178217821784,89.79591836734694,10.204081632653061,0.5643564356435643,0.7959183673469388
2002-02-11,1111.93994140625,-0.13351054378063154,78.64077669902912,21.35922330097087,89.26174496644296,10.738255033557047,0.5728155339805825,0.785234899328859
2002-02-12,1107.5,-0.1369704090768471,78.84615384615384,21.153846153846153,89.33333333333333,10.666666666666668,0.5769230769230769,0.7866666666666666
2002-02-13,1118.510009765625,-0.12839075740724226,80.18018018018019,19.81981981981982,89.33333333333333,10.666666666666668,0.6036036036036037,0.7866666666666666
2002-02-14,1116.47998046875,-0.12997267646245125,80.0,20.0,88.1578947368421,11.842105263157894,0.6,0.7631578947368421
2002-02-15,1104.1800537109375,-0.1395575078468122,80.99173553719008,19.00826446280992,89.375,10.625,0.6198347107438017,0.7875
2002-02-19,1083.3399658203125,-0.15579733857100952,81.14754098360656,18.852459016393443,88.95705521472392,11.042944785276074,0.6229508196721312,0.7791411042944786
2002-02-20,1097.97998046875,-0.14438897211218327,81.30081300813008,18.69918699186992,88.75739644970415,11.242603550295858,0.6260162601626016,0.7751479289940828
2002-02-21,1080.949951171875,-0.15765977953204002,80.80000000000001,19.2,87.6470588235294,12.352941176470589,0.616,0.7529411764705882
2002-02-22,1089.8399658203125,-0.15073215361299552,81.10236220472441,18.89763779527559,87.86127167630057,12.138728323699421,0.6220472440944882,0.7572254335260116
2002-02-25,1109.4300537109375,-0.13546639691918538,81.67938931297711,18.3206106870229,87.93103448275862,12.068965517241379,0.6335877862595419,0.7586206896551724
2002-02-26,1109.3800048828125,-0.1355053979301677,82.48175182481752,17.51824817518248,88.0,12.0,0.6496350364963503,0.76
2002-02-27,1109.8900146484375,-0.13510796811581627,82.97872340425532,17.02127659574468,88.06818181818183,11.931818181818182,0.6595744680851063,0.7613636363636364
2002-02-28,1106.72998046875,-0.1375704538994722,83.6734693877551,16.3265306122449,88.70056497175142,11.299435028248588,0.673469387755102,0.7740112994350282
2002-03-01,1131.780029296875,-0.11804997228074376,83.55263157894737,16.447368421052634,87.77777777777777,12.222222222222221,0.6710526315789473,0.7555555555555555
2002-03-04,1153.8399658203125,-0.1008595632571655,84.14634146341463,15.853658536585366,87.91208791208791,12.087912087912088,0.6829268292682927,0.7582417582417582
2002-03-05,1146.1400146484375,-0.1068598212345846,84.24242424242424,15.757575757575756,87.91208791208791,12.087912087912088,0.6848484848484848,0.7582417582417582
2002-03-06,1162.77001953125,-0.09390073652933517,84.61538461538461,15.384615384615385,87.91208791208791,12.087912087912088,0.6923076923076923,0.7582417582417582
2002-03-07,1157.5400390625,-0.09797624705256891,84.61538461538461,15.384615384615385,87.91208791208791,12.087912087912088,0.6923076923076923,0.7582417582417582
2002-03-08,1164.31005859375,-0.09270064688408453,84.70588235294117,15.294117647058824,87.97814207650273,12.021857923497267,0.6941176470588235,0.7595628415300546
2002-03-11,1168.260009765625,-0.08962261099782731,84.97109826589595,15.028901734104046,87.70053475935828,12.299465240641712,0.6994219653179191,0.7540106951871658
2002-03-12,1165.5799560546875,-0.09171106757372116,85.14285714285714,14.857142857142858,87.70053475935828,12.299465240641712,0.7028571428571428,0.7540106951871658
2002-03-13,1154.0899658203125,-0.10066474845108797,85.14285714285714,14.857142857142858,87.7659574468085,12.23404255319149,0.7028571428571428,0.7553191489361702
2002-03-14,1153.0400390625,-0.10148291356196304,85.39325842696628,14.606741573033707,87.7659574468085,12.23404255319149,0.7078651685393258,0.7553191489361702
2002-03-15,1166.1600341796875,-0.09125903634399457,85.6353591160221,14.3646408839779,87.95811518324608,12.041884816753926,0.712707182320442,0.7591623036649214
2002-03-18,1165.550048828125,-0.0917343730558936,85.71428571428571,14.285714285714285,87.95811518324608,12.041884816753926,0.7142857142857143,0.7591623036649214
2002-03-19,1170.2900390625,-0.08804069194261821,85.79234972677595,14.207650273224044,87.95811518324608,12.041884816753926,0.7158469945355191,0.7591623036649214
2002-03-20,1151.8499755859375,-0.10241028150358866,85.79234972677595,14.207650273224044,87.81725888324873,12.18274111675127,0.7158469945355191,0.7563451776649747
2002-03-21,1153.5899658203125,-0.1010543780632428,86.17021276595744,13.829787234042554,87.87878787878788,12.121212121212121,0.723404255319149,0.7575757575757576
2002-03-22,1148.699951171875,-0.104864967085048,86.17021276595744,13.829787234042554,87.5,12.5,0.723404255319149,0.75
2002-03-25,1131.8699951171875,-0.11797986558539253,86.17021276595744,13.829787234042554,87.56218905472637,12.437810945273633,0.723404255319149,0.7512437810945274
2002-03-26,1138.489990234375,-0.11282117332543806,86.24338624338624,13.756613756613756,87.74509803921569,12.254901960784313,0.7248677248677249,0.7549019607843137
2002-03-27,1144.5799560546875,-0.10807551128422799,86.52849740932642,13.471502590673575,87.8048780487805,12.195121951219512,0.7305699481865285,0.7560975609756098
2002-03-28,1147.3900146484375,-0.10588574720419719,86.5979381443299,13.402061855670103,87.92270531400966,12.077294685990339,0.7319587628865979,0.7584541062801933
2002-04-01,1146.5400390625,-0.10654809851997715,86.5979381443299,13.402061855670103,88.15165876777252,11.848341232227488,0.7319587628865979,0.7630331753554502
2002-04-02,1136.760009765625,-0.11416927656358744,86.66666666666667,13.333333333333334,88.42592592592592,11.574074074074074,0.7333333333333333,0.7685185185185185
2002-04-03,1125.4000244140625,-0.12302164993681719,86.66666666666667,13.333333333333334,88.42592592592592,11.574074074074074,0.7333333333333333,0.7685185185185185
2002-04-04,1126.3399658203125,-0.1222891919256861,86.22448979591837,13.77551020408163,88.9908256880734,11.009174311926607,0.7244897959183674,0.7798165137614679
2002-04-05,1122.72998046875,-0.12510230631051455,86.36363636363636,13.636363636363635,88.63636363636364,11.363636363636363,0.7272727272727273,0.7727272727272727
2002-04-08,1125.2900390625,-0.12310735703656117,86.06965174129353,13.930348258706468,88.39285714285714,11.607142857142858,0.7213930348258707,0.7678571428571429
2002-04-09,1117.800048828125,-0.12894400101668868,86.13861386138613,13.861386138613863,88.20960698689956,11.790393013100436,0.7227722772277227,0.7641921397379913
2002-04-10,1130.469970703125,-0.11907084752430974,86.40776699029125,13.592233009708737,87.93103448275862,12.068965517241379,0.7281553398058253,0.7586206896551724
2002-04-11,1103.68994140625,-0.13993943238118745,86.0576923076923,13.942307692307693,87.44769874476988,12.552301255230125,0.7211538461538461,0.7489539748953975
2002-04-12,1111.010009765625,-0.1342352015895658,86.0576923076923,13.942307692307693,87.29508196721312,12.704918032786885,0.7211538461538461,0.7459016393442623
2002-04-15,1102.550048828125,-0.14082770418741364,86.0576923076923,13.942307692307693,87.34693877551021,12.653061224489795,0.7211538461538461,0.746938775510204
2002-04-16,1128.3699951171875,-0.12070727287047689,86.19047619047619,13.80952380952381,87.04453441295547,12.955465587044534,0.7238095238095238,0.7408906882591093
2002-04-17,1126.0699462890625,-0.12249960713615626,86.32075471698113,13.679245283018867,87.14859437751004,12.851405622489958,0.7264150943396226,0.7429718875502008
2002-04-18,1124.469970703125,-0.12374640287016858,86.32075471698113,13.679245283018867,87.14859437751004,12.851405622489958,0.7264150943396226,0.7429718875502008
2002-04-19,1125.1700439453125,-0.12320086433850153,86.51162790697674,13.488372093023257,87.2,12.8,0.7302325581395349,0.744
2002-04-22,1107.8299560546875,-0.1367132877776145,86.51162790697674,13.488372093023257,87.25099601593625,12.749003984063744,0.7302325581395349,0.7450199203187251
2002-04-23,1100.9599609375,-0.14206679484364637,86.11111111111111,13.88888888888889,87.00787401574803,12.992125984251967,0.7222222222222222,0.7401574803149606
2002-04-24,1093.1400146484375,-0.14816056012300594,85.3211009174312,14.678899082568808,87.109375,12.890625,0.7064220183486238,0.7421875
2002-04-25,1091.47998046875,-0.14945415707019705,84.93150684931507,15.068493150684931,86.97318007662835,13.026819923371647,0.6986301369863014,0.7394636015325671
2002-04-26,1076.3199462890625,-0.161267753545571,84.61538461538461,15.384615384615385,87.5,12.5,0.6923076923076923,0.75
2002-04-29,1065.449951171875,-0.16973829750884228,84.23423423423422,15.765765765765765,87.59398496240601,12.406015037593985,0.6846846846846847,0.7518796992481203
2002-04-30,1076.9200439453125,-0.16080012191145154,84.23423423423422,15.765765765765765,87.68656716417911,12.313432835820896,0.6846846846846847,0.753731343283582
2002-05-01,1086.4599609375,-0.1533660535961392,84.375,15.625,86.98884758364312,13.011152416356877,0.6875,0.7397769516728625
2002-05-02,1084.56005859375,-0.15484657002279423,84.58149779735683,15.418502202643172,87.4074074074074,12.592592592592592,0.6916299559471366,0.7481481481481481
2002-05-03,1073.4300537109375,-0.16351972899433942,83.84279475982532,16.157205240174672,87.54578754578755,12.454212454212454,0.6768558951965066,0.7509157509157509
2002-05-06,1052.6700439453125,-0.1796971581009652,83.11688311688312,16.883116883116884,87.58865248226951,12.411347517730496,0.6623376623376623,0.75177304964539
2002-05-07,1049.489990234375,-0.1821752442890141,83.11688311688312,16.883116883116884,87.63250883392226,12.36749116607774,0.6623376623376623,0.7526501766784452
2002-05-08,1088.8499755859375,-0.1515036126351087,83.11688311688312,16.883116883116884,87.63250883392226,12.36749116607774,0.6623376623376623,0.7526501766784452
2002-05-09,1073.010009765625,-0.16384705211333983,83.1896551724138,16.810344827586206,87.63250883392226,12.36749116607774,0.6637931034482759,0.7526501766784452
2002-05-10,1054.989990234375,-0.17788931855530998,83.1896551724138,16.810344827586206,87.63250883392226,12.36749116607774,0.6637931034482759,0.7526501766784452
2002-05-13,1074.56005859375,-0.1626391622658928,82.5531914893617,17.4468085106383,87.41258741258741,12.587412587412588,0.6510638297872341,0.7482517482517482
2002-05-14,1097.280029296875,-0.1449344155194333,82.70042194092827,17.29957805907173,87.19723183391004,12.802768166089965,0.6540084388185654,0.7439446366782007
2002-05-15,1091.0699462890625,-0.14977367998700108,82.57261410788381,17.42738589211618,87.32876712328768,12.67123287671233,0.6514522821576764,0.7465753424657534
2002-05-16,1098.22998046875,-0.14419415730610585,82.23140495867769,17.768595041322314,87.32876712328768,12.67123287671233,0.6446280991735537,0.7465753424657534
2002-05-17,1106.5899658203125,-0.13767956160580563,82.23140495867769,17.768595041322314,87.32876712328768,12.67123287671233,0.6446280991735537,0.7465753424657534
2002-05-20,1091.8800048828125,-0.14914243435558994,81.9672131147541,18.0327868852459,87.71331058020478,12.286689419795222,0.639344262295082,0.7542662116040956
2002-05-21,1079.8800048828125,-0.15849354504730806,81.9672131147541,18.0327868852459,87.11864406779661,12.88135593220339,0.639344262295082,0.7423728813559322
2002-05-22,1086.02001953125,-0.15370888199511568,82.0408163265306,17.959183673469386,86.77966101694915,13.220338983050848,0.6408163265306123,0.735593220338983
2002-05-23,1097.0799560546875,-0.14509032443894565,82.25806451612904,17.741935483870968,86.4406779661017,13.559322033898304,0.6451612903225806,0.7288135593220338
2002-05-24,1083.8199462890625,-0.15542330936324755,82.25806451612904,17.741935483870968,86.77966101694915,13.220338983050848,0.6451612903225806,0.735593220338983
2002-05-28,1074.550048828125,-0.16264696246808952,82.0,18.0,86.82432432432432,13.175675675675674,0.64,0.7364864864864865
2002-05-29,1067.6600341796875,-0.16801606993851437,81.34920634920636,18.650793650793652,86.53198653198653,13.468013468013467,0.626984126984127,0.7306397306397306
2002-05-30,1064.6600341796875,-0.170353847611444,81.34920634920636,18.650793650793652,86.2876254180602,13.712374581939798,0.626984126984127,0.725752508361204
2002-05-31,1067.1400146484375,-0.16842129995506228,81.42292490118577,18.57707509881423,86.2876254180602,13.712374581939798,0.6284584980237155,0.725752508361204
2002-06-03,1040.6800537109375,-0.1890404685904874,81.42292490118577,18.57707509881423,86.2876254180602,13.712374581939798,0.6284584980237155,0.725752508361204
2002-06-04,1040.68994140625,-0.18903276351270792,81.10236220472441,18.89763779527559,86.2876254180602,13.712374581939798,0.6220472440944882,0.725752508361204
2002-06-05,1049.9000244140625,-0.18185572137221062,81.10236220472441,18.89763779527559,86.2876254180602,13.712374581939798,0.6220472440944882,0.725752508361204
2002-06-06,1029.1500244140625,-0.19802535027663992,80.46875,19.53125,86.2876254180602,13.712374581939798,0.609375,0.725752508361204
2002-06-07,1027.530029296875,-0.1992877464150452,80.1556420233463,19.844357976653697,86.09271523178808,13.90728476821192,0.603112840466926,0.7218543046357616
2002-06-10,1030.739990234375,-0.19678635474482398,80.1556420233463,19.844357976653697,86.18421052631578,13.815789473684212,0.603112840466926,0.7236842105263158
2002-06-11,1013.5999755859376,-0.2101428692644246,79.84496124031007,20.155038759689923,85.99348534201955,14.006514657980457,0.5968992248062015,0.7198697068403909
2002-06-12,1020.260009765625,-0.20495297619568442,79.53667953667953,20.463320463320464,86.03896103896103,13.96103896103896,0.5907335907335908,0.7207792207792207
2002-06-13,1009.5599975585938,-0.21329105940824145,79.15057915057915,20.84942084942085,85.71428571428571,14.285714285714285,0.583011583011583,0.7142857142857143
2002-06-14,1007.27001953125,-0.21507554590951594,78.84615384615384,21.153846153846153,85.71428571428571,14.285714285714285,0.5769230769230769,0.7142857142857143
2002-06-17,1036.1700439453125,-0.192554935302078,78.62595419847328,21.374045801526716,85.71428571428571,14.285714285714285,0.5725190839694656,0.7142857142857143
2002-06-18,1037.1400146484375,-0.19179907668435758,78.78787878787878,21.21212121212121,85.76051779935275,14.239482200647249,0.5757575757575758,0.7152103559870551
2002-06-19,1019.989990234375,-0.2051633914061548,78.49056603773586,21.50943396226415,85.11326860841424,14.886731391585762,0.569811320754717,0.7022653721682848
2002-06-20,1006.2899780273438,-0.21583925229164147,77.61194029850746,22.388059701492537,84.83870967741936,15.161290322580644,0.5522388059701493,0.6967741935483871
2002-06-21,989.1400146484376,-0.22920351945123008,77.61194029850746,22.388059701492537,84.88745980707395,15.112540192926044,0.5522388059701493,0.6977491961414791
2002-06-24,992.719970703125,-0.2264138056729912,77.32342007434944,22.676579925650557,84.66453674121406,15.335463258785943,0.5464684014869888,0.6932907348242812
2002-06-25,976.1400146484376,-0.2393338893672582,76.66666666666667,23.333333333333332,84.71337579617835,15.286624203821656,0.5333333333333333,0.6942675159235668
2002-06-26,973.530029296875,-0.24136774452777687,76.10294117647058,23.897058823529413,84.76190476190476,15.238095238095239,0.5220588235294118,0.6952380952380952
2002-06-27,990.6400146484376,-0.22803463061476537,75.91240875912408,24.087591240875913,84.49367088607595,15.50632911392405,0.5182481751824818,0.689873417721519
2002-06-28,989.8200073242188,-0.2286736288861646,75.91240875912408,24.087591240875913,84.17721518987342,15.822784810126583,0.5182481751824818,0.6835443037974683
2002-07-01,968.6500244140624,-0.2451705333473857,75.63636363636364,24.363636363636363,84.22712933753942,15.772870662460567,0.5127272727272727,0.6845425867507886
2002-07-02,948.0900268554688,-0.26119210109670765,73.21428571428571,26.785714285714285,84.22712933753942,15.772870662460567,0.4642857142857143,0.6845425867507886
2002-07-03,953.989990234375,-0.2565945002106047,72.95373665480427,27.046263345195733,84.22712933753942,15.772870662460567,0.45907473309608543,0.6845425867507886
2002-07-05,989.030029296875,-0.2292892265509744,72.95373665480427,27.046263345195733,84.27672955974843,15.723270440251572,0.45907473309608543,0.6855345911949685
2002-07-08,976.97998046875,-0.23867933825367482,72.69503546099291,27.30496453900709,84.27672955974843,15.723270440251572,0.45390070921985815,0.6855345911949685
2002-07-09,952.8300170898438,-0.2574984199834325,72.43816254416961,27.56183745583039,84.27672955974843,15.723270440251572,0.44876325088339225,0.6855345911949685
2002-07-10,920.469970703125,-0.28271528462937745,69.7594501718213,30.240549828178693,84.01253918495298,15.987460815047022,0.3951890034364261,0.6802507836990596
2002-07-11,927.3699951171876,-0.277338376956756,69.28327645051195,30.716723549488055,83.75,16.25,0.3856655290102389,0.675
2002-07-12,921.3900146484376,-0.2819983318982222,68.13559322033899,31.864406779661014,83.4375,16.5625,0.36271186440677966,0.66875
2002-07-15,917.9299926757812,-0.28469458593672947,67.45762711864407,32.54237288135593,83.4375,16.5625,0.34915254237288135,0.66875
2002-07-16,900.9400024414062,-0.2979341925478003,65.66666666666666,34.333333333333336,83.4375,16.5625,0.31333333333333335,0.66875
2002-07-17,906.0399780273438,-0.2939599895287036,65.01650165016501,34.98349834983499,82.6625386996904,17.3374613003096,0.30033003300330036,0.653250773993808
2002-07-18,881.5599975585938,-0.31303624011990194,63.278688524590166,36.721311475409834,81.59509202453987,18.404907975460123,0.26557377049180325,0.6319018404907976
2002-07-19,847.75,-0.3393829925913294,59.4855305466238,40.51446945337621,81.09756097560977,18.902439024390244,0.18971061093247588,0.6219512195121951
2002-07-22,819.8499755859375,-0.3611243439744575,55.520504731861195,44.479495268138805,81.15501519756839,18.84498480243161,0.11041009463722397,0.6231003039513677
2002-07-23,797.7000122070312,-0.37838490725559537,52.012383900928796,47.987616099071204,80.83832335329342,19.16167664670659,0.04024767801857585,0.6167664670658682
2002-07-24,843.4299926757812,-0.342749398147813,52.012383900928796,47.987616099071204,80.35714285714286,19.642857142857142,0.04024767801857585,0.6071428571428571
2002-07-25,838.6799926757812,-0.3464508794632847,51.681957186544345,48.318042813455655,79.9410029498525,20.058997050147493,0.03363914373088685,0.5988200589970502
2002-07-26,852.8400268554688,-0.3354165422122206,51.52439024390244,48.47560975609756,79.70588235294119,20.294117647058822,0.03048780487804878,0.5941176470588235
2002-07-29,898.9600219726562,-0.2994771105920273,51.52439024390244,48.47560975609756,79.70588235294119,20.294117647058822,0.03048780487804878,0.5941176470588235
2002-07-30,902.780029296875,-0.29650033464769865,51.671732522796354,48.328267477203646,79.70588235294119,20.294117647058822,0.03343465045592705,0.5941176470588235
2002-07-31,911.6199951171876,-0.28961170973963624,51.671732522796354,48.328267477203646,79.70588235294119,20.294117647058822,0.03343465045592705,0.5941176470588235
2002-08-01,884.6599731445312,-0.3106205555494248,51.3595166163142,48.6404833836858,79.11764705882352,20.88235294117647,0.027190332326283987,0.5823529411764706
2002-08-02,864.239990234375,-0.32653301559241343,50.903614457831324,49.096385542168676,79.17888563049853,20.821114369501466,0.018072289156626505,0.5835777126099707
2002-08-05,834.5999755859375,-0.34963027041588735,50.29940119760479,49.700598802395206,78.77906976744185,21.22093023255814,0.005988023952095809,0.5755813953488372
2002-08-06,859.5700073242188,-0.33017214285252205,50.29940119760479,49.700598802395206,78.55072463768116,21.44927536231884,0.005988023952095809,0.5710144927536231
2002-08-07,876.77001953125,-0.31676887468195103,50.29940119760479,49.700598802395206,78.32369942196532,21.67630057803468,0.005988023952095809,0.5664739884393064
2002-08-08,905.4600219726562,-0.2944119256340133,50.0,50.0,78.03468208092485,21.965317919075144,0.0,0.5606936416184971
2002-08-09,908.6400146484376,-0.291933887008173,50.0,50.0,78.03468208092485,21.965317919075144,0.0,0.5606936416184971
2002-08-12,903.7999877929688,-0.2957055225812045,50.0,50.0,77.87356321839081,22.126436781609197,0.0,0.5574712643678161
2002-08-13,884.2100219726562,-0.31097118415059755,50.0,50.0,77.87356321839081,22.126436781609197,0.0,0.5574712643678161
2002-08-14,919.6199951171876,-0.28337763594515764,50.0,50.0,77.87356321839081,22.126436781609197,0.0,0.5574712643678161
2002-08-15,930.25,-0.2750941065857673,50.0,50.0,77.87356321839081,22.126436781609197,0.0,0.5574712643678161
2002-08-16,928.77001953125,-0.2762473950178391,50.0,50.0,77.87356321839081,22.126436781609197,0.0,0.5574712643678161
2002-08-19,950.7000122070312,-0.2591582459361893,50.0,50.0,77.87356321839081,22.126436781609197,0.0,0.5574712643678161
2002-08-20,937.4299926757812,-0.2694990310626878,50.0,50.0,77.87356321839081,22.126436781609197,0.0,0.5574712643678161
2002-08-21,949.3599853515624,-0.26020247422413634,50.0,50.0,77.93696275071633,22.063037249283667,0.0,0.5587392550143266
2002-08-22,962.7000122070312,-0.2498071352444713,50.0,50.0,77.93696275071633,22.063037249283667,0.0,0.5587392550143266
2002-08-23,940.8599853515624,-0.2668261776307701,50.0,50.0,77.93696275071633,22.063037249283667,0.0,0.5587392550143266
2002-08-26,947.9500122070312,-0.26130120880304153,50.0,50.0,77.93696275071633,22.063037249283667,0.0,0.5587392550143266
2002-08-27,934.8200073242188,-0.2715328862232065,50.0,50.0,77.93696275071633,22.063037249283667,0.0,0.5587392550143266
2002-08-28,917.8699951171876,-0.2847413395877,50.0,50.0,77.93696275071633,22.063037249283667,0.0,0.5587392550143266
2002-08-29,917.7999877929688,-0.28479589344086675,50.14925373134328,49.850746268656714,77.93696275071633,22.063037249283667,0.0029850746268656717,0.5587392550143266
2002-08-30,916.0700073242188,-0.286143996679016,50.14925373134328,49.850746268656714,77.93696275071633,22.063037249283667,0.0029850746268656717,0.5587392550143266
2002-09-03,878.02001953125,-0.31579480065156396,49.850746268656714,50.14925373134328,77.93696275071633,22.063037249283667,-0.0029850746268656717,0.5587392550143266
2002-09-04,893.4000244140625,-0.30380978997670194,49.850746268656714,50.14925373134328,77.93696275071633,22.063037249283667,-0.0029850746268656717,0.5587392550143266
2002-09-05,879.1500244140625,-0.3149142339231171,49.55223880597015,50.44776119402985,77.93696275071633,22.063037249283667,-0.008955223880597015,0.5587392550143266
2002-09-06,893.9199829101562,-0.30340460752236253,49.55223880597015,50.44776119402985,77.93696275071633,22.063037249283667,-0.008955223880597015,0.5587392550143266
2002-09-09,902.9600219726562,-0.296360073694788,49.55223880597015,50.44776119402985,77.93696275071633,22.063037249283667,-0.008955223880597015,0.5587392550143266
2002-09-10,909.5800170898438,-0.29120138143483343,49.850746268656714,50.14925373134328,77.93696275071633,22.063037249283667,-0.0029850746268656717,0.5587392550143266
2002-09-11,909.4500122070312,-0.2913026889389704,49.850746268656714,50.14925373134328,77.93696275071633,22.063037249283667,-0.0029850746268656717,0.5587392550143266
2002-09-12,886.9099731445312,-0.30886722229472774,49.850746268656714,50.14925373134328,77.93696275071633,22.063037249283667,-0.0029850746268656717,0.5587392550143266
2002-09-13,889.8099975585938,-0.3066073515193457,49.850746268656714,50.14925373134328,77.93696275071633,22.063037249283667,-0.0029850746268656717,0.5587392550143266
2002-09-16,891.0999755859375,-0.3056021242423811,49.55223880597015,50.44776119402985,77.93696275071633,22.063037249283667,-0.008955223880597015,0.5587392550143266
2002-09-17,873.52001953125,-0.3193014671609581,48.95522388059702,51.04477611940299,77.65042979942693,22.349570200573066,-0.020895522388059702,0.5530085959885387
2002-09-18,869.4600219726562,-0.3224652577091677,48.656716417910445,51.34328358208955,77.65042979942693,22.349570200573066,-0.026865671641791045,0.5530085959885387
2002-09-19,843.3200073242188,-0.342835105247557,48.22485207100592,51.77514792899408,77.42857142857143,22.57142857142857,-0.03550295857988166,0.5485714285714286
2002-09-20,845.3900146484375,-0.3412220329457707,47.94117647058824,52.05882352941177,76.98863636363636,23.011363636363637,-0.041176470588235294,0.5397727272727273
2002-09-23,833.7000122070312,-0.3503315751804411,47.80058651026393,52.19941348973607,76.48725212464589,23.512747875354105,-0.04398826979472141,0.5297450424929179
2002-09-24,819.2899780273438,-0.3615607272375828,46.9208211143695,53.0791788856305,76.27118644067797,23.728813559322035,-0.06158357771260997,0.5254237288135594
2002-09-25,839.6599731445312,-0.3456872206433679,46.9208211143695,53.0791788856305,75.77464788732394,24.225352112676056,-0.06158357771260997,0.5154929577464789
2002-09-26,854.9500122070312,-0.333772316663857,47.07602339181287,52.92397660818714,75.84269662921348,24.15730337078652,-0.05847953216374269,0.5168539325842697
2002-09-27,827.3699951171875,-0.35526429938774085,46.80232558139535,53.19767441860465,75.91036414565826,24.089635854341736,-0.06395348837209303,0.5182072829131653
2002-09-30,815.280029296875,-0.3646855167748101,46.53179190751445,53.46820809248555,75.97765363128491,24.022346368715084,-0.06936416184971098,0.5195530726256983
2002-10-01,847.9099731445312,-0.33925833204281164,46.39769452449568,53.602305475504316,75.4874651810585,24.512534818941504,-0.07204610951008646,0.5097493036211699
2002-10-02,827.9099731445312,-0.3548435165290086,46.264367816091955,53.735632183908045,75.0,25.0,-0.07471264367816093,0.5
2002-10-03,818.9500122070312,-0.36182564873901135,45.714285714285715,54.285714285714285,74.23822714681441,25.761772853185594,-0.08571428571428572,0.48476454293628807
2002-10-04,800.5800170898438,-0.3761406368846065,43.3048433048433,56.69515669515669,73.15068493150685,26.84931506849315,-0.1339031339031339,0.46301369863013697
2002-10-07,785.280029296875,-0.3880632935041054,42.04545454545455,57.95454545454546,73.15068493150685,26.84931506849315,-0.1590909090909091,0.46301369863013697
2002-10-08,798.5499877929688,-0.37772255593981563,41.359773371104815,58.640226628895185,72.87671232876713,27.123287671232877,-0.17280453257790368,0.4575342465753425
2002-10-09,776.760009765625,-0.394702597315132,38.4180790960452,61.5819209039548,72.32876712328768,27.671232876712327,-0.23163841807909605,0.4465753424657534
2002-10-10,803.9199829101562,-0.37353793771024846,38.70056497175141,61.29943502824858,72.32876712328768,27.671232876712327,-0.22598870056497175,0.4465753424657534
2002-10-11,835.3200073242188,-0.34906917904203594,38.70056497175141,61.29943502824858,72.32876712328768,27.671232876712327,-0.22598870056497175,0.4465753424657534
2002-10-14,841.4400024414062,-0.3443001163942363,38.4180790960452,61.5819209039548,71.78082191780823,28.21917808219178,-0.23163841807909605,0.43561643835616437
2002-10-15,881.27001953125,-0.3132622081725568,38.309859154929576,61.69014084507042,71.5068493150685,28.493150684931507,-0.23380281690140844,0.4301369863013699
2002-10-16,860.02001953125,-0.32982146668914103,38.309859154929576,61.69014084507042,71.31147540983606,28.688524590163933,-0.23380281690140844,0.4262295081967213
2002-10-17,879.2000122070312,-0.3148752804743431,38.309859154929576,61.69014084507042,71.03825136612022,28.96174863387978,-0.23380281690140844,0.4207650273224044
2002-10-18,884.3900146484375,-0.3108309231976868,38.028169014084504,61.97183098591549,70.49180327868852,29.508196721311474,-0.23943661971830985,0.4098360655737705
2002-10-21,899.719970703125,-0.2988849135338071,38.37535014005603,61.62464985994398,70.49180327868852,29.508196721311474,-0.23249299719887956,0.4098360655737705
2002-10-22,890.1599731445312,-0.3063346298157208,38.095238095238095,61.904761904761905,70.29972752043598,29.70027247956403,-0.23809523809523808,0.40599455040871935
2002-10-23,896.1400146484375,-0.3016746273120462,38.095238095238095,61.904761904761905,70.29972752043598,29.70027247956403,-0.23809523809523808,0.40599455040871935
2002-10-24,882.5,-0.3123037345465626,38.095238095238095,61.904761904761905,70.29972752043598,29.70027247956403,-0.23809523809523808,0.40599455040871935
2002-10-25,897.6500244140625,-0.300497938273385,37.988826815642454,62.01117318435754,70.02724795640327,29.972752043596728,-0.24022346368715083,0.40054495912806537
2002-10-28,890.22998046875,-0.30628007596255424,37.988826815642454,62.01117318435754,70.29972752043598,29.70027247956403,-0.24022346368715083,0.40599455040871935
2002-10-29,882.1500244140625,-0.3125764562501876,37.88300835654596,62.116991643454035,70.57220708446866,29.427792915531338,-0.24233983286908078,0.4114441416893733
2002-10-30,890.7100219726562,-0.30590599919258354,37.88300835654596,62.116991643454035,70.57220708446866,29.427792915531338,-0.24233983286908078,0.4114441416893733
2002-10-31,885.760009765625,-0.30976334186535903,37.60445682451253,62.39554317548747,70.57220708446866,29.427792915531338,-0.2479108635097493,0.4114441416893733
2002-11-01,900.9600219726562,-0.29791859214340777,37.60445682451253,62.39554317548747,70.57220708446866,29.427792915531338,-0.2479108635097493,0.4114441416893733
2002-11-04,908.3499755859376,-0.29215990262303637,37.60445682451253,62.39554317548747,71.11716621253406,28.882833787465938,-0.2479108635097493,0.4223433242506812
2002-11-05,915.3900146484376,-0.2866738872440816,37.60445682451253,62.39554317548747,71.38964577656675,28.610354223433244,-0.2479108635097493,0.42779291553133514
2002-11-06,923.760009765625,-0.280151491341585,37.88300835654596,62.116991643454035,71.46739130434783,28.532608695652172,-0.24233983286908078,0.42934782608695654
2002-11-07,902.6500244140624,-0.2966016421518358,37.88300835654596,62.116991643454035,70.92391304347827,29.076086956521742,-0.24233983286908078,0.41847826086956524
2002-11-08,894.739990234375,-0.3027656092509634,37.60445682451253,62.39554317548747,70.92391304347827,29.076086956521742,-0.2479108635097493,0.41847826086956524
2002-11-11,876.1900024414062,-0.3172208583494692,37.32590529247911,62.67409470752089,70.92391304347827,29.076086956521742,-0.25348189415041783,0.41847826086956524
2002-11-12,882.9500122070312,-0.3119530583831813,37.04735376044568,62.95264623955432,70.92391304347827,29.076086956521742,-0.2590529247910863,0.41847826086956524
2002-11-13,882.530029296875,-0.3122803339399731,37.04735376044568,62.95264623955432,70.92391304347827,29.076086956521742,-0.2590529247910863,0.41847826086956524
2002-11-14,904.27001953125,-0.2953392460134304,37.32590529247911,62.67409470752089,70.73170731707317,29.268292682926827,-0.25348189415041783,0.4146341463414634
2002-11-15,909.8300170898438,-0.291006566628756,37.32590529247911,62.67409470752089,71.00271002710026,28.997289972899733,-0.25348189415041783,0.42005420054200543
2002-11-18,900.3599853515625,-0.2983861762153186,37.04735376044568,62.95264623955432,71.00271002710026,28.997289972899733,-0.2590529247910863,0.42005420054200543
2002-11-19,896.739990234375,-0.30120709080234354,36.94444444444444,63.05555555555556,71.00271002710026,28.997289972899733,-0.2611111111111111,0.42005420054200543
2002-11-20,914.1500244140624,-0.2876401610722725,36.94444444444444,63.05555555555556,71.00271002710026,28.997289972899733,-0.2611111111111111,0.42005420054200543
2002-11-21,933.760009765625,-0.2723588990984863,36.94444444444444,63.05555555555556,71.27371273712737,28.72628726287263,-0.2611111111111111,0.4254742547425474
2002-11-22,930.5499877929688,-0.27486033833091605,36.94444444444444,63.05555555555556,71.27371273712737,28.72628726287263,-0.2611111111111111,0.4254742547425474
2002-11-25,932.8699951171876,-0.273052451223052,36.94444444444444,63.05555555555556,71.27371273712737,28.72628726287263,-0.2611111111111111,0.4254742547425474
2002-11-26,913.3099975585938,-0.2882947597480643,36.94444444444444,63.05555555555556,71.27371273712737,28.72628726287263,-0.2611111111111111,0.4254742547425474
2002-11-27,938.8699951171876,-0.26837689587719293,36.94444444444444,63.05555555555556,71.00271002710026,28.997289972899733,-0.2611111111111111,0.42005420054200543
2002-11-29,936.3099975585938,-0.2703717975889379,36.94444444444444,63.05555555555556,71.00271002710026,28.997289972899733,-0.2611111111111111,0.42005420054200543
2002-12-02,934.530029296875,-0.271758854275861,37.119113573407205,62.880886426592795,71.00271002710026,28.997289972899733,-0.25761772853185594,0.42005420054200543
2002-12-03,920.75,-0.2824970692167107,37.119113573407205,62.880886426592795,71.00271002710026,28.997289972899733,-0.25761772853185594,0.42005420054200543
2002-12-04,917.5800170898438,-0.2849673076403545,37.119113573407205,62.880886426592795,71.00271002710026,28.997289972899733,-0.25761772853185594,0.42005420054200543
2002-12-05,906.5499877929688,-0.2935625597143523,37.119113573407205,62.880886426592795,71.00271002710026,28.997289972899733,-0.25761772853185594,0.42005420054200543
2002-12-06,912.22998046875,-0.2891363730277373,37.119113573407205,62.880886426592795,70.73170731707317,29.268292682926827,-0.25761772853185594,0.4146341463414634
2002-12-09,892.0,-0.3049007719156188,37.119113573407205,62.880886426592795,70.73170731707317,29.268292682926827,-0.25761772853185594,0.4146341463414634
2002-12-10,904.4500122070312,-0.29519898506051956,37.119113573407205,62.880886426592795,70.73170731707317,29.268292682926827,-0.25761772853185594,0.4146341463414634
2002-12-11,904.9600219726562,-0.294801555246168,37.119113573407205,62.880886426592795,70.73170731707317,29.268292682926827,-0.25761772853185594,0.4146341463414634
2002-12-12,901.5800170898438,-0.29743545522931203,37.01657458563536,62.98342541436463,70.73170731707317,29.268292682926827,-0.2596685082872928,0.4146341463414634
2002-12-13,889.47998046875,-0.30686452038078627,37.01657458563536,62.98342541436463,70.73170731707317,29.268292682926827,-0.2596685082872928,0.4146341463414634
2002-12-16,910.4000244140624,-0.2905623831634342,37.29281767955801,62.70718232044199,70.73170731707317,29.268292682926827,-0.2541436464088398,0.4146341463414634
2002-12-17,902.989990234375,-0.29633672065040684,37.29281767955801,62.70718232044199,71.00271002710026,28.997289972899733,-0.2541436464088398,0.42005420054200543
2002-12-18,891.1199951171875,-0.305586523837988,37.29281767955801,62.70718232044199,71.15902964959568,28.84097035040431,-0.2541436464088398,0.42318059299191374
2002-12-19,884.25,-0.31094003090402,37.29281767955801,62.70718232044199,71.15902964959568,28.84097035040431,-0.2541436464088398,0.42318059299191374
2002-12-20,895.760009765625,-0.30197074962226034,37.29281767955801,62.70718232044199,71.15902964959568,28.84097035040431,-0.2541436464088398,0.42318059299191374
2002-12-23,897.3800048828125,-0.30070835348385505,37.46556473829201,62.53443526170799,70.88948787061994,29.110512129380055,-0.25068870523415976,0.41778975741239893
2002-12-24,892.469970703125,-0.3045345429100532,37.637362637362635,62.362637362637365,70.88948787061994,29.110512129380055,-0.24725274725274726,0.41778975741239893
2002-12-26,889.6599731445312,-0.3067242594278755,37.637362637362635,62.362637362637365,70.88948787061994,29.110512129380055,-0.24725274725274726,0.41778975741239893
2002-12-27,875.4000244140625,-0.3178364560142787,37.637362637362635,62.362637362637365,70.61994609164421,29.380053908355798,-0.24725274725274726,0.4123989218328841
2002-12-30,879.3900146484375,-0.31472721931923575,37.362637362637365,62.637362637362635,70.61994609164421,29.380053908355798,-0.25274725274725274,0.4123989218328841
2002-12-31,879.8200073242188,-0.3143921435602475,37.362637362637365,62.637362637362635,70.61994609164421,29.380053908355798,-0.25274725274725274,0.4123989218328841
2003-01-02,909.030029296875,-0.29162996449576195,37.362637362637365,62.637362637362635,70.61994609164421,29.380053908355798,-0.25274725274725274,0.4123989218328841
2003-01-03,908.5900268554688,-0.2919728404569466,37.534246575342465,62.465753424657535,70.61994609164421,29.380053908355798,-0.2493150684931507,0.4123989218328841
2003-01-06,929.010009765625,-0.276060380413958,38.63013698630137,61.369863013698634,70.88948787061994,29.110512129380055,-0.2273972602739726,0.41778975741239893
2003-01-07,922.9299926757812,-0.2807982898151803,38.63013698630137,61.369863013698634,70.88948787061994,29.110512129380055,-0.2273972602739726,0.41778975741239893
2003-01-08,909.9299926757812,-0.2909286597312082,38.35616438356164,61.64383561643836,70.88948787061994,29.110512129380055,-0.2328767123287671,0.41778975741239893
2003-01-09,927.5700073242188,-0.2771825155994525,38.52459016393443,61.47540983606557,70.88948787061994,29.110512129380055,-0.22950819672131148,0.41778975741239893
2003-01-10,927.5700073242188,-0.2771825155994525,38.52459016393443,61.47540983606557,70.88948787061994,29.110512129380055,-0.22950819672131148,0.41778975741239893
2003-01-13,926.260009765625,-0.2782033432808101,38.52459016393443,61.47540983606557,70.88948787061994,29.110512129380055,-0.22950819672131148,0.41778975741239893
2003-01-14,931.6599731445312,-0.27399537200686197,38.52459016393443,61.47540983606557,70.88948787061994,29.110512129380055,-0.22950819672131148,0.41778975741239893
2003-01-15,918.219970703125,-0.2844686178840746,38.52459016393443,61.47540983606557,70.88948787061994,29.110512129380055,-0.22950819672131148,0.41778975741239893
2003-01-16,914.5999755859376,-0.28728953247109956,38.52459016393443,61.47540983606557,70.88948787061994,29.110512129380055,-0.22950819672131148,0.41778975741239893
2003-01-17,901.780029296875,-0.2972795938720083,38.25136612021858,61.74863387978142,70.88948787061994,29.110512129380055,-0.23497267759562843,0.41778975741239893
2003-01-21,887.6199951171875,-0.3083139311230725,38.25136612021858,61.74863387978142,71.15902964959568,28.84097035040431,-0.23497267759562843,0.42318059299191374
2003-01-22,878.3599853515625,-0.315529879150135,37.97814207650273,62.02185792349727,71.15902964959568,28.84097035040431,-0.24043715846994534,0.42318059299191374
2003-01-23,887.3400268554688,-0.30853209897353073,37.97814207650273,62.02185792349727,71.15902964959568,28.84097035040431,-0.24043715846994534,0.42318059299191374
2003-01-24,861.4000244140625,-0.32874608515461645,37.32970027247956,62.67029972752044,71.15902964959568,28.84097035040431,-0.25340599455040874,0.42318059299191374
2003-01-27,847.47998046875,-0.3395934078017996,36.41304347826087,63.58695652173913,71.15902964959568,28.84097035040431,-0.2717391304347826,0.42318059299191374
2003-01-28,858.5399780273438,-0.33097480268342105,36.41304347826087,63.58695652173913,71.15902964959568,28.84097035040431,-0.2717391304347826,0.42318059299191374
2003-01-29,864.3599853515625,-0.32643950829047275,36.141304347826086,63.858695652173914,71.42857142857143,28.57142857142857,-0.27717391304347827,0.42857142857142855
2003-01-30,844.6099853515625,-0.3418298779705923,36.141304347826086,63.858695652173914,71.42857142857143,28.57142857142857,-0.27717391304347827,0.42857142857142855
2003-01-31,855.7000122070312,-0.3331878722456244,36.31436314363143,63.68563685636857,71.42857142857143,28.57142857142857,-0.27371273712737126,0.42857142857142855
2003-02-03,860.3200073242188,-0.3295876984342895,36.31436314363143,63.68563685636857,71.15902964959568,28.84097035040431,-0.27371273712737126,0.42318059299191374
2003-02-04,848.2000122070312,-0.3390323164279482,35.77235772357724,64.22764227642277,71.15902964959568,28.84097035040431,-0.2845528455284553,0.42318059299191374
2003-02-05,843.5900268554688,-0.3426246900370865,35.230352303523034,64.76964769647697,70.61994609164421,29.380053908355798,-0.2953929539295393,0.4123989218328841
2003-02-06,838.1500244140625,-0.34686386211982034,34.68834688346883,65.31165311653116,70.88948787061994,29.110512129380055,-0.3062330623306233,0.41778975741239893
2003-02-07,829.6900024414062,-0.3534564122798767,34.417344173441734,65.58265582655827,70.88948787061994,29.110512129380055,-0.3116531165311653,0.41778975741239893
2003-02-10,835.969970703125,-0.34856268908355925,34.417344173441734,65.58265582655827,70.61994609164421,29.380053908355798,-0.3116531165311653,0.4123989218328841
2003-02-11,829.2000122070312,-0.35383824168983513,33.9622641509434,66.0377358490566,70.61994609164421,29.380053908355798,-0.32075471698113206,0.4123989218328841
2003-02-12,818.6799926757812,-0.3620360639494814,33.42318059299191,66.57681940700809,70.61994609164421,29.380053908355798,-0.33153638814016173,0.4123989218328841
2003-02-13,817.3699951171875,-0.363056891630839,33.153638814016176,66.84636118598382,70.08086253369272,29.919137466307276,-0.33692722371967654,0.40161725067385445
2003-02-14,834.8900146484375,-0.3494042548010238,32.88409703504043,67.11590296495957,69.81132075471697,30.18867924528302,-0.3423180592991914,0.39622641509433965
2003-02-18,851.1699829101562,-0.3367179393616079,32.88409703504043,67.11590296495957,69.81132075471697,30.18867924528302,-0.3423180592991914,0.39622641509433965
2003-02-19,845.1300048828125,-0.34142464795404426,32.88409703504043,67.11590296495957,70.08086253369272,29.919137466307276,-0.3423180592991914,0.40161725067385445
2003-02-20,837.0999755859375,-0.3476821223551123,32.88409703504043,67.11590296495957,69.81132075471697,30.18867924528302,-0.3423180592991914,0.39622641509433965
2003-02-21,848.1699829101562,-0.3390557170345373,32.88409703504043,67.11590296495957,69.81132075471697,30.18867924528302,-0.3423180592991914,0.39622641509433965
2003-02-24,832.5800170898438,-0.351204341706691,32.61455525606469,67.38544474393531,69.81132075471697,30.18867924528302,-0.3477088948787062,0.39622641509433965
2003-02-25,838.5700073242188,-0.34653658656302844,32.61455525606469,67.38544474393531,69.54177897574124,30.45822102425876,-0.3477088948787062,0.3908355795148248
2003-02-26,827.5499877929688,-0.35512403843482965,32.61455525606469,67.38544474393531,69.54177897574124,30.45822102425876,-0.3477088948787062,0.3908355795148248
2003-02-27,837.280029296875,-0.34754181383999305,32.61455525606469,67.38544474393531,69.54177897574124,30.45822102425876,-0.3477088948787062,0.3908355795148248
2003-02-28,841.1500244140625,-0.3445260844468906,32.61455525606469,67.38544474393531,69.54177897574124,30.45822102425876,-0.3477088948787062,0.3908355795148248
2003-03-03,834.8099975585938,-0.3494666088563867,32.075471698113205,67.9245283018868,69.54177897574124,30.45822102425876,-0.3584905660377358,0.3908355795148248
2003-03-04,821.989990234375,-0.35945671781950395,30.997304582210244,69.00269541778977,69.54177897574124,30.45822102425876,-0.38005390835579517,0.3908355795148248
2003-03-05,829.8499755859375,-0.35333175173135856,30.997304582210244,69.00269541778977,68.19407008086253,31.805929919137466,-0.38005390835579517,0.3638814016172507
2003-03-06,822.0999755859375,-0.35937101071975985,30.997304582210244,69.00269541778977,68.19407008086253,31.805929919137466,-0.38005390835579517,0.3638814016172507
2003-03-07,828.8900146484375,-0.3540798101468826,30.727762803234505,69.2722371967655,68.19407008086253,31.805929919137466,-0.38544474393531,0.3638814016172507
2003-03-10,807.47998046875,-0.37076377677419314,29.919137466307276,70.08086253369272,67.9245283018868,32.075471698113205,-0.40161725067385445,0.3584905660377358
2003-03-11,800.72998046875,-0.37602377653828467,29.380053908355798,70.61994609164421,67.9245283018868,32.075471698113205,-0.4123989218328841,0.3584905660377358
2003-03-12,804.1900024414062,-0.3733275224997775,29.03225806451613,70.96774193548387,67.38544474393531,32.61455525606469,-0.41935483870967744,0.3477088948787062
2003-03-13,831.9000244140625,-0.3517342322717566,29.03225806451613,70.96774193548387,67.65498652291106,32.34501347708895,-0.41935483870967744,0.353099730458221
2003-03-14,833.27001953125,-0.35066665093942884,29.03225806451613,70.96774193548387,67.11590296495957,32.88409703504043,-0.41935483870967744,0.3423180592991914
2003-03-17,862.7899780273438,-0.327662950980104,29.301075268817208,70.6989247311828,67.38544474393531,32.61455525606469,-0.41397849462365593,0.3477088948787062
2003-03-18,866.4500122070312,-0.32481083558429324,29.838709677419356,70.16129032258065,67.11590296495957,32.88409703504043,-0.4032258064516129,0.3423180592991914
2003-03-19,874.02001953125,-0.3189118375488027,29.838709677419356,70.16129032258065,67.11590296495957,32.88409703504043,-0.4032258064516129,0.3423180592991914
2003-03-20,875.6699829101562,-0.3176260883660166,29.838709677419356,70.16129032258065,66.84636118598382,33.153638814016176,-0.4032258064516129,0.33692722371967654
2003-03-21,895.7899780273438,-0.30194739657787917,30.107526881720432,69.89247311827957,66.30727762803235,33.692722371967655,-0.3978494623655914,0.3261455525606469
2003-03-24,864.22998046875,-0.3265408157946095,30.107526881720432,69.89247311827957,66.30727762803235,33.692722371967655,-0.3978494623655914,0.3261455525606469
2003-03-25,874.739990234375,-0.3183507937371597,30.107526881720432,69.89247311827957,66.30727762803235,33.692722371967655,-0.3978494623655914,0.3261455525606469
2003-03-26,869.9500122070312,-0.3220834282992088,30.107526881720432,69.89247311827957,66.30727762803235,33.692722371967655,-0.3978494623655914,0.3261455525606469
2003-03-27,868.52001953125,-0.3231977632825068,30.107526881720432,69.89247311827957,66.30727762803235,33.692722371967655,-0.3978494623655914,0.3261455525606469
2003-03-28,863.5,-0.32710965980844897,30.107526881720432,69.89247311827957,66.30727762803235,33.692722371967655,-0.3978494623655914,0.3261455525606469
2003-03-31,848.1799926757812,-0.3390479168323408,30.107526881720432,69.89247311827957,66.30727762803235,33.692722371967655,-0.3978494623655914,0.3261455525606469
2003-04-01,858.47998046875,-0.3310215563343911,29.838709677419356,70.16129032258065,66.0377358490566,33.9622641509434,-0.4032258064516129,0.32075471698113206
2003-04-02,880.9000244140625,-0.31355053028057434,30.64516129032258,69.35483870967742,65.76819407008087,34.23180592991914,-0.3870967741935484,0.31536388140161725
2003-04-03,876.4500122070312,-0.31701824334119477,30.64516129032258,69.35483870967742,65.76819407008087,34.23180592991914,-0.3870967741935484,0.31536388140161725
2003-04-04,878.8499755859375,-0.3151480497401762,30.64516129032258,69.35483870967742,65.76819407008087,34.23180592991914,-0.3870967741935484,0.31536388140161725
2003-04-07,879.9299926757812,-0.31430643646050327,30.64516129032258,69.35483870967742,66.0377358490566,33.9622641509434,-0.3870967741935484,0.32075471698113206
2003-04-08,878.2899780273438,-0.3155844330033014,30.64516129032258,69.35483870967742,66.0377358490566,33.9622641509434,-0.3870967741935484,0.32075471698113206
2003-04-09,865.989990234375,-0.32516931194987075,30.64516129032258,69.35483870967742,66.0377358490566,33.9622641509434,-0.3870967741935484,0.32075471698113206
2003-04-10,871.5800170898438,-0.3208132319586071,30.64516129032258,69.35483870967742,66.0377358490566,33.9622641509434,-0.3870967741935484,0.32075471698113206
2003-04-11,868.2999877929688,-0.3233692250442034,30.64516129032258,69.35483870967742,66.0377358490566,33.9622641509434,-0.3870967741935484,0.32075471698113206
2003-04-14,885.22998046875,-0.31017637208410276,30.64516129032258,69.35483870967742,65.76819407008087,34.23180592991914,-0.3870967741935484,0.31536388140161725
2003-04-15,890.8099975585938,-0.3058280922950354,30.913978494623656,69.08602150537635,66.30727762803235,33.692722371967655,-0.3817204301075269,0.3261455525606469
2003-04-16,879.9099731445312,-0.3143220368648961,31.182795698924732,68.81720430107528,66.0377358490566,33.9622641509434,-0.3763440860215054,0.32075471698113206
2003-04-17,893.5800170898438,-0.3036695290237903,31.182795698924732,68.81720430107528,65.49865229110512,34.50134770889488,-0.3763440860215054,0.30997304582210244
2003-04-21,892.010009765625,-0.3048929717134218,31.182795698924732,68.81720430107528,65.22911051212938,34.77088948787062,-0.3763440860215054,0.3045822102425876
2003-04-22,911.3699951171876,-0.2898065245457131,31.451612903225808,68.54838709677419,65.22911051212938,34.77088948787062,-0.3709677419354839,0.3045822102425876
2003-04-23,919.02001953125,-0.2838451724548594,31.989247311827956,68.01075268817203,65.22911051212938,34.77088948787062,-0.3602150537634409,0.3045822102425876
2003-04-24,911.4299926757812,-0.2897597708947429,32.25806451612903,67.74193548387096,64.95956873315365,35.04043126684636,-0.3548387096774194,0.2991913746630728
2003-04-25,898.8099975585938,-0.29959401850055656,32.25806451612903,67.74193548387096,65.22911051212938,34.77088948787062,-0.3548387096774194,0.3045822102425876
2003-04-28,914.8400268554688,-0.28710247030500957,32.526881720430104,67.47311827956989,65.22911051212938,34.77088948787062,-0.34946236559139787,0.3045822102425876
2003-04-29,917.8400268554688,-0.28476469263208015,32.795698924731184,67.20430107526882,65.49865229110512,34.50134770889488,-0.34408602150537637,0.30997304582210244
2003-04-30,916.9199829101562,-0.2854816453632353,32.795698924731184,67.20430107526882,65.76819407008087,34.23180592991914,-0.34408602150537637,0.31536388140161725
2003-05-01,916.2999877929688,-0.2859647822773307,33.064516129032256,66.93548387096774,65.22911051212938,34.77088948787062,-0.3387096774193548,0.3045822102425876
2003-05-02,930.0800170898438,-0.275226567336481,33.51206434316354,66.48793565683646,65.22911051212938,34.77088948787062,-0.3297587131367292,0.3045822102425876
2003-05-05,926.5499877929688,-0.2779773752281548,34.316353887399465,65.68364611260054,65.22911051212938,34.77088948787062,-0.3136729222520107,0.3045822102425876
2003-05-06,934.3900146484376,-0.27186796198219376,34.852546916890084,65.14745308310992,65.22911051212938,34.77088948787062,-0.30294906166219837,0.3045822102425876
2003-05-07,929.6199951171876,-0.2755850437020585,34.852546916890084,65.14745308310992,65.49865229110512,34.50134770889488,-0.30294906166219837,0.30997304582210244
2003-05-08,920.27001953125,-0.2828710984244721,34.852546916890084,65.14745308310992,65.49865229110512,34.50134770889488,-0.30294906166219837,0.30997304582210244
2003-05-09,933.4099731445312,-0.2726316683643192,35.120643431635386,64.87935656836461,65.49865229110512,34.50134770889488,-0.2975871313672922,0.30997304582210244
2003-05-12,945.1099853515624,-0.2635143259274524,36.46112600536193,63.53887399463807,65.86021505376344,34.13978494623656,-0.2707774798927614,0.3172043010752688
2003-05-13,942.2999877929688,-0.2657040424452747,36.46112600536193,63.53887399463807,65.86021505376344,34.13978494623656,-0.2707774798927614,0.3172043010752688
2003-05-14,939.280029296875,-0.26805737296038856,36.99731903485255,63.00268096514745,66.12903225806451,33.87096774193548,-0.26005361930294907,0.3225806451612903
2003-05-15,946.6699829101562,-0.2622986834400173,37.4331550802139,62.56684491978609,66.12903225806451,33.87096774193548,-0.25133689839572193,0.3225806451612903
2003-05-16,944.2999877929688,-0.26414552399665503,37.70053475935829,62.299465240641716,66.39784946236558,33.60215053763441,-0.24598930481283424,0.3279569892473118
2003-05-19,920.77001953125,-0.28248146881231717,37.70053475935829,62.299465240641716,66.48793565683646,33.51206434316354,-0.24598930481283424,0.3297587131367292
2003-05-20,919.72998046875,-0.2832919288454129,38.13333333333333,61.86666666666667,66.75603217158177,33.24396782841823,-0.23733333333333334,0.3351206434316354
2003-05-21,923.4199829101562,-0.28041646040522117,38.13333333333333,61.86666666666667,66.48793565683646,33.51206434316354,-0.23733333333333334,0.3297587131367292
2003-05-22,931.8699951171876,-0.2738317104473612,38.4,61.6,66.48793565683646,33.51206434316354,-0.232,0.3297587131367292
2003-05-23,933.219970703125,-0.2727797295194264,38.93333333333333,61.06666666666667,66.75603217158177,33.24396782841823,-0.22133333333333333,0.3351206434316354
2003-05-27,951.47998046875,-0.2585504484735752,40.159574468085104,59.840425531914896,67.02412868632707,32.975871313672926,-0.19680851063829788,0.34048257372654156
2003-05-28,953.219970703125,-0.25719454503322947,41.22340425531915,58.77659574468085,67.02412868632707,32.975871313672926,-0.17553191489361702,0.34048257372654156
2003-05-29,949.6400146484376,-0.25998425881146847,41.755319148936174,58.24468085106383,66.75603217158177,33.24396782841823,-0.16489361702127658,0.3351206434316354
2003-05-30,963.5900268554688,-0.2491135831199046,43.08510638297872,56.91489361702128,66.48793565683646,33.51206434316354,-0.13829787234042554,0.3297587131367292
2003-06-02,967.0,-0.24645633009237988,44.297082228116714,55.702917771883286,66.48793565683646,33.51206434316354,-0.11405835543766578,0.3297587131367292
2003-06-03,971.5599975585938,-0.24290290993201535,45.09283819628647,54.907161803713535,65.95174262734585,34.048257372654156,-0.09814323607427056,0.3190348525469169
2003-06-04,986.239990234375,-0.2314633902266119,46.41909814323608,53.58090185676393,65.68364611260054,34.316353887399465,-0.07161803713527852,0.3136729222520107
2003-06-05,990.1400146484376,-0.22842426022691997,48.67724867724868,51.32275132275132,65.95174262734585,34.048257372654156,-0.026455026455026454,0.3190348525469169
2003-06-06,987.760009765625,-0.2302789009857542,50.264550264550266,49.735449735449734,65.95174262734585,34.048257372654156,0.005291005291005291,0.3190348525469169
2003-06-09,975.9299926757812,-0.23949755092675806,50.264550264550266,49.735449735449734,65.95174262734585,34.048257372654156,0.005291005291005291,0.3190348525469169
2003-06-10,984.8400268554688,-0.2325543246033206,50.79365079365079,49.2063492063492,65.95174262734585,34.048257372654156,0.015873015873015872,0.3190348525469169
2003-06-11,997.47998046875,-0.2227045241553225,53.17460317460318,46.82539682539682,65.68364611260054,34.316353887399465,0.06349206349206349,0.3136729222520107
2003-06-12,998.510009765625,-0.22190186432442338,53.17460317460318,46.82539682539682,65.68364611260054,34.316353887399465,0.06349206349206349,0.3136729222520107
2003-06-13,988.6099853515624,-0.22961654966997436,53.17460317460318,46.82539682539682,65.68364611260054,34.316353887399465,0.06349206349206349,0.3136729222520107
2003-06-16,1010.739990234375,-0.2123715392310208,55.4089709762533,44.59102902374671,65.95174262734585,34.048257372654156,0.10817941952506596,0.3190348525469169
2003-06-17,1011.6599731445312,-0.21165463406207408,55.93667546174142,44.06332453825858,65.41554959785523,34.584450402144775,0.11873350923482849,0.30831099195710454
2003-06-18,1010.0900268554688,-0.21287802918949705,56.200527704485495,43.79947229551451,65.41554959785523,34.584450402144775,0.12401055408970976,0.30831099195710454
2003-06-19,994.7000122070312,-0.22487084006655567,56.200527704485495,43.79947229551451,65.41554959785523,34.584450402144775,0.12401055408970976,0.30831099195710454
2003-06-20,995.6900024414062,-0.22409938104444227,56.464379947229546,43.53562005277045,65.41554959785523,34.584450402144775,0.12928759894459102,0.30831099195710454
2003-06-23,981.6400146484376,-0.23504796363355385,56.464379947229546,43.53562005277045,65.41554959785523,34.584450402144775,0.12928759894459102,0.30831099195710454
2003-06-24,983.4500122070312,-0.23363750634004143,56.99208443271768,43.007915567282325,65.41554959785523,34.584450402144775,0.13984168865435356,0.30831099195710454
2003-06-25,975.3200073242188,-0.2399728876386572,57.25593667546174,42.74406332453825,65.41554959785523,34.584450402144775,0.14511873350923482,0.30831099195710454
2003-06-26,985.8200073242188,-0.2317906657834039,57.519788918205805,42.480211081794195,65.68364611260054,34.316353887399465,0.1503957783641161,0.3136729222520107
2003-06-27,976.219970703125,-0.23927158287410355,57.519788918205805,42.480211081794195,65.68364611260054,34.316353887399465,0.1503957783641161,0.3136729222520107
2003-06-30,974.5,-0.24061188591005633,57.78364116094987,42.21635883905013,65.41554959785523,34.584450402144775,0.15567282321899736,0.30831099195710454
2003-07-01,982.3200073242188,-0.23451807306848838,57.78364116094987,42.21635883905013,65.41554959785523,34.584450402144775,0.15567282321899736,0.30831099195710454
2003-07-02,993.75,-0.22561114584209196,58.04749340369393,41.952506596306065,65.77540106951871,34.22459893048128,0.16094986807387862,0.3155080213903743
2003-07-03,985.7000122070312,-0.23188417308534448,58.04749340369393,41.952506596306065,65.77540106951871,34.22459893048128,0.16094986807387862,0.3155080213903743
2003-07-07,1004.4199829101562,-0.21729646323612428,59.63060686015831,40.369393139841684,65.50802139037432,34.49197860962567,0.19261213720316622,0.31016042780748665
2003-07-08,1007.8400268554688,-0.21463136244419445,60.15831134564644,39.84168865435356,65.24064171122996,34.75935828877005,0.20316622691292877,0.3048128342245989
2003-07-09,1002.2100219726562,-0.21901859568203563,60.94986807387863,39.050131926121374,65.50802139037432,34.49197860962567,0.21899736147757257,0.31016042780748665
2003-07-10,988.7000122070312,-0.22954639541241495,61.21372031662269,38.78627968337731,65.24064171122996,34.75935828877005,0.22427440633245382,0.3048128342245989
2003-07-11,998.1400146484376,-0.2221901864324416,61.21372031662269,38.78627968337731,64.97326203208557,35.02673796791444,0.22427440633245382,0.2994652406417112
2003-07-14,1003.8599853515624,-0.21773284649924962,62.00527704485488,37.994722955145114,64.97326203208557,35.02673796791444,0.24010554089709762,0.2994652406417112
2003-07-15,1000.4199829101562,-0.2204135001333638,62.532981530343015,37.46701846965699,65.24064171122996,34.75935828877005,0.25065963060686014,0.3048128342245989
2003-07-16,994.0900268554688,-0.22534617677845492,62.532981530343015,37.46701846965699,65.50802139037432,34.49197860962567,0.25065963060686014,0.31016042780748665
2003-07-17,981.72998046875,-0.23497785693820317,62.532981530343015,37.46701846965699,65.50802139037432,34.49197860962567,0.25065963060686014,0.31016042780748665
2003-07-18,993.3200073242188,-0.22594622160108024,62.796833773087066,37.203166226912934,65.50802139037432,34.49197860962567,0.2559366754617414,0.31016042780748665
2003-07-21,978.7999877929688,-0.23726108075796593,62.796833773087066,37.203166226912934,65.50802139037432,34.49197860962567,0.2559366754617414,0.31016042780748665
2003-07-22,988.1099853515624,-0.23000617928212974,62.796833773087066,37.203166226912934,65.24064171122996,34.75935828877005,0.2559366754617414,0.3048128342245989
2003-07-23,988.6099853515624,-0.2296165496699748,63.58839050131926,36.41160949868074,65.50802139037432,34.49197860962567,0.2717678100263852,0.31016042780748665
2003-07-24,981.5999755859376,-0.23507916444234,64.1160949868074,35.88390501319261,65.77540106951871,34.22459893048128,0.28232189973614774,0.3155080213903743
2003-07-25,998.6799926757812,-0.22176940357370967,64.37994722955145,35.62005277044855,65.50802139037432,34.49197860962567,0.287598944591029,0.31016042780748665
2003-07-28,996.52001953125,-0.2234525825708471,64.90765171503958,35.09234828496042,65.24064171122996,34.75935828877005,0.29815303430079154,0.3048128342245989
2003-07-29,989.280029296875,-0.22909441174489698,64.90765171503958,35.09234828496042,65.77540106951871,34.22459893048128,0.29815303430079154,0.3155080213903743
2003-07-30,987.489990234375,-0.23048931619622504,65.17150395778364,34.82849604221636,66.0427807486631,33.9572192513369,0.3034300791556728,0.32085561497326204
2003-07-31,990.3099975585938,-0.22829179947620626,65.69920844327177,34.300791556728235,65.50802139037432,34.49197860962567,0.31398416886543534,0.31016042780748665
2003-08-01,980.1500244140624,-0.23620905226782263,65.96306068601582,34.03693931398417,65.50802139037432,34.49197860962567,0.31926121372031663,0.31016042780748665
2003-08-04,982.8200073242188,-0.23412844345633355,66.2269129287599,33.773087071240106,65.24064171122996,34.75935828877005,0.3245382585751979,0.3048128342245989
2003-08-05,965.4600219726562,-0.24765637217542247,66.2269129287599,33.773087071240106,65.24064171122996,34.75935828877005,0.3245382585751979,0.3048128342245989
2003-08-06,967.0800170898438,-0.24639397603701718,66.2269129287599,33.773087071240106,65.50802139037432,34.49197860962567,0.3245382585751979,0.31016042780748665
2003-08-07,974.1199951171876,-0.2409080082202708,66.49076517150397,33.50923482849604,65.77540106951871,34.22459893048128,0.32981530343007914,0.3155080213903743
2003-08-08,977.5900268554688,-0.2382039539795674,66.49076517150397,33.50923482849604,65.77540106951871,34.22459893048128,0.32981530343007914,0.3155080213903743
2003-08-11,980.5900268554688,-0.23586617630663786,67.28232189973615,32.71767810026385,66.0427807486631,33.9572192513369,0.34564643799472294,0.32085561497326204
2003-08-12,990.3499755859376,-0.22826064622962872,68.07387862796834,31.926121372031663,66.0427807486631,33.9572192513369,0.36147757255936674,0.32085561497326204
2003-08-13,984.030029296875,-0.23318552267252357,68.33773087071239,31.6622691292876,66.31016042780749,33.68983957219251,0.36675461741424803,0.32620320855614976
2003-08-14,990.510009765625,-0.22813593811890243,68.60158311345647,31.398416886543533,66.4,33.6,0.3720316622691293,0.328
2003-08-15,990.6699829101562,-0.22801127757038464,68.60158311345647,31.398416886543533,66.4,33.6,0.3720316622691293,0.328
2003-08-18,999.739990234375,-0.22094339069842928,69.92084432717678,30.07915567282322,66.13333333333333,33.86666666666667,0.39841688654353563,0.32266666666666666
2003-08-19,1002.3499755859376,-0.21890953553791048,71.50395778364116,28.49604221635884,66.13333333333333,33.86666666666667,0.43007915567282323,0.32266666666666666
2003-08-20,1000.2999877929688,-0.22050700743530405,71.76781002638522,28.232189973614773,65.60000000000001,34.4,0.43535620052770446,0.312
2003-08-21,1003.27001953125,-0.21819258280675546,73.35092348284961,26.649076517150394,65.60000000000001,34.4,0.46701846965699206,0.312
2003-08-22,993.0599975585938,-0.22614883660935403,73.87862796833772,26.121372031662272,65.69148936170212,34.308510638297875,0.47757255936675463,0.31382978723404253
2003-08-25,993.7100219726562,-0.22564229908866928,73.87862796833772,26.121372031662272,65.69148936170212,34.308510638297875,0.47757255936675463,0.31382978723404253
2003-08-26,996.72998046875,-0.22328896857355518,73.87862796833772,26.121372031662272,65.95744680851064,34.04255319148936,0.47757255936675463,0.3191489361702128
2003-08-27,996.7899780273438,-0.2232422149225849,74.40633245382587,25.593667546174142,65.95744680851064,34.04255319148936,0.48812664907651715,0.3191489361702128
2003-08-28,1002.8400268554688,-0.21852765856574352,75.46174142480211,24.538258575197887,65.42553191489363,34.57446808510639,0.5092348284960422,0.30851063829787234
2003-08-29,1008.010009765625,-0.21449890169348007,75.46174142480211,24.538258575197887,65.42553191489363,34.57446808510639,0.5092348284960422,0.30851063829787234
2003-09-02,1021.989990234375,-0.20360487295753515,77.04485488126649,22.95514511873351,65.1595744680851,34.840425531914896,0.5408970976253298,0.30319148936170215
2003-09-03,1026.27001953125,-0.200269620647629,78.10026385224275,21.899736147757256,64.8936170212766,35.1063829787234,0.5620052770448549,0.2978723404255319
2003-09-04,1027.969970703125,-0.19894491801606895,78.62796833773086,21.372031662269126,64.62765957446808,35.37234042553192,0.5725593667546174,0.2925531914893617
2003-09-05,1021.3900146484376,-0.20407240946723748,78.89182058047494,21.108179419525065,64.8936170212766,35.1063829787234,0.5778364116094987,0.2978723404255319
2003-09-08,1031.6400146484375,-0.1960850024180617,79.68337730870712,20.316622691292878,64.8936170212766,35.1063829787234,0.5936675461741425,0.2978723404255319
2003-09-09,1023.1699829101562,-0.20268535278031452,79.68337730870712,20.316622691292878,65.1595744680851,34.840425531914896,0.5936675461741425,0.30319148936170215
2003-09-10,1010.9199829101562,-0.21223127827811006,79.68337730870712,20.316622691292878,65.1595744680851,34.840425531914896,0.5936675461741425,0.30319148936170215
2003-09-11,1016.4199829101562,-0.20794535254440594,79.94722955145119,20.052770448548813,65.1595744680851,34.840425531914896,0.5989445910290238,0.30319148936170215
2003-09-12,1018.6300048828124,-0.2062231725362862,80.21108179419525,19.788918205804748,65.1595744680851,34.840425531914896,0.604221635883905,0.30319148936170215
2003-09-15,1014.8099975585938,-0.20919994848061474,80.21108179419525,19.788918205804748,64.62765957446808,35.37234042553192,0.604221635883905,0.2925531914893617
2003-09-16,1029.3199462890625,-0.19789293708813405,80.47493403693932,19.525065963060687,63.829787234042556,36.17021276595745,0.6094986807387863,0.2765957446808511
2003-09-17,1025.969970703125,-0.2005034364646886,80.47493403693932,19.525065963060687,63.56382978723404,36.43617021276596,0.6094986807387863,0.2712765957446808
2003-09-18,1039.5799560546875,-0.18989772983676168,82.84960422163589,17.150395778364118,63.56382978723404,36.43617021276596,0.6569920844327177,0.2712765957446808
2003-09-19,1036.300048828125,-0.19245362779794106,82.84960422163589,17.150395778364118,64.36170212765957,35.638297872340424,0.6569920844327177,0.2872340425531915
2003-09-22,1022.8200073242188,-0.20295807448393965,83.11345646437994,16.886543535620053,64.36170212765957,35.638297872340424,0.662269129287599,0.2872340425531915
2003-09-23,1029.030029296875,-0.1981188575785804,83.64116094986808,16.358839050131927,64.09574468085107,35.90425531914894,0.6728232189973615,0.28191489361702127
2003-09-24,1009.3800048828124,-0.2134313203611523,83.64116094986808,16.358839050131927,64.09574468085107,35.90425531914894,0.6728232189973615,0.28191489361702127
2003-09-25,1003.27001953125,-0.21819258280675524,83.64116094986808,16.358839050131927,64.36170212765957,35.638297872340424,0.6728232189973615,0.2872340425531915
2003-09-26,996.8499755859376,-0.2231954612716145,83.64116094986808,16.358839050131927,64.62765957446808,35.37234042553192,0.6728232189973615,0.2925531914893617
2003-09-29,1006.5800170898438,-0.2156132366767779,83.64116094986808,16.358839050131927,64.72148541114059,35.278514588859416,0.6728232189973615,0.29442970822281167
2003-09-30,995.969970703125,-0.2238812131939839,83.64116094986808,16.358839050131927,64.72148541114059,35.278514588859416,0.6728232189973615,0.29442970822281167
2003-10-01,1018.219970703125,-0.2065426954530899,83.90501319261213,16.094986807387862,64.72148541114059,35.278514588859416,0.6781002638522428,0.29442970822281167
2003-10-02,1020.239990234375,-0.2049685766000774,84.1688654353562,15.8311345646438,64.72148541114059,35.278514588859416,0.683377308707124,0.29442970822281167
2003-10-03,1029.8499755859375,-0.19747990686938977,84.1688654353562,15.8311345646438,64.9867374005305,35.0132625994695,0.683377308707124,0.29973474801061006
2003-10-06,1034.3499755859375,-0.1939732403599954,84.1688654353562,15.8311345646438,65.25198938992042,34.748010610079575,0.683377308707124,0.3050397877984085
2003-10-07,1039.25,-0.19015485113599384,84.1688654353562,15.8311345646438,64.9867374005305,35.0132625994695,0.683377308707124,0.29973474801061006
2003-10-08,1033.780029296875,-0.1944173762631085,84.1688654353562,15.8311345646438,65.25198938992042,34.748010610079575,0.683377308707124,0.3050397877984085
2003-10-09,1038.72998046875,-0.19056008115254175,84.43271767810026,15.567282321899736,65.25198938992042,34.748010610079575,0.6886543535620053,0.3050397877984085
2003-10-10,1038.06005859375,-0.19108212395320245,84.69656992084433,15.303430079155673,64.9867374005305,35.0132625994695,0.6939313984168866,0.29973474801061006
2003-10-13,1045.3499755859375,-0.18540138889258717,84.96042216358839,15.03957783641161,65.25198938992042,34.748010610079575,0.6992084432717678,0.3050397877984085
2003-10-14,1049.47998046875,-0.1821830444912107,85.22427440633246,14.775725593667547,65.78249336870027,34.217506631299734,0.7044854881266491,0.3156498673740053
2003-10-15,1046.760009765625,-0.18430260675147336,85.22427440633246,14.775725593667547,66.04774535809018,33.95225464190981,0.7044854881266491,0.3209549071618037
2003-10-16,1050.0699462890625,-0.18172330818370463,85.22427440633246,14.775725593667547,66.04774535809018,33.95225464190981,0.7044854881266491,0.3209549071618037
2003-10-17,1039.3199462890625,-0.19010034484503535,85.22427440633246,14.775725593667547,65.78249336870027,34.217506631299734,0.7044854881266491,0.3156498673740053
2003-10-20,1044.6800537109375,-0.18592343169324754,85.4881266490765,14.511873350923482,65.78249336870027,34.217506631299734,0.7097625329815304,0.3156498673740053
2003-10-21,1046.030029296875,-0.18487145076531275,85.4881266490765,14.511873350923482,65.78249336870027,34.217506631299734,0.7097625329815304,0.3156498673740053
2003-10-22,1030.3599853515625,-0.19708247705503823,85.22427440633246,14.775725593667547,65.78249336870027,34.217506631299734,0.7044854881266491,0.3156498673740053
2003-10-23,1033.77001953125,-0.19442517646530488,85.22427440633246,14.775725593667547,66.3129973474801,33.687002652519894,0.7044854881266491,0.32625994694960214
2003-10-24,1028.9100341796875,-0.19821236488052063,85.52631578947368,14.473684210526317,66.3129973474801,33.687002652519894,0.7105263157894737,0.32625994694960214
2003-10-27,1031.1300048828125,-0.1964824322324129,85.52631578947368,14.473684210526317,66.3129973474801,33.687002652519894,0.7105263157894737,0.32625994694960214
2003-10-28,1046.7900390625,-0.1842792061448839,86.05263157894737,13.94736842105263,66.04774535809018,33.95225464190981,0.7210526315789474,0.3209549071618037
2003-10-29,1048.1099853515625,-0.18325062582353835,86.31578947368422,13.684210526315791,66.13756613756614,33.86243386243386,0.7263157894736842,0.32275132275132273
2003-10-30,1046.93994140625,-0.184162393360771,86.57894736842105,13.421052631578947,66.13756613756614,33.86243386243386,0.7315789473684211,0.32275132275132273
2003-10-31,1050.7099609375,-0.18122457086521615,87.10526315789474,12.894736842105264,66.13756613756614,33.86243386243386,0.7421052631578947,0.32275132275132273
2003-11-03,1059.02001953125,-0.17474888105148112,87.36842105263159,12.631578947368421,66.13756613756614,33.86243386243386,0.7473684210526316,0.32275132275132273
2003-11-04,1053.25,-0.17924522199565573,87.63157894736841,12.368421052631579,66.66666666666666,33.33333333333333,0.7526315789473684,0.3333333333333333
2003-11-05,1051.81005859375,-0.18036730961894165,87.89473684210526,12.105263157894736,66.66666666666666,33.33333333333333,0.7578947368421053,0.3333333333333333
2003-11-06,1058.050048828125,-0.17550473966920166,88.1578947368421,11.842105263157894,66.66666666666666,33.33333333333333,0.7631578947368421,0.3333333333333333
2003-11-07,1053.2099609375,-0.17927642280444156,88.1578947368421,11.842105263157894,67.1957671957672,32.804232804232804,0.7631578947368421,0.3439153439153439
2003-11-10,1047.1099853515625,-0.18402988504784812,88.1578947368421,11.842105263157894,67.1957671957672,32.804232804232804,0.7631578947368421,0.3439153439153439
2003-11-11,1046.5699462890625,-0.184450715468789,88.1578947368421,11.842105263157894,67.1957671957672,32.804232804232804,0.7631578947368421,0.3439153439153439
2003-11-12,1058.530029296875,-0.17513071046143958,88.1578947368421,11.842105263157894,67.1957671957672,32.804232804232804,0.7631578947368421,0.3439153439153439
2003-11-13,1058.4100341796875,-0.17522421776338015,88.42105263157895,11.578947368421053,67.1957671957672,32.804232804232804,0.7684210526315789,0.3439153439153439
2003-11-14,1050.3499755859375,-0.18150509277103766,88.42105263157895,11.578947368421053,67.46031746031747,32.53968253968254,0.7684210526315789,0.3492063492063492
2003-11-17,1043.6300048828125,-0.18674169192853973,88.42105263157895,11.578947368421053,67.46031746031747,32.53968253968254,0.7684210526315789,0.3492063492063492
2003-11-18,1034.1500244140625,-0.1941290541550903,88.42105263157895,11.578947368421053,67.46031746031747,32.53968253968254,0.7684210526315789,0.3492063492063492
2003-11-19,1042.43994140625,-0.18766905987016524,88.68421052631578,11.31578947368421,67.46031746031747,32.53968253968254,0.7736842105263158,0.3492063492063492
2003-11-20,1033.6500244140625,-0.19451868376724513,88.68421052631578,11.31578947368421,67.72486772486772,32.27513227513227,0.7736842105263158,0.3544973544973545
2003-11-21,1035.280029296875,-0.19324848742664336,88.68421052631578,11.31578947368421,67.72486772486772,32.27513227513227,0.7736842105263158,0.3544973544973545
2003-11-24,1052.0799560546875,-0.18015698953288817,88.68421052631578,11.31578947368421,67.46031746031747,32.53968253968254,0.7736842105263158,0.3492063492063492
2003-11-25,1053.8900146484375,-0.17874648467716714,88.68421052631578,11.31578947368421,67.98941798941799,32.01058201058201,0.7736842105263158,0.35978835978835977
2003-11-26,1058.449951171875,-0.17519311207901112,88.94736842105263,11.052631578947368,67.98941798941799,32.01058201058201,0.7789473684210526,0.35978835978835977
2003-11-28,1058.199951171875,-0.17538792688508853,88.94736842105263,11.052631578947368,67.98941798941799,32.01058201058201,0.7789473684210526,0.35978835978835977
2003-12-01,1070.1199951171875,-0.16609912268652505,89.47368421052632,10.526315789473683,67.46031746031747,32.53968253968254,0.7894736842105263,0.3492063492063492
2003-12-02,1066.6199951171875,-0.16882652997160952,89.47368421052632,10.526315789473683,67.72486772486772,32.27513227513227,0.7894736842105263,0.3544973544973545
2003-12-03,1064.72998046875,-0.1702993413204852,89.73684210526316,10.263157894736842,67.98941798941799,32.01058201058201,0.7947368421052632,0.35978835978835977
2003-12-04,1069.719970703125,-0.1664108454011325,89.73684210526316,10.263157894736842,67.98941798941799,32.01058201058201,0.7947368421052632,0.35978835978835977
2003-12-05,1061.5,-0.17281633339509928,90.0,10.0,68.25396825396825,31.746031746031743,0.8,0.36507936507936506
2003-12-08,1069.300048828125,-0.16673807339571556,90.52631578947368,9.473684210526317,68.51851851851852,31.48148148148148,0.8105263157894737,0.37037037037037035
2003-12-09,1060.1800537109375,-0.17384491371644462,90.78947368421053,9.210526315789473,68.51851851851852,31.48148148148148,0.8157894736842105,0.37037037037037035
2003-12-10,1059.050048828125,-0.17472548044489156,90.78947368421053,9.210526315789473,68.78306878306879,31.216931216931215,0.8157894736842105,0.37566137566137564
2003-12-11,1071.2099609375,-0.16524975676686404,91.3157894736842,8.68421052631579,68.51851851851852,31.48148148148148,0.8263157894736842,0.37037037037037035
2003-12-12,1074.1400146484375,-0.16296648538489256,91.3157894736842,8.68421052631579,68.51851851851852,31.48148148148148,0.8263157894736842,0.37037037037037035
2003-12-15,1068.0400390625,-0.16771994762829923,91.3157894736842,8.68421052631579,68.78306878306879,31.216931216931215,0.8263157894736842,0.37566137566137564
2003-12-16,1075.1300048828125,-0.16219502636277916,91.3157894736842,8.68421052631579,68.78306878306879,31.216931216931215,0.8263157894736842,0.37566137566137564
2003-12-17,1076.47998046875,-0.16114304543484426,91.57894736842105,8.421052631578947,68.78306878306879,31.216931216931215,0.8315789473684211,0.37566137566137564
2003-12-18,1089.1800537109375,-0.15124639621145908,91.84210526315789,8.157894736842106,68.78306878306879,31.216931216931215,0.8368421052631579,0.37566137566137564
2003-12-19,1088.6600341796875,-0.15165162622800687,91.84210526315789,8.157894736842106,68.78306878306879,31.216931216931215,0.8368421052631579,0.37566137566137564
2003-12-22,1092.93994140625,-0.14831646904251783,92.10526315789474,7.894736842105263,69.04761904761905,30.952380952380953,0.8421052631578947,0.38095238095238093
2003-12-23,1096.02001953125,-0.14591628975201654,92.10526315789474,7.894736842105263,69.31216931216932,30.687830687830687,0.8421052631578947,0.3862433862433862
2003-12-24,1094.0400390625,-0.14745920779624322,92.10526315789474,7.894736842105263,69.04761904761905,30.952380952380953,0.8421052631578947,0.38095238095238093
2003-12-26,1095.8900146484375,-0.14601759725615338,92.10526315789474,7.894736842105263,69.04761904761905,30.952380952380953,0.8421052631578947,0.38095238095238093
2003-12-29,1109.47998046875,-0.13542749103261942,92.36842105263158,7.631578947368421,69.04761904761905,30.952380952380953,0.8473684210526315,0.38095238095238093
2003-12-30,1109.6400146484375,-0.13530278292189313,92.63157894736842,7.368421052631578,69.31216931216932,30.687830687830687,0.8526315789473684,0.3862433862433862
2003-12-31,1111.9200439453125,-0.1335260490606065,92.63157894736842,7.368421052631578,69.31216931216932,30.687830687830687,0.8526315789473684,0.3862433862433862
2004-01-02,1108.47998046875,-0.1362067502569292,92.63157894736842,7.368421052631578,69.31216931216932,30.687830687830687,0.8526315789473684,0.3862433862433862
2004-01-05,1122.219970703125,-0.1254997361248652,92.89473684210526,7.105263157894736,69.04761904761905,30.952380952380953,0.8578947368421053,0.38095238095238093
2004-01-06,1123.6700439453125,-0.12436975317496579,93.15789473684211,6.842105263157896,69.04761904761905,30.952380952380953,0.8631578947368421,0.38095238095238093
2004-01-07,1126.3299560546875,-0.12229699212788181,93.15789473684211,6.842105263157896,68.51851851851852,31.48148148148148,0.8631578947368421,0.37037037037037035
2004-01-08,1131.9200439453125,-0.11794086457440955,93.94736842105263,6.052631578947368,68.25396825396825,31.746031746031743,0.8789473684210526,0.36507936507936506
2004-01-09,1121.8599853515625,-0.12578025803068682,94.48818897637796,5.511811023622047,67.98941798941799,32.01058201058201,0.889763779527559,0.35978835978835977
2004-01-12,1127.22998046875,-0.12159563980111954,94.750656167979,5.2493438320209975,68.25396825396825,31.746031746031743,0.89501312335958,0.36507936507936506
2004-01-13,1121.219970703125,-0.12627899534917508,94.750656167979,5.2493438320209975,67.98941798941799,32.01058201058201,0.89501312335958,0.35978835978835977
2004-01-14,1130.52001953125,-0.11903184651332688,94.750656167979,5.2493438320209975,68.25396825396825,31.746031746031743,0.89501312335958,0.36507936507936506
2004-01-15,1132.050048828125,-0.11783955707027272,94.750656167979,5.2493438320209975,67.98941798941799,32.01058201058201,0.89501312335958,0.35978835978835977
2004-01-16,1139.8299560546875,-0.11177699259969909,94.76439790575915,5.2356020942408374,68.07387862796834,31.926121372031663,0.8952879581151832,0.36147757255936674
2004-01-20,1138.77001953125,-0.11260295791277064,95.28795811518324,4.712041884816754,67.54617414248021,32.45382585751979,0.9057591623036649,0.35092348284960423
2004-01-21,1147.6199951171875,-0.10570653280251185,95.28795811518324,4.712041884816754,67.28232189973615,32.71767810026385,0.9057591623036649,0.34564643799472294
2004-01-22,1143.93994140625,-0.10857424860271558,95.28795811518324,4.712041884816754,67.01846965699208,32.98153034300791,0.9057591623036649,0.3403693931398417
2004-01-23,1141.550048828125,-0.11043659443932918,95.28795811518324,4.712041884816754,67.01846965699208,32.98153034300791,0.9057591623036649,0.3403693931398417
2004-01-26,1155.3699951171875,-0.09966727381411056,95.28795811518324,4.712041884816754,66.75461741424802,33.24538258575198,0.9057591623036649,0.33509234828496043
2004-01-27,1144.050048828125,-0.10848844637855448,95.54973821989529,4.450261780104712,67.01846965699208,32.98153034300791,0.9109947643979057,0.3403693931398417
2004-01-28,1128.47998046875,-0.12062156577073235,95.54973821989529,4.450261780104712,66.75461741424802,33.24538258575198,0.9109947643979057,0.33509234828496043
2004-01-29,1134.1099853515625,-0.11623433253289128,95.54973821989529,4.450261780104712,66.75461741424802,33.24538258575198,0.9109947643979057,0.33509234828496043
2004-01-30,1131.1300048828125,-0.11855650980142785,95.54973821989529,4.450261780104712,66.49076517150397,33.50923482849604,0.9109947643979057,0.32981530343007914
2004-02-02,1135.260009765625,-0.11533816540005148,95.54973821989529,4.450261780104712,66.49076517150397,33.50923482849604,0.9109947643979057,0.32981530343007914
2004-02-03,1136.030029296875,-0.11473812057742616,95.54973821989529,4.450261780104712,66.49076517150397,33.50923482849604,0.9109947643979057,0.32981530343007914
2004-02-04,1126.52001953125,-0.12214888341056618,95.81151832460732,4.18848167539267,67.01846965699208,32.98153034300791,0.9162303664921466,0.3403693931398417
2004-02-05,1128.5899658203125,-0.12053585867098815,96.07329842931938,3.926701570680628,66.75461741424802,33.24538258575198,0.9214659685863874,0.33509234828496043
2004-02-06,1142.760009765625,-0.10949372121772749,96.07329842931938,3.926701570680628,66.75461741424802,33.24538258575198,0.9214659685863874,0.33509234828496043
2004-02-09,1139.81005859375,-0.11179249787967482,96.07329842931938,3.926701570680628,67.01846965699208,32.98153034300791,0.9214659685863874,0.3403693931398417
2004-02-10,1145.5400390625,-0.10732735774428603,96.07329842931938,3.926701570680628,67.01846965699208,32.98153034300791,0.9214659685863874,0.3403693931398417
2004-02-11,1157.760009765625,-0.09780483285307973,96.07329842931938,3.926701570680628,66.2269129287599,33.773087071240106,0.9214659685863874,0.3245382585751979
2004-02-12,1152.1099853515625,-0.10220766649531376,96.07329842931938,3.926701570680628,66.75461741424802,33.24538258575198,0.9214659685863874,0.33509234828496043
2004-02-13,1145.81005859375,-0.10711694253381554,96.07329842931938,3.926701570680628,66.75461741424802,33.24538258575198,0.9214659685863874,0.33509234828496043
2004-02-17,1156.989990234375,-0.09840487767570494,96.33507853403141,3.664921465968586,67.01846965699208,32.98153034300791,0.9267015706806283,0.3403693931398417
2004-02-18,1151.8199462890625,-0.1024336821101769,96.59685863874346,3.4031413612565444,67.54617414248021,32.45382585751979,0.9319371727748691,0.35092348284960423
2004-02-19,1147.06005859375,-0.10614286850342824,96.59685863874346,3.4031413612565444,68.07387862796834,31.926121372031663,0.9319371727748691,0.36147757255936674
2004-02-20,1144.1099853515625,-0.10844174028979248,96.59685863874346,3.4031413612565444,68.33773087071239,31.6622691292876,0.9319371727748691,0.36675461741424803
2004-02-23,1140.989990234375,-0.11087302526466247,96.59685863874346,3.4031413612565444,68.60158311345647,31.398416886543533,0.9319371727748691,0.3720316622691293
2004-02-24,1139.0899658203125,-0.11235363681573463,96.59685863874346,3.4031413612565444,68.60158311345647,31.398416886543533,0.9319371727748691,0.3720316622691293
2004-02-25,1143.6700439453125,-0.10878456868876851,96.59685863874346,3.4031413612565444,68.33773087071239,31.6622691292876,0.9319371727748691,0.36675461741424803
2004-02-26,1144.9100341796875,-0.10781829486057781,96.59685863874346,3.4031413612565444,68.42105263157895,31.57894736842105,0.9319371727748691,0.3684210526315789
2004-02-27,1144.93994140625,-0.10779498937840548,96.59685863874346,3.4031413612565444,68.6842105263158,31.31578947368421,0.9319371727748691,0.3736842105263158
2004-03-01,1155.969970703125,-0.09919973730440768,96.59685863874346,3.4031413612565444,68.6842105263158,31.31578947368421,0.9319371727748691,0.3736842105263158
2004-03-02,1149.0999755859375,-0.10455324437043967,96.59685863874346,3.4031413612565444,68.6842105263158,31.31578947368421,0.9319371727748691,0.3736842105263158
2004-03-03,1151.030029296875,-0.10304923221277806,96.59685863874346,3.4031413612565444,68.42105263157895,31.57894736842105,0.9319371727748691,0.3684210526315789
2004-03-04,1154.8699951171875,-0.10005690342626516,96.8586387434555,3.1413612565445024,68.42105263157895,31.57894736842105,0.93717277486911,0.3684210526315789
2004-03-05,1156.8599853515625,-0.09850618517984178,96.8586387434555,3.1413612565445024,68.42105263157895,31.57894736842105,0.93717277486911,0.3684210526315789
2004-03-08,1147.199951171875,-0.10603385592151171,96.8586387434555,3.1413612565445024,67.89473684210526,32.10526315789474,0.93717277486911,0.35789473684210527
2004-03-09,1140.5799560546875,-0.11119254818146618,96.8586387434555,3.1413612565445024,67.89473684210526,32.10526315789474,0.93717277486911,0.35789473684210527
2004-03-10,1123.8900146484375,-0.12419833897547727,96.8586387434555,3.1413612565445024,68.15789473684211,31.842105263157894,0.93717277486911,0.3631578947368421
2004-03-11,1106.780029296875,-0.13753145288848878,96.8586387434555,3.1413612565445024,68.15789473684211,31.842105263157894,0.93717277486911,0.3631578947368421
2004-03-12,1120.5699462890625,-0.1267855328698595,96.8586387434555,3.1413612565445024,68.42105263157895,31.57894736842105,0.93717277486911,0.3684210526315789
2004-03-15,1104.489990234375,-0.13931598695197178,96.59685863874346,3.4031413612565444,67.89473684210526,32.10526315789474,0.9319371727748691,0.35789473684210527
2004-03-16,1110.699951171875,-0.13447681760882102,96.59685863874346,3.4031413612565444,68.15789473684211,31.842105263157894,0.9319371727748691,0.3631578947368421
2004-03-17,1123.75,-0.12430744668181082,96.59685863874346,3.4031413612565444,68.15789473684211,31.842105263157894,0.9319371727748691,0.3631578947368421
2004-03-18,1122.3199462890625,-0.12542182922731737,96.59685863874346,3.4031413612565444,68.42105263157895,31.57894736842105,0.9319371727748691,0.3684210526315789
2004-03-19,1109.780029296875,-0.13519367521555925,96.59685863874346,3.4031413612565444,68.94736842105263,31.05263157894737,0.9319371727748691,0.37894736842105264
2004-03-22,1095.4000244140625,-0.1463994266661116,96.59685863874346,3.4031413612565444,68.94736842105263,31.05263157894737,0.9319371727748691,0.37894736842105264
2004-03-23,1093.949951171875,-0.14752940961601102,96.33507853403141,3.664921465968586,68.94736842105263,31.05263157894737,0.9267015706806283,0.37894736842105264
2004-03-24,1091.3299560546875,-0.1495710649787262,96.33507853403141,3.664921465968586,68.94736842105263,31.05263157894737,0.9267015706806283,0.37894736842105264
2004-03-25,1109.18994140625,-0.13565350664748244,96.33507853403141,3.664921465968586,68.94736842105263,31.05263157894737,0.9267015706806283,0.37894736842105264
2004-03-26,1108.06005859375,-0.13653397825151214,96.33507853403141,3.664921465968586,68.94736842105263,31.05263157894737,0.9267015706806283,0.37894736842105264
2004-03-29,1122.469970703125,-0.12530492131878745,96.59685863874346,3.4031413612565444,69.21052631578948,30.789473684210527,0.9319371727748691,0.38421052631578945
2004-03-30,1127.0,-0.12177485420280387,96.59685863874346,3.4031413612565444,69.21052631578948,30.789473684210527,0.9319371727748691,0.38421052631578945
2004-03-31,1126.2099609375,-0.12239049942982205,96.59685863874346,3.4031413612565444,69.47368421052632,30.526315789473685,0.9319371727748691,0.3894736842105263
2004-04-01,1132.1700439453125,-0.11774604976833192,96.59685863874346,3.4031413612565444,69.47368421052632,30.526315789473685,0.9319371727748691,0.3894736842105263
2004-04-02,1141.81005859375,-0.11023397943105495,96.59685863874346,3.4031413612565444,69.47368421052632,30.526315789473685,0.9319371727748691,0.3894736842105263
2004-04-05,1150.5699462890625,-0.10340775614056441,97.12041884816755,2.8795811518324608,70.0,30.0,0.9424083769633508,0.4
2004-04-06,1148.1600341796875,-0.10528570238157087,97.12041884816755,2.8795811518324608,70.26315789473684,29.736842105263158,0.9424083769633508,0.4052631578947368
2004-04-07,1140.530029296875,-0.11123145406803159,97.12041884816755,2.8795811518324608,70.60367454068242,29.396325459317584,0.9424083769633508,0.4120734908136483
2004-04-08,1139.3199462890625,-0.11217442241405007,97.12041884816755,2.8795811518324608,71.12860892388451,28.871391076115486,0.9424083769633508,0.4225721784776903
2004-04-12,1145.199951171875,-0.10759237437013147,97.12041884816755,2.8795811518324608,70.60367454068242,29.396325459317584,0.9424083769633508,0.4120734908136483
2004-04-13,1129.43994140625,-0.11987350735520808,97.12041884816755,2.8795811518324608,70.86614173228347,29.133858267716533,0.9424083769633508,0.41732283464566927
2004-04-14,1128.1700439453125,-0.12086308666557122,97.12041884816755,2.8795811518324608,71.12860892388451,28.871391076115486,0.9424083769633508,0.4225721784776903
2004-04-15,1128.8399658203125,-0.12034104386491051,97.12041884816755,2.8795811518324608,71.39107611548556,28.608923884514436,0.9424083769633508,0.42782152230971127
2004-04-16,1134.6099853515625,-0.1158447029207359,97.38219895287958,2.6178010471204187,71.39107611548556,28.608923884514436,0.9476439790575916,0.42782152230971127
2004-04-19,1135.8199462890625,-0.11490182969913443,97.38219895287958,2.6178010471204187,71.12860892388451,28.871391076115486,0.9476439790575916,0.4225721784776903
2004-04-20,1118.1500244140625,-0.12867127931306244,97.38219895287958,2.6178010471204187,71.39107611548556,28.608923884514436,0.9476439790575916,0.42782152230971127
2004-04-21,1124.0899658203125,-0.12404252518038217,97.12041884816755,2.8795811518324608,71.46596858638743,28.534031413612563,0.9424083769633508,0.4293193717277487
2004-04-22,1139.9300537109375,-0.11169899057773403,97.12041884816755,2.8795811518324608,70.94240837696336,29.05759162303665,0.9424083769633508,0.418848167539267
2004-04-23,1140.5999755859375,-0.11117694777707332,97.12041884816755,2.8795811518324608,70.94240837696336,29.05759162303665,0.9424083769633508,0.418848167539267
2004-04-26,1135.530029296875,-0.11512775018958077,96.8586387434555,3.1413612565445024,70.94240837696336,29.05759162303665,0.93717277486911,0.418848167539267
2004-04-27,1138.1099853515625,-0.11311729563565154,96.8586387434555,3.1413612565445024,70.68062827225131,29.31937172774869,0.93717277486911,0.41361256544502617
2004-04-28,1122.4100341796875,-0.12535162740754924,96.59685863874346,3.4031413612565444,71.46596858638743,28.534031413612563,0.9319371727748691,0.4293193717277487
2004-04-29,1113.8900146484375,-0.13199093121857597,96.59685863874346,3.4031413612565444,71.20418848167539,28.79581151832461,0.9319371727748691,0.42408376963350786
2004-04-30,1107.300048828125,-0.13712622287194098,96.33507853403141,3.664921465968586,70.94240837696336,29.05759162303665,0.9267015706806283,0.418848167539267
2004-05-03,1117.489990234375,-0.1291856170359439,96.33507853403141,3.664921465968586,71.46596858638743,28.534031413612563,0.9267015706806283,0.4293193717277487
2004-05-04,1119.550048828125,-0.12758029737414545,96.08355091383812,3.91644908616188,71.46596858638743,28.534031413612563,0.9216710182767625,0.4293193717277487
2004-05-05,1121.530029296875,-0.12603737932991865,96.08355091383812,3.91644908616188,71.20418848167539,28.79581151832461,0.9216710182767625,0.42408376963350786
2004-05-06,1113.989990234375,-0.13191302432102836,96.08355091383812,3.91644908616188,71.46596858638743,28.534031413612563,0.9216710182767625,0.4293193717277487
2004-05-07,1098.699951171875,-0.14382792830053936,96.08355091383812,3.91644908616188,70.94240837696336,29.05759162303665,0.9216710182767625,0.418848167539267
2004-05-10,1087.1199951171875,-0.1528517158732573,96.34464751958225,3.6553524804177546,70.94240837696336,29.05759162303665,0.9268929503916449,0.418848167539267
2004-05-11,1095.449951171875,-0.14636052077954653,96.34464751958225,3.6553524804177546,69.89528795811518,30.104712041884817,0.9268929503916449,0.39790575916230364
2004-05-12,1097.280029296875,-0.14493441551943254,96.34464751958225,3.6553524804177546,69.89528795811518,30.104712041884817,0.9268929503916449,0.39790575916230364
2004-05-13,1096.43994140625,-0.14558906175743302,96.34464751958225,3.6553524804177546,69.89528795811518,30.104712041884817,0.9268929503916449,0.39790575916230364
2004-05-14,1095.699951171875,-0.146165705973469,96.34464751958225,3.6553524804177546,69.89528795811518,30.104712041884817,0.9268929503916449,0.39790575916230364
2004-05-17,1084.0999755859375,-0.1552050939505798,95.822454308094,4.177545691906006,69.89528795811518,30.104712041884817,0.9164490861618799,0.39790575916230364
2004-05-18,1091.489990234375,-0.149446356868,95.822454308094,4.177545691906006,70.15706806282722,29.84293193717277,0.9164490861618799,0.4031413612565445
2004-05-19,1088.6800537109375,-0.1516360258236138,95.822454308094,4.177545691906006,70.41884816753927,29.581151832460733,0.9164490861618799,0.4083769633507853
2004-05-20,1089.18994140625,-0.1512386911336795,95.56135770234987,4.43864229765013,70.68062827225131,29.31937172774869,0.9112271540469974,0.41361256544502617
2004-05-21,1093.56005859375,-0.1478332370040052,95.56135770234987,4.43864229765013,70.68062827225131,29.31937172774869,0.9112271540469974,0.41361256544502617
2004-05-24,1095.4100341796875,-0.14639162646391535,95.56135770234987,4.43864229765013,70.68062827225131,29.31937172774869,0.9112271540469974,0.41361256544502617
2004-05-25,1113.050048828125,-0.13264548233215967,95.30026109660574,4.699738903394255,70.68062827225131,29.31937172774869,0.9060052219321149,0.41361256544502617
2004-05-26,1114.93994140625,-0.13117276610770112,95.30026109660574,4.699738903394255,70.94240837696336,29.05759162303665,0.9060052219321149,0.418848167539267
2004-05-27,1121.280029296875,-0.1262321941359964,95.30026109660574,4.699738903394255,70.94240837696336,29.05759162303665,0.9060052219321149,0.418848167539267
2004-05-28,1120.6800537109375,-0.12669973064569895,95.30026109660574,4.699738903394255,70.94240837696336,29.05759162303665,0.9060052219321149,0.418848167539267
2004-06-01,1121.199951171875,-0.12629459575356816,95.30026109660574,4.699738903394255,70.94240837696336,29.05759162303665,0.9060052219321149,0.418848167539267
2004-06-02,1124.989990234375,-0.12334117285362045,95.30026109660574,4.699738903394255,70.75718015665797,29.242819843342037,0.9060052219321149,0.4151436031331593
2004-06-03,1116.6400146484375,-0.12984796835172419,95.03916449086162,4.960835509138381,70.75718015665797,29.242819843342037,0.9007832898172323,0.4151436031331593
2004-06-04,1122.5,-0.12528152071219845,95.03916449086162,4.960835509138381,71.01827676240208,28.98172323759791,0.9007832898172323,0.42036553524804177
2004-06-07,1140.4200439453125,-0.11131716116777601,95.03916449086162,4.960835509138381,71.01827676240208,28.98172323759791,0.9007832898172323,0.42036553524804177
2004-06-08,1142.1800537109375,-0.1099456573230373,95.03916449086162,4.960835509138381,71.01827676240208,28.98172323759791,0.9007832898172323,0.42036553524804177
2004-06-09,1131.3299560546875,-0.11840069600633274,95.03916449086162,4.960835509138381,71.01827676240208,28.98172323759791,0.9007832898172323,0.42036553524804177
2004-06-10,1136.469970703125,-0.11439529217845013,95.03916449086162,4.960835509138381,71.01827676240208,28.98172323759791,0.9007832898172323,0.42036553524804177
2004-06-14,1125.2900390625,-0.12310735703656062,95.03916449086162,4.960835509138381,71.27937336814621,28.720626631853786,0.9007832898172323,0.4255874673629243
2004-06-15,1132.010009765625,-0.11787075787905854,95.03916449086162,4.960835509138381,71.01827676240208,28.98172323759791,0.9007832898172323,0.42036553524804177
2004-06-16,1133.56005859375,-0.11666286803161152,94.7780678851175,5.221932114882506,70.49608355091384,29.50391644908616,0.8955613577023499,0.40992167101827676
2004-06-17,1132.050048828125,-0.11783955707027272,94.7780678851175,5.221932114882506,70.23498694516971,29.765013054830288,0.8955613577023499,0.4046997389033943
2004-06-18,1135.02001953125,-0.11552518000393253,94.7780678851175,5.221932114882506,70.23498694516971,29.765013054830288,0.8955613577023499,0.4046997389033943
2004-06-21,1130.300048828125,-0.11920326071281484,94.7780678851175,5.221932114882506,70.23498694516971,29.765013054830288,0.8955613577023499,0.4046997389033943
2004-06-22,1134.4100341796875,-0.11600051671583134,94.51697127937337,5.483028720626632,69.9738903394256,30.026109660574413,0.8903394255874674,0.39947780678851175
2004-06-23,1144.06005859375,-0.10848064617635811,94.51697127937337,5.483028720626632,69.9738903394256,30.026109660574413,0.8903394255874674,0.39947780678851175
2004-06-24,1140.6500244140625,-0.11113794676609146,94.51697127937337,5.483028720626632,69.9738903394256,30.026109660574413,0.8903394255874674,0.39947780678851175
2004-06-25,1134.4300537109375,-0.11598491631143859,94.51697127937337,5.483028720626632,69.9738903394256,30.026109660574413,0.8903394255874674,0.39947780678851175
2004-06-28,1133.3499755859375,-0.11682657715332012,94.25587467362925,5.7441253263707575,69.9738903394256,30.026109660574413,0.8851174934725848,0.39947780678851175
2004-06-29,1136.199951171875,-0.11460570738892051,94.25587467362925,5.7441253263707575,69.71279373368147,30.287206266318538,0.8851174934725848,0.39425587467362927
2004-06-30,1140.8399658203125,-0.11098993317319283,93.99477806788512,6.005221932114883,69.71279373368147,30.287206266318538,0.8798955613577023,0.39425587467362927
2004-07-01,1128.93994140625,-0.12026313696736335,93.73368146214099,6.266318537859007,69.45169712793734,30.548302872062667,0.8746736292428199,0.38903394255874674
2004-07-02,1125.3800048828125,-0.1230372503412096,93.73368146214099,6.266318537859007,69.9738903394256,30.026109660574413,0.8746736292428199,0.39947780678851175
2004-07-06,1116.2099609375,-0.13018309167292097,93.73368146214099,6.266318537859007,70.75718015665797,29.242819843342037,0.8746736292428199,0.4151436031331593
2004-07-07,1118.3299560546875,-0.12853106592236074,93.73368146214099,6.266318537859007,70.49608355091384,29.50391644908616,0.8746736292428199,0.40992167101827676
2004-07-08,1109.1099853515625,-0.1357158131406374,93.73368146214099,6.266318537859007,70.49608355091384,29.50391644908616,0.8746736292428199,0.40992167101827676
2004-07-09,1112.81005859375,-0.13283249693604093,93.73368146214099,6.266318537859007,70.49608355091384,29.50391644908616,0.8746736292428199,0.40992167101827676
2004-07-12,1114.3499755859375,-0.1316325024152072,92.95039164490862,7.049608355091384,70.49608355091384,29.50391644908616,0.8590078328981723,0.40992167101827676
2004-07-13,1115.1400146484375,-0.131016857188189,92.68929503916449,7.310704960835509,70.23498694516971,29.765013054830288,0.8537859007832899,0.4046997389033943
2004-07-14,1111.469970703125,-0.13387677278619625,91.38381201044386,8.616187989556137,68.66840731070496,31.33159268929504,0.8276762402088773,0.3733681462140992
2004-07-15,1106.68994140625,-0.13760165470825747,91.38381201044386,8.616187989556137,69.45169712793734,30.548302872062667,0.8276762402088773,0.38903394255874674
2004-07-16,1101.3900146484375,-0.14173167152244948,90.60052219321149,9.39947780678851,69.45169712793734,30.548302872062667,0.8120104438642297,0.38903394255874674
2004-07-19,1100.9000244140625,-0.14211350093240793,90.60052219321149,9.39947780678851,69.9738903394256,30.026109660574413,0.8120104438642297,0.39947780678851175
2004-07-20,1108.6700439453125,-0.13605864153961378,90.60052219321149,9.39947780678851,69.9738903394256,30.026109660574413,0.8120104438642297,0.39947780678851175
2004-07-21,1093.8800048828125,-0.14758391590696984,90.33942558746736,9.660574412532636,69.71279373368147,30.287206266318538,0.8067885117493473,0.39425587467362927
2004-07-22,1096.8399658203125,-0.14527733904282625,90.33942558746736,9.660574412532636,69.9738903394256,30.026109660574413,0.8067885117493473,0.39947780678851175
2004-07-23,1086.199951171875,-0.15356866860441298,90.07832898172323,9.921671018276761,69.9738903394256,30.026109660574413,0.8015665796344648,0.39947780678851175
2004-07-26,1084.0699462890625,-0.1552284945571697,89.29503916449086,10.704960835509137,69.71279373368147,30.287206266318538,0.7859007832898173,0.39425587467362927
2004-07-27,1094.8299560546875,-0.14684365769364238,89.29503916449086,10.704960835509137,69.71279373368147,30.287206266318538,0.7859007832898173,0.39425587467362927
2004-07-28,1095.4200439453125,-0.14638382626171942,89.03394255874673,10.966057441253264,69.45169712793734,30.548302872062667,0.7806788511749347,0.38903394255874674
2004-07-29,1100.4300537109375,-0.14247972993797375,89.03394255874673,10.966057441253264,69.45169712793734,30.548302872062667,0.7806788511749347,0.38903394255874674
2004-07-30,1101.719970703125,-0.14147455022321764,89.03394255874673,10.966057441253264,69.45169712793734,30.548302872062667,0.7806788511749347,0.38903394255874674
2004-08-02,1106.6199951171875,-0.13765616099921585,89.03394255874673,10.966057441253264,69.45169712793734,30.548302872062667,0.7806788511749347,0.38903394255874674
2004-08-03,1099.68994140625,-0.14305646927842663,88.77284595300262,11.22715404699739,69.9738903394256,30.026109660574413,0.7754569190600522,0.39947780678851175
2004-08-04,1098.6300048828125,-0.1438824345914982,88.77284595300262,11.22715404699739,70.23498694516971,29.765013054830288,0.7754569190600522,0.4046997389033943
2004-08-05,1080.699951171875,-0.1578545943381171,88.25065274151436,11.74934725848564,70.49608355091384,29.50391644908616,0.7650130548302873,0.40992167101827676
2004-08-06,1063.969970703125,-0.17089158594091414,87.72845953002611,12.27154046997389,71.27937336814621,28.720626631853786,0.7545691906005222,0.4255874673629243
2004-08-09,1065.219970703125,-0.16991751191052684,87.46736292428199,12.532637075718014,71.27937336814621,28.720626631853786,0.7493472584856397,0.4255874673629243
2004-08-10,1079.0400390625,-0.1591480961608911,87.46736292428199,12.532637075718014,71.27937336814621,28.720626631853786,0.7493472584856397,0.4255874673629243
2004-08-11,1075.7900390625,-0.16168068863989815,86.94516971279373,13.054830287206268,71.27937336814621,28.720626631853786,0.7389033942558747,0.4255874673629243
2004-08-12,1063.22998046875,-0.17146823015695,85.11749347258485,14.882506527415144,71.01827676240208,28.98172323759791,0.7023498694516971,0.42036553524804177
2004-08-13,1064.800048828125,-0.17024473990511002,84.85639686684074,15.143603133159269,71.01827676240208,28.98172323759791,0.6971279373368147,0.42036553524804177
2004-08-16,1079.3399658203125,-0.1589143754682485,84.85639686684074,15.143603133159269,70.75718015665797,29.242819843342037,0.6971279373368147,0.4151436031331593
2004-08-17,1081.7099609375,-0.15706753491161074,84.85639686684074,15.143603133159269,70.75718015665797,29.242819843342037,0.6971279373368147,0.4151436031331593
2004-08-18,1095.1700439453125,-0.14657864106779683,84.85639686684074,15.143603133159269,70.75718015665797,29.242819843342037,0.6971279373368147,0.4151436031331593
2004-08-19,1091.22998046875,-0.14964897187627435,84.85639686684074,15.143603133159269,70.75718015665797,29.242819843342037,0.6971279373368147,0.4151436031331593
2004-08-20,1098.3499755859375,-0.14410065000416494,84.85639686684074,15.143603133159269,70.49608355091384,29.50391644908616,0.6971279373368147,0.40992167101827676
2004-08-23,1095.6800537109375,-0.1461812112534453,84.85639686684074,15.143603133159269,70.49608355091384,29.50391644908616,0.6971279373368147,0.40992167101827676
2004-08-24,1096.18994140625,-0.145783876563511,84.85639686684074,15.143603133159269,70.49608355091384,29.50391644908616,0.6971279373368147,0.40992167101827676
2004-08-25,1104.9599609375,-0.13894975794640696,84.85639686684074,15.143603133159269,70.49608355091384,29.50391644908616,0.6971279373368147,0.40992167101827676
2004-08-26,1105.0899658203125,-0.13884845044227,84.85639686684074,15.143603133159269,70.49608355091384,29.50391644908616,0.6971279373368147,0.40992167101827676
2004-08-27,1107.77001953125,-0.13675999386637616,84.85639686684074,15.143603133159269,70.75718015665797,29.242819843342037,0.6971279373368147,0.4151436031331593
2004-08-30,1099.1500244140625,-0.1434772045749504,84.59530026109661,15.404699738903393,70.75718015665797,29.242819843342037,0.6919060052219321,0.4151436031331593
2004-08-31,1104.239990234375,-0.13951080175804997,84.33420365535248,15.66579634464752,70.49608355091384,29.50391644908616,0.6866840731070496,0.40992167101827676
2004-09-01,1105.9100341796875,-0.13820940460866238,84.33420365535248,15.66579634464752,70.75718015665797,29.242819843342037,0.6866840731070496,0.4151436031331593
2004-09-02,1118.31005859375,-0.1285465712023368,84.33420365535248,15.66579634464752,70.75718015665797,29.242819843342037,0.6866840731070496,0.4151436031331593
2004-09-03,1113.6300048828125,-0.13219354622685042,84.33420365535248,15.66579634464752,70.49608355091384,29.50391644908616,0.6866840731070496,0.40992167101827676
2004-09-07,1121.300048828125,-0.12621659373160377,84.33420365535248,15.66579634464752,70.49608355091384,29.50391644908616,0.6866840731070496,0.40992167101827676
2004-09-08,1116.27001953125,-0.1301362904597424,83.81201044386422,16.187989556135772,70.49608355091384,29.50391644908616,0.6762402088772846,0.40992167101827676
2004-09-09,1118.3800048828125,-0.12849206491137866,83.81201044386422,16.187989556135772,70.75718015665797,29.242819843342037,0.6762402088772846,0.4151436031331593
2004-09-10,1123.9200439453125,-0.1241749383688886,83.81201044386422,16.187989556135772,70.75718015665797,29.242819843342037,0.6762402088772846,0.4151436031331593
2004-09-13,1125.8199462890625,-0.12269442194223346,83.81201044386422,16.187989556135772,70.75718015665797,29.242819843342037,0.6762402088772846,0.4151436031331593
2004-09-14,1128.3299560546875,-0.12073847367926238,83.81201044386422,16.187989556135772,71.01827676240208,28.98172323759791,0.6762402088772846,0.42036553524804177
2004-09-15,1120.3699951171875,-0.12694134666495527,83.5509138381201,16.449086161879894,71.01827676240208,28.98172323759791,0.6710182767624021,0.42036553524804177
2004-09-16,1123.5,-0.1245022614878889,83.5509138381201,16.449086161879894,71.01827676240208,28.98172323759791,0.6710182767624021,0.42036553524804177
2004-09-17,1128.550048828125,-0.1205669643553573,83.5509138381201,16.449086161879894,71.01827676240208,28.98172323759791,0.6710182767624021,0.42036553524804177
2004-09-20,1122.199951171875,-0.1255153365292585,83.02872062663185,16.971279373368144,71.01827676240208,28.98172323759791,0.660574412532637,0.42036553524804177
2004-09-21,1129.300048828125,-0.11998251993712505,83.02872062663185,16.971279373368144,71.01827676240208,28.98172323759791,0.660574412532637,0.42036553524804177
2004-09-22,1113.56005859375,-0.13224805251780858,82.76762402088774,17.232375979112273,71.01827676240208,28.98172323759791,0.6553524804177546,0.42036553524804177
2004-09-23,1108.3599853515625,-0.13630025755886999,82.76762402088774,17.232375979112273,71.01827676240208,28.98172323759791,0.6553524804177546,0.42036553524804177
2004-09-24,1110.1099853515625,-0.13493655391632786,82.50652741514361,17.4934725848564,71.80156657963447,28.198433420365536,0.6501305483028721,0.4360313315926893
2004-09-27,1103.52001953125,-0.140071845569693,82.24543080939948,17.75456919060052,71.80156657963447,28.198433420365536,0.6449086161879896,0.4360313315926893
2004-09-28,1110.06005859375,-0.13497545980289316,82.24543080939948,17.75456919060052,71.80156657963447,28.198433420365536,0.6449086161879896,0.4360313315926893
2004-09-29,1114.800048828125,-0.131281778689618,81.98433420365535,18.01566579634465,71.54046997389034,28.459530026109658,0.639686684073107,0.4308093994778068
2004-09-30,1114.5799560546875,-0.13145328801352307,81.98433420365535,18.01566579634465,71.54046997389034,28.459530026109658,0.639686684073107,0.4308093994778068
2004-10-01,1131.5,-0.11826818769341041,81.98433420365535,18.01566579634465,71.54046997389034,28.459530026109658,0.639686684073107,0.4308093994778068
2004-10-04,1135.1700439453125,-0.11540827209540316,81.98433420365535,18.01566579634465,71.80156657963447,28.198433420365536,0.639686684073107,0.4360313315926893
2004-10-05,1134.47998046875,-0.11594601042487374,81.98433420365535,18.01566579634465,71.54046997389034,28.459530026109658,0.639686684073107,0.4308093994778068
2004-10-06,1142.050048828125,-0.11004696482717458,81.98433420365535,18.01566579634465,71.80156657963447,28.198433420365536,0.639686684073107,0.4360313315926893
2004-10-07,1130.6500244140625,-0.11893053900919026,81.98433420365535,18.01566579634465,71.80156657963447,28.198433420365536,0.639686684073107,0.4360313315926893
2004-10-08,1122.1400146484375,-0.1255620426180204,81.72323759791122,18.27676240208877,71.80156657963447,28.198433420365536,0.6344647519582245,0.4360313315926893
2004-10-11,1124.3900146484375,-0.12380870936332333,81.72323759791122,18.27676240208877,72.0626631853786,27.93733681462141,0.6344647519582245,0.4412532637075718
2004-10-12,1121.8399658203125,-0.12579585843508034,81.72323759791122,18.27676240208877,72.32375979112271,27.676240208877285,0.6344647519582245,0.4464751958224543
2004-10-13,1113.6500244140625,-0.1321779458224578,81.72323759791122,18.27676240208877,72.32375979112271,27.676240208877285,0.6344647519582245,0.4464751958224543
2004-10-14,1103.2900390625,-0.14025105997137777,81.4621409921671,18.5378590078329,72.32375979112271,27.676240208877285,0.6292428198433421,0.4464751958224543
2004-10-15,1108.199951171875,-0.1364249656695966,81.25,18.75,71.09375,28.90625,0.625,0.421875
2004-10-18,1114.02001953125,-0.1318896237144398,80.98958333333334,19.010416666666664,70.3125,29.6875,0.6197916666666666,0.40625
2004-10-19,1103.22998046875,-0.14029786118455645,80.20833333333334,19.791666666666664,70.05208333333334,29.947916666666668,0.6041666666666666,0.4010416666666667
2004-10-20,1103.6600341796875,-0.13996273786335978,80.20833333333334,19.791666666666664,70.3125,29.6875,0.6041666666666666,0.40625
2004-10-21,1106.489990234375,-0.13775746850335313,79.6875,20.3125,70.05208333333334,29.947916666666668,0.59375,0.4010416666666667
2004-10-22,1095.739990234375,-0.14613450516468396,79.42708333333334,20.572916666666664,70.3125,29.6875,0.5885416666666666,0.40625
2004-10-25,1094.800048828125,-0.14686696317581505,79.16666666666666,20.833333333333336,70.3125,29.6875,0.5833333333333334,0.40625
2004-10-26,1111.0899658203125,-0.13417289509641117,79.16666666666666,20.833333333333336,70.3125,29.6875,0.5833333333333334,0.40625
2004-10-27,1125.4000244140625,-0.12302164993681719,79.16666666666666,20.833333333333336,70.05208333333334,29.947916666666668,0.5833333333333334,0.4010416666666667
2004-10-28,1127.43994140625,-0.12143202580382872,79.16666666666666,20.833333333333336,70.05208333333334,29.947916666666668,0.5833333333333334,0.4010416666666667
2004-10-29,1130.199951171875,-0.11928126273478012,79.16666666666666,20.833333333333336,70.05208333333334,29.947916666666668,0.5833333333333334,0.4010416666666667
2004-11-01,1130.510009765625,-0.11903964671552392,79.16666666666666,20.833333333333336,69.79166666666666,30.208333333333332,0.5833333333333334,0.3958333333333333
2004-11-02,1130.56005859375,-0.11900064570454172,79.16666666666666,20.833333333333336,69.27083333333334,30.729166666666668,0.5833333333333334,0.3854166666666667
2004-11-03,1143.199951171875,-0.10915089281875212,79.42708333333334,20.572916666666664,69.01041666666666,30.989583333333332,0.5885416666666666,0.3802083333333333
2004-11-04,1161.6700439453125,-0.09475790265119244,79.74025974025975,20.259740259740262,69.01041666666666,30.989583333333332,0.5948051948051948,0.3802083333333333
2004-11-05,1166.1700439453125,-0.09125123614179831,80.0,20.0,68.57142857142857,31.428571428571427,0.6,0.37142857142857144
2004-11-08,1164.8900146484375,-0.09224871077877506,80.0,20.0,68.57142857142857,31.428571428571427,0.6,0.37142857142857144
2004-11-09,1164.0799560546875,-0.0928799564101862,80.0,20.0,68.31168831168831,31.68831168831169,0.6,0.36623376623376624
2004-11-10,1162.9100341796875,-0.09379162882300174,80.0,20.0,68.57142857142857,31.428571428571427,0.6,0.37142857142857144
2004-11-11,1173.47998046875,-0.08555490067679028,80.51948051948052,19.480519480519483,69.0909090909091,30.909090909090907,0.6103896103896104,0.38181818181818183
2004-11-12,1184.1700439453125,-0.07722457010422124,80.51948051948052,19.480519480519483,68.83116883116884,31.16883116883117,0.6103896103896104,0.37662337662337664
2004-11-15,1183.81005859375,-0.07750509201004274,80.51948051948052,19.480519480519483,68.83116883116884,31.16883116883117,0.6103896103896104,0.37662337662337664
2004-11-16,1175.4300537109375,-0.08403528811473593,80.25974025974027,19.74025974025974,68.83116883116884,31.16883116883117,0.6051948051948052,0.37662337662337664
2004-11-17,1181.93994140625,-0.07896239807894245,80.51948051948052,19.480519480519483,69.0909090909091,30.909090909090907,0.6103896103896104,0.38181818181818183
2004-11-18,1183.550048828125,-0.07770770701831653,80.51948051948052,19.480519480519483,69.0909090909091,30.909090909090907,0.6103896103896104,0.38181818181818183
2004-11-19,1170.3399658203125,-0.08800178605605313,80.51948051948052,19.480519480519483,69.0909090909091,30.909090909090907,0.6103896103896104,0.38181818181818183
2004-11-22,1177.239990234375,-0.0826248783834318,80.51948051948052,19.480519480519483,68.83116883116884,31.16883116883117,0.6103896103896104,0.37662337662337664
2004-11-23,1176.93994140625,-0.08285869420049152,80.51948051948052,19.480519480519483,68.83116883116884,31.16883116883117,0.6103896103896104,0.37662337662337664
2004-11-24,1181.760009765625,-0.07910261146964448,80.51948051948052,19.480519480519483,69.0909090909091,30.909090909090907,0.6103896103896104,0.38181818181818183
2004-11-26,1182.6500244140625,-0.07840905934507869,80.77922077922078,19.22077922077922,69.0909090909091,30.909090909090907,0.6155844155844156,0.38181818181818183
2004-11-29,1178.5699462890625,-0.08158849785988975,80.77922077922078,19.22077922077922,68.83116883116884,31.16883116883117,0.6155844155844156,0.37662337662337664
2004-11-30,1173.8199462890625,-0.08528997917536152,80.51948051948052,19.480519480519483,69.0909090909091,30.909090909090907,0.6103896103896104,0.38181818181818183
2004-12-01,1191.3699951171875,-0.07161394173895697,80.56994818652849,19.4300518134715,69.35064935064935,30.649350649350648,0.6113989637305699,0.38701298701298703
2004-12-02,1190.3299560546875,-0.07242440177205267,80.56994818652849,19.4300518134715,69.35064935064935,30.649350649350648,0.6113989637305699,0.38701298701298703
2004-12-03,1191.1700439453125,-0.07176975553405218,80.56994818652849,19.4300518134715,69.35064935064935,30.649350649350648,0.6113989637305699,0.38701298701298703
2004-12-06,1190.25,-0.07248670826520731,80.56994818652849,19.4300518134715,69.35064935064935,30.649350649350648,0.6113989637305699,0.38701298701298703
2004-12-07,1177.0699462890625,-0.08275738669635457,80.56994818652849,19.4300518134715,69.35064935064935,30.649350649350648,0.6113989637305699,0.38701298701298703
2004-12-08,1182.81005859375,-0.07828435123435229,80.56994818652849,19.4300518134715,69.35064935064935,30.649350649350648,0.6113989637305699,0.38701298701298703
2004-12-09,1189.239990234375,-0.07327376769171356,80.56994818652849,19.4300518134715,69.35064935064935,30.649350649350648,0.6113989637305699,0.38701298701298703
2004-12-10,1188.0,-0.07424004151990438,80.56994818652849,19.4300518134715,69.87012987012987,30.129870129870127,0.6113989637305699,0.3974025974025974
2004-12-13,1198.6800537109375,-0.06591751114953182,80.56994818652849,19.4300518134715,69.61038961038962,30.38961038961039,0.6113989637305699,0.3922077922077922
2004-12-14,1203.3800048828125,-0.06225503084504225,80.82901554404145,19.170984455958546,69.61038961038962,30.38961038961039,0.616580310880829,0.3922077922077922
2004-12-15,1205.719970703125,-0.06043159089499406,80.82901554404145,19.170984455958546,69.68911917098445,30.310880829015545,0.616580310880829,0.39378238341968913
2004-12-16,1203.2099609375,-0.06238753915796513,80.82901554404145,19.170984455958546,69.68911917098445,30.310880829015545,0.616580310880829,0.39378238341968913
2004-12-17,1194.199951171875,-0.06940867237895021,80.82901554404145,19.170984455958546,69.68911917098445,30.310880829015545,0.616580310880829,0.39378238341968913
2004-12-20,1194.6500244140625,-0.06905794865336068,80.82901554404145,19.170984455958546,69.94818652849742,30.05181347150259,0.616580310880829,0.39896373056994816
2004-12-21,1205.449951171875,-0.06064200610546466,80.82901554404145,19.170984455958546,69.94818652849742,30.05181347150259,0.616580310880829,0.39896373056994816
2004-12-22,1209.5699462890625,-0.057431461906284786,81.0880829015544,18.911917098445596,69.94818652849742,30.05181347150259,0.6217616580310881,0.39896373056994816
2004-12-23,1210.1300048828125,-0.05699503108095105,81.0880829015544,18.911917098445596,69.94818652849742,30.05181347150259,0.6217616580310881,0.39896373056994816
2004-12-27,1204.9200439453125,-0.061054941199791934,81.0880829015544,18.911917098445596,70.20725388601036,29.792746113989637,0.6217616580310881,0.40414507772020725
2004-12-28,1213.5400390625,-0.05433773049121782,81.0880829015544,18.911917098445596,70.20725388601036,29.792746113989637,0.6217616580310881,0.40414507772020725
2004-12-29,1213.449951171875,-0.05440793231098595,81.0880829015544,18.911917098445596,70.20725388601036,29.792746113989637,0.6217616580310881,0.40414507772020725
2004-12-30,1213.550048828125,-0.054329930289021444,81.0880829015544,18.911917098445596,70.20725388601036,29.792746113989637,0.6217616580310881,0.40414507772020725
2004-12-31,1211.9200439453125,-0.055600126629623214,81.34715025906736,18.65284974093264,70.20725388601036,29.792746113989637,0.6269430051813472,0.40414507772020725
2005-01-03,1202.0799560546875,-0.0632681058864123,81.60621761658031,18.393782383419687,70.20725388601036,29.792746113989637,0.6321243523316062,0.40414507772020725
2005-01-04,1188.050048828125,-0.07420104050892251,81.60621761658031,18.393782383419687,70.20725388601036,29.792746113989637,0.6321243523316062,0.40414507772020725
2005-01-05,1183.739990234375,-0.07755969342541813,81.34715025906736,18.65284974093264,70.46632124352331,29.533678756476682,0.6269430051813472,0.40932642487046633
2005-01-06,1187.8900146484375,-0.0743257486196488,81.34715025906736,18.65284974093264,70.46632124352331,29.533678756476682,0.6269430051813472,0.40932642487046633
2005-01-07,1186.18994140625,-0.07565054637562574,81.34715025906736,18.65284974093264,70.46632124352331,29.533678756476682,0.6269430051813472,0.40932642487046633
2005-01-10,1190.25,-0.07248670826520776,81.34715025906736,18.65284974093264,70.46632124352331,29.533678756476682,0.6269430051813472,0.40932642487046633
2005-01-11,1182.989990234375,-0.0781441378436506,81.34715025906736,18.65284974093264,70.20725388601036,29.792746113989637,0.6269430051813472,0.40414507772020725
2005-01-12,1187.699951171875,-0.07447385733696466,81.34715025906736,18.65284974093264,70.20725388601036,29.792746113989637,0.6269430051813472,0.40414507772020725
2005-01-13,1177.449951171875,-0.08246126438614065,81.34715025906736,18.65284974093264,70.46632124352331,29.533678756476682,0.6269430051813472,0.40932642487046633
2005-01-14,1184.52001953125,-0.07695184840059643,81.60621761658031,18.393782383419687,70.46632124352331,29.533678756476682,0.6321243523316062,0.40932642487046633
2005-01-18,1195.97998046875,-0.06802156812981908,81.60621761658031,18.393782383419687,70.72538860103627,29.274611398963728,0.6321243523316062,0.41450777202072536
2005-01-19,1184.6300048828125,-0.07686614130085245,81.60621761658031,18.393782383419687,70.72538860103627,29.274611398963728,0.6321243523316062,0.41450777202072536
2005-01-20,1175.4100341796875,-0.08405088851912912,81.60621761658031,18.393782383419687,70.72538860103627,29.274611398963728,0.6321243523316062,0.41450777202072536
2005-01-21,1167.8699951171875,-0.08992653351023883,81.34715025906736,18.65284974093264,70.46632124352331,29.533678756476682,0.6269430051813472,0.40932642487046633
2005-01-24,1163.75,-0.0931370777094187,81.0880829015544,18.911917098445596,70.72538860103627,29.274611398963728,0.6217616580310881,0.41450777202072536
2005-01-25,1168.4100341796875,-0.08950570308929806,81.0880829015544,18.911917098445596,70.72538860103627,29.274611398963728,0.6217616580310881,0.41450777202072536
2005-01-26,1174.0699462890625,-0.08509516436928466,81.0880829015544,18.911917098445596,70.72538860103627,29.274611398963728,0.6217616580310881,0.41450777202072536
2005-01-27,1174.550048828125,-0.08472104003710557,81.0880829015544,18.911917098445596,70.72538860103627,29.274611398963728,0.6217616580310881,0.41450777202072536
2005-01-28,1171.3599853515625,-0.08720692642735084,81.0880829015544,18.911917098445596,70.72538860103627,29.274611398963728,0.6217616580310881,0.41450777202072536
2005-01-31,1181.27001953125,-0.0794844408796036,81.0880829015544,18.911917098445596,70.72538860103627,29.274611398963728,0.6217616580310881,0.41450777202072536
2005-02-01,1189.4100341796875,-0.07314125937879146,81.0880829015544,18.911917098445596,70.72538860103627,29.274611398963728,0.6217616580310881,0.41450777202072536
2005-02-02,1193.18994140625,-0.07019573180545724,81.34715025906736,18.65284974093264,70.46632124352331,29.533678756476682,0.6269430051813472,0.40932642487046633
2005-02-03,1189.8900146484375,-0.07276723017102948,81.0880829015544,18.911917098445596,70.28423772609818,29.71576227390181,0.6217616580310881,0.40568475452196384
2005-02-04,1203.030029296875,-0.06252775254866805,81.3953488372093,18.6046511627907,70.54263565891473,29.457364341085274,0.627906976744186,0.4108527131782946
2005-02-07,1201.719970703125,-0.06354862779223414,81.3953488372093,18.6046511627907,70.80103359173127,29.198966408268735,0.627906976744186,0.4160206718346253
2005-02-08,1202.300048828125,-0.06309659656250755,81.3953488372093,18.6046511627907,70.80103359173127,29.198966408268735,0.627906976744186,0.4160206718346253
2005-02-09,1191.989990234375,-0.07113080482486223,80.87855297157623,19.12144702842377,71.0594315245478,28.940568475452196,0.6175710594315246,0.42118863049095606
2005-02-10,1197.010009765625,-0.06721890829891997,81.13695090439276,18.863049095607234,71.31782945736434,28.68217054263566,0.6227390180878553,0.4263565891472868
2005-02-11,1205.300048828125,-0.060758818889578015,81.13695090439276,18.863049095607234,71.57622739018088,28.42377260981912,0.6227390180878553,0.4315245478036176
2005-02-14,1206.1400146484375,-0.060104267775994535,81.13695090439276,18.863049095607234,71.57622739018088,28.42377260981912,0.6227390180878553,0.4315245478036176
2005-02-15,1210.1199951171875,-0.05700283128314798,81.13695090439276,18.863049095607234,71.83462532299741,28.165374677002585,0.6227390180878553,0.43669250645994834
2005-02-16,1210.3399658203125,-0.05683141708365991,80.87855297157623,19.12144702842377,71.57622739018088,28.42377260981912,0.6175710594315246,0.4315245478036176
2005-02-17,1200.75,-0.06430448640995456,80.87855297157623,19.12144702842377,71.31782945736434,28.68217054263566,0.6175710594315246,0.4263565891472868
2005-02-18,1201.5899658203125,-0.06364993529637109,81.13695090439276,18.863049095607234,71.31782945736434,28.68217054263566,0.6227390180878553,0.4263565891472868
2005-02-22,1184.1600341796875,-0.07723237030641816,80.87855297157623,19.12144702842377,71.57622739018088,28.42377260981912,0.6175710594315246,0.4315245478036176
2005-02-23,1190.800048828125,-0.07205807764207073,80.87855297157623,19.12144702842377,71.0594315245478,28.940568475452196,0.6175710594315246,0.42118863049095606
2005-02-24,1200.199951171875,-0.06473311703309181,80.87855297157623,19.12144702842377,70.80103359173127,29.198966408268735,0.6175710594315246,0.4160206718346253
2005-02-25,1211.3699951171875,-0.0560287572527608,80.87855297157623,19.12144702842377,70.80103359173127,29.198966408268735,0.6175710594315246,0.4160206718346253
2005-02-28,1203.5999755859375,-0.06208361664555506,80.62015503875969,19.379844961240313,70.54263565891473,29.457364341085274,0.6124031007751938,0.4108527131782946
2005-03-01,1210.4100341796875,-0.05677681566828485,80.62015503875969,19.379844961240313,70.54263565891473,29.457364341085274,0.6124031007751938,0.4108527131782946
2005-03-02,1210.0799560546875,-0.05703403209193392,81.3953488372093,18.6046511627907,70.28423772609818,29.71576227390181,0.627906976744186,0.40568475452196384
2005-03-03,1210.469970703125,-0.05673010957952307,81.3953488372093,18.6046511627907,70.28423772609818,29.71576227390181,0.627906976744186,0.40568475452196384
2005-03-04,1222.1199951171875,-0.04765172059142997,81.65374677002583,18.34625322997416,70.02583979328165,29.97416020671835,0.6330749354005168,0.4005167958656331
2005-03-07,1225.31005859375,-0.045165834201184696,81.91214470284238,18.087855297157624,70.28423772609818,29.71576227390181,0.6382428940568475,0.40568475452196384
2005-03-08,1219.4300537109375,-0.04974788224510329,82.17054263565892,17.829457364341085,70.28423772609818,29.71576227390181,0.6434108527131783,0.40568475452196384
2005-03-09,1207.010009765625,-0.059426316055821604,82.42894056847545,17.571059431524546,70.54263565891473,29.457364341085274,0.648578811369509,0.4108527131782946
2005-03-10,1209.25,-0.0576807830033208,82.42894056847545,17.571059431524546,70.54263565891473,29.457364341085274,0.648578811369509,0.4108527131782946
2005-03-11,1200.0799560546875,-0.06482662433503228,82.42894056847545,17.571059431524546,70.28423772609818,29.71576227390181,0.648578811369509,0.40568475452196384
2005-03-14,1206.8299560546875,-0.05956662457094075,82.42894056847545,17.571059431524546,70.54263565891473,29.457364341085274,0.648578811369509,0.4108527131782946
2005-03-15,1197.75,-0.06664226408288398,82.17054263565892,17.829457364341085,70.80103359173127,29.198966408268735,0.6434108527131783,0.4160206718346253
2005-03-16,1188.0699462890625,-0.07418553522894678,82.17054263565892,17.829457364341085,70.54263565891473,29.457364341085274,0.6434108527131783,0.4108527131782946
2005-03-17,1190.2099609375,-0.07251790907399369,82.17054263565892,17.829457364341085,70.28423772609818,29.71576227390181,0.6434108527131783,0.40568475452196384
2005-03-18,1189.6500244140625,-0.07295424477491042,82.17054263565892,17.829457364341085,70.28423772609818,29.71576227390181,0.6434108527131783,0.40568475452196384
2005-03-21,1183.780029296875,-0.07752849261663242,81.91214470284238,18.087855297157624,70.80103359173127,29.198966408268735,0.6382428940568475,0.4160206718346253
2005-03-22,1171.7099609375,-0.08693420472372582,82.17054263565892,17.829457364341085,71.0594315245478,28.940568475452196,0.6434108527131783,0.42118863049095606
2005-03-23,1172.530029296875,-0.08629515889011818,82.17054263565892,17.829457364341085,70.80103359173127,29.198966408268735,0.6434108527131783,0.4160206718346253
2005-03-24,1171.4200439453125,-0.08716012521417194,82.17054263565892,17.829457364341085,70.80103359173127,29.198966408268735,0.6434108527131783,0.4160206718346253
2005-03-28,1174.280029296875,-0.08493145524757584,81.91214470284238,18.087855297157624,70.54263565891473,29.457364341085274,0.6382428940568475,0.4108527131782946
2005-03-29,1165.3599853515625,-0.09188248177320979,81.91214470284238,18.087855297157624,70.54263565891473,29.457364341085274,0.6382428940568475,0.4108527131782946
2005-03-30,1181.4100341796875,-0.07937533317326995,81.91214470284238,18.087855297157624,70.28423772609818,29.71576227390181,0.6382428940568475,0.40568475452196384
2005-03-31,1180.5899658203125,-0.08001437900687747,81.91214470284238,18.087855297157624,70.28423772609818,29.71576227390181,0.6382428940568475,0.40568475452196384
2005-04-01,1172.9200439453125,-0.08599123637770711,81.3953488372093,18.6046511627907,70.28423772609818,29.71576227390181,0.627906976744186,0.40568475452196384
2005-04-04,1176.1199951171875,-0.08349764490968248,81.3953488372093,18.6046511627907,70.02583979328165,29.97416020671835,0.627906976744186,0.4005167958656331
2005-04-05,1181.3900146484375,-0.0793909335776628,81.3953488372093,18.6046511627907,70.02583979328165,29.97416020671835,0.627906976744186,0.4005167958656331
2005-04-06,1184.0699462890625,-0.07730257212618596,81.3953488372093,18.6046511627907,70.28423772609818,29.71576227390181,0.627906976744186,0.40568475452196384
2005-04-07,1191.1400146484375,-0.07179315614064175,81.3953488372093,18.6046511627907,70.02583979328165,29.97416020671835,0.627906976744186,0.4005167958656331
2005-04-08,1181.199951171875,-0.07953904229497843,81.3953488372093,18.6046511627907,70.02583979328165,29.97416020671835,0.627906976744186,0.4005167958656331
2005-04-11,1181.2099609375,-0.07953124209278195,81.13695090439276,18.863049095607234,70.02583979328165,29.97416020671835,0.6227390180878553,0.4005167958656331
2005-04-12,1187.760009765625,-0.07442705612378575,81.13695090439276,18.863049095607234,70.28423772609818,29.71576227390181,0.6227390180878553,0.40568475452196384
2005-04-13,1173.7900390625,-0.08531328465753418,80.87855297157623,19.12144702842377,70.02583979328165,29.97416020671835,0.6175710594315246,0.4005167958656331
2005-04-14,1162.050048828125,-0.09446178034097841,81.13695090439276,18.863049095607234,69.76744186046511,30.23255813953488,0.6227390180878553,0.3953488372093023
2005-04-15,1142.6199951171875,-0.10960282892406215,79.58656330749353,20.41343669250646,69.76744186046511,30.23255813953488,0.5917312661498708,0.3953488372093023
2005-04-18,1145.97998046875,-0.10698452934531122,79.58656330749353,20.41343669250646,69.76744186046511,30.23255813953488,0.5917312661498708,0.3953488372093023
2005-04-19,1152.780029296875,-0.1016855285702375,79.32816537467701,20.671834625322997,69.76744186046511,30.23255813953488,0.58656330749354,0.3953488372093023
2005-04-20,1137.5,-0.11359263234755201,79.06976744186046,20.930232558139537,69.76744186046511,30.23255813953488,0.5813953488372093,0.3953488372093023
2005-04-21,1159.949951171875,-0.0960983008115629,79.06976744186046,20.930232558139537,69.76744186046511,30.23255813953488,0.5813953488372093,0.3953488372093023
2005-04-22,1152.1199951171875,-0.10219986629311884,78.81136950904393,21.188630490956072,69.50904392764858,30.490956072351423,0.5762273901808785,0.39018087855297157
2005-04-25,1162.0999755859375,-0.09442287445441333,78.81136950904393,21.188630490956072,69.25064599483204,30.749354005167955,0.5762273901808785,0.3850129198966408
2005-04-26,1151.8299560546875,-0.10242588190798219,78.81136950904393,21.188630490956072,69.25064599483204,30.749354005167955,0.5762273901808785,0.3850129198966408
2005-04-27,1156.3800048828125,-0.09888021438760553,78.81136950904393,21.188630490956072,69.25064599483204,30.749354005167955,0.5762273901808785,0.3850129198966408
2005-04-28,1143.219970703125,-0.10913529241435993,77.77777777777779,22.22222222222222,68.9922480620155,31.007751937984494,0.5555555555555556,0.3798449612403101
2005-04-29,1156.8499755859375,-0.09851398538204004,77.77777777777779,22.22222222222222,68.9922480620155,31.007751937984494,0.5555555555555556,0.3798449612403101
2005-05-02,1162.1600341796875,-0.09437607324123465,77.77777777777779,22.22222222222222,68.73385012919897,31.266149870801037,0.5555555555555556,0.37467700258397935
2005-05-03,1161.1700439453125,-0.09514753226334804,77.77777777777779,22.22222222222222,68.47545219638242,31.52454780361757,0.5555555555555556,0.3695090439276486
2005-05-04,1175.6500244140625,-0.0838638739152483,77.77777777777779,22.22222222222222,68.47545219638242,31.52454780361757,0.5555555555555556,0.3695090439276486
2005-05-05,1172.6300048828125,-0.0862172519925708,78.0361757105943,21.963824289405682,68.47545219638242,31.52454780361757,0.5607235142118863,0.3695090439276486
2005-05-06,1171.3499755859375,-0.08721472662954743,78.0361757105943,21.963824289405682,68.47545219638242,31.52454780361757,0.5607235142118863,0.3695090439276486
2005-05-09,1178.8399658203125,-0.08137808264942004,78.29457364341084,21.705426356589147,68.47545219638242,31.52454780361757,0.5658914728682171,0.3695090439276486
2005-05-10,1166.219970703125,-0.09121233025523368,78.29457364341084,21.705426356589147,68.9922480620155,31.007751937984494,0.5658914728682171,0.3798449612403101
2005-05-11,1171.1099853515625,-0.08740174123342836,78.29457364341084,21.705426356589147,68.73385012919897,31.266149870801037,0.5658914728682171,0.37467700258397935
2005-05-12,1159.3599853515625,-0.09655803711906907,78.29457364341084,21.705426356589147,68.73385012919897,31.266149870801037,0.5658914728682171,0.37467700258397935
2005-05-13,1154.050048828125,-0.10069585413545745,78.0361757105943,21.963824289405682,68.73385012919897,31.266149870801037,0.5607235142118863,0.37467700258397935
2005-05-16,1165.68994140625,-0.09162536047397785,78.55297157622739,21.44702842377261,68.73385012919897,31.266149870801037,0.5710594315245479,0.37467700258397935
2005-05-17,1173.800048828125,-0.08530548445533814,78.81136950904393,21.188630490956072,68.9922480620155,31.007751937984494,0.5762273901808785,0.3798449612403101
2005-05-18,1185.56005859375,-0.07614138836750095,79.06976744186046,20.930232558139537,69.25064599483204,30.749354005167955,0.5813953488372093,0.3850129198966408
2005-05-19,1191.0799560546875,-0.07183995735382087,79.06976744186046,20.930232558139537,69.25064599483204,30.749354005167955,0.5813953488372093,0.3850129198966408
2005-05-20,1189.280029296875,-0.0732425668829283,79.06976744186046,20.930232558139537,69.25064599483204,30.749354005167955,0.5813953488372093,0.3850129198966408
2005-05-23,1193.8599853515625,-0.0696735938803793,79.32816537467701,20.671834625322997,69.25064599483204,30.749354005167955,0.58656330749354,0.3850129198966408
2005-05-24,1194.0699462890625,-0.06950997988308771,79.32816537467701,20.671834625322997,68.73385012919897,31.266149870801037,0.58656330749354,0.37467700258397935
2005-05-25,1190.010009765625,-0.0726737228690888,79.32816537467701,20.671834625322997,68.73385012919897,31.266149870801037,0.58656330749354,0.37467700258397935
2005-05-26,1197.6199951171875,-0.06674357158702093,79.58656330749353,20.41343669250646,68.73385012919897,31.266149870801037,0.5917312661498708,0.37467700258397935
2005-05-27,1198.780029296875,-0.06583960425198476,79.58656330749353,20.41343669250646,68.73385012919897,31.266149870801037,0.5917312661498708,0.37467700258397935
2005-05-31,1191.5,-0.07151263423482057,79.58656330749353,20.41343669250646,68.73385012919897,31.266149870801037,0.5917312661498708,0.37467700258397935
2005-06-01,1202.219970703125,-0.0631589981800792,79.58656330749353,20.41343669250646,68.47545219638242,31.52454780361757,0.5917312661498708,0.3695090439276486
2005-06-02,1204.2900390625,-0.06154587831608416,79.58656330749353,20.41343669250646,68.21705426356588,31.782945736434108,0.5917312661498708,0.3643410852713178
2005-06-03,1196.02001953125,-0.06799036732103336,79.84496124031007,20.155038759689923,68.21705426356588,31.782945736434108,0.5968992248062015,0.3643410852713178
2005-06-06,1197.510009765625,-0.06682927868676503,79.84496124031007,20.155038759689923,68.47545219638242,31.52454780361757,0.5968992248062015,0.3695090439276486
2005-06-07,1197.260009765625,-0.06702409349284255,79.58656330749353,20.41343669250646,68.47545219638242,31.52454780361757,0.5917312661498708,0.3695090439276486
2005-06-08,1194.6700439453125,-0.06904234824896827,79.58656330749353,20.41343669250646,68.47545219638242,31.52454780361757,0.5917312661498708,0.3695090439276486
2005-06-09,1200.9300537109375,-0.0641641778948353,79.63917525773195,20.36082474226804,68.55670103092784,31.443298969072163,0.5927835051546392,0.3711340206185567
2005-06-10,1198.1099853515625,-0.0663617421770627,79.63917525773195,20.36082474226804,68.29896907216495,31.70103092783505,0.5927835051546392,0.36597938144329895
2005-06-13,1200.8199462890625,-0.06424998011899652,79.63917525773195,20.36082474226804,68.29896907216495,31.70103092783505,0.5927835051546392,0.36597938144329895
2005-06-14,1203.9100341796875,-0.061842000626298965,79.63917525773195,20.36082474226804,68.55670103092784,31.443298969072163,0.5927835051546392,0.3711340206185567
2005-06-15,1206.5799560546875,-0.05976143937701861,79.89690721649485,20.103092783505154,68.81443298969072,31.185567010309278,0.5979381443298969,0.37628865979381443
2005-06-16,1210.9599609375,-0.056348280169564835,80.15463917525774,19.84536082474227,69.0721649484536,30.927835051546392,0.6030927835051546,0.38144329896907214
2005-06-17,1216.9599609375,-0.05167272482370577,80.15463917525774,19.84536082474227,69.0721649484536,30.927835051546392,0.6030927835051546,0.38144329896907214
2005-06-20,1216.0999755859375,-0.05234287634168222,80.15463917525774,19.84536082474227,68.81443298969072,31.185567010309278,0.6030927835051546,0.37628865979381443
2005-06-21,1213.6099853515625,-0.05428322420026044,80.41237113402062,19.587628865979383,69.0721649484536,30.927835051546392,0.6082474226804123,0.38144329896907214
2005-06-22,1213.8800048828125,-0.054072808989790055,80.41237113402062,19.587628865979383,69.3298969072165,30.670103092783506,0.6082474226804123,0.3865979381443299
2005-06-23,1200.72998046875,-0.06432008681434787,80.41237113402062,19.587628865979383,68.81443298969072,31.185567010309278,0.6082474226804123,0.37628865979381443
2005-06-24,1191.5699462890625,-0.07145812794386286,79.89690721649485,20.103092783505154,68.55670103092784,31.443298969072163,0.5979381443298969,0.3711340206185567
2005-06-27,1190.68994140625,-0.07214387986623216,79.38144329896907,20.618556701030926,68.55670103092784,31.443298969072163,0.5876288659793815,0.3711340206185567
2005-06-28,1201.5699462890625,-0.06366553570076439,79.38144329896907,20.618556701030926,68.55670103092784,31.443298969072163,0.5876288659793815,0.3711340206185567
2005-06-29,1199.8499755859375,-0.06500583873671717,79.89690721649485,20.103092783505154,68.81443298969072,31.185567010309278,0.5979381443298969,0.37628865979381443
2005-06-30,1191.3299560546875,-0.0716451425477439,79.63917525773195,20.36082474226804,68.81443298969072,31.185567010309278,0.5927835051546392,0.37628865979381443
2005-07-01,1194.43994140625,-0.06922165777507028,79.63917525773195,20.36082474226804,68.81443298969072,31.185567010309278,0.5927835051546392,0.37628865979381443
2005-07-05,1204.989990234375,-0.061000434908834666,80.15463917525774,19.84536082474227,68.81443298969072,31.185567010309278,0.6030927835051546,0.37628865979381443
2005-07-06,1194.93994140625,-0.06883202816291534,80.41237113402062,19.587628865979383,69.3298969072165,30.670103092783506,0.6082474226804123,0.3865979381443299
2005-07-07,1197.8699951171875,-0.06654875678094407,80.6701030927835,19.329896907216497,69.58762886597938,30.412371134020617,0.6134020618556701,0.3917525773195876
2005-07-08,1211.8599853515625,-0.055646927842802674,81.18556701030928,18.814432989690722,69.3298969072165,30.670103092783506,0.6237113402061856,0.3865979381443299
2005-07-11,1219.43994140625,-0.04974017716732426,81.70103092783505,18.298969072164947,69.3298969072165,30.670103092783506,0.634020618556701,0.3865979381443299
2005-07-12,1222.2099609375,-0.04758161389607918,82.26221079691517,17.737789203084834,68.81443298969072,31.185567010309278,0.6452442159383034,0.37628865979381443
2005-07-13,1223.2900390625,-0.04673995305419765,82.51928020565553,17.480719794344473,68.63753213367609,31.362467866323907,0.6503856041131105,0.37275064267352187
2005-07-14,1226.5,-0.044238561383976416,82.56410256410255,17.435897435897434,68.63753213367609,31.362467866323907,0.6512820512820513,0.37275064267352187
2005-07-15,1227.9200439453125,-0.043131979040666235,82.82051282051283,17.17948717948718,69.1516709511568,30.848329048843187,0.6564102564102564,0.38303341902313626
2005-07-18,1221.1300048828125,-0.04842317961354359,82.82051282051283,17.17948717948718,68.89460154241645,31.10539845758355,0.6564102564102564,0.37789203084832906
2005-07-19,1229.3499755859375,-0.04201769161957669,82.82051282051283,17.17948717948718,69.1516709511568,30.848329048843187,0.6564102564102564,0.38303341902313626
2005-07-20,1235.199951171875,-0.037459044182247436,83.58974358974359,16.41025641025641,69.66580976863753,30.334190231362467,0.6717948717948717,0.39331619537275064
2005-07-21,1227.0400390625,-0.04381773096303543,83.33333333333334,16.666666666666664,69.1516709511568,30.848329048843187,0.6666666666666666,0.38303341902313626
2005-07-22,1233.6800537109375,-0.03864343829868799,83.33333333333334,16.666666666666664,68.89460154241645,31.10539845758355,0.6666666666666666,0.37789203084832906
2005-07-25,1229.030029296875,-0.04226701271661215,83.33333333333334,16.666666666666664,69.1516709511568,30.848329048843187,0.6666666666666666,0.38303341902313626
2005-07-26,1231.1600341796875,-0.04060718676385566,83.33333333333334,16.666666666666664,69.1516709511568,30.848329048843187,0.6666666666666666,0.38303341902313626
2005-07-27,1236.7900390625,-0.03621995352601459,83.33333333333334,16.666666666666664,69.66580976863753,30.334190231362467,0.6666666666666666,0.39331619537275064
2005-07-28,1243.719970703125,-0.030819740371220816,83.84615384615385,16.153846153846153,69.66580976863753,30.334190231362467,0.676923076923077,0.39331619537275064
2005-07-29,1234.1800537109375,-0.038253808686533164,83.84615384615385,16.153846153846153,70.17994858611826,29.82005141388175,0.676923076923077,0.40359897172236503
2005-08-01,1235.3499755859375,-0.03734213627371752,83.84615384615385,16.153846153846153,70.51282051282051,29.48717948717949,0.676923076923077,0.41025641025641024
2005-08-02,1244.1199951171875,-0.030508017656613484,84.1025641025641,15.897435897435896,70.76923076923077,29.230769230769234,0.6820512820512821,0.4153846153846154
2005-08-03,1245.0400390625,-0.029791064925458244,84.35897435897436,15.64102564102564,70.76923076923077,29.230769230769234,0.6871794871794872,0.4153846153846154
2005-08-04,1235.8599853515625,-0.036944706459366095,84.35897435897436,15.64102564102564,70.76923076923077,29.230769230769234,0.6871794871794872,0.4153846153846154
2005-08-05,1226.4200439453125,-0.044300867877130834,84.1025641025641,15.897435897435896,70.76923076923077,29.230769230769234,0.6820512820512821,0.4153846153846154
2005-08-08,1223.1300048828125,-0.046864661164923715,84.1025641025641,15.897435897435896,70.51282051282051,29.48717948717949,0.6820512820512821,0.41025641025641024
2005-08-09,1231.3800048828125,-0.04043577256436759,84.1025641025641,15.897435897435896,70.51282051282051,29.48717948717949,0.6820512820512821,0.41025641025641024
2005-08-10,1229.1300048828125,-0.042189105819064654,84.1025641025641,15.897435897435896,70.25641025641025,29.743589743589745,0.6820512820512821,0.40512820512820513
2005-08-11,1237.81005859375,-0.03542509389731163,84.1025641025641,15.897435897435896,70.51282051282051,29.48717948717949,0.6820512820512821,0.41025641025641024
2005-08-12,1230.3900146484375,-0.041207231586480875,84.1025641025641,15.897435897435896,70.25641025641025,29.743589743589745,0.6820512820512821,0.40512820512820513
2005-08-15,1233.8699951171875,-0.03849542470578926,84.1025641025641,15.897435897435896,70.51282051282051,29.48717948717949,0.6820512820512821,0.41025641025641024
2005-08-16,1219.3399658203125,-0.049818084064871315,84.1025641025641,15.897435897435896,70.51282051282051,29.48717948717949,0.6820512820512821,0.41025641025641024
2005-08-17,1220.239990234375,-0.04911673173810904,84.1025641025641,15.897435897435896,70.51282051282051,29.48717948717949,0.6820512820512821,0.41025641025641024
2005-08-18,1219.02001953125,-0.050067405161907,84.1025641025641,15.897435897435896,70.51282051282051,29.48717948717949,0.6820512820512821,0.41025641025641024
2005-08-19,1219.7099609375,-0.049529761956853435,84.1025641025641,15.897435897435896,70.51282051282051,29.48717948717949,0.6820512820512821,0.41025641025641024
2005-08-22,1221.72998046875,-0.04795564310384093,84.1025641025641,15.897435897435896,70.25641025641025,29.743589743589745,0.6820512820512821,0.40512820512820513
2005-08-23,1217.5899658203125,-0.05118178770741377,84.1025641025641,15.897435897435896,70.25641025641025,29.743589743589745,0.6820512820512821,0.40512820512820513
2005-08-24,1209.5899658203125,-0.057415861501892484,84.1025641025641,15.897435897435896,70.51282051282051,29.48717948717949,0.6820512820512821,0.41025641025641024
2005-08-25,1212.3699951171875,-0.05524949802845114,84.35897435897436,15.64102564102564,70.25641025641025,29.743589743589745,0.6871794871794872,0.40512820512820513
2005-08-26,1205.0999755859375,-0.06091472780909046,84.35897435897436,15.64102564102564,70.25641025641025,29.743589743589745,0.6871794871794872,0.40512820512820513
2005-08-29,1212.280029296875,-0.05531960472380226,84.35897435897436,15.64102564102564,70.25641025641025,29.743589743589745,0.6871794871794872,0.40512820512820513
2005-08-30,1208.4100341796875,-0.058335334116904725,84.35897435897436,15.64102564102564,70.0,30.0,0.6871794871794872,0.4
2005-08-31,1220.3299560546875,-0.04904662504275814,84.35897435897436,15.64102564102564,69.48717948717949,30.512820512820515,0.6871794871794872,0.38974358974358975
2005-09-01,1221.5899658203125,-0.04806475081017425,84.1025641025641,15.897435897435896,68.71794871794872,31.28205128205128,0.6820512820512821,0.37435897435897436
2005-09-02,1218.02001953125,-0.05084666438621699,84.1025641025641,15.897435897435896,68.97435897435898,31.025641025641026,0.6820512820512821,0.37948717948717947
2005-09-06,1233.3900146484375,-0.038869453913551344,84.1025641025641,15.897435897435896,68.46153846153847,31.538461538461537,0.6820512820512821,0.36923076923076925
2005-09-07,1236.3599853515625,-0.036555076847211154,84.1025641025641,15.897435897435896,68.46153846153847,31.538461538461537,0.6820512820512821,0.36923076923076925
2005-09-08,1231.6700439453125,-0.04020975694950424,84.1025641025641,15.897435897435896,68.2051282051282,31.794871794871792,0.6820512820512821,0.3641025641025641
2005-09-09,1241.47998046875,-0.03256527342372162,83.84615384615385,16.153846153846153,67.6923076923077,32.30769230769231,0.676923076923077,0.35384615384615387
2005-09-12,1240.56005859375,-0.03328213103045985,83.84615384615385,16.153846153846153,67.43589743589745,32.56410256410256,0.676923076923077,0.3487179487179487
2005-09-13,1231.199951171875,-0.04057608107948696,83.84615384615385,16.153846153846153,66.66666666666666,33.33333333333333,0.676923076923077,0.3333333333333333
2005-09-14,1227.1600341796875,-0.043724223661095185,84.1025641025641,15.897435897435896,66.41025641025641,33.589743589743584,0.6820512820512821,0.3282051282051282
2005-09-15,1227.72998046875,-0.04328008775798198,84.61538461538461,15.384615384615385,66.66666666666666,33.33333333333333,0.6923076923076923,0.3333333333333333
2005-09-16,1237.9100341796875,-0.035347186999764135,84.61538461538461,15.384615384615385,66.92307692307692,33.07692307692307,0.6923076923076923,0.3384615384615385
2005-09-19,1231.02001953125,-0.040716294470189096,84.35897435897436,15.64102564102564,66.41025641025641,33.589743589743584,0.6871794871794872,0.3282051282051282
2005-09-20,1221.3399658203125,-0.04825956561625189,84.1025641025641,15.897435897435896,65.8974358974359,34.1025641025641,0.6820512820512821,0.31794871794871793
2005-09-21,1210.199951171875,-0.05694052478999356,83.33333333333334,16.666666666666664,65.72890025575447,34.271099744245525,0.6666666666666666,0.3145780051150895
2005-09-22,1214.6199951171875,-0.05349616477375396,83.07692307692308,16.923076923076923,65.47314578005115,34.52685421994885,0.6615384615384615,0.309462915601023
2005-09-23,1215.2900390625,-0.05297402684867625,83.12020460358056,16.879795396419436,65.72890025575447,34.271099744245525,0.6624040920716112,0.3145780051150895
2005-09-26,1215.6300048828125,-0.0527091053472476,83.12020460358056,16.879795396419436,65.21739130434783,34.78260869565217,0.6624040920716112,0.30434782608695654
2005-09-27,1215.6600341796875,-0.05268570474065826,83.12020460358056,16.879795396419436,65.47314578005115,34.52685421994885,0.6624040920716112,0.309462915601023
2005-09-28,1216.8900146484375,-0.05172723111466393,82.86445012787725,17.135549872122763,65.21739130434783,34.78260869565217,0.6572890025575447,0.30434782608695654
2005-09-29,1227.6800537109375,-0.043318993644547166,82.86445012787725,17.135549872122763,64.9616368286445,35.0383631713555,0.6572890025575447,0.29923273657289
2005-09-30,1228.81005859375,-0.042438426916100225,82.86445012787725,17.135549872122763,65.47314578005115,34.52685421994885,0.6572890025575447,0.309462915601023
2005-10-03,1226.699951171875,-0.04408274758888109,83.12020460358056,16.879795396419436,65.47314578005115,34.52685421994885,0.6624040920716112,0.309462915601023
2005-10-04,1214.469970703125,-0.05361307268228366,82.86445012787725,17.135549872122763,65.72890025575447,34.271099744245525,0.6572890025575447,0.3145780051150895
2005-10-05,1196.3900146484375,-0.0677020452130156,81.58567774936061,18.414322250639387,65.98465473145781,34.015345268542205,0.6317135549872123,0.319693094629156
2005-10-06,1191.489990234375,-0.07152043443701728,80.81841432225065,19.18158567774936,65.72890025575447,34.271099744245525,0.6163682864450127,0.3145780051150895
2005-10-07,1195.9000244140625,-0.06808387462297416,80.81841432225065,19.18158567774936,65.72890025575447,34.271099744245525,0.6163682864450127,0.3145780051150895
2005-10-10,1187.3299560546875,-0.07476217944498309,80.81841432225065,19.18158567774936,65.72890025575447,34.271099744245525,0.6163682864450127,0.3145780051150895
2005-10-11,1184.8699951171875,-0.07667912669697186,80.05115089514067,19.948849104859335,65.47314578005115,34.52685421994885,0.6010230179028133,0.309462915601023
2005-10-12,1177.6800537109375,-0.08228195486003953,80.05115089514067,19.948849104859335,65.72890025575447,34.271099744245525,0.6010230179028133,0.3145780051150895
2005-10-13,1176.8399658203125,-0.08293660109804002,79.53964194373401,20.460358056265985,65.72890025575447,34.271099744245525,0.5907928388746803,0.3145780051150895
2005-10-14,1186.5699462890625,-0.07535442406541193,79.53964194373401,20.460358056265985,65.47314578005115,34.52685421994885,0.5907928388746803,0.309462915601023
2005-10-17,1190.0999755859375,-0.072603616173738,79.53964194373401,20.460358056265985,65.72890025575447,34.271099744245525,0.5907928388746803,0.3145780051150895
2005-10-18,1178.1400146484375,-0.0819235260566703,79.28388746803068,20.716112531969312,66.24040920716112,33.75959079283887,0.5856777493606138,0.3248081841432225
2005-10-19,1195.760009765625,-0.06819298232930748,79.28388746803068,20.716112531969312,65.72890025575447,34.271099744245525,0.5856777493606138,0.3145780051150895
2005-10-20,1177.800048828125,-0.08218844755809884,78.00511508951406,21.994884910485936,65.98465473145781,34.015345268542205,0.5601023017902813,0.319693094629156
2005-10-21,1179.5899658203125,-0.08079363823118779,77.74936061381074,22.25063938618926,65.98465473145781,34.015345268542205,0.5549872122762148,0.319693094629156
2005-10-24,1199.3800048828125,-0.06537206774228244,77.74936061381074,22.25063938618926,65.98465473145781,34.015345268542205,0.5549872122762148,0.319693094629156
2005-10-25,1196.5400390625,-0.06758513730448568,77.23785166240408,22.762148337595907,66.24040920716112,33.75959079283887,0.5447570332480819,0.3248081841432225
2005-10-26,1191.3800048828125,-0.07160614153676126,76.98209718670077,23.017902813299234,66.49616368286445,33.50383631713555,0.5396419437340153,0.329923273657289
2005-10-27,1178.9000244140625,-0.08133128143624135,76.21483375959079,23.785166240409207,66.49616368286445,33.50383631713555,0.5242966751918159,0.329923273657289
2005-10-28,1198.4100341796875,-0.06612792636000298,76.21483375959079,23.785166240409207,66.24040920716112,33.75959079283887,0.5242966751918159,0.3248081841432225
2005-10-31,1207.010009765625,-0.059426316055821715,76.21483375959079,23.785166240409207,66.24040920716112,33.75959079283887,0.5242966751918159,0.3248081841432225
2005-11-01,1202.760009765625,-0.06273816775913854,76.21483375959079,23.785166240409207,66.49616368286445,33.50383631713555,0.5242966751918159,0.329923273657289
2005-11-02,1214.760009765625,-0.05338705706742042,76.53061224489795,23.46938775510204,66.75191815856778,33.248081841432224,0.5306122448979592,0.3350383631713555
2005-11-03,1219.93994140625,-0.0493505475551691,76.53061224489795,23.46938775510204,66.75191815856778,33.248081841432224,0.5306122448979592,0.3350383631713555
2005-11-04,1220.1400146484375,-0.04919463863565687,76.53061224489795,23.46938775510204,66.75191815856778,33.248081841432224,0.5306122448979592,0.3350383631713555
2005-11-07,1222.81005859375,-0.04711398226195951,76.53061224489795,23.46938775510204,66.83673469387756,33.16326530612245,0.5306122448979592,0.336734693877551
2005-11-08,1218.5899658203125,-0.050402528483104,76.53061224489795,23.46938775510204,66.3265306122449,33.6734693877551,0.5306122448979592,0.32653061224489793
2005-11-09,1220.6500244140625,-0.04879720882130556,76.78571428571429,23.214285714285715,66.58163265306123,33.41836734693878,0.5357142857142857,0.33163265306122447
2005-11-10,1230.9599609375,-0.040763095683368,77.04081632653062,22.95918367346939,66.3265306122449,33.6734693877551,0.5408163265306123,0.32653061224489793
2005-11-11,1234.719970703125,-0.03783307339000952,77.29591836734694,22.70408163265306,65.81632653061224,34.183673469387756,0.5459183673469388,0.3163265306122449
2005-11-14,1233.760009765625,-0.038581131805533464,77.04081632653062,22.95918367346939,65.3061224489796,34.69387755102041,0.5408163265306123,0.30612244897959184
2005-11-15,1229.010009765625,-0.04228261312100534,77.04081632653062,22.95918367346939,65.05102040816327,34.94897959183674,0.5408163265306123,0.3010204081632653
2005-11-16,1231.2099609375,-0.040568280877290475,77.55102040816327,22.448979591836736,65.3061224489796,34.69387755102041,0.5510204081632653,0.30612244897959184
2005-11-17,1242.800048828125,-0.03153659797795905,77.8061224489796,22.193877551020407,65.3061224489796,34.69387755102041,0.5561224489795918,0.30612244897959184
2005-11-18,1248.27001953125,-0.027274072850844266,78.06122448979592,21.93877551020408,65.3061224489796,34.69387755102041,0.5612244897959183,0.30612244897959184
2005-11-21,1254.8499755859375,-0.022146581399675624,78.31632653061224,21.683673469387756,65.3061224489796,34.69387755102041,0.5663265306122449,0.30612244897959184
2005-11-22,1261.22998046875,-0.017174903743602088,78.06122448979592,21.93877551020408,64.54081632653062,35.45918367346938,0.5612244897959183,0.29081632653061223
2005-11-23,1265.6099853515625,-0.013761744536148313,78.31632653061224,21.683673469387756,64.54081632653062,35.45918367346938,0.5663265306122449,0.29081632653061223
2005-11-25,1268.25,-0.011704488769040178,78.31632653061224,21.683673469387756,64.54081632653062,35.45918367346938,0.5663265306122449,0.29081632653061223
2005-11-28,1257.4599609375,-0.02011272623915683,78.31632653061224,21.683673469387756,64.54081632653062,35.45918367346938,0.5663265306122449,0.29081632653061223
2005-11-29,1257.47998046875,-0.020097125834763974,78.31632653061224,21.683673469387756,64.54081632653062,35.45918367346938,0.5663265306122449,0.29081632653061223
2005-11-30,1249.47998046875,-0.026331199629242796,78.31632653061224,21.683673469387756,64.79591836734694,35.204081632653065,0.5663265306122449,0.29591836734693877
2005-12-01,1264.6700439453125,-0.014494202547279289,78.31632653061224,21.683673469387756,64.54081632653062,35.45918367346938,0.5663265306122449,0.29081632653061223
2005-12-02,1265.0799560546875,-0.014174774754892483,78.57142857142857,21.428571428571427,64.79591836734694,35.204081632653065,0.5714285714285714,0.29591836734693877
2005-12-05,1262.0899658203125,-0.01650475222562553,78.57142857142857,21.428571428571427,64.54081632653062,35.45918367346938,0.5714285714285714,0.29081632653061223
2005-12-06,1263.699951171875,-0.015250156289416616,78.8265306122449,21.1734693877551,64.54081632653062,35.45918367346938,0.576530612244898,0.29081632653061223
2005-12-07,1257.3699951171875,-0.020182832934507844,78.8265306122449,21.1734693877551,64.79591836734694,35.204081632653065,0.576530612244898,0.29591836734693877
2005-12-08,1255.8399658203125,-0.021375122377562006,78.8265306122449,21.1734693877551,65.05102040816327,34.94897959183674,0.576530612244898,0.3010204081632653
2005-12-09,1259.3699951171875,-0.018624314485888305,78.8265306122449,21.1734693877551,65.05102040816327,34.94897959183674,0.576530612244898,0.3010204081632653
2005-12-12,1260.4300537109375,-0.01779825404839963,79.08163265306123,20.918367346938776,64.79591836734694,35.204081632653065,0.5816326530612245,0.29591836734693877
2005-12-13,1267.4300537109375,-0.012343439478230689,79.33673469387756,20.66326530612245,64.79591836734694,35.204081632653065,0.5867346938775511,0.29591836734693877
2005-12-14,1272.739990234375,-0.008205622461842199,79.33673469387756,20.66326530612245,65.05102040816327,34.94897959183674,0.5867346938775511,0.3010204081632653
2005-12-15,1270.93994140625,-0.009608327115366633,79.33673469387756,20.66326530612245,64.79591836734694,35.204081632653065,0.5867346938775511,0.29591836734693877
2005-12-16,1267.3199462890625,-0.01242924170239168,79.59183673469387,20.408163265306122,64.79591836734694,35.204081632653065,0.5918367346938775,0.29591836734693877
2005-12-19,1259.9200439453125,-0.018195683862750833,79.59183673469387,20.408163265306122,64.28571428571429,35.714285714285715,0.5918367346938775,0.2857142857142857
2005-12-20,1259.6199951171875,-0.018429499679810668,79.59183673469387,20.408163265306122,64.54081632653062,35.45918367346938,0.5918367346938775,0.29081632653061223
2005-12-21,1262.7900390625,-0.015959213693958363,79.8469387755102,20.153061224489797,64.54081632653062,35.45918367346938,0.5969387755102041,0.29081632653061223
2005-12-22,1268.1199951171875,-0.011805796273177016,79.8469387755102,20.153061224489797,64.54081632653062,35.45918367346938,0.5969387755102041,0.29081632653061223
2005-12-23,1268.6600341796875,-0.011384965852236362,80.10204081632652,19.897959183673468,64.79591836734694,35.204081632653065,0.6020408163265306,0.29591836734693877
2005-12-27,1256.5400390625,-0.02082958384589495,79.8469387755102,20.153061224489797,65.3061224489796,34.69387755102041,0.5969387755102041,0.30612244897959184
2005-12-28,1258.1700439453125,-0.01955938750529307,79.8469387755102,20.153061224489797,65.3061224489796,34.69387755102041,0.5969387755102041,0.30612244897959184
2005-12-29,1254.4200439453125,-0.022481609596454954,79.8469387755102,20.153061224489797,65.3061224489796,34.69387755102041,0.5969387755102041,0.30612244897959184
2005-12-30,1248.2900390625,-0.027258472446451076,79.8469387755102,20.153061224489797,65.3061224489796,34.69387755102041,0.5969387755102041,0.30612244897959184
2006-01-03,1268.800048828125,-0.011275858145902817,79.8469387755102,20.153061224489797,65.3061224489796,34.69387755102041,0.5969387755102041,0.30612244897959184
2006-01-04,1273.4599609375,-0.007644578650199296,79.8469387755102,20.153061224489797,65.3061224489796,34.69387755102041,0.5969387755102041,0.30612244897959184
2006-01-05,1273.47998046875,-0.007628978245806217,79.8469387755102,20.153061224489797,65.05102040816327,34.94897959183674,0.5969387755102041,0.3010204081632653
2006-01-06,1285.449951171875,0.0016987318393224538,79.8469387755102,20.153061224489797,64.79591836734694,35.204081632653065,0.5969387755102041,0.29591836734693877
2006-01-09,1290.1500244140625,0.005361307268229032,80.10204081632652,19.897959183673468,64.79591836734694,35.204081632653065,0.6020408163265306,0.29591836734693877
2006-01-10,1289.68994140625,0.005002783340442907,80.35714285714286,19.642857142857142,64.54081632653062,35.45918367346938,0.6071428571428571,0.29081632653061223
2006-01-11,1294.1800537109375,0.008501744772057673,80.35714285714286,19.642857142857142,64.03061224489795,35.96938775510204,0.6071428571428571,0.28061224489795916
2006-01-12,1286.06005859375,0.0021741636756384963,80.35714285714286,19.642857142857142,64.03061224489795,35.96938775510204,0.6071428571428571,0.28061224489795916
2006-01-13,1287.6099853515625,0.0033819583986685053,80.35714285714286,19.642857142857142,64.03061224489795,35.96938775510204,0.6071428571428571,0.28061224489795916
2006-01-17,1282.9300537109375,-0.00026492150142798376,80.35714285714286,19.642857142857142,64.03061224489795,35.96938775510204,0.6071428571428571,0.28061224489795916
2006-01-18,1277.9300537109375,-0.004161217622977276,80.61224489795919,19.387755102040817,64.03061224489795,35.96938775510204,0.6122448979591837,0.28061224489795916
2006-01-19,1285.0400390625,0.0013793040469358697,80.86734693877551,19.132653061224488,63.52040816326531,36.47959183673469,0.6173469387755102,0.27040816326530615
2006-01-20,1261.489990234375,-0.016972288735327856,80.86734693877551,19.132653061224488,63.52040816326531,36.47959183673469,0.6173469387755102,0.27040816326530615
2006-01-23,1263.8199462890625,-0.01515664898747593,80.61224489795919,19.387755102040817,63.52040816326531,36.47959183673469,0.6122448979591837,0.27040816326530615
2006-01-24,1266.8599853515625,-0.012787670505760684,80.20304568527918,19.796954314720814,63.775510204081634,36.224489795918366,0.6040609137055838,0.2755102040816326
2006-01-25,1264.6800537109375,-0.014486402345082583,80.20304568527918,19.796954314720814,63.775510204081634,36.224489795918366,0.6040609137055838,0.2755102040816326
2006-01-26,1273.8299560546875,-0.007356256542181194,80.20304568527918,19.796954314720814,64.28571428571429,35.714285714285715,0.6040609137055838,0.2857142857142857
2006-01-27,1283.719970703125,0.00035062860117340833,79.94923857868021,20.050761421319795,64.28571428571429,35.714285714285715,0.5989847715736041,0.2857142857142857
2006-01-30,1285.18994140625,0.0014961168310487771,79.94923857868021,20.050761421319795,64.28571428571429,35.714285714285715,0.5989847715736041,0.2857142857142857
2006-01-31,1280.0799560546875,-0.002485886390244607,80.25316455696202,19.746835443037973,64.28571428571429,35.714285714285715,0.6050632911392405,0.2857142857142857
2006-02-01,1282.4599609375,-0.000631245631410482,80.50632911392405,19.49367088607595,64.28571428571429,35.714285714285715,0.610126582278481,0.2857142857142857
2006-02-02,1270.8399658203125,-0.009686234012914241,80.75949367088607,19.240506329113924,64.8854961832061,35.11450381679389,0.6151898734177215,0.29770992366412213
2006-02-03,1264.030029296875,-0.01499293986576744,80.50632911392405,19.49367088607595,65.13994910941476,34.86005089058524,0.610126582278481,0.30279898218829515
2006-02-06,1265.02001953125,-0.014221480843654044,80.50632911392405,19.49367088607595,65.39440203562341,34.605597964376585,0.610126582278481,0.30788804071246817
2006-02-07,1254.780029296875,-0.02220108769063356,80.25316455696202,19.746835443037973,65.39440203562341,34.605597964376585,0.6050632911392405,0.30788804071246817
2006-02-08,1265.6500244140625,-0.013730543727362154,80.25316455696202,19.746835443037973,65.64885496183206,34.35114503816794,0.6050632911392405,0.31297709923664124
2006-02-09,1263.780029296875,-0.015187754671844855,80.25316455696202,19.746835443037973,65.64885496183206,34.35114503816794,0.6050632911392405,0.31297709923664124
2006-02-10,1266.989990234375,-0.012686363001623624,80.25316455696202,19.746835443037973,65.64885496183206,34.35114503816794,0.6050632911392405,0.31297709923664124
2006-02-13,1262.8599853515625,-0.015904707403000096,80.25316455696202,19.746835443037973,65.9033078880407,34.096692111959285,0.6050632911392405,0.31806615776081426
2006-02-14,1275.530029296875,-0.006031458786204147,80.25316455696202,19.746835443037973,65.9033078880407,34.096692111959285,0.6050632911392405,0.31806615776081426
2006-02-15,1280.0,-0.0025481928833992473,80.25316455696202,19.746835443037973,65.98984771573603,34.01015228426396,0.6050632911392405,0.3197969543147208
2006-02-16,1289.3800048828125,0.004761262445603709,80.25316455696202,19.746835443037973,66.49746192893402,33.50253807106599,0.6050632911392405,0.3299492385786802
2006-02-17,1287.239990234375,0.0030936362906506254,80.75949367088607,19.240506329113924,66.49746192893402,33.50253807106599,0.6151898734177215,0.3299492385786802
2006-02-21,1283.030029296875,-0.0001870146038803755,80.75949367088607,19.240506329113924,66.58227848101265,33.41772151898734,0.6151898734177215,0.33164556962025316
2006-02-22,1292.6700439453125,0.0073250557333965904,81.0126582278481,18.9873417721519,66.07594936708861,33.92405063291139,0.620253164556962,0.32151898734177214
2006-02-23,1287.7900390625,0.003522266913787764,81.0126582278481,18.9873417721519,66.07594936708861,33.92405063291139,0.620253164556962,0.32151898734177214
2006-02-24,1289.4300537109375,0.004800263456585796,81.0126582278481,18.9873417721519,66.58227848101265,33.41772151898734,0.620253164556962,0.33164556962025316
2006-02-27,1294.1199951171875,0.00845494355887877,81.26582278481013,18.734177215189874,66.83544303797468,33.164556962025316,0.6253164556962025,0.3367088607594937
2006-02-28,1280.6600341796875,-0.0020338551605182387,81.51898734177216,18.48101265822785,66.83544303797468,33.164556962025316,0.6303797468354431,0.3367088607594937
2006-03-01,1291.239990234375,0.006210673187889704,81.51898734177216,18.48101265822785,66.58227848101265,33.41772151898734,0.6303797468354431,0.33164556962025316
2006-03-02,1289.1400146484375,0.004574247841722334,81.51898734177216,18.48101265822785,66.58227848101265,33.41772151898734,0.6303797468354431,0.33164556962025316
2006-03-03,1287.22998046875,0.0030858360884538083,81.51898734177216,18.48101265822785,66.58227848101265,33.41772151898734,0.6303797468354431,0.33164556962025316
2006-03-06,1278.260009765625,-0.003904096323745443,81.77215189873418,18.227848101265824,66.32911392405063,33.67088607594937,0.6354430379746835,0.3265822784810127
2006-03-07,1275.8800048828125,-0.005758737082579568,81.77215189873418,18.227848101265824,66.07594936708861,33.92405063291139,0.6354430379746835,0.32151898734177214
2006-03-08,1278.469970703125,-0.0037404823264537423,81.77215189873418,18.227848101265824,65.82278481012658,34.177215189873415,0.6354430379746835,0.31645569620253167
2006-03-09,1272.22998046875,-0.008603052276193845,81.77215189873418,18.227848101265824,65.82278481012658,34.177215189873415,0.6354430379746835,0.31645569620253167
2006-03-10,1281.4200439453125,-0.0014416105400893997,81.77215189873418,18.227848101265824,66.07594936708861,33.92405063291139,0.6354430379746835,0.32151898734177214
2006-03-13,1284.1300048828125,0.0006701515179767803,82.02531645569621,17.974683544303797,66.07594936708861,33.92405063291139,0.640506329113924,0.32151898734177214
2006-03-14,1297.47998046875,0.011073243137629696,82.27848101265823,17.72151898734177,66.07594936708861,33.92405063291139,0.6455696202531646,0.32151898734177214
2006-03-15,1303.02001953125,0.015390369680119864,82.32323232323232,17.67676767676768,66.07594936708861,33.92405063291139,0.6464646464646465,0.32151898734177214
2006-03-16,1305.3299560546875,0.017190409023578823,82.57575757575758,17.424242424242426,66.16161616161617,33.83838383838384,0.6515151515151515,0.32323232323232326
2006-03-17,1307.25,0.018686620979043944,82.82828282828282,17.17171717171717,65.9090909090909,34.090909090909086,0.6565656565656566,0.3181818181818182
2006-03-20,1305.0799560546875,0.016995594217501298,83.08080808080808,16.91919191919192,65.9090909090909,34.090909090909086,0.6616161616161617,0.3181818181818182
2006-03-21,1297.22998046875,0.010878428331552392,83.33333333333334,16.666666666666664,65.65656565656566,34.34343434343434,0.6666666666666666,0.31313131313131315
2006-03-22,1305.0400390625,0.016964488533132593,83.58585858585859,16.414141414141415,65.40404040404042,34.5959595959596,0.6717171717171717,0.30808080808080807
2006-03-23,1301.6700439453125,0.014338388752185072,83.83838383838383,16.161616161616163,65.40404040404042,34.5959595959596,0.6767676767676768,0.30808080808080807
2006-03-24,1302.949951171875,0.015335768264744809,83.83838383838383,16.161616161616163,65.15151515151516,34.84848484848485,0.6767676767676768,0.30303030303030304
2006-03-27,1301.6099853515625,0.01429158753900639,83.83838383838383,16.161616161616163,65.15151515151516,34.84848484848485,0.6767676767676768,0.30303030303030304
2006-03-28,1293.22998046875,0.007761391434313092,83.83838383838383,16.161616161616163,65.40404040404042,34.5959595959596,0.6767676767676768,0.30808080808080807
2006-03-29,1302.8900146484375,0.015289062175983137,84.0909090909091,15.909090909090908,65.65656565656566,34.34343434343434,0.6818181818181818,0.31313131313131315
2006-03-30,1300.25,0.013231806408875002,84.0909090909091,15.909090909090908,66.16161616161617,33.83838383838384,0.6818181818181818,0.32323232323232326
2006-03-31,1294.8699951171875,0.009039387977111346,84.0909090909091,15.909090909090908,66.16161616161617,33.83838383838384,0.6818181818181818,0.32323232323232326
2006-04-03,1297.81005859375,0.011330459561279094,84.0909090909091,15.909090909090908,66.16161616161617,33.83838383838384,0.6818181818181818,0.32323232323232326
2006-04-04,1305.9300537109375,0.017658040657698493,84.0909090909091,15.909090909090908,66.16161616161617,33.83838383838384,0.6818181818181818,0.32323232323232326
2006-04-05,1311.56005859375,0.022045273895539452,84.0909090909091,15.909090909090908,66.16161616161617,33.83838383838384,0.6818181818181818,0.32323232323232326
2006-04-06,1309.0400390625,0.020081525430371894,84.0909090909091,15.909090909090908,66.16161616161617,33.83838383838384,0.6818181818181818,0.32323232323232326
2006-04-07,1295.5,0.009530325093403125,84.0909090909091,15.909090909090908,66.41414141414141,33.58585858585859,0.6818181818181818,0.3282828282828283
2006-04-10,1296.6199951171875,0.010403091619653582,84.0909090909091,15.909090909090908,66.16161616161617,33.83838383838384,0.6818181818181818,0.32323232323232326
2006-04-11,1286.5699462890625,0.0025714983655726886,83.58585858585859,16.414141414141415,65.9090909090909,34.090909090909086,0.6717171717171717,0.3181818181818182
2006-04-12,1288.1199951171875,0.0037793882130197076,83.58585858585859,16.414141414141415,65.65656565656566,34.34343434343434,0.6717171717171717,0.31313131313131315
2006-04-13,1289.1199951171875,0.004558647437329588,83.08080808080808,16.91919191919192,65.65656565656566,34.34343434343434,0.6616161616161617,0.31313131313131315
2006-04-17,1285.3299560546875,0.0016052245373818774,82.82828282828282,17.17171717171717,65.4911838790932,34.5088161209068,0.6565656565656566,0.30982367758186397
2006-04-18,1307.280029296875,0.018710021585633285,83.37531486146096,16.624685138539043,65.4911838790932,34.5088161209068,0.6675062972292192,0.30982367758186397
2006-04-19,1309.9300537109375,0.02077507755493757,83.6272040302267,16.3727959697733,65.4911838790932,34.5088161209068,0.672544080604534,0.30982367758186397
2006-04-20,1311.4599609375,0.021967271873574612,83.6272040302267,16.3727959697733,65.74307304785894,34.25692695214106,0.672544080604534,0.3148614609571788
2006-04-21,1311.280029296875,0.021827058482872586,83.6272040302267,16.3727959697733,65.23929471032746,34.76070528967254,0.672544080604534,0.3047858942065491
2006-04-24,1308.1099853515625,0.01935677249702006,83.6272040302267,16.3727959697733,65.32663316582915,34.67336683417086,0.672544080604534,0.3065326633165829
2006-04-25,1301.739990234375,0.014392895043143117,83.6272040302267,16.3727959697733,65.57788944723619,34.42211055276382,0.672544080604534,0.31155778894472363
2006-04-26,1305.4100341796875,0.017252810641150473,83.87909319899244,16.120906801007557,65.57788944723619,34.42211055276382,0.6775818639798489,0.31155778894472363
2006-04-27,1309.719970703125,0.02061136843322897,84.1309823677582,15.869017632241814,65.82914572864321,34.17085427135678,0.6826196473551638,0.3165829145728643
2006-04-28,1310.6099853515625,0.02130492055779487,84.38287153652394,15.617128463476071,65.82914572864321,34.17085427135678,0.6876574307304786,0.3165829145728643
2006-05-01,1305.18994140625,0.0170813013172455,84.38287153652394,15.617128463476071,65.82914572864321,34.17085427135678,0.6876574307304786,0.3165829145728643
2006-05-02,1313.2099609375,0.02333097551611707,84.1309823677582,15.869017632241814,65.07537688442211,34.92462311557789,0.6826196473551638,0.3015075376884422
2006-05-03,1308.1199951171875,0.019364572699216875,83.37531486146096,16.624685138539043,65.07537688442211,34.92462311557789,0.6675062972292192,0.3015075376884422
2006-05-04,1312.25,0.022582917100593347,83.37531486146096,16.624685138539043,65.32663316582915,34.67336683417086,0.6675062972292192,0.3065326633165829
2006-05-05,1325.760009765625,0.03311071683097255,83.12342569269522,16.876574307304786,65.32663316582915,34.67336683417086,0.6624685138539043,0.3065326633165829
2006-05-08,1324.6600341796875,0.032253550709115286,83.12342569269522,16.876574307304786,65.07537688442211,34.92462311557789,0.6624685138539043,0.3015075376884422
2006-05-09,1325.1400146484375,0.03262757991687715,83.12342569269522,16.876574307304786,65.32663316582915,34.67336683417086,0.6624685138539043,0.3065326633165829
2006-05-10,1322.8499755859375,0.03084304585339437,83.37531486146096,16.624685138539043,65.07537688442211,34.92462311557789,0.6675062972292192,0.3015075376884422
2006-05-11,1305.9200439453125,0.01765024045550212,83.37531486146096,16.624685138539043,65.57788944723619,34.42211055276382,0.6675062972292192,0.31155778894472363
2006-05-12,1291.239990234375,0.006210673187890148,82.61964735516372,17.38035264483627,66.08040201005025,33.91959798994975,0.6523929471032746,0.32160804020100503
2006-05-15,1294.5,0.008751065869093688,82.11586901763224,17.884130982367758,66.08040201005025,33.91959798994975,0.6423173803526449,0.32160804020100503
2006-05-16,1292.0799560546875,0.006865224301473738,81.86397984886649,18.1360201511335,66.08040201005025,33.91959798994975,0.6372795969773299,0.32160804020100503
2006-05-17,1270.3199462890625,-0.010091464029461816,81.61209068010076,18.387909319899247,66.08040201005025,33.91959798994975,0.6322418136020151,0.32160804020100503
2006-05-18,1261.81005859375,-0.016722872513874942,81.61209068010076,18.387909319899247,66.58291457286433,33.41708542713568,0.6322418136020151,0.3316582914572864
2006-05-19,1267.030029296875,-0.012655162192837577,81.61209068010076,18.387909319899247,66.58291457286433,33.41708542713568,0.6322418136020151,0.3316582914572864
2006-05-22,1262.0699462890625,-0.016520352630017943,81.36020151133502,18.639798488664987,66.33165829145729,33.66834170854271,0.6272040302267002,0.32663316582914576
2006-05-23,1256.5799560546875,-0.02079847816152558,81.61209068010076,18.387909319899247,66.08040201005025,33.91959798994975,0.6322418136020151,0.32160804020100503
2006-05-24,1258.5699462890625,-0.019247759915102525,81.61209068010076,18.387909319899247,66.08040201005025,33.91959798994975,0.6322418136020151,0.32160804020100503
2006-05-25,1272.8800048828125,-0.008096514755508544,81.61209068010076,18.387909319899247,66.08040201005025,33.91959798994975,0.6322418136020151,0.32160804020100503
2006-05-26,1280.1600341796875,-0.002423484772672846,81.61209068010076,18.387909319899247,66.08040201005025,33.91959798994975,0.6322418136020151,0.32160804020100503
2006-05-30,1259.8699951171875,-0.01823468487373303,81.36020151133502,18.639798488664987,66.33165829145729,33.66834170854271,0.6272040302267002,0.32663316582914576
2006-05-31,1270.0899658203125,-0.010270678431146485,81.36020151133502,18.639798488664987,66.58291457286433,33.41708542713568,0.6272040302267002,0.3316582914572864
2006-06-01,1285.7099609375,0.0019013468475965745,81.36020151133502,18.639798488664987,66.58291457286433,33.41708542713568,0.6272040302267002,0.3316582914572864
2006-06-02,1288.219970703125,0.00385729511056776,81.36020151133502,18.639798488664987,66.58291457286433,33.41708542713568,0.6272040302267002,0.3316582914572864
2006-06-05,1265.2900390625,-0.01401106563318355,81.36020151133502,18.639798488664987,66.58291457286433,33.41708542713568,0.6272040302267002,0.3316582914572864
2006-06-06,1263.8499755859375,-0.015133248380886477,80.85642317380352,19.143576826196472,66.58291457286433,33.41708542713568,0.6171284634760705,0.3316582914572864
2006-06-07,1256.1500244140625,-0.021133506358305465,80.85642317380352,19.143576826196472,66.33165829145729,33.66834170854271,0.6171284634760705,0.32663316582914576
2006-06-08,1257.9300537109375,-0.01974640210917389,80.85642317380352,19.143576826196472,65.82914572864321,34.17085427135678,0.6171284634760705,0.3165829145728643
2006-06-09,1252.300048828125,-0.024133635347014848,80.85642317380352,19.143576826196472,65.82914572864321,34.17085427135678,0.6171284634760705,0.3165829145728643
2006-06-12,1237.43994140625,-0.03571351112974619,79.84886649874056,20.151133501259448,65.82914572864321,34.17085427135678,0.5969773299748111,0.3165829145728643
2006-06-13,1223.68994140625,-0.04642832546400655,79.09319899244332,20.906801007556673,66.08040201005025,33.91959798994975,0.5818639798488665,0.32160804020100503
2006-06-14,1230.0400390625,-0.041479953290105454,78.58942065491183,21.41057934508816,66.08040201005025,33.91959798994975,0.5717884130982368,0.32160804020100503
2006-06-15,1256.1600341796875,-0.021125706156109092,78.58942065491183,21.41057934508816,66.08040201005025,33.91959798994975,0.5717884130982368,0.32160804020100503
2006-06-16,1251.5400390625,-0.024725879967443798,78.58942065491183,21.41057934508816,66.08040201005025,33.91959798994975,0.5717884130982368,0.32160804020100503
2006-06-19,1240.1300048828125,-0.03361725435165597,78.58942065491183,21.41057934508816,66.08040201005025,33.91959798994975,0.5717884130982368,0.32160804020100503
2006-06-20,1240.1199951171875,-0.03362505455385245,78.58942065491183,21.41057934508816,66.08040201005025,33.91959798994975,0.5717884130982368,0.32160804020100503
2006-06-21,1252.199951171875,-0.024211637368979577,78.58942065491183,21.41057934508816,66.08040201005025,33.91959798994975,0.5717884130982368,0.32160804020100503
2006-06-22,1245.5999755859375,-0.029354729224541076,78.58942065491183,21.41057934508816,66.33165829145729,33.66834170854271,0.5717884130982368,0.32663316582914576
2006-06-23,1244.5,-0.030211895346398565,78.58942065491183,21.41057934508816,66.58291457286433,33.41708542713568,0.5717884130982368,0.3316582914572864
2006-06-26,1250.56005859375,-0.02548953878736071,78.08564231738035,21.91435768261965,66.58291457286433,33.41708542713568,0.5617128463476071,0.3316582914572864
2006-06-27,1239.199951171875,-0.03434200728500747,77.83375314861462,22.16624685138539,66.58291457286433,33.41708542713568,0.5566750629722922,0.3316582914572864
2006-06-28,1246.0,-0.029043006509933744,77.83375314861462,22.16624685138539,66.58291457286433,33.41708542713568,0.5566750629722922,0.3316582914572864
2006-06-29,1272.8699951171875,-0.008104314957705028,77.83375314861462,22.16624685138539,66.33165829145729,33.66834170854271,0.5566750629722922,0.32663316582914576
2006-06-30,1270.199951171875,-0.010184971331402393,77.83375314861462,22.16624685138539,66.33165829145729,33.66834170854271,0.5566750629722922,0.32663316582914576
2006-07-03,1280.18994140625,-0.002400179290500404,77.83375314861462,22.16624685138539,66.33165829145729,33.66834170854271,0.5566750629722922,0.32663316582914576
2006-07-05,1270.9100341796875,-0.009631632597538853,77.83375314861462,22.16624685138539,66.33165829145729,33.66834170854271,0.5566750629722922,0.32663316582914576
2006-07-06,1274.0799560546875,-0.007161441736103558,77.83375314861462,22.16624685138539,66.33165829145729,33.66834170854271,0.5566750629722922,0.32663316582914576
2006-07-07,1265.47998046875,-0.013863052040284818,77.32997481108312,22.670025188916874,66.33165829145729,33.66834170854271,0.5465994962216625,0.32663316582914576
2006-07-10,1267.3399658203125,-0.012413641297998601,76.82619647355163,23.173803526448363,66.08040201005025,33.91959798994975,0.5365239294710328,0.32160804020100503
2006-07-11,1272.4300537109375,-0.008447143356681175,76.82619647355163,23.173803526448363,65.57788944723619,34.42211055276382,0.5365239294710328,0.31155778894472363
2006-07-12,1258.5999755859375,-0.019224359308513184,76.57430730478589,23.425692695214106,65.32663316582915,34.67336683417086,0.5314861460957179,0.3065326633165829
2006-07-13,1242.280029296875,-0.03194182799450629,76.32241813602015,23.67758186397985,66.08040201005025,33.91959798994975,0.5264483627204031,0.32160804020100503
2006-07-14,1236.199951171875,-0.03667978495793711,76.13065326633166,23.869346733668344,66.08040201005025,33.91959798994975,0.5226130653266332,0.32160804020100503
2006-07-17,1234.489990234375,-0.03801228779169341,76.13065326633166,23.869346733668344,66.08040201005025,33.91959798994975,0.5226130653266332,0.32160804020100503
2006-07-18,1236.8599853515625,-0.03616544723505588,76.13065326633166,23.869346733668344,65.32663316582915,34.67336683417086,0.5226130653266332,0.3065326633165829
2006-07-19,1259.81005859375,-0.018281390962494593,76.38190954773869,23.618090452261306,65.16290726817043,34.83709273182957,0.5276381909547738,0.3032581453634085
2006-07-20,1249.1300048828125,-0.026603921332867264,75.18796992481202,24.81203007518797,64.91228070175438,35.08771929824561,0.5037593984962406,0.2982456140350877
2006-07-21,1240.2900390625,-0.033492546240929566,74.68671679197995,25.31328320802005,65.16290726817043,34.83709273182957,0.49373433583959897,0.3032581453634085
2006-07-24,1260.9100341796875,-0.017424224840637215,74.68671679197995,25.31328320802005,65.0,35.0,0.49373433583959897,0.3
2006-07-25,1268.8800048828125,-0.011213551652747733,74.68671679197995,25.31328320802005,64.5,35.5,0.49373433583959897,0.29
2006-07-26,1268.4000244140625,-0.011587580860509705,74.68671679197995,25.31328320802005,63.5,36.5,0.49373433583959897,0.27
2006-07-27,1263.199951171875,-0.015639785901571224,74.25,25.75,62.84289276807981,37.1571072319202,0.485,0.256857855361596
2006-07-28,1278.550048828125,-0.003678080708881537,73.81546134663341,26.184538653366584,62.593516209476306,37.406483790523694,0.4763092269326683,0.2518703241895262
2006-07-31,1276.6600341796875,-0.005150892057757095,73.81546134663341,26.184538653366584,62.593516209476306,37.406483790523694,0.4763092269326683,0.2518703241895262
2006-08-01,1270.9200439453125,-0.009623832395342258,73.56608478802993,26.433915211970078,62.593516209476306,37.406483790523694,0.4713216957605985,0.2518703241895262
2006-08-02,1277.4100341796875,-0.00456644763952474,73.56608478802993,26.433915211970078,62.593516209476306,37.406483790523694,0.4713216957605985,0.2518703241895262
2006-08-03,1280.27001953125,-0.0023377776729286426,74.3142144638404,25.6857855361596,62.84289276807981,37.1571072319202,0.486284289276808,0.256857855361596
2006-08-04,1279.3599853515625,-0.003046930201887399,74.06483790523691,25.935162094763093,62.84289276807981,37.1571072319202,0.48129675810473815,0.256857855361596
2006-08-07,1275.77001953125,-0.005844444182322883,74.06483790523691,25.935162094763093,62.84289276807981,37.1571072319202,0.48129675810473815,0.256857855361596
2006-08-08,1271.47998046875,-0.009187496694425534,73.31670822942642,26.683291770573565,62.84289276807981,37.1571072319202,0.46633416458852867,0.256857855361596
2006-08-09,1265.949951171875,-0.013496823034719108,73.31670822942642,26.683291770573565,62.84289276807981,37.1571072319202,0.46633416458852867,0.256857855361596
2006-08-10,1271.81005859375,-0.00893028027077647,73.56608478802993,26.433915211970078,63.092269326683294,36.907730673316706,0.4713216957605985,0.26184538653366585
2006-08-11,1266.739990234375,-0.012881177807700928,72.81795511221945,27.18204488778055,62.593516209476306,37.406483790523694,0.456359102244389,0.2518703241895262
2006-08-14,1268.2099609375,-0.011735689577825559,72.81795511221945,27.18204488778055,62.593516209476306,37.406483790523694,0.456359102244389,0.2518703241895262
2006-08-15,1285.5799560546875,0.0018000393434598472,73.31670822942642,26.683291770573565,62.593516209476306,37.406483790523694,0.46633416458852867,0.2518703241895262
2006-08-16,1295.4300537109375,0.009475818802445302,73.31670822942642,26.683291770573565,62.593516209476306,37.406483790523694,0.46633416458852867,0.2518703241895262
2006-08-17,1297.47998046875,0.011073243137630362,73.31670822942642,26.683291770573565,62.84289276807981,37.1571072319202,0.46633416458852867,0.256857855361596
2006-08-18,1302.300048828125,0.014829325868477072,73.31670822942642,26.683291770573565,62.84289276807981,37.1571072319202,0.46633416458852867,0.256857855361596
2006-08-21,1297.52001953125,0.011104443946416076,73.31670822942642,26.683291770573565,62.84289276807981,37.1571072319202,0.46633416458852867,0.256857855361596
2006-08-22,1298.8199462890625,0.012117423863368781,73.06733167082294,26.932668329177055,62.84289276807981,37.1571072319202,0.4613466334164589,0.256857855361596
2006-08-23,1292.989990234375,0.007574376830432383,73.06733167082294,26.932668329177055,62.84289276807981,37.1571072319202,0.4613466334164589,0.256857855361596
2006-08-24,1296.06005859375,0.009966755918737302,73.06733167082294,26.932668329177055,62.84289276807981,37.1571072319202,0.4613466334164589,0.256857855361596
2006-08-25,1295.0899658203125,0.009210802176599753,73.06733167082294,26.932668329177055,62.84289276807981,37.1571072319202,0.4613466334164589,0.256857855361596
2006-08-28,1301.780029296875,0.014424095851929497,73.56608478802993,26.433915211970078,62.84289276807981,37.1571072319202,0.4713216957605985,0.256857855361596
2006-08-29,1304.280029296875,0.016372243912704088,73.56608478802993,26.433915211970078,62.84289276807981,37.1571072319202,0.4713216957605985,0.256857855361596
2006-08-30,1305.3699951171875,0.01722160983236498,73.56608478802993,26.433915211970078,62.84289276807981,37.1571072319202,0.4713216957605985,0.256857855361596
2006-08-31,1303.8199462890625,0.016013719984917962,73.56608478802993,26.433915211970078,63.092269326683294,36.907730673316706,0.4713216957605985,0.26184538653366585
2006-09-01,1311.010009765625,0.021616643272402536,73.56608478802993,26.433915211970078,63.092269326683294,36.907730673316706,0.4713216957605985,0.26184538653366585
2006-09-05,1313.25,0.023362176324903228,73.31670822942642,26.683291770573565,63.092269326683294,36.907730673316706,0.46633416458852867,0.26184538653366585
2006-09-06,1300.260009765625,0.013239606611071819,73.31670822942642,26.683291770573565,63.591022443890274,36.408977556109726,0.46633416458852867,0.2718204488778055
2006-09-07,1294.02001953125,0.008377036661331827,73.31670822942642,26.683291770573565,63.34164588528678,36.65835411471321,0.46633416458852867,0.26683291770573564
2006-09-08,1298.9200439453125,0.012195425885333178,73.31670822942642,26.683291770573565,63.092269326683294,36.907730673316706,0.46633416458852867,0.26184538653366585
2006-09-11,1299.5400390625,0.012678562799428805,73.56608478802993,26.433915211970078,63.34164588528678,36.65835411471321,0.4713216957605985,0.26683291770573564
2006-09-12,1313.0,0.023167361518825702,73.81546134663341,26.184538653366584,62.593516209476306,37.406483790523694,0.4763092269326683,0.2518703241895262
2006-09-13,1318.0699462890625,0.027118163931333372,73.81546134663341,26.184538653366584,62.593516209476306,37.406483790523694,0.4763092269326683,0.2518703241895262
2006-09-14,1316.280029296875,0.02572335460442221,73.56608478802993,26.433915211970078,62.593516209476306,37.406483790523694,0.4713216957605985,0.2518703241895262
2006-09-15,1319.6600341796875,0.028357254587566327,74.3142144638404,25.6857855361596,62.84289276807981,37.1571072319202,0.486284289276808,0.256857855361596
2006-09-18,1321.1800537109375,0.029541743828424005,74.3142144638404,25.6857855361596,62.593516209476306,37.406483790523694,0.486284289276808,0.2518703241895262
2006-09-19,1317.6400146484375,0.026783135734553598,74.3142144638404,25.6857855361596,62.84289276807981,37.1571072319202,0.486284289276808,0.256857855361596
2006-09-20,1325.1800537109375,0.032658780725663306,74.81296758104739,25.187032418952622,62.593516209476306,37.406483790523694,0.49625935162094764,0.2518703241895262
2006-09-21,1318.030029296875,0.027087058246964446,74.81296758104739,25.187032418952622,62.593516209476306,37.406483790523694,0.49625935162094764,0.2518703241895262
2006-09-22,1314.780029296875,0.0245544657679575,74.81296758104739,25.187032418952622,62.593516209476306,37.406483790523694,0.49625935162094764,0.2518703241895262
2006-09-25,1326.3699951171875,0.03358605354287181,74.81296758104739,25.187032418952622,62.34413965087282,37.65586034912718,0.49625935162094764,0.24688279301745636
2006-09-26,1336.3499755859375,0.041363045381577423,75.06234413965088,24.93765586034913,62.34413965087282,37.65586034912718,0.5012468827930174,0.24688279301745636
2006-09-27,1336.5899658203125,0.041550059985458354,75.31172069825436,24.688279301745634,62.593516209476306,37.406483790523694,0.5062344139650873,0.2518703241895262
2006-09-28,1338.8800048828125,0.043334594048941355,75.56109725685786,24.438902743142144,63.092269326683294,36.907730673316706,0.5112219451371571,0.26184538653366585
2006-09-29,1335.8499755859375,0.040973415769422594,75.56109725685786,24.438902743142144,63.092269326683294,36.907730673316706,0.5112219451371571,0.26184538653366585
2006-10-02,1331.3199462890625,0.0374433486534389,75.56109725685786,24.438902743142144,62.84289276807981,37.1571072319202,0.5112219451371571,0.256857855361596
2006-10-03,1334.1099853515625,0.039617512329076954,75.06234413965088,24.93765586034913,62.593516209476306,37.406483790523694,0.5012468827930174,0.2518703241895262
2006-10-04,1350.199951171875,0.05215576661338539,75.56109725685786,24.438902743142144,62.593516209476306,37.406483790523694,0.5112219451371571,0.2518703241895262
2006-10-05,1353.219970703125,0.05450914469070778,75.81047381546135,24.189526184538654,62.34413965087282,37.65586034912718,0.516209476309227,0.24688279301745636
2006-10-06,1349.5899658203125,0.05168042990148636,75.81047381546135,24.189526184538654,62.094763092269325,37.905236907730675,0.516209476309227,0.24189526184538654
2006-10-09,1350.6600341796875,0.052514290541171516,75.81047381546135,24.189526184538654,62.094763092269325,37.905236907730675,0.516209476309227,0.24189526184538654
2006-10-10,1353.4200439453125,0.054665053610220005,76.05985037406484,23.940149625935163,62.094763092269325,37.905236907730675,0.5211970074812967,0.24189526184538654
2006-10-11,1349.949951171875,0.051960951807307865,76.30922693266832,23.690773067331673,62.094763092269325,37.905236907730675,0.5261845386533666,0.24189526184538654
2006-10-12,1362.8299560546875,0.06199781442139529,76.61691542288557,23.383084577114428,62.43781094527363,37.56218905472637,0.5323383084577115,0.24875621890547264
2006-10-13,1365.6199951171875,0.06417197809703312,76.61691542288557,23.383084577114428,62.43781094527363,37.56218905472637,0.5323383084577115,0.24875621890547264
2006-10-16,1369.06005859375,0.06685267929335592,76.61691542288557,23.383084577114428,62.43781094527363,37.56218905472637,0.5323383084577115,0.24875621890547264
2006-10-17,1364.050048828125,0.06294858296961015,76.61691542288557,23.383084577114428,62.43781094527363,37.56218905472637,0.5323383084577115,0.24875621890547264
2006-10-18,1365.800048828125,0.06431228661215238,77.363184079602,22.63681592039801,62.68656716417911,37.3134328358209,0.5472636815920398,0.2537313432835821
2006-10-19,1366.9599609375,0.06521615882277154,77.363184079602,22.63681592039801,62.43781094527363,37.56218905472637,0.5472636815920398,0.24875621890547264
2006-10-20,1368.5999755859375,0.06649415536556957,77.91563275434244,22.084367245657567,62.93532338308457,37.06467661691542,0.5583126550868487,0.25870646766169153
2006-10-23,1377.02001953125,0.07305555227904881,78.66004962779157,21.339950372208435,62.68656716417911,37.3134328358209,0.5732009925558312,0.2537313432835821
2006-10-24,1377.3800048828125,0.07333607418487031,79.4044665012407,20.595533498759306,62.68656716417911,37.3134328358209,0.5880893300248139,0.2537313432835821
2006-10-25,1382.219970703125,0.0771076621956932,79.4044665012407,20.595533498759306,62.68656716417911,37.3134328358209,0.5880893300248139,0.2537313432835821
2006-10-26,1389.0799560546875,0.0824533690595286,79.4044665012407,20.595533498759306,62.43781094527363,37.56218905472637,0.5880893300248139,0.24875621890547264
2006-10-27,1377.3399658203125,0.07330487337608438,79.65260545905707,20.34739454094293,62.189054726368155,37.81094527363184,0.5930521091811415,0.24378109452736318
2006-10-30,1377.9300537109375,0.07376470480800723,79.4044665012407,20.595533498759306,62.43781094527363,37.56218905472637,0.5880893300248139,0.24875621890547264
2006-10-31,1377.93994140625,0.07377240988578682,79.4044665012407,20.595533498759306,62.43781094527363,37.56218905472637,0.5880893300248139,0.24875621890547264
2006-11-01,1367.81005859375,0.06587860526296851,79.65260545905707,20.34739454094293,62.68656716417911,37.3134328358209,0.5930521091811415,0.2537313432835821
2006-11-02,1367.3399658203125,0.0655122811329858,79.65260545905707,20.34739454094293,62.68656716417911,37.3134328358209,0.5930521091811415,0.2537313432835821
2006-11-03,1364.300048828125,0.06314339777568745,79.65260545905707,20.34739454094293,62.68656716417911,37.3134328358209,0.5930521091811415,0.2537313432835821
2006-11-06,1379.780029296875,0.07520631534809707,79.65260545905707,20.34739454094293,62.43781094527363,37.56218905472637,0.5930521091811415,0.24875621890547264
2006-11-07,1382.8399658203125,0.07759079910978839,79.65260545905707,20.34739454094293,62.779156327543426,37.220843672456574,0.5930521091811415,0.2555831265508685
2006-11-08,1385.719970703125,0.07983506948077768,79.65260545905707,20.34739454094293,63.27543424317618,36.72456575682382,0.5930521091811415,0.2655086848635236
2006-11-09,1378.3299560546875,0.07407633239819789,79.65260545905707,20.34739454094293,63.27543424317618,36.72456575682382,0.5930521091811415,0.2655086848635236
2006-11-10,1380.9000244140625,0.07607908187434775,79.65260545905707,20.34739454094293,63.0272952853598,36.972704714640194,0.5930521091811415,0.26054590570719605
2006-11-13,1384.4200439453125,0.07882208956382519,80.39702233250621,19.602977667493796,62.779156327543426,37.220843672456574,0.607940446650124,0.2555831265508685
2006-11-14,1393.219970703125,0.08567951366310145,80.64516129032258,19.35483870967742,62.531017369727046,37.468982630272954,0.6129032258064516,0.2506203473945409
2006-11-15,1396.5699462890625,0.08829001303965622,80.6930693069307,19.306930693069308,62.779156327543426,37.220843672456574,0.6138613861386139,0.2555831265508685
2006-11-16,1399.760009765625,0.09077589942990127,80.6930693069307,19.306930693069308,62.779156327543426,37.220843672456574,0.6138613861386139,0.2555831265508685
2006-11-17,1401.199951171875,0.0918979870531873,80.74074074074075,19.25925925925926,62.87128712871287,37.12871287128713,0.6148148148148148,0.25742574257425743
2006-11-20,1400.5,0.09135254364593726,80.74074074074075,19.25925925925926,62.87128712871287,37.12871287128713,0.6148148148148148,0.25742574257425743
2006-11-21,1402.81005859375,0.09315267811381323,80.74074074074075,19.25925925925926,63.11881188118812,36.88118811881188,0.6148148148148148,0.2623762376237624
2006-11-22,1406.0899658203125,0.0957085760749925,80.74074074074075,19.25925925925926,63.20987654320987,36.79012345679013,0.6148148148148148,0.2641975308641975
2006-11-24,1400.949951171875,0.09170317224711,80.74074074074075,19.25925925925926,63.20987654320987,36.79012345679013,0.6148148148148148,0.2641975308641975
2006-11-27,1381.9599609375,0.0769050471874193,80.74074074074075,19.25925925925926,63.20987654320987,36.79012345679013,0.6148148148148148,0.2641975308641975
2006-11-28,1386.719970703125,0.08061432870508756,80.74074074074075,19.25925925925926,63.20987654320987,36.79012345679013,0.6148148148148148,0.2641975308641975
2006-11-29,1399.47998046875,0.09055768401723441,80.49382716049382,19.50617283950617,62.96296296296296,37.03703703703704,0.6098765432098765,0.25925925925925924
2006-11-30,1400.6300048828125,0.0914538511500742,80.74074074074075,19.25925925925926,63.20987654320987,36.79012345679013,0.6148148148148148,0.2641975308641975
2006-12-01,1396.7099609375,0.08839912074598955,80.74074074074075,19.25925925925926,63.20987654320987,36.79012345679013,0.6148148148148148,0.2641975308641975
2006-12-04,1409.1199951171875,0.09806975435451148,80.74074074074075,19.25925925925926,62.96296296296296,37.03703703703704,0.6148148148148148,0.25925925925925924
2006-12-05,1414.760009765625,0.10246478779454904,80.54187192118226,19.458128078817737,62.96296296296296,37.03703703703704,0.6108374384236454,0.25925925925925924
2006-12-06,1412.9000244140625,0.10101537705226282,80.54187192118226,19.458128078817737,63.20987654320987,36.79012345679013,0.6108374384236454,0.2641975308641975
2006-12-07,1407.2900390625,0.09664374421881461,80.78817733990148,19.21182266009852,63.20987654320987,36.79012345679013,0.6157635467980296,0.2641975308641975
2006-12-08,1409.8399658203125,0.0986307981661545,80.78817733990148,19.21182266009852,62.96296296296296,37.03703703703704,0.6157635467980296,0.25925925925925924
2006-12-11,1413.0400390625,0.10112448475859614,81.2807881773399,18.7192118226601,62.71604938271606,37.28395061728395,0.625615763546798,0.254320987654321
2006-12-12,1411.56005859375,0.09997119632652418,81.2807881773399,18.7192118226601,62.71604938271606,37.28395061728395,0.625615763546798,0.254320987654321
2006-12-13,1413.2099609375,0.1012568979471018,81.2807881773399,18.7192118226601,63.20987654320987,36.79012345679013,0.625615763546798,0.2641975308641975
2006-12-14,1425.489990234375,0.11082622405148679,81.5270935960591,18.472906403940886,63.456790123456784,36.54320987654321,0.6305418719211823,0.2691358024691358
2006-12-15,1427.0899658203125,0.1120730197854991,81.2807881773399,18.7192118226601,63.54679802955665,36.45320197044335,0.625615763546798,0.270935960591133
2006-12-18,1422.47998046875,0.10848064617636077,81.03448275862068,18.96551724137931,63.54679802955665,36.45320197044335,0.6206896551724138,0.270935960591133
2006-12-19,1425.550048828125,0.11087302526466569,81.03448275862068,18.96551724137931,63.54679802955665,36.45320197044335,0.6206896551724138,0.270935960591133
2006-12-20,1423.530029296875,0.10929890641165318,81.5270935960591,18.472906403940886,63.05418719211823,36.94581280788177,0.6305418719211823,0.26108374384236455
2006-12-21,1418.300048828125,0.10522339588841922,81.5270935960591,18.472906403940886,63.30049261083743,36.69950738916256,0.6305418719211823,0.2660098522167488
2006-12-22,1410.760009765625,0.09934775089730974,81.5270935960591,18.472906403940886,63.30049261083743,36.69950738916256,0.6305418719211823,0.2660098522167488
2006-12-26,1416.9000244140625,0.10413241394950212,81.5270935960591,18.472906403940886,63.05418719211823,36.94581280788177,0.6305418719211823,0.26108374384236455
2006-12-27,1426.8399658203125,0.1118782049794218,81.5270935960591,18.472906403940886,62.80788177339901,37.19211822660098,0.6305418719211823,0.2561576354679803
2006-12-28,1424.72998046875,0.11023397943105806,81.5270935960591,18.472906403940886,62.80788177339901,37.19211822660098,0.6305418719211823,0.2561576354679803
2006-12-29,1418.300048828125,0.10522339588841922,81.5270935960591,18.472906403940886,62.80788177339901,37.19211822660098,0.6305418719211823,0.2561576354679803
2007-01-03,1416.5999755859375,0.10389859813244229,81.5270935960591,18.472906403940886,62.80788177339901,37.19211822660098,0.6305418719211823,0.2561576354679803
2007-01-04,1418.3399658203125,0.10525450157278793,81.5270935960591,18.472906403940886,62.315270935960584,37.68472906403941,0.6305418719211823,0.24630541871921183
2007-01-05,1409.7099609375,0.09852949066201733,81.5270935960591,18.472906403940886,62.06896551724138,37.93103448275862,0.6305418719211823,0.2413793103448276
2007-01-08,1412.8399658203125,0.1009685758390837,81.5270935960591,18.472906403940886,62.06896551724138,37.93103448275862,0.6305418719211823,0.2413793103448276
2007-01-09,1412.1099853515625,0.10039973182524431,81.5270935960591,18.472906403940886,62.06896551724138,37.93103448275862,0.6305418719211823,0.2413793103448276
2007-01-10,1414.8499755859375,0.10253489448990005,81.5270935960591,18.472906403940886,61.57635467980296,38.42364532019704,0.6305418719211823,0.2315270935960591
2007-01-11,1423.8199462890625,0.10952482690209897,81.5270935960591,18.472906403940886,61.083743842364534,38.91625615763547,0.6305418719211823,0.22167487684729065
2007-01-12,1430.72998046875,0.11490953477691668,81.5270935960591,18.472906403940886,61.330049261083744,38.669950738916256,0.6305418719211823,0.22660098522167488
2007-01-16,1431.9000244140625,0.11582130231414944,81.77339901477832,18.226600985221676,61.57635467980296,38.42364532019704,0.6354679802955665,0.2315270935960591
2007-01-17,1430.6199951171875,0.1148238276771727,82.01970443349754,17.980295566502463,61.57635467980296,38.42364532019704,0.6403940886699507,0.2315270935960591
2007-01-18,1426.3699951171875,0.11151197597385587,81.77339901477832,18.226600985221676,61.083743842364534,38.91625615763547,0.6354679802955665,0.22167487684729065
2007-01-19,1430.5,0.11473032037523212,82.06388206388206,17.936117936117938,60.83743842364532,39.16256157635468,0.6412776412776413,0.21674876847290642
2007-01-22,1422.949951171875,0.10884687518192604,81.81818181818183,18.181818181818183,60.83743842364532,39.16256157635468,0.6363636363636364,0.21674876847290642
2007-01-23,1427.989990234375,0.11277437211226093,82.06388206388206,17.936117936117938,60.83743842364532,39.16256157635468,0.6412776412776413,0.21674876847290642
2007-01-24,1440.1300048828125,0.1222345905103126,82.06388206388206,17.936117936117938,60.591133004926114,39.40886699507389,0.6412776412776413,0.21182266009852216
2007-01-25,1423.9000244140625,0.1095872285196704,82.06388206388206,17.936117936117938,60.83743842364532,39.16256157635468,0.6412776412776413,0.21674876847290642
2007-01-26,1422.1800537109375,0.10824692548371773,82.06388206388206,17.936117936117938,60.83743842364532,39.16256157635468,0.6412776412776413,0.21674876847290642
2007-01-29,1420.6199951171875,0.10703123543407411,82.30958230958231,17.69041769041769,61.330049261083744,38.669950738916256,0.6461916461916462,0.22660098522167488
2007-01-30,1428.8199462890625,0.11342112302364815,82.30958230958231,17.69041769041769,61.330049261083744,38.669950738916256,0.6461916461916462,0.22660098522167488
2007-01-31,1438.239990234375,0.12076177916143704,82.55528255528255,17.444717444717444,61.57635467980296,38.42364532019704,0.6511056511056511,0.2315270935960591
2007-02-01,1445.93994140625,0.12676203713885603,83.04668304668304,16.953316953316953,61.57635467980296,38.42364532019704,0.6609336609336609,0.2315270935960591
2007-02-02,1448.3900146484375,0.12867127931306532,83.29238329238329,16.707616707616708,61.822660098522164,38.17733990147783,0.6658476658476659,0.23645320197044334
2007-02-05,1446.989990234375,0.12758029737414822,83.29238329238329,16.707616707616708,61.822660098522164,38.17733990147783,0.6658476658476659,0.23645320197044334
2007-02-06,1448.0,0.12836735680065448,83.29238329238329,16.707616707616708,61.822660098522164,38.17733990147783,0.6658476658476659,0.23645320197044334
2007-02-07,1450.02001953125,0.1299414756536672,83.29238329238329,16.707616707616708,61.822660098522164,38.17733990147783,0.6658476658476659,0.23645320197044334
2007-02-08,1448.31005859375,0.12860897281991068,83.29238329238329,16.707616707616708,61.57635467980296,38.42364532019704,0.6658476658476659,0.2315270935960591
2007-02-09,1438.06005859375,0.1206215657707348,83.29238329238329,16.707616707616708,61.57635467980296,38.42364532019704,0.6658476658476659,0.2315270935960591
2007-02-12,1433.3699951171875,0.11696679054402481,83.29238329238329,16.707616707616708,61.822660098522164,38.17733990147783,0.6658476658476659,0.23645320197044334
2007-02-13,1444.260009765625,0.12545293491168907,83.78378378378379,16.216216216216218,62.06896551724138,37.93103448275862,0.6756756756756757,0.2413793103448276
2007-02-14,1455.300048828125,0.13405598718788325,84.02948402948402,15.970515970515969,62.06896551724138,37.93103448275862,0.6805896805896806,0.2413793103448276
2007-02-15,1456.81005859375,0.13523267622654456,84.02948402948402,15.970515970515969,62.06896551724138,37.93103448275862,0.6805896805896806,0.2413793103448276
2007-02-16,1455.5400390625,0.13424300179176418,84.27518427518427,15.724815724815725,62.06896551724138,37.93103448275862,0.6855036855036855,0.2413793103448276
2007-02-20,1459.6800537109375,0.13746914639533703,84.27518427518427,15.724815724815725,62.06896551724138,37.93103448275862,0.6855036855036855,0.2413793103448276
2007-02-21,1457.6300048828125,0.13587162693573518,84.52088452088452,15.47911547911548,62.315270935960584,37.68472906403941,0.6904176904176904,0.24630541871921183
2007-02-22,1456.3800048828125,0.13489755290534777,84.52088452088452,15.47911547911548,62.315270935960584,37.68472906403941,0.6904176904176904,0.24630541871921183
2007-02-23,1451.18994140625,0.13085314806648274,84.76658476658476,15.233415233415235,62.06896551724138,37.93103448275862,0.6953316953316954,0.2413793103448276
2007-02-26,1449.3699951171875,0.12943493813298246,84.76658476658476,15.233415233415235,62.06896551724138,37.93103448275862,0.6953316953316954,0.2413793103448276
2007-02-27,1399.0400390625,0.09021485561825804,84.52088452088452,15.47911547911548,62.06896551724138,37.93103448275862,0.6904176904176904,0.2413793103448276
2007-02-28,1406.8199462890625,0.09627742008883167,84.52088452088452,15.47911547911548,62.315270935960584,37.68472906403941,0.6904176904176904,0.24630541871921183
2007-03-01,1403.1700439453125,0.09343320001963451,84.52088452088452,15.47911547911548,62.80788177339901,37.19211822660098,0.6904176904176904,0.2561576354679803
2007-03-02,1387.1700439453125,0.08096505243067686,84.52088452088452,15.47911547911548,62.80788177339901,37.19211822660098,0.6904176904176904,0.2561576354679803
2007-03-05,1374.1199951171875,0.07079568150366677,84.02948402948402,15.970515970515969,62.315270935960584,37.68472906403941,0.6805896805896806,0.24630541871921183
2007-03-06,1395.4100341796875,0.08738614082903662,84.02948402948402,15.970515970515969,62.5615763546798,37.4384236453202,0.6805896805896806,0.2512315270935961
2007-03-07,1391.969970703125,0.08470543963271404,84.02948402948402,15.970515970515969,62.80788177339901,37.19211822660098,0.6805896805896806,0.2561576354679803
2007-03-08,1401.8900146484375,0.09243572538265776,84.02948402948402,15.970515970515969,62.80788177339901,37.19211822660098,0.6805896805896806,0.2561576354679803
2007-03-09,1402.8399658203125,0.09317598359598511,84.02948402948402,15.970515970515969,62.80788177339901,37.19211822660098,0.6805896805896806,0.2561576354679803
2007-03-12,1406.5999755859375,0.09610600588934348,84.02948402948402,15.970515970515969,63.05418719211823,36.94581280788177,0.6805896805896806,0.26108374384236455
2007-03-13,1377.949951171875,0.07378021008798297,83.78378378378379,16.216216216216218,63.05418719211823,36.94581280788177,0.6756756756756757,0.26108374384236455
2007-03-14,1387.1700439453125,0.08096505243067664,83.53808353808354,16.461916461916463,62.5615763546798,37.4384236453202,0.6707616707616708,0.2512315270935961
2007-03-15,1392.280029296875,0.0849470556519698,83.53808353808354,16.461916461916463,62.8992628992629,37.1007371007371,0.6707616707616708,0.257985257985258
2007-03-16,1386.949951171875,0.08079354310677167,83.53808353808354,16.461916461916463,63.14496314496314,36.85503685503686,0.6707616707616708,0.2628992628992629
2007-03-19,1402.06005859375,0.0925682336955802,83.53808353808354,16.461916461916463,63.14496314496314,36.85503685503686,0.6707616707616708,0.2628992628992629
2007-03-20,1410.93994140625,0.09948796428801132,83.53808353808354,16.461916461916463,63.14496314496314,36.85503685503686,0.6707616707616708,0.2628992628992629
2007-03-21,1435.0400390625,0.11826818769341241,83.57843137254902,16.42156862745098,63.63636363636363,36.36363636363637,0.6715686274509803,0.2727272727272727
2007-03-22,1434.5400390625,0.11787855808125758,83.57843137254902,16.42156862745098,63.14496314496314,36.85503685503686,0.6715686274509803,0.2628992628992629
2007-03-23,1436.1099853515625,0.11910195320868033,83.82352941176471,16.176470588235293,63.14496314496314,36.85503685503686,0.6764705882352942,0.2628992628992629
2007-03-26,1437.5,0.12018513494540128,83.82352941176471,16.176470588235293,63.14496314496314,36.85503685503686,0.6764705882352942,0.2628992628992629
2007-03-27,1428.6099853515625,0.11325750902635656,83.57843137254902,16.42156862745098,62.65356265356266,37.34643734643734,0.6715686274509803,0.25307125307125306
2007-03-28,1417.22998046875,0.10438953524873384,83.57843137254902,16.42156862745098,63.14496314496314,36.85503685503686,0.6715686274509803,0.2628992628992629
2007-03-29,1422.530029296875,0.10851964718734286,83.57843137254902,16.42156862745098,63.14496314496314,36.85503685503686,0.6715686274509803,0.2628992628992629
2007-03-30,1420.8599853515625,0.10721825003795526,83.57843137254902,16.42156862745098,63.14496314496314,36.85503685503686,0.6715686274509803,0.2628992628992629
2007-04-02,1424.550048828125,0.11009376604035537,83.33333333333334,16.666666666666664,63.14496314496314,36.85503685503686,0.6666666666666666,0.2628992628992629
2007-04-03,1437.77001953125,0.12039555015587156,83.33333333333334,16.666666666666664,62.8992628992629,37.1007371007371,0.6666666666666666,0.257985257985258
2007-04-04,1439.3699951171875,0.12164234588988365,83.33333333333334,16.666666666666664,62.8992628992629,37.1007371007371,0.6666666666666666,0.257985257985258
2007-04-05,1443.760009765625,0.12506330529953402,83.82352941176471,16.176470588235293,62.8992628992629,37.1007371007371,0.6764705882352942,0.257985257985258
2007-04-09,1444.6099853515625,0.12572565661531399,83.82352941176471,16.176470588235293,62.8992628992629,37.1007371007371,0.6764705882352942,0.257985257985258
2007-04-10,1448.3900146484375,0.12867127931306532,83.82352941176471,16.176470588235293,62.16216216216216,37.83783783783784,0.6764705882352942,0.24324324324324326
2007-04-11,1438.8699951171875,0.12125271627772882,83.82352941176471,16.176470588235293,61.91646191646192,38.08353808353808,0.6764705882352942,0.23832923832923833
2007-04-12,1447.800048828125,0.12821154300555948,83.82352941176471,16.176470588235293,61.91646191646192,38.08353808353808,0.6764705882352942,0.23832923832923833
2007-04-13,1452.8499755859375,0.13214674501367374,84.06862745098039,15.931372549019606,62.16216216216216,37.83783783783784,0.6813725490196079,0.24324324324324326
2007-04-16,1468.3299560546875,0.1442096625860836,84.31372549019608,15.686274509803921,62.40786240786241,37.59213759213759,0.6862745098039216,0.24815724815724816
2007-04-17,1471.47998046875,0.14666434816754292,84.31372549019608,15.686274509803921,61.67076167076168,38.32923832923833,0.6862745098039216,0.2334152334152334
2007-04-18,1472.5,0.14745920779624577,84.55882352941177,15.441176470588236,61.67076167076168,38.32923832923833,0.6911764705882353,0.2334152334152334
2007-04-19,1470.72998046875,0.1460799037493108,84.80392156862744,15.196078431372548,61.67076167076168,38.32923832923833,0.696078431372549,0.2334152334152334
2007-04-20,1484.3499755859375,0.1566934105794342,85.5392156862745,14.460784313725492,61.67076167076168,38.32923832923833,0.7107843137254902,0.2334152334152334
2007-04-23,1480.9300537109375,0.15402840491192138,85.5392156862745,14.460784313725492,61.274509803921575,38.72549019607843,0.7107843137254902,0.22549019607843138
2007-04-24,1480.4100341796875,0.15362317489537358,85.7843137254902,14.215686274509803,61.029411764705884,38.970588235294116,0.7156862745098039,0.22058823529411764
2007-04-25,1495.4200439453125,0.16531986346221794,86.51960784313727,13.480392156862745,60.5392156862745,39.46078431372549,0.7303921568627451,0.2107843137254902
2007-04-26,1494.25,0.16440809592498518,86.51960784313727,13.480392156862745,60.29411764705882,39.705882352941174,0.7303921568627451,0.20588235294117646
2007-04-27,1494.0699462890625,0.16426778740986592,86.27450980392157,13.725490196078432,60.049019607843135,39.950980392156865,0.7254901960784313,0.20098039215686275
2007-04-30,1482.3699951171875,0.15515049253520763,86.27450980392157,13.725490196078432,59.80392156862745,40.19607843137255,0.7254901960784313,0.19607843137254902
2007-05-01,1486.300048828125,0.15821302314148888,86.02941176470588,13.970588235294118,59.80392156862745,40.19607843137255,0.7205882352941176,0.19607843137254902
2007-05-02,1495.9200439453125,0.165709493074373,86.3080684596577,13.691931540342297,59.65770171149144,40.34229828850856,0.726161369193154,0.19315403422982885
2007-05-03,1502.3900146484375,0.17075127742579754,86.3080684596577,13.691931540342297,59.65770171149144,40.34229828850856,0.726161369193154,0.19315403422982885
2007-05-04,1505.6199951171875,0.17326826950041152,86.3080684596577,13.691931540342297,59.41320293398533,40.58679706601467,0.726161369193154,0.1882640586797066
2007-05-07,1509.47998046875,0.17627619869131772,86.3080684596577,13.691931540342297,59.41320293398533,40.58679706601467,0.726161369193154,0.1882640586797066
2007-05-08,1507.719970703125,0.1749046948465789,86.3080684596577,13.691931540342297,59.41320293398533,40.58679706601467,0.726161369193154,0.1882640586797066
2007-05-09,1512.5799560546875,0.17869188326179475,86.79706601466992,13.202933985330073,59.65770171149144,40.34229828850856,0.7359413202933985,0.19315403422982885
2007-05-10,1491.469970703125,0.16224173245154394,86.79706601466992,13.202933985330073,60.14669926650367,39.85330073349633,0.7359413202933985,0.20293398533007334
2007-05-11,1505.8499755859375,0.17344748390209608,87.04156479217605,12.95843520782396,60.14669926650367,39.85330073349633,0.7408312958435208,0.20293398533007334
2007-05-14,1503.1500244140625,0.17134352204622627,87.04156479217605,12.95843520782396,60.14669926650367,39.85330073349633,0.7408312958435208,0.20293398533007334
2007-05-15,1501.18994140625,0.16981610928197544,87.04156479217605,12.95843520782396,59.90220048899756,40.09779951100245,0.7408312958435208,0.1980440097799511
2007-05-16,1514.1400146484375,0.17990757331143836,87.04156479217605,12.95843520782396,59.65770171149144,40.34229828850856,0.7408312958435208,0.19315403422982885
2007-05-17,1512.75,0.17882439157471763,86.79706601466992,13.202933985330073,58.924205378973106,41.075794621026894,0.7359413202933985,0.1784841075794621
2007-05-18,1522.75,0.186616983817816,87.04156479217605,12.95843520782396,58.924205378973106,41.075794621026894,0.7408312958435208,0.1784841075794621
2007-05-21,1525.0999755859375,0.18844822397006067,87.04156479217605,12.95843520782396,59.168704156479215,40.831295843520785,0.7408312958435208,0.18337408312958436
2007-05-22,1524.1199951171875,0.18768456515014376,87.04156479217605,12.95843520782396,59.168704156479215,40.831295843520785,0.7408312958435208,0.18337408312958436
2007-05-23,1522.280029296875,0.1862507548122505,87.04156479217605,12.95843520782396,59.168704156479215,40.831295843520785,0.7408312958435208,0.18337408312958436
2007-05-24,1507.510009765625,0.1747410808492873,87.28606356968214,12.71393643031785,58.679706601467,41.32029339853301,0.7457212713936431,0.17359413202933985
2007-05-25,1515.72998046875,0.18114656884325409,87.28606356968214,12.71393643031785,58.43520782396088,41.56479217603912,0.7457212713936431,0.1687041564792176
2007-05-29,1518.1099853515625,0.18300120960208832,87.3170731707317,12.682926829268293,58.292682926829265,41.70731707317073,0.7463414634146341,0.16585365853658537
2007-05-30,1530.22998046875,0.1924458275957468,87.5609756097561,12.439024390243903,58.536585365853654,41.46341463414634,0.751219512195122,0.17073170731707318
2007-05-31,1530.6199951171875,0.19274975010815765,87.5609756097561,12.439024390243903,58.536585365853654,41.46341463414634,0.751219512195122,0.17073170731707318
2007-06-01,1536.3399658203125,0.19720709004134984,87.5609756097561,12.439024390243903,58.78048780487804,41.21951219512195,0.751219512195122,0.17560975609756097
2007-06-04,1539.1800537109375,0.19942025472796998,87.5609756097561,12.439024390243903,58.536585365853654,41.46341463414634,0.751219512195122,0.17073170731707318
2007-06-05,1530.949951171875,0.1930068714073896,87.5609756097561,12.439024390243903,58.536585365853654,41.46341463414634,0.751219512195122,0.17073170731707318
2007-06-06,1517.3800048828125,0.1824323655882485,87.5609756097561,12.439024390243903,58.78048780487804,41.21951219512195,0.751219512195122,0.17560975609756097
2007-06-07,1490.719970703125,0.16165728803331136,87.5609756097561,12.439024390243903,57.56097560975609,42.4390243902439,0.751219512195122,0.15121951219512195
2007-06-08,1507.6700439453125,0.17486578896001337,87.3170731707317,12.682926829268293,57.56097560975609,42.4390243902439,0.7463414634146341,0.15121951219512195
2007-06-11,1509.1199951171875,0.17599567678549577,87.3170731707317,12.682926829268293,57.80487804878048,42.19512195121951,0.7463414634146341,0.15609756097560976
2007-06-12,1493.0,0.16343402189459777,87.3170731707317,12.682926829268293,57.80487804878048,42.19512195121951,0.7463414634146341,0.15609756097560976
2007-06-13,1515.6700439453125,0.18109986275449197,87.3170731707317,12.682926829268293,58.048780487804876,41.951219512195124,0.7463414634146341,0.16097560975609757
2007-06-14,1522.969970703125,0.18678839801730351,87.3170731707317,12.682926829268293,58.536585365853654,41.46341463414634,0.7463414634146341,0.17073170731707318
2007-06-15,1532.9100341796875,0.1945342841716402,87.3170731707317,12.682926829268293,58.292682926829265,41.70731707317073,0.7463414634146341,0.16585365853658537
2007-06-18,1531.050048828125,0.193084873429354,87.5609756097561,12.439024390243903,57.3170731707317,42.68292682926829,0.751219512195122,0.14634146341463414
2007-06-19,1533.699951171875,0.19514983427424126,87.5609756097561,12.439024390243903,57.073170731707314,42.926829268292686,0.751219512195122,0.14146341463414633
2007-06-20,1512.8399658203125,0.17889449827006798,87.5609756097561,12.439024390243903,56.82926829268292,43.170731707317074,0.751219512195122,0.13658536585365855
2007-06-21,1522.18994140625,0.1861805529924816,87.5609756097561,12.439024390243903,56.58536585365853,43.41463414634146,0.751219512195122,0.13170731707317074
2007-06-22,1502.56005859375,0.17088378573871976,87.5609756097561,12.439024390243903,56.82926829268292,43.170731707317074,0.751219512195122,0.13658536585365855
2007-06-25,1497.739990234375,0.16712770300787283,87.3170731707317,12.682926829268293,55.85365853658537,44.146341463414636,0.7463414634146341,0.11707317073170732
2007-06-26,1492.8900146484375,0.16334831479485334,87.07317073170732,12.926829268292684,55.60975609756098,44.390243902439025,0.7414634146341463,0.11219512195121951
2007-06-27,1506.3399658203125,0.1738293133120541,87.3170731707317,12.682926829268293,55.60975609756098,44.390243902439025,0.7463414634146341,0.11219512195121951
2007-06-28,1505.7099609375,0.1733383761957623,87.3170731707317,12.682926829268293,55.60975609756098,44.390243902439025,0.7463414634146341,0.11219512195121951
2007-06-29,1503.3499755859375,0.17149933584132104,87.3170731707317,12.682926829268293,55.1219512195122,44.87804878048781,0.7463414634146341,0.1024390243902439
2007-07-02,1519.4300537109375,0.18402988504785034,87.07317073170732,12.926829268292684,55.1219512195122,44.87804878048781,0.7414634146341463,0.1024390243902439
2007-07-03,1524.8699951171875,0.18826900956837567,87.07317073170732,12.926829268292684,55.1219512195122,44.87804878048781,0.7414634146341463,0.1024390243902439
2007-07-05,1525.4000244140625,0.18868203978711984,87.07317073170732,12.926829268292684,54.390243902439025,45.609756097560975,0.7414634146341463,0.08780487804878048
2007-07-06,1530.43994140625,0.19260944159303772,87.07317073170732,12.926829268292684,54.390243902439025,45.609756097560975,0.7414634146341463,0.08780487804878048
2007-07-09,1531.8499755859375,0.19370822373415164,87.07317073170732,12.926829268292684,54.87804878048781,45.1219512195122,0.7414634146341463,0.0975609756097561
2007-07-10,1510.1199951171875,0.17677493600980543,86.58536585365853,13.414634146341465,55.1219512195122,44.87804878048781,0.7317073170731707,0.1024390243902439
2007-07-11,1518.760009765625,0.18350774712277262,86.82926829268293,13.170731707317074,55.1219512195122,44.87804878048781,0.7365853658536585,0.1024390243902439
2007-07-12,1547.699951171875,0.20605946341457937,87.07317073170732,12.926829268292684,55.1219512195122,44.87804878048781,0.7414634146341463,0.1024390243902439
2007-07-13,1552.5,0.20979994574103356,87.07317073170732,12.926829268292684,55.365853658536594,44.63414634146341,0.7414634146341463,0.1073170731707317
2007-07-16,1549.52001953125,0.20747776847249688,87.07317073170732,12.926829268292684,55.365853658536594,44.63414634146341,0.7414634146341463,0.1073170731707317
2007-07-17,1549.3699951171875,0.20736086056396696,87.3170731707317,12.682926829268293,55.60975609756098,44.390243902439025,0.7463414634146341,0.11219512195121951
2007-07-18,1546.1700439453125,0.20486726909594233,87.3170731707317,12.682926829268293,55.60975609756098,44.390243902439025,0.7463414634146341,0.11219512195121951
2007-07-19,1553.0799560546875,0.21025188184634303,87.3170731707317,12.682926829268293,55.365853658536594,44.63414634146341,0.7463414634146341,0.1073170731707317
2007-07-20,1534.0999755859375,0.19546155698884893,87.07317073170732,12.926829268292684,55.60975609756098,44.390243902439025,0.7414634146341463,0.11219512195121951
2007-07-23,1541.5699462890625,0.20128260056458336,87.07317073170732,12.926829268292684,55.365853658536594,44.63414634146341,0.7414634146341463,0.1073170731707317
2007-07-24,1511.0400390625,0.17749188874096067,85.36585365853658,14.634146341463413,54.87804878048781,45.1219512195122,0.7073170731707317,0.0975609756097561
2007-07-25,1518.0899658203125,0.1829856091976949,85.36585365853658,14.634146341463413,55.365853658536594,44.63414634146341,0.7073170731707317,0.1073170731707317
2007-07-26,1482.6600341796875,0.15537650815007065,84.14634146341463,15.853658536585366,55.60975609756098,44.390243902439025,0.6829268292682927,0.11219512195121951
2007-07-27,1458.949951171875,0.13690020725708063,83.17073170731707,16.82926829268293,55.365853658536594,44.63414634146341,0.6634146341463415,0.1073170731707317
2007-07-30,1473.9100341796875,0.14855798993735947,82.92682926829268,17.073170731707318,55.85365853658537,44.146341463414636,0.6585365853658537,0.11707317073170732
2007-07-31,1455.27001953125,0.1340325865812939,82.1951219512195,17.804878048780488,55.85365853658537,44.146341463414636,0.6439024390243903,0.11707317073170732
2007-08-01,1465.81005859375,0.14224600924533304,81.95121951219512,18.048780487804876,55.60975609756098,44.390243902439025,0.6390243902439025,0.11219512195121951
2007-08-02,1472.199951171875,0.14722539197918594,81.70731707317073,18.29268292682927,55.85365853658537,44.146341463414636,0.6341463414634146,0.11707317073170732
2007-08-03,1433.06005859375,0.11672526964918561,79.26829268292683,20.73170731707317,55.85365853658537,44.146341463414636,0.5853658536585366,0.11707317073170732
2007-08-06,1467.6700439453125,0.14369541998761926,79.26829268292683,20.73170731707317,56.34146341463414,43.65853658536585,0.5853658536585366,0.12682926829268293
2007-08-07,1476.7099609375,0.15073985869077666,79.51219512195122,20.48780487804878,56.58536585365853,43.41463414634146,0.5902439024390244,0.13170731707317074
2007-08-08,1497.489990234375,0.1669328882017953,79.75609756097562,20.243902439024392,55.85365853658537,44.146341463414636,0.5951219512195122,0.11707317073170732
2007-08-09,1453.0899658203125,0.13233375961755467,79.02439024390245,20.975609756097562,56.09756097560976,43.90243902439025,0.5804878048780487,0.12195121951219512
2007-08-10,1453.6400146484375,0.13276239024069203,79.02439024390245,20.975609756097562,56.09756097560976,43.90243902439025,0.5804878048780487,0.12195121951219512
2007-08-13,1452.9200439453125,0.13220134642904902,79.02439024390245,20.975609756097562,55.85365853658537,44.146341463414636,0.5804878048780487,0.11707317073170732
2007-08-14,1426.5400390625,0.11164448428677853,78.78048780487805,21.21951219512195,55.85365853658537,44.146341463414636,0.5756097560975609,0.11707317073170732
2007-08-15,1406.699951171875,0.09618391278689109,77.8048780487805,22.195121951219512,55.60975609756098,44.390243902439025,0.5560975609756098,0.11219512195121951
2007-08-16,1411.27001953125,0.0997451807116605,77.5609756097561,22.439024390243905,56.09756097560976,43.90243902439025,0.551219512195122,0.12195121951219512
2007-08-17,1445.93994140625,0.1267620371388558,77.8048780487805,22.195121951219512,55.85365853658537,44.146341463414636,0.5560975609756098,0.11707317073170732
2007-08-20,1445.550048828125,0.12645820975086197,77.8048780487805,22.195121951219512,55.60975609756098,44.390243902439025,0.5560975609756098,0.11219512195121951
2007-08-21,1447.1199951171875,0.12768160487828473,77.8048780487805,22.195121951219512,55.60975609756098,44.390243902439025,0.5560975609756098,0.11219512195121951
2007-08-22,1464.0699462890625,0.14089001068056994,77.8048780487805,22.195121951219512,55.60975609756098,44.390243902439025,0.5560975609756098,0.11219512195121951
2007-08-23,1462.5,0.13966661555314697,77.8048780487805,22.195121951219512,55.365853658536594,44.63414634146341,0.5560975609756098,0.1073170731707317
2007-08-24,1479.3699951171875,0.15281271486227732,77.8048780487805,22.195121951219512,55.365853658536594,44.63414634146341,0.5560975609756098,0.1073170731707317
2007-08-27,1466.7900390625,0.14300966806524973,77.8048780487805,22.195121951219512,55.365853658536594,44.63414634146341,0.5560975609756098,0.1073170731707317
2007-08-28,1432.3599853515625,0.11617973111751834,77.8048780487805,22.195121951219512,55.365853658536594,44.63414634146341,0.5560975609756098,0.1073170731707317
2007-08-29,1463.760009765625,0.14064848978573075,77.8048780487805,22.195121951219512,55.60975609756098,44.390243902439025,0.5560975609756098,0.11219512195121951
2007-08-30,1457.6400146484375,0.1358794271379311,77.5609756097561,22.439024390243905,55.60975609756098,44.390243902439025,0.551219512195122,0.11219512195121951
2007-08-31,1473.989990234375,0.1486202964305139,77.5609756097561,22.439024390243905,55.60975609756098,44.390243902439025,0.551219512195122,0.11219512195121951
2007-09-04,1489.4200439453125,0.16064430811635821,77.5609756097561,22.439024390243905,55.60975609756098,44.390243902439025,0.551219512195122,0.11219512195121951
2007-09-05,1472.2900390625,0.14729559379895374,77.3170731707317,22.682926829268293,55.60975609756098,44.390243902439025,0.5463414634146342,0.11219512195121951
2007-09-06,1478.550048828125,0.15217376415308692,77.3170731707317,22.682926829268293,55.365853658536594,44.63414634146341,0.5463414634146342,0.1073170731707317
2007-09-07,1453.550048828125,0.1326922835453408,77.07317073170732,22.926829268292686,55.1219512195122,44.87804878048781,0.5414634146341464,0.1024390243902439
2007-09-10,1451.699951171875,0.13125057788083394,76.82926829268293,23.170731707317074,54.87804878048781,45.1219512195122,0.5365853658536586,0.0975609756097561
2007-09-11,1471.489990234375,0.14667214836973907,76.82926829268293,23.170731707317074,54.87804878048781,45.1219512195122,0.5365853658536586,0.0975609756097561
2007-09-12,1471.56005859375,0.14672674978511435,76.82926829268293,23.170731707317074,55.1219512195122,44.87804878048781,0.5365853658536586,0.1024390243902439
2007-09-13,1483.949951171875,0.1563816878648263,76.82926829268293,23.170731707317074,54.87804878048781,45.1219512195122,0.5365853658536586,0.0975609756097561
2007-09-14,1484.25,0.15661550368188615,76.82926829268293,23.170731707317074,54.87804878048781,45.1219512195122,0.5365853658536586,0.0975609756097561
2007-09-17,1476.6500244140625,0.15069315260201477,76.58536585365854,23.414634146341466,54.87804878048781,45.1219512195122,0.5317073170731708,0.0975609756097561
2007-09-18,1519.780029296875,0.1843026067514748,76.58536585365854,23.414634146341466,54.390243902439025,45.609756097560975,0.5317073170731708,0.08780487804878048
2007-09-19,1529.030029296875,0.1915107545763408,76.58536585365854,23.414634146341466,54.146341463414636,45.85365853658537,0.5317073170731708,0.08292682926829269
2007-09-20,1518.75,0.18349994692057559,76.82926829268293,23.170731707317074,54.146341463414636,45.85365853658537,0.5365853658536586,0.08292682926829269
2007-09-21,1525.75,0.18895476149074453,77.07317073170732,22.926829268292686,54.390243902439025,45.609756097560975,0.5414634146341464,0.08780487804878048
2007-09-24,1517.72998046875,0.18270508729187274,76.82926829268293,23.170731707317074,54.146341463414636,45.85365853658537,0.5365853658536586,0.08292682926829269
2007-09-25,1517.2099609375,0.18229985727532494,76.58536585365854,23.414634146341466,53.90243902439025,46.09756097560976,0.5317073170731708,0.07804878048780488
2007-09-26,1525.4200439453125,0.18869764019151236,76.58536585365854,23.414634146341466,53.90243902439025,46.09756097560976,0.5317073170731708,0.07804878048780488
2007-09-27,1531.3800048828125,0.1933419947285857,76.58536585365854,23.414634146341466,54.146341463414636,45.85365853658537,0.5317073170731708,0.08292682926829269
2007-09-28,1526.75,0.1897340207150544,76.58536585365854,23.414634146341466,54.146341463414636,45.85365853658537,0.5317073170731708,0.08292682926829269
2007-10-01,1547.0400390625,0.20554522081611437,76.58536585365854,23.414634146341466,54.390243902439025,45.609756097560975,0.5317073170731708,0.08780487804878048
2007-10-02,1546.6300048828125,0.20522569789931056,76.58536585365854,23.414634146341466,54.390243902439025,45.609756097560975,0.5317073170731708,0.08780487804878048
2007-10-03,1539.5899658203125,0.1997396825203559,76.34146341463415,23.65853658536585,54.146341463414636,45.85365853658537,0.526829268292683,0.08292682926829269
2007-10-04,1542.8399658203125,0.20227227499936284,76.58536585365854,23.414634146341466,53.90243902439025,46.09756097560976,0.5317073170731708,0.07804878048780488
2007-10-05,1557.5899658203125,0.21376634855793308,76.82926829268293,23.170731707317074,54.146341463414636,45.85365853658537,0.5365853658536586,0.08292682926829269
2007-10-08,1552.5799560546875,0.2098622522341873,76.82926829268293,23.170731707317074,54.146341463414636,45.85365853658537,0.5365853658536586,0.08292682926829269
2007-10-09,1565.1500244140625,0.21965759395343576,77.3170731707317,22.682926829268293,53.65853658536586,46.34146341463415,0.5463414634146342,0.07317073170731707
2007-10-10,1562.469970703125,0.2175691373775417,77.3170731707317,22.682926829268293,53.65853658536586,46.34146341463415,0.5463414634146342,0.07317073170731707
2007-10-11,1554.4100341796875,0.2112883574943012,77.3170731707317,22.682926829268293,53.65853658536586,46.34146341463415,0.5463414634146342,0.07317073170731707
2007-10-12,1561.800048828125,0.21704709457688098,77.3170731707317,22.682926829268293,53.65853658536586,46.34146341463415,0.5463414634146342,0.07317073170731707
2007-10-15,1548.7099609375,0.20684652284108496,77.3170731707317,22.682926829268293,53.41463414634147,46.58536585365854,0.5463414634146342,0.06829268292682927
2007-10-16,1538.530029296875,0.19891371720728412,77.07317073170732,22.926829268292686,53.90243902439025,46.09756097560976,0.5414634146341464,0.07804878048780488
2007-10-17,1541.239990234375,0.2010254792653503,77.07317073170732,22.926829268292686,54.146341463414636,45.85365853658537,0.5414634146341464,0.08292682926829269
2007-10-18,1540.0799560546875,0.20012151193031413,76.58536585365854,23.414634146341466,54.63414634146342,45.36585365853659,0.5317073170731708,0.09268292682926829
2007-10-19,1500.6300048828125,0.1693797735810576,75.36585365853658,24.634146341463413,54.87804878048781,45.1219512195122,0.5073170731707317,0.0975609756097561
2007-10-22,1506.3299560546875,0.17382151310985683,75.36585365853658,24.634146341463413,55.365853658536594,44.63414634146341,0.5073170731707317,0.1073170731707317
2007-10-23,1519.5899658203125,0.18415449803415895,74.93917274939173,25.060827250608277,55.1219512195122,44.87804878048781,0.49878345498783455,0.1024390243902439
2007-10-24,1515.8800048828125,0.18126347675178267,74.69586374695864,25.304136253041364,54.87804878048781,45.1219512195122,0.49391727493917276,0.0975609756097561
2007-10-25,1514.4000244140625,0.18011018831971093,73.72262773722628,26.277372262773724,54.390243902439025,45.609756097560975,0.4744525547445255,0.08780487804878048
2007-10-26,1535.280029296875,0.19638112472827696,73.72262773722628,26.277372262773724,54.87804878048781,45.1219512195122,0.4744525547445255,0.0975609756097561
2007-10-29,1540.97998046875,0.2008228642570764,73.72262773722628,26.277372262773724,54.63414634146342,45.36585365853659,0.4744525547445255,0.09268292682926829
2007-10-30,1531.02001953125,0.19306147282276376,73.72262773722628,26.277372262773724,54.87804878048781,45.1219512195122,0.4744525547445255,0.0975609756097561
2007-10-31,1549.3800048828125,0.20736866076616245,73.72262773722628,26.277372262773724,54.87804878048781,45.1219512195122,0.4744525547445255,0.0975609756097561
2007-11-01,1508.43994140625,0.17546573865822057,72.74939172749392,27.25060827250608,55.1219512195122,44.87804878048781,0.45498783454987834,0.1024390243902439
2007-11-02,1509.6500244140625,0.17640870700423927,72.50608272506082,27.49391727493917,55.365853658536594,44.63414634146341,0.45012165450121655,0.1073170731707317
2007-11-05,1502.1700439453125,0.17057986322630825,72.26277372262774,27.73722627737226,55.60975609756098,44.390243902439025,0.44525547445255476,0.11219512195121951
2007-11-06,1520.27001953125,0.18468443616143304,72.26277372262774,27.73722627737226,55.1219512195122,44.87804878048781,0.44525547445255476,0.1024390243902439
2007-11-07,1475.6199951171875,0.1498904927711151,71.53284671532847,28.467153284671532,55.1219512195122,44.87804878048781,0.4306569343065693,0.1024390243902439
2007-11-08,1474.77001953125,0.14922814145533514,71.53284671532847,28.467153284671532,55.365853658536594,44.63414634146341,0.4306569343065693,0.1073170731707317
2007-11-09,1453.699951171875,0.13280909632945326,71.04622871046229,28.953771289537713,54.87804878048781,45.1219512195122,0.4209245742092457,0.0975609756097561
2007-11-12,1439.1800537109375,0.12149433229698459,70.55961070559611,29.44038929440389,54.63414634146342,45.36585365853659,0.41119221411192214,0.09268292682926829
2007-11-13,1481.050048828125,0.15412191221386107,70.55961070559611,29.44038929440389,54.63414634146342,45.36585365853659,0.41119221411192214,0.09268292682926829
2007-11-14,1470.5799560546875,0.14596299584077999,70.31630170316302,29.683698296836987,54.146341463414636,45.85365853658537,0.40632603406326034,0.08292682926829269
2007-11-15,1451.1500244140625,0.13082204238211337,69.82968369829685,30.170316301703163,54.146341463414636,45.85365853658537,0.39659367396593675,0.08292682926829269
2007-11-16,1458.739990234375,0.13673659325978837,69.82968369829685,30.170316301703163,53.90243902439025,46.09756097560976,0.39659367396593675,0.07804878048780488
2007-11-19,1433.27001953125,0.11688888364647676,69.09975669099757,30.900243309002434,54.390243902439025,45.609756097560975,0.3819951338199513,0.08780487804878048
2007-11-20,1439.699951171875,0.12189946718911537,68.1265206812652,31.873479318734795,54.390243902439025,45.609756097560975,0.36253041362530414,0.08780487804878048
2007-11-21,1416.77001953125,0.10403110644536429,67.39659367396594,32.60340632603406,54.63414634146342,45.36585365853659,0.34793187347931875,0.09268292682926829
2007-11-23,1440.699951171875,0.12267872641342525,67.39659367396594,32.60340632603406,54.63414634146342,45.36585365853659,0.34793187347931875,0.09268292682926829
2007-11-26,1407.219970703125,0.09658914280343844,66.66666666666666,33.33333333333333,55.60975609756098,44.390243902439025,0.3333333333333333,0.11219512195121951
2007-11-27,1428.22998046875,0.11296138671614142,66.66666666666666,33.33333333333333,55.60975609756098,44.390243902439025,0.3333333333333333,0.11219512195121951
2007-11-28,1469.02001953125,0.1447474009155536,66.99029126213593,33.00970873786408,55.85365853658537,44.146341463414636,0.33980582524271846,0.11707317073170732
2007-11-29,1469.719970703125,0.14529284432280365,67.07021791767555,32.92978208232446,55.961070559610704,44.038929440389296,0.3414043583535109,0.1192214111922141
2007-11-30,1481.1400146484375,0.15419201890921208,67.07021791767555,32.92978208232446,55.47445255474452,44.52554744525548,0.3414043583535109,0.10948905109489052
2007-12-03,1472.4200439453125,0.14739690130309047,67.07021791767555,32.92978208232446,55.47445255474452,44.52554744525548,0.3414043583535109,0.10948905109489052
2007-12-04,1462.7900390625,0.13989263116800998,67.07021791767555,32.92978208232446,55.71776155717762,44.28223844282238,0.3414043583535109,0.11435523114355231
2007-12-05,1485.010009765625,0.15720774830231443,67.07021791767555,32.92978208232446,55.47445255474452,44.52554744525548,0.3414043583535109,0.10948905109489052
2007-12-06,1507.3399658203125,0.17460857253636308,67.31234866828088,32.68765133171913,55.47445255474452,44.52554744525548,0.34624697336561744,0.10948905109489052
2007-12-07,1504.6600341796875,0.17252021108488624,67.31234866828088,32.68765133171913,55.47445255474452,44.52554744525548,0.34624697336561744,0.10948905109489052
2007-12-10,1515.9599609375,0.1813257832449373,67.55447941888619,32.445520581113804,55.47445255474452,44.52554744525548,0.35108958837772397,0.10948905109489052
2007-12-11,1477.6500244140625,0.15147241182632398,67.55447941888619,32.445520581113804,55.23114355231144,44.76885644768856,0.35108958837772397,0.10462287104622871
2007-12-12,1486.5899658203125,0.15843894363193378,67.31234866828088,32.68765133171913,54.98783454987834,45.01216545012166,0.34624697336561744,0.09975669099756691
2007-12-13,1488.4100341796875,0.1598572486898513,67.31234866828088,32.68765133171913,54.01459854014598,45.98540145985402,0.34624697336561744,0.08029197080291971
2007-12-14,1467.949951171875,0.14391354027586845,66.58595641646488,33.41404358353511,54.01459854014598,45.98540145985402,0.33171912832929784,0.08029197080291971
2007-12-17,1445.9000244140625,0.12673093145448644,65.85956416464892,34.14043583535109,54.257907542579076,45.742092457420924,0.3171912832929782,0.0851581508515815
2007-12-18,1454.97998046875,0.13380657096643,65.85956416464892,34.14043583535109,54.61165048543689,45.38834951456311,0.3171912832929782,0.09223300970873786
2007-12-19,1453.0,0.1322636529222032,65.61743341404357,34.38256658595641,54.85436893203883,45.14563106796117,0.31234866828087166,0.0970873786407767
2007-12-20,1460.1199951171875,0.13781197479431273,65.37530266343826,34.624697336561745,55.09708737864077,44.90291262135923,0.3075060532687651,0.10194174757281553
2007-12-21,1484.4599609375,0.15677911767917752,65.61743341404357,34.38256658595641,55.09708737864077,44.90291262135923,0.31234866828087166,0.10194174757281553
2007-12-24,1496.449951171875,0.16612242816869927,66.10169491525424,33.89830508474576,55.33980582524271,44.66019417475729,0.3220338983050847,0.10679611650485436
2007-12-26,1497.6600341796875,0.16706539651471752,66.10169491525424,33.89830508474576,55.33980582524271,44.66019417475729,0.3220338983050847,0.10679611650485436
2007-12-27,1476.27001953125,0.15039703029179985,65.85956416464892,34.14043583535109,55.09708737864077,44.90291262135923,0.3171912832929782,0.10194174757281553
2007-12-28,1478.489990234375,0.1521269629399078,65.85956416464892,34.14043583535109,55.09708737864077,44.90291262135923,0.3171912832929782,0.10194174757281553
2007-12-31,1468.3599853515625,0.14423306319267226,65.85956416464892,34.14043583535109,54.85436893203883,45.14563106796117,0.3171912832929782,0.0970873786407767
2008-01-02,1447.1600341796875,0.12771280568707044,65.13317191283294,34.866828087167065,54.47941888619855,45.52058111380145,0.3026634382566586,0.08958837772397095
2008-01-03,1447.1600341796875,0.12771280568707044,64.16464891041163,35.83535108958838,54.47941888619855,45.52058111380145,0.28329297820823246,0.08958837772397095
2008-01-04,1411.6300048828125,0.10002570261748156,61.016949152542374,38.983050847457626,54.47941888619855,45.52058111380145,0.22033898305084745,0.08958837772397095
2008-01-07,1416.1800537109375,0.10357137013785822,60.290556900726386,39.70944309927361,54.23728813559322,45.76271186440678,0.20581113801452786,0.0847457627118644
2008-01-08,1390.18994140625,0.08331833538358158,59.56416464891041,40.43583535108959,54.9636803874092,45.036319612590795,0.19128329297820823,0.09927360774818401
2008-01-09,1409.1300048828125,0.09807755455670697,58.83777239709443,41.162227602905574,54.47941888619855,45.52058111380145,0.17675544794188863,0.08958837772397095
2008-01-10,1420.3299560546875,0.10680521981921043,58.35351089588377,41.64648910411623,54.47941888619855,45.52058111380145,0.16707021791767554,0.08958837772397095
2008-01-11,1401.02001953125,0.09175777366248417,57.6271186440678,42.3728813559322,54.23728813559322,45.76271186440678,0.15254237288135594,0.0847457627118644
2008-01-14,1416.25,0.10362587642881649,57.6271186440678,42.3728813559322,54.23728813559322,45.76271186440678,0.15254237288135594,0.0847457627118644
2008-01-15,1380.949951171875,0.07611798776091216,56.90072639225182,43.09927360774818,54.47941888619855,45.52058111380145,0.13801452784503632,0.08958837772397095
2008-01-16,1373.199951171875,0.07007872877251087,55.690072639225185,44.30992736077482,54.9636803874092,45.036319612590795,0.11380145278450363,0.09927360774818401
2008-01-17,1333.25,0.03894736081109951,53.026634382566584,46.973365617433416,54.9636803874092,45.036319612590795,0.06053268765133172,0.09927360774818401
2008-01-18,1325.18994140625,0.032666485803442,52.05811138014528,47.94188861985472,55.205811138014525,44.794188861985475,0.04116222760290557,0.10411622276029056
2008-01-22,1310.5,0.021219213458050445,50.12106537530266,49.87893462469734,54.9636803874092,45.036319612590795,0.002421307506053269,0.09927360774818401
2008-01-23,1338.5999755859375,0.0431163786362736,50.12106537530266,49.87893462469734,55.44794188861986,44.55205811138014,0.002421307506053269,0.1089588377723971
2008-01-24,1352.0699462890625,0.053612977557867314,49.87893462469734,50.12106537530266,54.72154963680388,45.27845036319613,-0.002421307506053269,0.09443099273607748
2008-01-25,1330.6099853515625,0.03689010504399137,49.63680387409201,50.363196125908,54.72154963680388,45.27845036319613,-0.007263922518159807,0.09443099273607748
2008-01-28,1353.9599609375,0.05508578890674287,49.39467312348668,50.60532687651331,54.72154963680388,45.27845036319613,-0.012106537530266344,0.09443099273607748
2008-01-29,1362.300048828125,0.06158487932706702,49.39467312348668,50.60532687651331,54.9636803874092,45.036319612590795,-0.012106537530266344,0.09927360774818401
2008-01-30,1355.81005859375,0.056527494571249504,48.6682808716707,51.3317191283293,55.205811138014525,44.794188861985475,-0.026634382566585957,0.10411622276029056
2008-01-31,1378.550048828125,0.07424784172210197,48.91041162227603,51.08958837772397,55.205811138014525,44.794188861985475,-0.021791767554479417,0.10411622276029056
2008-02-01,1395.4200439453125,0.08739394103123255,48.91041162227603,51.08958837772397,55.205811138014525,44.794188861985475,-0.021791767554479417,0.10411622276029056
2008-02-04,1380.8199462890625,0.076016680256775,48.91041162227603,51.08958837772397,55.205811138014525,44.794188861985475,-0.021791767554479417,0.10411622276029056
2008-02-05,1336.6400146484375,0.041589060996439775,48.6682808716707,51.3317191283293,55.205811138014525,44.794188861985475,-0.026634382566585957,0.10411622276029056
2008-02-06,1326.449951171875,0.03364836003602556,48.18401937046005,51.81598062953995,55.44794188861986,44.55205811138014,-0.03631961259079903,0.1089588377723971
2008-02-07,1336.9100341796875,0.04179947620691005,48.18401937046005,51.81598062953995,55.932203389830505,44.06779661016949,-0.03631961259079903,0.11864406779661017
2008-02-08,1331.2900390625,0.03742004317126546,48.18401937046005,51.81598062953995,56.416464891041166,43.583535108958834,-0.03631961259079903,0.12832929782082325
2008-02-11,1339.1300048828125,0.04352940885501799,47.94188861985472,52.05811138014528,56.416464891041166,43.583535108958834,-0.04116222760290557,0.12832929782082325
2008-02-12,1348.8599853515625,0.05111158588764608,47.94188861985472,52.05811138014528,56.416464891041166,43.583535108958834,-0.04116222760290557,0.12832929782082325
2008-02-13,1367.2099609375,0.0654109736288484,47.699757869249396,52.300242130750604,56.416464891041166,43.583535108958834,-0.04600484261501211,0.12832929782082325
2008-02-14,1348.8599853515625,0.05111158588764608,47.45762711864407,52.54237288135594,56.65859564164649,43.341404358353515,-0.05084745762711865,0.13317191283292978
2008-02-15,1349.989990234375,0.05199215261609291,47.21549636803874,52.78450363196126,56.65859564164649,43.341404358353515,-0.05569007263922518,0.13317191283292978
2008-02-19,1348.780029296875,0.05104927939449144,47.21549636803874,52.78450363196126,56.65859564164649,43.341404358353515,-0.05569007263922518,0.13317191283292978
2008-02-20,1360.030029296875,0.05981594566797721,47.21549636803874,52.78450363196126,56.416464891041166,43.583535108958834,-0.05569007263922518,0.12832929782082325
2008-02-21,1342.530029296875,0.046178909242554855,46.973365617433416,53.026634382566584,56.416464891041166,43.583535108958834,-0.06053268765133172,0.12832929782082325
2008-02-22,1353.1099853515625,0.05442343759096291,46.973365617433416,53.026634382566584,56.416464891041166,43.583535108958834,-0.06053268765133172,0.12832929782082325
2008-02-25,1371.800048828125,0.06898784195801078,46.73123486682809,53.26876513317191,56.90072639225182,43.09927360774818,-0.06537530266343826,0.13801452784503632
2008-02-26,1381.2900390625,0.07638300438675794,46.73123486682809,53.26876513317191,56.90072639225182,43.09927360774818,-0.06537530266343826,0.13801452784503632
2008-02-27,1380.02001953125,0.07539332995197756,46.48910411622276,53.510895883777245,56.65859564164649,43.341404358353515,-0.07021791767554479,0.13317191283292978
2008-02-28,1367.6800537109375,0.0657772977588309,46.48910411622276,53.510895883777245,56.65859564164649,43.341404358353515,-0.07021791767554479,0.13317191283292978
2008-02-29,1330.6300048828125,0.03690570544838434,45.036319612590795,54.9636803874092,56.65859564164649,43.341404358353515,-0.09927360774818401,0.13317191283292978
2008-03-03,1331.3399658203125,0.03745894905783098,44.794188861985475,55.205811138014525,56.65859564164649,43.341404358353515,-0.10411622276029056,0.13317191283292978
2008-03-04,1326.75,0.033882175853085394,44.55205811138014,55.44794188861986,56.65859564164649,43.341404358353515,-0.1089588377723971,0.13317191283292978
2008-03-05,1333.699951171875,0.03929798941227203,44.55205811138014,55.44794188861986,56.65859564164649,43.341404358353515,-0.1089588377723971,0.13317191283292978
2008-03-06,1304.3399658203125,0.016418950001465094,42.615012106537534,57.384987893462466,56.90072639225182,43.09927360774818,-0.14769975786924938,0.13801452784503632
2008-03-07,1293.3699951171875,0.007870499140646192,42.13075060532688,57.869249394673126,56.90072639225182,43.09927360774818,-0.15738498789346247,0.13801452784503632
2008-03-10,1273.3699951171875,-0.007714685345550754,39.46731234866828,60.53268765133172,56.90072639225182,43.09927360774818,-0.2106537530266344,0.13801452784503632
2008-03-11,1320.6500244140625,0.029128713609678725,39.22518159806295,60.77481840193705,54.9636803874092,45.036319612590795,-0.21549636803874092,0.09927360774818401
2008-03-12,1308.77001953125,0.019871110219901178,39.22518159806295,60.77481840193705,55.44794188861986,44.55205811138014,-0.21549636803874092,0.1089588377723971
2008-03-13,1315.47998046875,0.02509990917520666,38.983050847457626,61.016949152542374,55.44794188861986,44.55205811138014,-0.22033898305084745,0.1089588377723971
2008-03-14,1288.1400146484375,0.0037949886174122316,38.256658595641646,61.743341404358354,55.690072639225185,44.30992736077482,-0.23486682808716708,0.11380145278450363
2008-03-17,1276.5999755859375,-0.005197693270936665,37.77239709443099,62.227602905569015,55.932203389830505,44.06779661016949,-0.24455205811138014,0.11864406779661017
2008-03-18,1330.739990234375,0.03699141254812832,37.77239709443099,62.227602905569015,56.17433414043583,43.82566585956417,-0.24455205811138014,0.1234866828087167
2008-03-19,1298.4200439453125,0.011805796273177682,37.28813559322034,62.71186440677966,56.65859564164649,43.341404358353515,-0.2542372881355932,0.13317191283292978
2008-03-20,1329.510009765625,0.036032938922133884,37.530266343825666,62.469733656174334,55.932203389830505,44.06779661016949,-0.24939467312348668,0.11864406779661017
2008-03-24,1349.8800048828125,0.05190644551634893,37.28813559322034,62.71186440677966,55.932203389830505,44.06779661016949,-0.2542372881355932,0.11864406779661017
2008-03-25,1352.989990234375,0.05432993028902233,37.28813559322034,62.71186440677966,55.932203389830505,44.06779661016949,-0.2542372881355932,0.11864406779661017
2008-03-26,1341.1300048828125,0.04508792730363753,37.04600484261501,62.95399515738499,56.17433414043583,43.82566585956417,-0.25907990314769974,0.1234866828087167
2008-03-27,1325.760009765625,0.03311071683097211,36.803874092009686,63.19612590799032,56.17433414043583,43.82566585956417,-0.2639225181598063,0.1234866828087167
2008-03-28,1315.219970703125,0.02489729416693276,36.803874092009686,63.19612590799032,56.416464891041166,43.583535108958834,-0.2639225181598063,0.12832929782082325
2008-03-31,1322.699951171875,0.030726137944863785,36.803874092009686,63.19612590799032,56.416464891041166,43.583535108958834,-0.2639225181598063,0.12832929782082325
2008-04-01,1370.1800537109375,0.06772544581960549,37.28813559322034,62.71186440677966,57.14285714285714,42.857142857142854,-0.2542372881355932,0.14285714285714285
2008-04-02,1367.530029296875,0.06566038985030098,37.28813559322034,62.71186440677966,57.384987893462466,42.615012106537534,-0.2542372881355932,0.14769975786924938
2008-04-03,1369.31005859375,0.06704749409943256,37.28813559322034,62.71186440677966,57.384987893462466,42.615012106537534,-0.2542372881355932,0.14769975786924938
2008-04-04,1370.4000244140625,0.06789686001909345,37.28813559322034,62.71186440677966,57.384987893462466,42.615012106537534,-0.2542372881355932,0.14769975786924938
2008-04-07,1372.5400390625,0.06956448617404654,37.28813559322034,62.71186440677966,57.384987893462466,42.615012106537534,-0.2542372881355932,0.14769975786924938
2008-04-08,1365.5400390625,0.0641096716038776,37.04600484261501,62.95399515738499,57.384987893462466,42.615012106537534,-0.25907990314769974,0.14769975786924938
2008-04-09,1354.489990234375,0.05549881912548704,37.04600484261501,62.95399515738499,57.14285714285714,42.857142857142854,-0.25907990314769974,0.14285714285714285
2008-04-10,1360.550048828125,0.06022117568452501,36.95652173913043,63.04347826086957,56.90072639225182,43.09927360774818,-0.2608695652173913,0.13801452784503632
2008-04-11,1332.8299560546875,0.038620037692099096,36.95652173913043,63.04347826086957,57.14285714285714,42.857142857142854,-0.2608695652173913,0.14285714285714285
2008-04-14,1328.3199462890625,0.03510557098050837,36.95652173913043,63.04347826086957,57.14285714285714,42.857142857142854,-0.2608695652173913,0.14285714285714285
2008-04-15,1334.4300537109375,0.039866928550528424,36.71497584541063,63.28502415458937,57.00483091787439,42.99516908212561,-0.26570048309178745,0.14009661835748793
2008-04-16,1364.7099609375,0.06346282556807359,36.95652173913043,63.04347826086957,56.763285024154584,43.23671497584541,-0.2608695652173913,0.13526570048309178
2008-04-17,1365.56005859375,0.06412527200827056,36.95652173913043,63.04347826086957,57.00483091787439,42.99516908212561,-0.2608695652173913,0.14009661835748793
2008-04-18,1390.3299560546875,0.08342744308991512,37.19806763285024,62.80193236714976,57.00483091787439,42.99516908212561,-0.2560386473429952,0.14009661835748793
2008-04-21,1388.1700439453125,0.0817443116549863,37.43961352657005,62.56038647342995,56.763285024154584,43.23671497584541,-0.25120772946859904,0.13526570048309178
2008-04-22,1375.93994140625,0.07221389143716661,37.43961352657005,62.56038647342995,56.763285024154584,43.23671497584541,-0.25120772946859904,0.13526570048309178
2008-04-23,1379.9300537109375,0.07532322325662633,37.68115942028986,62.31884057971014,57.2463768115942,42.7536231884058,-0.2463768115942029,0.14492753623188406
2008-04-24,1388.8199462890625,0.08225075405125404,37.43961352657005,62.56038647342995,57.2463768115942,42.7536231884058,-0.25120772946859904,0.14492753623188406
2008-04-25,1397.8399658203125,0.08927968747443549,37.68115942028986,62.31884057971014,57.00483091787439,42.99516908212561,-0.2463768115942029,0.14009661835748793
2008-04-28,1396.3699951171875,0.0881341992445599,37.92270531400966,62.07729468599034,57.00483091787439,42.99516908212561,-0.24154589371980675,0.14009661835748793
2008-04-29,1390.93994140625,0.08390277980181415,37.92270531400966,62.07729468599034,56.763285024154584,43.23671497584541,-0.24154589371980675,0.13526570048309178
2008-04-30,1385.5899658203125,0.07973376197663984,37.92270531400966,62.07729468599034,56.52173913043478,43.47826086956522,-0.24154589371980675,0.13043478260869565
2008-05-01,1409.3399658203125,0.09824116855399878,37.92270531400966,62.07729468599034,56.763285024154584,43.23671497584541,-0.24154589371980675,0.13526570048309178
2008-05-02,1413.9000244140625,0.10179463627657181,38.164251207729464,61.83574879227053,56.763285024154584,43.23671497584541,-0.23671497584541062,0.13526570048309178
2008-05-05,1407.489990234375,0.09679955801390894,38.164251207729464,61.83574879227053,56.52173913043478,43.47826086956522,-0.23671497584541062,0.13043478260869565
2008-05-06,1418.260009765625,0.10519219507963284,38.405797101449274,61.59420289855072,56.52173913043478,43.47826086956522,-0.2318840579710145,0.13043478260869565
2008-05-07,1392.5699462890625,0.08517297614241603,38.164251207729464,61.83574879227053,56.52173913043478,43.47826086956522,-0.23671497584541062,0.13043478260869565
2008-05-08,1397.6800537109375,0.08915507448812643,38.164251207729464,61.83574879227053,56.52173913043478,43.47826086956522,-0.23671497584541062,0.13043478260869565
2008-05-09,1388.280029296875,0.0818300187547305,38.405797101449274,61.59420289855072,56.763285024154584,43.23671497584541,-0.2318840579710145,0.13526570048309178
2008-05-12,1403.5799560546875,0.09375262781202087,38.405797101449274,61.59420289855072,57.00483091787439,42.99516908212561,-0.2318840579710145,0.14009661835748793
2008-05-13,1403.0400390625,0.09333189251549712,38.405797101449274,61.59420289855072,57.00483091787439,42.99516908212561,-0.2318840579710145,0.14009661835748793
2008-05-14,1408.6600341796875,0.0977113255511417,38.64734299516908,61.35265700483091,57.00483091787439,42.99516908212561,-0.22705314009661837,0.14009661835748793
2008-05-15,1423.5699462890625,0.10933001209602122,38.88888888888889,61.111111111111114,57.00483091787439,42.99516908212561,-0.2222222222222222,0.14009661835748793
2008-05-16,1425.3499755859375,0.1107171163451528,39.130434782608695,60.86956521739131,57.00483091787439,42.99516908212561,-0.21739130434782608,0.14009661835748793
2008-05-19,1426.6300048828125,0.11171459098212955,39.130434782608695,60.86956521739131,57.00483091787439,42.99516908212561,-0.21739130434782608,0.14009661835748793
2008-05-20,1413.4000244140625,0.10140500666441699,39.130434782608695,60.86956521739131,57.00483091787439,42.99516908212561,-0.21739130434782608,0.14009661835748793
2008-05-21,1390.7099609375,0.08372356540012982,39.036144578313255,60.96385542168675,56.867469879518076,43.132530120481924,-0.21927710843373494,0.13734939759036144
2008-05-22,1394.3499755859375,0.08656008039154761,39.036144578313255,60.96385542168675,57.10843373493976,42.89156626506024,-0.21927710843373494,0.14216867469879518
2008-05-23,1375.9300537109375,0.07220618635938725,39.036144578313255,60.96385542168675,57.10843373493976,42.89156626506024,-0.21927710843373494,0.14216867469879518
2008-05-27,1385.3499755859375,0.07954674737275913,39.277108433734945,60.722891566265055,57.10843373493976,42.89156626506024,-0.21445783132530122,0.14216867469879518
2008-05-28,1390.8399658203125,0.08382487290426677,39.277108433734945,60.722891566265055,57.34939759036145,42.65060240963855,-0.21445783132530122,0.14698795180722893
2008-05-29,1398.260009765625,0.0896070105934359,39.51807228915663,60.48192771084337,57.34939759036145,42.65060240963855,-0.20963855421686747,0.14698795180722893
2008-05-30,1400.3800048828125,0.09125903634399601,39.75903614457831,60.24096385542169,57.831325301204814,42.168674698795186,-0.20481927710843373,0.1566265060240964
2008-06-02,1385.6700439453125,0.07979616359421171,39.75903614457831,60.24096385542169,58.07228915662651,41.9277108433735,-0.20481927710843373,0.1614457831325301
2008-06-03,1377.6500244140625,0.07354648939534014,39.75903614457831,60.24096385542169,58.07228915662651,41.9277108433735,-0.20481927710843373,0.1614457831325301
2008-06-04,1377.199951171875,0.07319576566975039,40.0,60.0,58.554216867469876,41.445783132530124,-0.2,0.1710843373493976
2008-06-05,1404.050048828125,0.09411895194200337,40.0,60.0,58.31325301204819,41.68674698795181,-0.2,0.16626506024096385
2008-06-06,1360.6800537109375,0.06032248318866218,40.0,60.0,58.554216867469876,41.445783132530124,-0.2,0.1710843373493976
2008-06-09,1361.760009765625,0.0611640489061267,40.0,60.0,58.31325301204819,41.68674698795181,-0.2,0.16626506024096385
2008-06-10,1358.43994140625,0.05857685501174448,40.0,60.0,58.31325301204819,41.68674698795181,-0.2,0.16626506024096385
2008-06-11,1335.489990234375,0.04069289386360042,40.0,60.0,58.31325301204819,41.68674698795181,-0.2,0.16626506024096385
2008-06-12,1339.8699951171875,0.044106053071054196,39.75903614457831,60.24096385542169,58.31325301204819,41.68674698795181,-0.20481927710843373,0.16626506024096385
2008-06-13,1360.030029296875,0.05981594566797743,40.0,60.0,58.31325301204819,41.68674698795181,-0.2,0.16626506024096385
2008-06-16,1360.1400146484375,0.059901652767721414,40.0,60.0,58.65384615384615,41.34615384615385,-0.2,0.17307692307692307
2008-06-17,1350.9300537109375,0.05272470575164112,40.0,60.0,58.65384615384615,41.34615384615385,-0.2,0.17307692307692307
2008-06-18,1337.81005859375,0.04250082853367254,39.75903614457831,60.24096385542169,58.894230769230774,41.105769230769226,-0.20481927710843373,0.1778846153846154
2008-06-19,1342.8299560546875,0.04641262993519768,40.0,60.0,58.894230769230774,41.105769230769226,-0.2,0.1778846153846154
2008-06-20,1317.9300537109375,0.02700915134941617,39.75903614457831,60.24096385542169,58.992805755395686,41.007194244604314,-0.20481927710843373,0.17985611510791366
2008-06-23,1318.0,0.02706365764037444,39.51807228915663,60.48192771084337,58.992805755395686,41.007194244604314,-0.20963855421686747,0.17985611510791366
2008-06-24,1314.2900390625,0.02417263635799838,39.51807228915663,60.48192771084337,58.752997601918466,41.247002398081534,-0.20963855421686747,0.1750599520383693
2008-06-25,1321.969970703125,0.030157293931024398,39.036144578313255,60.96385542168675,58.51318944844125,41.48681055155875,-0.21927710843373494,0.17026378896882494
2008-06-26,1283.1500244140625,-9.350730194024326e-05,38.0722891566265,61.9277108433735,58.51318944844125,41.48681055155875,-0.2385542168674699,0.17026378896882494
2008-06-27,1278.3800048828125,-0.0038105890218049776,37.59036144578313,62.409638554216876,58.752997601918466,41.247002398081534,-0.24819277108433735,0.1750599520383693
2008-06-30,1280.0,-0.0025481928833996914,37.59036144578313,62.409638554216876,58.992805755395686,41.007194244604314,-0.24819277108433735,0.17985611510791366
2008-07-01,1284.9100341796875,0.0012779965427984763,37.59036144578313,62.409638554216876,59.2326139088729,40.7673860911271,-0.24819277108433735,0.18465227817745802
2008-07-02,1261.52001953125,-0.01694888812873896,37.34939759036144,62.65060240963856,59.47242206235012,40.52757793764988,-0.25301204819277107,0.18944844124700239
2008-07-03,1262.9000244140625,-0.015873506594214604,36.86746987951807,63.132530120481924,59.2326139088729,40.7673860911271,-0.26265060240963856,0.18465227817745802
2008-07-07,1252.31005859375,-0.02412583514481903,36.144578313253014,63.85542168674698,58.992805755395686,41.007194244604314,-0.27710843373493976,0.17985611510791366
2008-07-08,1273.699951171875,-0.007457564046318477,36.144578313253014,63.85542168674698,58.992805755395686,41.007194244604314,-0.27710843373493976,0.17985611510791366
2008-07-09,1244.68994140625,-0.0300638817535005,35.903614457831324,64.09638554216868,59.95203836930456,40.04796163069545,-0.2819277108433735,0.19904076738609114
2008-07-10,1253.3900146484375,-0.02328426942735462,35.66265060240964,64.33734939759036,60.19184652278178,39.80815347721823,-0.28674698795180725,0.2038369304556355
2008-07-11,1239.489990234375,-0.034115991670144896,35.42168674698795,64.57831325301204,60.431654676258994,39.568345323741006,-0.29156626506024097,0.20863309352517986
2008-07-14,1228.300048828125,-0.04283585673045187,35.18072289156626,64.81927710843374,60.19184652278178,39.80815347721823,-0.2963855421686747,0.2038369304556355
2008-07-15,1214.9100341796875,-0.05327014915889072,35.18072289156626,64.81927710843374,59.47242206235012,40.52757793764988,-0.2963855421686747,0.18944844124700239
2008-07-16,1245.3599853515625,-0.029541743828422784,35.18072289156626,64.81927710843374,59.71223021582733,40.28776978417266,-0.2963855421686747,0.19424460431654678
2008-07-17,1260.3199462890625,-0.017884056272560955,35.18072289156626,64.81927710843374,60.19184652278178,39.80815347721823,-0.2963855421686747,0.2038369304556355
2008-07-18,1260.6800537109375,-0.01760343924232244,35.18072289156626,64.81927710843374,60.19184652278178,39.80815347721823,-0.2963855421686747,0.2038369304556355
2008-07-21,1260.0,-0.018133377369596637,35.18072289156626,64.81927710843374,59.95203836930456,40.04796163069545,-0.2963855421686747,0.19904076738609114
2008-07-22,1277.0,-0.004885970556329333,35.42168674698795,64.57831325301204,59.95203836930456,40.04796163069545,-0.29156626506024097,0.19904076738609114
2008-07-23,1282.18994140625,-0.0008416608418815308,36.144578313253014,63.85542168674698,60.19184652278178,39.80815347721823,-0.27710843373493976,0.2038369304556355
2008-07-24,1252.5400390625,-0.023946620743134805,36.144578313253014,63.85542168674698,59.95203836930456,40.04796163069545,-0.27710843373493976,0.19904076738609114
2008-07-25,1257.760009765625,-0.01987891042209744,36.144578313253014,63.85542168674698,59.95203836930456,40.04796163069545,-0.27710843373493976,0.19904076738609114
2008-07-28,1234.3699951171875,-0.038105795093634764,36.385542168674704,63.614457831325296,59.71223021582733,40.28776978417266,-0.27228915662650605,0.19424460431654678
2008-07-29,1263.199951171875,-0.015639785901572112,36.385542168674704,63.614457831325296,60.19184652278178,39.80815347721823,-0.27228915662650605,0.2038369304556355
2008-07-30,1284.260009765625,0.0007714590221132855,36.626506024096386,63.373493975903614,59.95203836930456,40.04796163069545,-0.2674698795180723,0.19904076738609114
2008-07-31,1267.3800048828125,-0.012382440489213553,36.385542168674704,63.614457831325296,60.19184652278178,39.80815347721823,-0.27228915662650605,0.2038369304556355
2008-08-01,1260.31005859375,-0.01789176135034065,35.903614457831324,64.09638554216868,60.19184652278178,39.80815347721823,-0.2819277108433735,0.2038369304556355
2008-08-04,1249.010009765625,-0.02669742863480873,35.33653846153847,64.66346153846155,60.04784688995215,39.952153110047846,-0.2932692307692308,0.20095693779904306
2008-08-05,1284.8800048828125,0.0012545959362086911,36.29807692307692,63.70192307692307,59.80861244019139,40.19138755980861,-0.27403846153846156,0.19617224880382775
2008-08-06,1289.18994140625,0.004613153728287189,36.29807692307692,63.70192307692307,60.04784688995215,39.952153110047846,-0.27403846153846156,0.20095693779904306
2008-08-07,1266.0699462890625,-0.013403315732779753,36.29807692307692,63.70192307692307,60.526315789473685,39.473684210526315,-0.27403846153846156,0.21052631578947367
2008-08-08,1296.3199462890625,0.01016927580259308,37.019230769230774,62.980769230769226,60.76555023923444,39.23444976076555,-0.25961538461538464,0.215311004784689
2008-08-11,1305.3199462890625,0.017182608821381562,37.019230769230774,62.980769230769226,60.76555023923444,39.23444976076555,-0.25961538461538464,0.215311004784689
2008-08-12,1289.5899658203125,0.00492487644289441,37.019230769230774,62.980769230769226,61.004784688995215,38.995215311004785,-0.25961538461538464,0.22009569377990432
2008-08-13,1285.8299560546875,0.0019948541495360406,37.019230769230774,62.980769230769226,61.004784688995215,38.995215311004785,-0.25961538461538464,0.22009569377990432
2008-08-14,1292.9300537109375,0.007527670741669379,37.019230769230774,62.980769230769226,61.24401913875598,38.75598086124402,-0.25961538461538464,0.22488038277511962
2008-08-15,1298.199951171875,0.011634286949272044,37.019230769230774,62.980769230769226,61.72248803827751,38.27751196172249,-0.25961538461538464,0.23444976076555024
2008-08-18,1278.5999755859375,-0.00363917482231757,37.019230769230774,62.980769230769226,61.961722488038276,38.038277511961724,-0.25961538461538464,0.23923444976076555
2008-08-19,1266.68994140625,-0.012920178818684458,37.019230769230774,62.980769230769226,61.961722488038276,38.038277511961724,-0.25961538461538464,0.23923444976076555
2008-08-20,1274.5400390625,-0.006802917808318654,37.019230769230774,62.980769230769226,61.72248803827751,38.27751196172249,-0.25961538461538464,0.23444976076555024
2008-08-21,1277.719970703125,-0.0043249267446869855,37.019230769230774,62.980769230769226,61.72248803827751,38.27751196172249,-0.25961538461538464,0.23444976076555024
2008-08-22,1292.199951171875,0.00695873160341276,37.019230769230774,62.980769230769226,61.48325358851675,38.516746411483254,-0.25961538461538464,0.22966507177033493
2008-08-25,1266.8399658203125,-0.012803270910154874,37.25961538461539,62.74038461538461,61.48325358851675,38.516746411483254,-0.2548076923076923,0.22966507177033493
2008-08-26,1271.510009765625,-0.009164096087837748,37.25961538461539,62.74038461538461,61.72248803827751,38.27751196172249,-0.2548076923076923,0.23444976076555024
2008-08-27,1281.6600341796875,-0.0012545959362094683,37.019230769230774,62.980769230769226,61.72248803827751,38.27751196172249,-0.25961538461538464,0.23444976076555024
2008-08-28,1300.6800537109375,0.013566929730070454,37.019230769230774,62.980769230769226,61.961722488038276,38.038277511961724,-0.25961538461538464,0.23923444976076555
2008-08-29,1282.8299560546875,-0.0003429235233939343,37.019230769230774,62.980769230769226,62.20095693779905,37.79904306220095,-0.25961538461538464,0.24401913875598086
2008-09-02,1277.5799560546875,-0.004434034451020641,36.29807692307692,63.70192307692307,63.1578947368421,36.84210526315789,-0.27403846153846156,0.2631578947368421
2008-09-03,1274.97998046875,-0.006460089409342729,36.05769230769231,63.942307692307686,63.8755980861244,36.124401913875595,-0.27884615384615385,0.27751196172248804
2008-09-04,1236.8299560546875,-0.036188847841646665,34.05275779376499,65.94724220623502,64.35406698564593,35.645933014354064,-0.31894484412470026,0.28708133971291866
2008-09-05,1242.31005859375,-0.03191842738791839,34.05275779376499,65.94724220623502,65.311004784689,34.688995215311,-0.31894484412470026,0.3062200956937799
2008-09-08,1267.7900390625,-0.012062917572410403,34.05275779376499,65.94724220623502,66.02870813397129,33.97129186602871,-0.31894484412470026,0.32057416267942584
2008-09-09,1224.510009765625,-0.04578927963040047,33.093525179856115,66.90647482014388,66.02870813397129,33.97129186602871,-0.3381294964028777,0.32057416267942584
2008-09-10,1232.0400390625,-0.03992143484148736,32.853717026378895,67.14628297362111,66.02870813397129,33.97129186602871,-0.34292565947242204,0.32057416267942584
2008-09-11,1249.050048828125,-0.02666622782602346,32.853717026378895,67.14628297362111,66.26794258373205,33.73205741626794,-0.34292565947242204,0.3253588516746411
2008-09-12,1251.699951171875,-0.02460126698113596,32.853717026378895,67.14628297362111,66.26794258373205,33.73205741626794,-0.34292565947242204,0.3253588516746411
2008-09-15,1192.699951171875,-0.0705775612154168,32.37410071942446,67.62589928057554,66.98564593301435,33.014354066985646,-0.35251798561151076,0.3397129186602871
2008-09-16,1213.5999755859375,-0.0542910244024577,32.37410071942446,67.62589928057554,67.70334928229666,32.29665071770335,-0.35251798561151076,0.35406698564593303
2008-09-17,1156.3900146484375,-0.09887241418541037,31.100478468899524,68.89952153110048,67.70334928229666,32.29665071770335,-0.37799043062200954,0.35406698564593303
2008-09-18,1206.510009765625,-0.059815945667977655,32.29665071770335,67.70334928229666,68.6602870813397,31.33971291866029,-0.35406698564593303,0.37320574162679426
2008-09-19,1255.0799560546875,-0.021967366997992066,34.21052631578947,65.78947368421053,69.377990430622,30.62200956937799,-0.3157894736842105,0.3875598086124402
2008-09-22,1207.0899658203125,-0.059364009562668074,33.97129186602871,66.02870813397129,69.377990430622,30.62200956937799,-0.32057416267942584,0.3875598086124402
2008-09-23,1188.219970703125,-0.07406862732041819,33.97129186602871,66.02870813397129,69.377990430622,30.62200956937799,-0.32057416267942584,0.3875598086124402
2008-09-24,1185.8699951171875,-0.07589986747266286,33.73205741626794,66.26794258373205,68.89952153110048,31.100478468899524,-0.3253588516746411,0.37799043062200954
2008-09-25,1209.1800537109375,-0.05773528929428029,33.73205741626794,66.26794258373205,68.89952153110048,31.100478468899524,-0.3253588516746411,0.37799043062200954
2008-09-26,1213.27001953125,-0.054548145701689865,33.65155131264916,66.34844868735084,67.94258373205741,32.057416267942585,-0.3269689737470167,0.3588516746411483
2008-09-29,1106.4200439453125,-0.13781197479431317,30.54892601431981,69.4510739856802,67.46411483253588,32.535885167464116,-0.38902147971360385,0.3492822966507177
2008-09-30,1166.3599853515625,-0.09110322254890135,30.54892601431981,69.4510739856802,67.46411483253588,32.535885167464116,-0.38902147971360385,0.3492822966507177
2008-10-01,1161.06005859375,-0.09523323936309336,30.54892601431981,69.4510739856802,66.74641148325358,33.25358851674641,-0.38902147971360385,0.3349282296650718
2008-10-02,1114.280029296875,-0.1316870087061679,28.639618138424822,71.36038186157518,66.50717703349282,33.49282296650718,-0.42720763723150357,0.33014354066985646
2008-10-03,1099.22998046875,-0.14341489808179786,27.142857142857142,72.85714285714285,66.50717703349282,33.49282296650718,-0.45714285714285713,0.33014354066985646
2008-10-06,1056.8900146484375,-0.17640870700423983,25.118483412322274,74.88151658767772,66.02870813397129,33.97129186602871,-0.4976303317535545,0.32057416267942584
2008-10-07,996.22998046875,-0.22367859818571167,21.09004739336493,78.90995260663507,65.78947368421053,34.21052631578947,-0.5781990521327014,0.3157894736842105
2008-10-08,984.9400024414062,-0.23247641770577476,18.95734597156398,81.04265402843602,65.07177033492823,34.92822966507177,-0.6208530805687204,0.3014354066985646
2008-10-09,909.9199829101562,-0.2909364599334059,13.744075829383887,86.25592417061611,64.67780429594272,35.32219570405728,-0.7251184834123223,0.2935560859188544
2008-10-10,899.219970703125,-0.2992745431459629,12.322274881516588,87.67772511848341,64.04761904761904,35.95238095238095,-0.7535545023696683,0.28095238095238095
2008-10-13,1003.3499755859376,-0.21813027631360216,12.322274881516588,87.67772511848341,63.8095238095238,36.19047619047619,-0.7535545023696683,0.2761904761904762
2008-10-14,998.010009765625,-0.2222914939365801,12.322274881516588,87.67772511848341,64.04761904761904,35.95238095238095,-0.7535545023696683,0.28095238095238095
2008-10-15,907.8400268554688,-0.2925572848751803,11.61137440758294,88.38862559241706,63.8095238095238,36.19047619047619,-0.7677725118483413,0.2761904761904762
2008-10-16,946.4299926757812,-0.2624856980439002,11.374407582938389,88.62559241706161,63.57142857142857,36.42857142857142,-0.7725118483412322,0.2714285714285714
2008-10-17,940.5499877929688,-0.2670677460878187,11.374407582938389,88.62559241706161,62.857142857142854,37.142857142857146,-0.7725118483412322,0.2571428571428571
2008-10-20,985.4000244140624,-0.23211794134019725,11.374407582938389,88.62559241706161,62.857142857142854,37.142857142857146,-0.7725118483412322,0.2571428571428571
2008-10-21,955.0499877929688,-0.2557684873353261,11.137440758293838,88.86255924170617,62.61904761904762,37.38095238095238,-0.7772511848341233,0.2523809523809524
2008-10-22,896.780029296875,-0.3011758899935588,10.66350710900474,89.33649289099526,62.857142857142854,37.142857142857146,-0.7867298578199052,0.2571428571428571
2008-10-23,908.1099853515624,-0.29234691722691863,9.456264775413711,90.54373522458629,60.952380952380956,39.04761904761905,-0.8108747044917257,0.21904761904761905
2008-10-24,876.77001953125,-0.31676887468195214,8.274231678486997,91.725768321513,60.238095238095234,39.76190476190476,-0.83451536643026,0.20476190476190476
2008-10-27,848.9199829101562,-0.3384712726163065,7.328605200945626,92.67139479905437,60.476190476190474,39.523809523809526,-0.8534278959810875,0.20952380952380953
2008-10-28,940.510009765625,-0.26709889933439623,7.328605200945626,92.67139479905437,60.0,40.0,-0.8534278959810875,0.2
2008-10-29,930.0900268554688,-0.2752187671342864,7.328605200945626,92.67139479905437,59.76190476190476,40.23809523809524,-0.8534278959810875,0.19523809523809524
2008-10-30,954.0900268554688,-0.25651654575085014,7.328605200945626,92.67139479905437,59.76190476190476,40.23809523809524,-0.8534278959810875,0.19523809523809524
2008-10-31,968.75,-0.24509262644983965,7.328605200945626,92.67139479905437,59.76190476190476,40.23809523809524,-0.8534278959810875,0.19523809523809524
2008-11-03,966.2999877929688,-0.24700182106184043,7.328605200945626,92.67139479905437,59.76190476190476,40.23809523809524,-0.8534278959810875,0.19523809523809524
2008-11-04,1005.75,-0.21626003515037528,7.328605200945626,92.67139479905437,59.523809523809526,40.476190476190474,-0.8534278959810875,0.19047619047619047
2008-11-05,952.77001953125,-0.2575451736344041,7.328605200945626,92.67139479905437,59.523809523809526,40.476190476190474,-0.8534278959810875,0.19047619047619047
2008-11-06,904.8800048828124,-0.2948639093015326,7.328605200945626,92.67139479905437,59.285714285714285,40.714285714285715,-0.8534278959810875,0.18571428571428572
2008-11-07,930.989990234375,-0.2745174623697326,7.328605200945626,92.67139479905437,59.523809523809526,40.476190476190474,-0.8534278959810875,0.19047619047619047
2008-11-10,919.2100219726562,-0.28369711129975417,6.8557919621749415,93.14420803782507,59.523809523809526,40.476190476190474,-0.8628841607565012,0.19047619047619047
2008-11-11,898.9500122070312,-0.2994849107942249,6.8557919621749415,93.14420803782507,59.04761904761905,40.95238095238095,-0.8628841607565012,0.18095238095238095
2008-11-12,852.2999877929688,-0.3358373726331624,6.619385342789598,93.3806146572104,58.80952380952381,41.19047619047619,-0.8676122931442081,0.1761904761904762
2008-11-13,911.2899780273438,-0.28986887860107824,6.619385342789598,93.3806146572104,59.04761904761905,40.95238095238095,-0.8676122931442081,0.18095238095238095
2008-11-14,873.2899780273438,-0.31948072912485226,6.1465721040189125,93.85342789598108,59.04761904761905,40.95238095238095,-0.8770685579196218,0.18095238095238095
2008-11-17,850.75,-0.337045214918401,5.89622641509434,94.10377358490565,58.432304038004744,41.56769596199525,-0.8820754716981132,0.16864608076009502
2008-11-18,859.1199951171875,-0.3305228190159043,5.89622641509434,94.10377358490565,57.95724465558195,42.042755344418055,-0.8820754716981132,0.15914489311163896
2008-11-19,806.5800170898438,-0.37146508153874835,4.481132075471698,95.51886792452831,56.16113744075829,43.838862559241704,-0.910377358490566,0.12322274881516587
2008-11-20,752.4400024414062,-0.41365418735781334,4.009433962264151,95.99056603773585,54.976303317535546,45.023696682464454,-0.9198113207547169,0.0995260663507109
2008-11-21,800.030029296875,-0.37656921994553616,4.009433962264151,95.99056603773585,54.976303317535546,45.023696682464454,-0.9198113207547169,0.0995260663507109
2008-11-24,851.8099975585938,-0.33621920204312095,4.009433962264151,95.99056603773585,54.739336492891,45.26066350710901,-0.9198113207547169,0.0947867298578199
2008-11-25,857.3900146484375,-0.3318709222540537,4.245283018867925,95.75471698113208,54.02843601895735,45.97156398104265,-0.9150943396226415,0.08056872037914692
2008-11-26,887.6799926757812,-0.30826717747210364,4.245283018867925,95.75471698113208,54.2654028436019,45.7345971563981,-0.9150943396226415,0.08530805687203792
2008-11-28,896.239990234375,-0.3015967204144996,4.245283018867925,95.75471698113208,54.60992907801418,45.39007092198582,-0.9150943396226415,0.09219858156028368
2008-12-01,816.2100219726562,-0.36396081140366787,4.009433962264151,95.99056603773585,54.48113207547169,45.5188679245283,-0.9198113207547169,0.08962264150943396
2008-12-02,848.8099975585938,-0.33855697971605037,4.009433962264151,95.99056603773585,54.48113207547169,45.5188679245283,-0.9198113207547169,0.08962264150943396
2008-12-03,870.739990234375,-0.32146783063440065,4.009433962264151,95.99056603773585,53.5377358490566,46.4622641509434,-0.9198113207547169,0.07075471698113207
2008-12-04,845.219970703125,-0.3413545412586946,4.009433962264151,95.99056603773585,53.5377358490566,46.4622641509434,-0.9198113207547169,0.07075471698113207
2008-12-05,876.0700073242188,-0.3173143656514108,4.009433962264151,95.99056603773585,53.301886792452834,46.69811320754717,-0.9198113207547169,0.0660377358490566
2008-12-08,909.7000122070312,-0.2911078741328941,4.009433962264151,95.99056603773585,53.06603773584906,46.93396226415094,-0.9198113207547169,0.06132075471698113
2008-12-09,888.6699829101562,-0.30749571844999024,4.009433962264151,95.99056603773585,53.06603773584906,46.93396226415094,-0.9198113207547169,0.06132075471698113
2008-12-10,899.239990234375,-0.29925894274157017,4.009433962264151,95.99056603773585,53.06603773584906,46.93396226415094,-0.9198113207547169,0.06132075471698113
2008-12-11,873.5900268554688,-0.31924691330779253,4.009433962264151,95.99056603773585,53.06603773584906,46.93396226415094,-0.9198113207547169,0.06132075471698113
2008-12-12,879.72998046875,-0.31446229781780854,4.009433962264151,95.99056603773585,52.594339622641506,47.40566037735849,-0.9198113207547169,0.05188679245283019
2008-12-15,868.5700073242188,-0.3231588098337347,4.009433962264151,95.99056603773585,52.83018867924528,47.16981132075472,-0.9198113207547169,0.05660377358490566
2008-12-16,913.1799926757812,-0.28839606725220257,4.009433962264151,95.99056603773585,52.83018867924528,47.16981132075472,-0.9198113207547169,0.05660377358490566
2008-12-17,904.4199829101562,-0.29522238566711023,4.009433962264151,95.99056603773585,52.83018867924528,47.16981132075472,-0.9198113207547169,0.05660377358490566
2008-12-18,885.280029296875,-0.3101373710731221,4.245283018867925,95.75471698113208,52.594339622641506,47.40566037735849,-0.9150943396226415,0.05188679245283019
2008-12-19,887.8800048828125,-0.3081113161147999,4.245283018867925,95.75471698113208,52.83018867924528,47.16981132075472,-0.9150943396226415,0.05660377358490566
2008-12-22,871.6300048828125,-0.32077427850983486,4.245283018867925,95.75471698113208,52.83018867924528,47.16981132075472,-0.9150943396226415,0.05660377358490566
2008-12-23,863.1599731445312,-0.3273746288720877,4.245283018867925,95.75471698113208,53.06603773584906,46.93396226415094,-0.9150943396226415,0.06132075471698113
2008-12-24,868.1500244140625,-0.32348608539052637,4.245283018867925,95.75471698113208,53.06603773584906,46.93396226415094,-0.9150943396226415,0.06132075471698113
2008-12-26,872.7999877929688,-0.3198625585348107,4.245283018867925,95.75471698113208,53.06603773584906,46.93396226415094,-0.9150943396226415,0.06132075471698113
2008-12-29,869.4199829101562,-0.3224964585179547,4.009433962264151,95.99056603773585,52.83018867924528,47.16981132075472,-0.9198113207547169,0.05660377358490566
2008-12-30,890.6400146484375,-0.3059605530457514,4.009433962264151,95.99056603773585,52.83018867924528,47.16981132075472,-0.9198113207547169,0.05660377358490566
2008-12-31,903.25,-0.29613410564213427,4.009433962264151,95.99056603773585,52.594339622641506,47.40566037735849,-0.9198113207547169,0.05188679245283019
2009-01-02,931.7999877929688,-0.27388626430053,4.245283018867925,95.75471698113208,52.594339622641506,47.40566037735849,-0.9150943396226415,0.05188679245283019
2009-01-05,927.4500122070312,-0.2772760229013944,4.245283018867925,95.75471698113208,52.594339622641506,47.40566037735849,-0.9150943396226415,0.05188679245283019
2009-01-06,934.7000122070312,-0.27162639352514806,4.245283018867925,95.75471698113208,52.594339622641506,47.40566037735849,-0.9150943396226415,0.05188679245283019
2009-01-07,906.6500244140624,-0.2934846052545975,4.245283018867925,95.75471698113208,52.594339622641506,47.40566037735849,-0.9150943396226415,0.05188679245283019
2009-01-08,909.72998046875,-0.29108452108851324,4.245283018867925,95.75471698113208,52.83018867924528,47.16981132075472,-0.9150943396226415,0.05660377358490566
2009-01-09,890.3499755859375,-0.30618656866061467,4.245283018867925,95.75471698113208,52.83018867924528,47.16981132075472,-0.9150943396226415,0.05660377358490566
2009-01-12,870.260009765625,-0.3218418598421626,4.245283018867925,95.75471698113208,52.83018867924528,47.16981132075472,-0.9150943396226415,0.05660377358490566
2009-01-13,871.7899780273438,-0.3206496179613171,4.009433962264151,95.99056603773585,53.06603773584906,46.93396226415094,-0.9198113207547169,0.06132075471698113
2009-01-14,842.6199951171875,-0.3433805962170168,4.009433962264151,95.99056603773585,53.06603773584906,46.93396226415094,-0.9198113207547169,0.06132075471698113
2009-01-15,843.739990234375,-0.34250782969076643,4.009433962264151,95.99056603773585,53.301886792452834,46.69811320754717,-0.9198113207547169,0.0660377358490566
2009-01-16,850.1199951171875,-0.337536152034693,3.7735849056603774,96.22641509433963,53.301886792452834,46.69811320754717,-0.9245283018867925,0.0660377358490566
2009-01-20,805.219970703125,-0.37252491023108836,3.5377358490566038,96.4622641509434,53.06603773584906,46.93396226415094,-0.9292452830188679,0.06132075471698113
2009-01-21,840.239990234375,-0.3452352369758508,3.5377358490566038,96.4622641509434,53.06603773584906,46.93396226415094,-0.9292452830188679,0.06132075471698113
2009-01-22,827.5,-0.3551629918836049,3.5377358490566038,96.4622641509434,52.83018867924528,47.16981132075472,-0.9292452830188679,0.05660377358490566
2009-01-23,831.9500122070312,-0.35169527882298446,3.5377358490566038,96.4622641509434,52.83018867924528,47.16981132075472,-0.9292452830188679,0.05660377358490566
2009-01-26,836.5700073242188,-0.34809510501164964,3.30188679245283,96.69811320754717,52.358490566037744,47.64150943396226,-0.9339622641509434,0.04716981132075472
2009-01-27,845.7100219726562,-0.3409726642865276,3.30188679245283,96.69811320754717,52.594339622641506,47.40566037735849,-0.9339622641509434,0.05188679245283019
2009-01-28,874.0900268554688,-0.3188572836956376,3.30188679245283,96.69811320754717,52.358490566037744,47.64150943396226,-0.9339622641509434,0.04716981132075472
2009-01-29,845.1400146484375,-0.3414168477518492,3.0660377358490565,96.93396226415094,52.358490566037744,47.64150943396226,-0.9386792452830188,0.04716981132075472
2009-01-30,825.8800048828125,-0.3564253880220102,2.5943396226415096,97.40566037735849,52.83018867924528,47.16981132075472,-0.9481132075471698,0.05660377358490566
2009-02-02,825.4400024414062,-0.35676826398319483,2.358490566037736,97.64150943396226,52.594339622641506,47.40566037735849,-0.9528301886792453,0.05188679245283019
2009-02-03,838.510009765625,-0.34658334021400017,2.358490566037736,97.64150943396226,52.83018867924528,47.16981132075472,-0.9528301886792453,0.05660377358490566
2009-02-04,832.22998046875,-0.3514771109725261,2.358490566037736,97.64150943396226,52.83018867924528,47.16981132075472,-0.9528301886792453,0.05660377358490566
2009-02-05,845.8499755859375,-0.3408636041424027,2.358490566037736,97.64150943396226,51.886792452830186,48.113207547169814,-0.9528301886792453,0.03773584905660377
2009-02-06,868.5999755859375,-0.32313545678935385,2.8301886792452833,97.16981132075472,51.886792452830186,48.113207547169814,-0.9433962264150944,0.03773584905660377
2009-02-09,869.8900146484375,-0.3221301819501806,2.8301886792452833,97.16981132075472,52.12264150943396,47.87735849056604,-0.9433962264150944,0.04245283018867924
2009-02-10,827.1599731445312,-0.35542796094724194,2.8301886792452833,97.16981132075472,52.12264150943396,47.87735849056604,-0.9433962264150944,0.04245283018867924
2009-02-11,833.739990234375,-0.3503004219338649,2.8301886792452833,97.16981132075472,51.886792452830186,48.113207547169814,-0.9433962264150944,0.03773584905660377
2009-02-12,835.1900024414062,-0.3491704865461739,2.8301886792452833,97.16981132075472,51.886792452830186,48.113207547169814,-0.9433962264150944,0.03773584905660377
2009-02-13,826.8400268554688,-0.35567728204427773,2.8301886792452833,97.16981132075472,52.12264150943396,47.87735849056604,-0.9433962264150944,0.04245283018867924
2009-02-17,789.1699829101562,-0.3850320112688196,2.8301886792452833,97.16981132075472,52.83018867924528,47.16981132075472,-0.9433962264150944,0.05660377358490566
2009-02-18,788.4199829101562,-0.38561645568705194,2.8301886792452833,97.16981132075472,53.06603773584906,46.93396226415094,-0.9433962264150944,0.06132075471698113
2009-02-19,778.9400024414062,-0.3930038179136025,2.8301886792452833,97.16981132075472,53.06603773584906,46.93396226415094,-0.9433962264150944,0.06132075471698113
2009-02-20,770.0499877929688,-0.399931443832647,2.8301886792452833,97.16981132075472,52.594339622641506,47.40566037735849,-0.9433962264150944,0.05188679245283019
2009-02-23,743.3300170898438,-0.420753227476346,2.5943396226415096,97.40566037735849,52.83018867924528,47.16981132075472,-0.9481132075471698,0.05660377358490566
2009-02-24,773.1400146484375,-0.39752351190215796,2.5943396226415096,97.40566037735849,52.594339622641506,47.40566037735849,-0.9481132075471698,0.05188679245283019
2009-02-25,764.9000244140625,-0.4039446003005177,2.5943396226415096,97.40566037735849,52.358490566037744,47.64150943396226,-0.9481132075471698,0.04716981132075472
2009-02-26,752.8300170898438,-0.4133502648454025,2.358490566037736,97.64150943396226,52.358490566037744,47.64150943396226,-0.9528301886792453,0.04716981132075472
2009-02-27,735.0900268554688,-0.4271743158747058,2.358490566037736,97.64150943396226,52.83018867924528,47.16981132075472,-0.9528301886792453,0.05660377358490566
2009-03-02,700.8200073242188,-0.45387954471171077,2.1226415094339623,97.87735849056604,52.358490566037744,47.64150943396226,-0.9575471698113207,0.04716981132075472
2009-03-03,696.3300170898438,-0.45737841101890864,2.1226415094339623,97.87735849056604,52.358490566037744,47.64150943396226,-0.9575471698113207,0.04716981132075472
2009-03-04,712.8699951171875,-0.44448948057121895,2.1226415094339623,97.87735849056604,52.358490566037744,47.64150943396226,-0.9575471698113207,0.04716981132075472
2009-03-05,682.5499877929688,-0.46811662595975845,2.1226415094339623,97.87735849056604,52.594339622641506,47.40566037735849,-0.9575471698113207,0.05188679245283019
2009-03-06,683.3800048828125,-0.46746982748616295,2.1226415094339623,97.87735849056604,52.594339622641506,47.40566037735849,-0.9575471698113207,0.05188679245283019
2009-03-09,676.530029296875,-0.47280773414780186,2.1226415094339623,97.87735849056604,52.83018867924528,47.16981132075472,-0.9575471698113207,0.05660377358490566
2009-03-10,719.5999755859375,-0.4392450812115205,2.1226415094339623,97.87735849056604,52.83018867924528,47.16981132075472,-0.9575471698113207,0.05660377358490566
2009-03-11,721.3599853515625,-0.4378735773667818,2.1226415094339623,97.87735849056604,53.06603773584906,46.93396226415094,-0.9575471698113207,0.06132075471698113
2009-03-12,750.739990234375,-0.4149789375515819,2.1226415094339623,97.87735849056604,53.06603773584906,46.93396226415094,-0.9575471698113207,0.06132075471698113
2009-03-13,756.5499877929688,-0.41045144336083006,2.1226415094339623,97.87735849056604,52.83018867924528,47.16981132075472,-0.9575471698113207,0.05660377358490566
2009-03-16,753.8900146484375,-0.41252425197012255,2.1226415094339623,97.87735849056604,52.83018867924528,47.16981132075472,-0.9575471698113207,0.05660377358490566
2009-03-17,778.1199951171875,-0.39364281618500174,2.358490566037736,97.64150943396226,52.83018867924528,47.16981132075472,-0.9528301886792453,0.05660377358490566
2009-03-18,794.3499755859375,-0.38099545419435965,2.358490566037736,97.64150943396226,52.83018867924528,47.16981132075472,-0.9528301886792453,0.05660377358490566
2009-03-19,784.0399780273438,-0.3890296148945058,2.358490566037736,97.64150943396226,52.83018867924528,47.16981132075472,-0.9528301886792453,0.05660377358490566
2009-03-20,768.5399780273438,-0.4011081328713084,2.358490566037736,97.64150943396226,52.83018867924528,47.16981132075472,-0.9528301886792453,0.05660377358490566
2009-03-23,822.9199829101562,-0.3587320124483625,2.358490566037736,97.64150943396226,52.594339622641506,47.40566037735849,-0.9528301886792453,0.05188679245283019
2009-03-24,806.1199951171875,-0.3718235579043262,2.358490566037736,97.64150943396226,52.594339622641506,47.40566037735849,-0.9528301886792453,0.05188679245283019
2009-03-25,813.8800048828125,-0.3657764987137285,2.358490566037736,97.64150943396226,53.06603773584906,46.93396226415094,-0.9528301886792453,0.06132075471698113
2009-03-26,832.8599853515625,-0.35098617385623443,2.5943396226415096,97.40566037735849,53.5377358490566,46.4622641509434,-0.9481132075471698,0.07075471698113207
2009-03-27,815.9400024414062,-0.3641712266141386,2.5943396226415096,97.40566037735849,53.5377358490566,46.4622641509434,-0.9481132075471698,0.07075471698113207
2009-03-30,787.530029296875,-0.38630996024940945,2.5943396226415096,97.40566037735849,53.5377358490566,46.4622641509434,-0.9481132075471698,0.07075471698113207
2009-03-31,797.8699951171875,-0.37825244650488243,2.5943396226415096,97.40566037735849,53.5377358490566,46.4622641509434,-0.9481132075471698,0.07075471698113207
2009-04-01,811.0800170898438,-0.36795841502935434,2.5943396226415096,97.40566037735849,53.5377358490566,46.4622641509434,-0.9481132075471698,0.07075471698113207
2009-04-02,834.3800048828125,-0.34980168461537675,2.5943396226415096,97.40566037735849,53.5377358490566,46.4622641509434,-0.9481132075471698,0.07075471698113207
2009-04-03,842.5,-0.34347410351895746,2.8301886792452833,97.16981132075472,53.77358490566038,46.22641509433962,-0.9433962264150944,0.07547169811320754
2009-04-06,835.47998046875,-0.34894451849351926,2.8301886792452833,97.16981132075472,53.77358490566038,46.22641509433962,-0.9433962264150944,0.07547169811320754
2009-04-07,815.5499877929688,-0.36447514912654944,2.8301886792452833,97.16981132075472,53.77358490566038,46.22641509433962,-0.9433962264150944,0.07547169811320754
2009-04-08,825.1599731445312,-0.3569864793958619,2.8301886792452833,97.16981132075472,53.77358490566038,46.22641509433962,-0.9433962264150944,0.07547169811320754
2009-04-09,856.5599975585938,-0.3325177207276494,2.8301886792452833,97.16981132075472,53.77358490566038,46.22641509433962,-0.9433962264150944,0.07547169811320754
2009-04-13,858.72998046875,-0.3308267415283155,2.8301886792452833,97.16981132075472,54.009433962264154,45.990566037735846,-0.9433962264150944,0.08018867924528301
2009-04-14,841.5,-0.34425336274326734,2.8301886792452833,97.16981132075472,54.24528301886793,45.75471698113208,-0.9433962264150944,0.08490566037735849
2009-04-15,852.0599975585938,-0.33602438723704364,2.8301886792452833,97.16981132075472,54.24528301886793,45.75471698113208,-0.9433962264150944,0.08490566037735849
2009-04-16,865.2999877929688,-0.3257070027171347,2.8301886792452833,97.16981132075472,54.48113207547169,45.5188679245283,-0.9433962264150944,0.08962264150943396
2009-04-17,869.5999755859375,-0.3223561975650441,2.8301886792452833,97.16981132075472,55.42452830188679,44.575471698113205,-0.9433962264150944,0.10849056603773585
2009-04-20,832.3900146484375,-0.3513524028617999,2.8301886792452833,97.16981132075472,55.42452830188679,44.575471698113205,-0.9433962264150944,0.10849056603773585
2009-04-21,850.0800170898438,-0.3375673052812703,2.8301886792452833,97.16981132075472,55.42452830188679,44.575471698113205,-0.9433962264150944,0.10849056603773585
2009-04-22,843.5499877929688,-0.34265589084587367,2.8301886792452833,97.16981132075472,55.660377358490564,44.339622641509436,-0.9433962264150944,0.11320754716981132
2009-04-23,851.9199829101562,-0.33613349494337696,3.0660377358490565,96.93396226415094,55.89622641509434,44.10377358490566,-0.9386792452830188,0.1179245283018868
2009-04-24,866.22998046875,-0.3249822973459914,3.0660377358490565,96.93396226415094,55.89622641509434,44.10377358490566,-0.9386792452830188,0.1179245283018868
2009-04-27,857.510009765625,-0.3317774149521131,3.0660377358490565,96.93396226415094,56.132075471698116,43.86792452830189,-0.9386792452830188,0.12264150943396226
2009-04-28,855.1599731445312,-0.3336087026665664,3.0660377358490565,96.93396226415094,56.367924528301884,43.63207547169811,-0.9386792452830188,0.12735849056603774
2009-04-29,873.6400146484375,-0.3192079598590186,3.0660377358490565,96.93396226415094,56.367924528301884,43.63207547169811,-0.9386792452830188,0.12735849056603774
2009-04-30,872.8099975585938,-0.31985475833261423,3.0660377358490565,96.93396226415094,56.60377358490566,43.39622641509434,-0.9386792452830188,0.1320754716981132
2009-05-01,877.52001953125,-0.3161844302637198,3.0660377358490565,96.93396226415094,56.60377358490566,43.39622641509434,-0.9386792452830188,0.1320754716981132
2009-05-04,907.239990234375,-0.29302486894709145,3.0660377358490565,96.93396226415094,56.60377358490566,43.39622641509434,-0.9386792452830188,0.1320754716981132
2009-05-05,903.7999877929688,-0.29570552258120564,3.0660377358490565,96.93396226415094,57.07547169811321,42.924528301886795,-0.9386792452830188,0.14150943396226415
2009-05-06,919.530029296875,-0.28344774264051,3.0660377358490565,96.93396226415094,57.54716981132076,42.45283018867924,-0.9386792452830188,0.1509433962264151
2009-05-07,907.3900146484376,-0.2929079610385614,3.0660377358490565,96.93396226415094,57.54716981132076,42.45283018867924,-0.9386792452830188,0.1509433962264151
2009-05-08,929.22998046875,-0.27588896621447134,3.0660377358490565,96.93396226415094,57.311320754716974,42.68867924528302,-0.9386792452830188,0.14622641509433962
2009-05-11,909.239990234375,-0.2914663504984717,3.0660377358490565,96.93396226415094,57.311320754716974,42.68867924528302,-0.9386792452830188,0.14622641509433962
2009-05-12,908.3499755859376,-0.29215990262303737,3.0660377358490565,96.93396226415094,57.311320754716974,42.68867924528302,-0.9386792452830188,0.14622641509433962
2009-05-13,883.9199829101562,-0.3111971997654619,3.0660377358490565,96.93396226415094,57.41176470588235,42.58823529411765,-0.9386792452830188,0.14823529411764705
2009-05-14,893.0700073242188,-0.3040669588381435,3.30188679245283,96.69811320754717,57.647058823529406,42.35294117647059,-0.9339622641509434,0.15294117647058825
2009-05-15,882.8800048828125,-0.3120076122363491,3.30188679245283,96.69811320754717,57.647058823529406,42.35294117647059,-0.9339622641509434,0.15294117647058825
2009-05-18,909.7100219726562,-0.2911000739306977,3.30188679245283,96.69811320754717,57.88235294117647,42.11764705882353,-0.9339622641509434,0.15764705882352942
2009-05-19,908.1300048828124,-0.29233131682252567,3.30188679245283,96.69811320754717,57.88235294117647,42.11764705882353,-0.9339622641509434,0.15764705882352942
2009-05-20,903.469970703125,-0.2959626914426462,3.30188679245283,96.69811320754717,57.88235294117647,42.11764705882353,-0.9339622641509434,0.15764705882352942
2009-05-21,888.3300170898438,-0.3077606399514188,3.30188679245283,96.69811320754717,57.88235294117647,42.11764705882353,-0.9339622641509434,0.15764705882352942
2009-05-22,887.0,-0.3087970680371692,3.30188679245283,96.69811320754717,57.647058823529406,42.35294117647059,-0.9339622641509434,0.15294117647058825
2009-05-26,910.3300170898438,-0.2906169370166023,3.30188679245283,96.69811320754717,57.647058823529406,42.35294117647059,-0.9339622641509434,0.15294117647058825
2009-05-27,893.0599975585938,-0.30407475904034,3.30188679245283,96.69811320754717,57.647058823529406,42.35294117647059,-0.9339622641509434,0.15294117647058825
2009-05-28,906.8300170898438,-0.29334434430168677,3.30188679245283,96.69811320754717,57.647058823529406,42.35294117647059,-0.9339622641509434,0.15294117647058825
2009-05-29,919.1400146484376,-0.2837516651529207,3.30188679245283,96.69811320754717,57.647058823529406,42.35294117647059,-0.9339622641509434,0.15294117647058825
2009-06-01,942.8699951171876,-0.26525985897995497,3.30188679245283,96.69811320754717,57.647058823529406,42.35294117647059,-0.9339622641509434,0.15294117647058825
2009-06-02,944.739990234375,-0.26380264803547226,3.30188679245283,96.69811320754717,57.88235294117647,42.11764705882353,-0.9339622641509434,0.15764705882352942
2009-06-03,931.760009765625,-0.2739174175471073,3.30188679245283,96.69811320754717,57.647058823529406,42.35294117647059,-0.9339622641509434,0.15294117647058825
2009-06-04,942.4600219726562,-0.2655793343345503,3.30188679245283,96.69811320754717,57.88235294117647,42.11764705882353,-0.9339622641509434,0.15764705882352942
2009-06-05,940.0900268554688,-0.26742617489118803,3.30188679245283,96.69811320754717,58.11764705882353,41.88235294117647,-0.9339622641509434,0.1623529411764706
2009-06-08,939.1400146484376,-0.268166480666724,3.30188679245283,96.69811320754717,58.11764705882353,41.88235294117647,-0.9339622641509434,0.1623529411764706
2009-06-09,942.4299926757812,-0.26560273494113973,3.30188679245283,96.69811320754717,58.11764705882353,41.88235294117647,-0.9339622641509434,0.1623529411764706
2009-06-10,939.1500244140624,-0.2681586804645276,3.30188679245283,96.69811320754717,58.35294117647059,41.647058823529406,-0.9339622641509434,0.16705882352941176
2009-06-11,944.8900146484376,-0.26368574012694235,3.5377358490566038,96.4622641509434,58.58823529411765,41.411764705882355,-0.9292452830188679,0.17176470588235293
2009-06-12,946.2100219726562,-0.2626571122433885,3.5377358490566038,96.4622641509434,58.82352941176471,41.17647058823529,-0.9292452830188679,0.17647058823529413
2009-06-15,923.719970703125,-0.28018269215037206,3.5377358490566038,96.4622641509434,59.05882352941176,40.94117647058824,-0.9292452830188679,0.1811764705882353
2009-06-16,911.969970703125,-0.28933898803601266,3.5377358490566038,96.4622641509434,59.29411764705882,40.705882352941174,-0.9292452830188679,0.18588235294117647
2009-06-17,910.7100219726562,-0.2903208147063878,3.5377358490566038,96.4622641509434,59.29411764705882,40.705882352941174,-0.9292452830188679,0.18588235294117647
2009-06-18,918.3699951171876,-0.28435170997554615,3.5377358490566038,96.4622641509434,59.529411764705884,40.470588235294116,-0.9292452830188679,0.19058823529411764
2009-06-19,921.22998046875,-0.28212304000895005,3.5377358490566038,96.4622641509434,59.529411764705884,40.470588235294116,-0.9292452830188679,0.19058823529411764
2009-06-22,893.0399780273438,-0.30409035944473284,3.5377358490566038,96.4622641509434,59.529411764705884,40.470588235294116,-0.9292452830188679,0.19058823529411764
2009-06-23,895.0999755859375,-0.302485087345143,3.5377358490566038,96.4622641509434,59.76470588235294,40.23529411764706,-0.9292452830188679,0.1952941176470588
2009-06-24,900.9400024414062,-0.29793419254780173,3.5377358490566038,96.4622641509434,59.76470588235294,40.23529411764706,-0.9292452830188679,0.1952941176470588
2009-06-25,920.260009765625,-0.2828788986266705,3.5377358490566038,96.4622641509434,59.76470588235294,40.23529411764706,-0.9292452830188679,0.1952941176470588
2009-06-26,918.9000244140624,-0.283938679756802,3.5377358490566038,96.4622641509434,60.23529411764705,39.76470588235294,-0.9292452830188679,0.20470588235294118
2009-06-29,927.22998046875,-0.2774474846630911,3.5377358490566038,96.4622641509434,60.23529411764705,39.76470588235294,-0.9292452830188679,0.20470588235294118
2009-06-30,919.3200073242188,-0.2836114042000103,3.7735849056603774,96.22641509433963,60.23529411764705,39.76470588235294,-0.9245283018867925,0.20470588235294118
2009-07-01,923.3300170898438,-0.2804865671005744,3.7735849056603774,96.22641509433963,60.23529411764705,39.76470588235294,-0.9245283018867925,0.20470588235294118
2009-07-02,896.4199829101562,-0.30145645946158905,3.7735849056603774,96.22641509433963,60.705882352941174,39.294117647058826,-0.9245283018867925,0.21411764705882352
2009-07-06,898.719970703125,-0.2996641727581182,3.7735849056603774,96.22641509433963,60.705882352941174,39.294117647058826,-0.9245283018867925,0.21411764705882352
2009-07-07,881.030029296875,-0.31344922277643905,3.7735849056603774,96.22641509433963,60.705882352941174,39.294117647058826,-0.9245283018867925,0.21411764705882352
2009-07-08,879.5599975585938,-0.3145947585685229,3.7735849056603774,96.22641509433963,60.705882352941174,39.294117647058826,-0.9245283018867925,0.21411764705882352
2009-07-09,882.6799926757812,-0.31216347359365304,3.7735849056603774,96.22641509433963,60.47058823529412,39.52941176470588,-0.9245283018867925,0.20941176470588235
2009-07-10,879.1300048828125,-0.3149298343275113,3.7735849056603774,96.22641509433963,60.47058823529412,39.52941176470588,-0.9245283018867925,0.20941176470588235
2009-07-13,901.0499877929688,-0.29784848544805786,4.009433962264151,95.99056603773585,60.47058823529412,39.52941176470588,-0.9198113207547169,0.20941176470588235
2009-07-14,905.8400268554688,-0.29411580332380016,4.009433962264151,95.99056603773585,60.47058823529412,39.52941176470588,-0.9198113207547169,0.20941176470588235
2009-07-15,932.6799926757812,-0.2732005123781608,4.481132075471698,95.51886792452831,60.23529411764705,39.76470588235294,-0.910377358490566,0.20470588235294118
2009-07-16,940.739990234375,-0.2669196849327118,4.716981132075472,95.28301886792453,60.23529411764705,39.76470588235294,-0.9056603773584906,0.20470588235294118
2009-07-17,940.3800048828124,-0.2672002068385334,4.716981132075472,95.28301886792453,60.23529411764705,39.76470588235294,-0.9056603773584906,0.20470588235294118
2009-07-20,951.1300048828124,-0.2588231701772026,5.4245283018867925,94.5754716981132,60.23529411764705,39.76470588235294,-0.8915094339622641,0.20470588235294118
2009-07-21,954.5800170898438,-0.2561347163408919,5.660377358490567,94.33962264150944,60.23529411764705,39.76470588235294,-0.8867924528301887,0.20470588235294118
2009-07-22,954.0700073242188,-0.25653214615524333,6.367924528301887,93.63207547169812,60.705882352941174,39.294117647058826,-0.8726415094339622,0.21411764705882352
2009-07-23,976.2899780273438,-0.23921702902093867,7.547169811320755,92.45283018867924,60.94117647058823,39.05882352941176,-0.8490566037735849,0.2188235294117647
2009-07-24,979.260009765625,-0.23690260439238997,7.783018867924528,92.21698113207547,61.64705882352941,38.35294117647059,-0.8443396226415094,0.23294117647058823
2009-07-27,982.1799926757812,-0.23462718077482358,8.018867924528301,91.98113207547169,61.882352941176464,38.11764705882353,-0.839622641509434,0.2376470588235294
2009-07-28,979.6199951171876,-0.23662208248656835,8.254716981132075,91.74528301886792,62.117647058823536,37.88235294117647,-0.8349056603773585,0.24235294117647058
2009-07-29,975.1500244140624,-0.24010534838937347,8.49056603773585,91.50943396226415,62.117647058823536,37.88235294117647,-0.8301886792452831,0.24235294117647058
2009-07-30,986.75,-0.23106596041226246,8.962264150943396,91.0377358490566,62.35294117647059,37.64705882352941,-0.8207547169811321,0.24705882352941178
2009-07-31,987.47998046875,-0.23049711639842307,8.962264150943396,91.0377358490566,62.588235294117645,37.411764705882355,-0.8207547169811321,0.25176470588235295
2009-08-03,1002.6300048828124,-0.21869132012524561,9.433962264150944,90.56603773584906,62.588235294117645,37.411764705882355,-0.8113207547169812,0.25176470588235295
2009-08-04,1005.6500244140624,-0.216337942047923,9.90566037735849,90.09433962264151,62.588235294117645,37.411764705882355,-0.8018867924528302,0.25176470588235295
2009-08-05,1002.719970703125,-0.21862121342989427,9.90566037735849,90.09433962264151,62.117647058823536,37.88235294117647,-0.8018867924528302,0.24235294117647058
2009-08-06,997.0800170898438,-0.22301619930772332,9.90566037735849,90.09433962264151,61.64705882352941,38.35294117647059,-0.8018867924528302,0.23294117647058823
2009-08-07,1010.47998046875,-0.2125741542392965,9.90566037735849,90.09433962264151,61.411764705882355,38.588235294117645,-0.8018867924528302,0.22823529411764706
2009-08-10,1007.0999755859376,-0.21520805422244038,10.141509433962264,89.85849056603774,61.411764705882355,38.588235294117645,-0.7971698113207547,0.22823529411764706
2009-08-11,994.3499755859376,-0.22514360933239086,10.141509433962264,89.85849056603774,61.411764705882355,38.588235294117645,-0.7971698113207547,0.22823529411764706
2009-08-12,1005.8099975585938,-0.2162132814994051,10.61320754716981,89.38679245283019,61.411764705882355,38.588235294117645,-0.7877358490566038,0.22823529411764706
2009-08-13,1012.72998046875,-0.2108208209845993,10.61320754716981,89.38679245283019,61.1764705882353,38.82352941176471,-0.7877358490566038,0.2235294117647059
2009-08-14,1004.0900268554688,-0.2175535845353579,10.61320754716981,89.38679245283019,61.1764705882353,38.82352941176471,-0.7877358490566038,0.2235294117647059
2009-08-17,979.72998046875,-0.23653637538682415,10.61320754716981,89.38679245283019,61.1764705882353,38.82352941176471,-0.7877358490566038,0.2235294117647059
2009-08-18,989.6699829101562,-0.22879053679469585,10.849056603773585,89.15094339622641,60.94117647058823,39.05882352941176,-0.7830188679245284,0.2188235294117647
2009-08-19,996.4600219726562,-0.22349933622181872,11.320754716981133,88.67924528301887,60.94117647058823,39.05882352941176,-0.7735849056603774,0.2188235294117647
2009-08-20,1007.3699951171876,-0.2149976390119699,12.23529411764706,87.76470588235294,60.94117647058823,39.05882352941176,-0.7552941176470588,0.2188235294117647
2009-08-21,1026.1300048828125,-0.20037872835396398,13.647058823529413,86.3529411764706,61.411764705882355,38.588235294117645,-0.7270588235294118,0.22823529411764706
2009-08-24,1025.5699462890625,-0.2008151591792976,14.352941176470587,85.6470588235294,61.411764705882355,38.588235294117645,-0.7129411764705882,0.22823529411764706
2009-08-25,1028.0,-0.19892151740948127,14.352941176470587,85.6470588235294,61.411764705882355,38.588235294117645,-0.7129411764705882,0.22823529411764706
2009-08-26,1028.1199951171875,-0.1988280101075408,14.352941176470587,85.6470588235294,61.411764705882355,38.588235294117645,-0.7129411764705882,0.22823529411764706
2009-08-27,1030.97998046875,-0.1965993401409446,14.352941176470587,85.6470588235294,61.1764705882353,38.82352941176471,-0.7129411764705882,0.2235294117647059
2009-08-28,1028.9300537109375,-0.19819676447612955,14.823529411764705,85.1764705882353,61.1764705882353,38.82352941176471,-0.7035294117647058,0.2235294117647059
2009-08-31,1020.6199951171876,-0.20467245428986447,15.294117647058824,84.70588235294117,61.1764705882353,38.82352941176471,-0.6941176470588235,0.2235294117647059
2009-09-01,998.0399780273438,-0.22226814089219926,15.529411764705884,84.47058823529412,61.1764705882353,38.82352941176471,-0.6894117647058824,0.2235294117647059
2009-09-02,994.75,-0.22483188661778353,15.529411764705884,84.47058823529412,61.411764705882355,38.588235294117645,-0.6894117647058824,0.22823529411764706
2009-09-03,1003.239990234375,-0.21821598341334625,15.529411764705884,84.47058823529412,61.64705882352941,38.35294117647059,-0.6894117647058824,0.23294117647058823
2009-09-04,1016.4000244140624,-0.20796090538659207,16.235294117647058,83.76470588235294,62.117647058823536,37.88235294117647,-0.6752941176470588,0.24235294117647058
2009-09-08,1025.3900146484375,-0.20095537256999974,16.705882352941178,83.29411764705881,62.35294117647059,37.64705882352941,-0.6658823529411765,0.24705882352941178
2009-09-09,1033.3699951171875,-0.19473689917991377,18.352941176470587,81.64705882352942,62.82352941176471,37.1764705882353,-0.6329411764705882,0.2564705882352941
2009-09-10,1044.1400146484375,-0.18634426211419008,19.483568075117372,80.51643192488262,62.588235294117645,37.411764705882355,-0.6103286384976526,0.25176470588235295
2009-09-11,1042.72998046875,-0.18744304425530367,20.422535211267608,79.5774647887324,63.05882352941177,36.94117647058823,-0.5915492957746479,0.2611764705882353
2009-09-14,1049.3399658203125,-0.1822921521975458,21.830985915492956,78.16901408450704,63.05882352941177,36.94117647058823,-0.5633802816901409,0.2611764705882353
2009-09-15,1052.6300048828125,-0.17972835890975292,23.004694835680752,76.99530516431925,63.76470588235294,36.23529411764706,-0.539906103286385,0.2752941176470588
2009-09-16,1068.760009765625,-0.16715890381665843,25.11737089201878,74.88262910798123,64.0,36.0,-0.49765258215962443,0.28
2009-09-17,1065.489990234375,-0.16970709670005835,25.586854460093893,74.4131455399061,64.0,36.0,-0.48826291079812206,0.28
2009-09-18,1068.300048828125,-0.16751733262002755,26.995305164319248,73.00469483568075,64.0,36.0,-0.460093896713615,0.28
2009-09-21,1064.6600341796875,-0.17035384761144534,27.464788732394368,72.53521126760563,64.47058823529412,35.529411764705884,-0.4507042253521127,0.28941176470588237
2009-09-22,1071.6600341796875,-0.1648990330412764,29.342723004694836,70.65727699530517,64.0,36.0,-0.4131455399061033,0.28
2009-09-23,1060.8699951171875,-0.17330727051139305,29.342723004694836,70.65727699530517,63.76470588235294,36.23529411764706,-0.4131455399061033,0.2752941176470588
2009-09-24,1050.780029296875,-0.18116996944984265,29.342723004694836,70.65727699530517,63.52941176470588,36.470588235294116,-0.4131455399061033,0.27058823529411763
2009-09-25,1044.3800048828125,-0.18615724751030904,29.342723004694836,70.65727699530517,63.76470588235294,36.23529411764706,-0.4131455399061033,0.2752941176470588
2009-09-28,1062.97998046875,-0.1716630449630293,30.51643192488263,69.48356807511738,63.52941176470588,36.470588235294116,-0.38967136150234744,0.27058823529411763
2009-09-29,1060.6099853515625,-0.17350988551966706,30.51643192488263,69.48356807511738,63.76470588235294,36.23529411764706,-0.38967136150234744,0.2752941176470588
2009-09-30,1057.0799560546875,-0.17626069341134087,30.751173708920188,69.24882629107981,64.0,36.0,-0.38497652582159625,0.28
2009-10-01,1029.8499755859375,-0.1974799068693912,30.985915492957744,69.01408450704226,64.0,36.0,-0.38028169014084506,0.28
2009-10-02,1025.2099609375,-0.20109568108511888,30.985915492957744,69.01408450704226,64.0,36.0,-0.38028169014084506,0.28
2009-10-05,1040.4599609375,-0.1892119779143937,31.85011709601874,68.14988290398126,63.76470588235294,36.23529411764706,-0.3629976580796253,0.2752941176470588
2009-10-06,1054.719970703125,-0.17809973376578192,33.021077283372364,66.97892271662764,63.52941176470588,36.470588235294116,-0.3395784543325527,0.27058823529411763
2009-10-07,1057.5799560546875,-0.17587106379918593,33.723653395784545,66.27634660421545,63.76470588235294,36.23529411764706,-0.3255269320843091,0.2752941176470588
2009-10-08,1065.47998046875,-0.16971489690225472,35.831381733021075,64.16861826697892,63.52941176470588,36.470588235294116,-0.28337236533957844,0.27058823529411763
2009-10-09,1071.489990234375,-0.16503154135419928,37.23653395784544,62.76346604215457,63.52941176470588,36.470588235294116,-0.25526932084309134,0.27058823529411763
2009-10-12,1076.18994140625,-0.16136906104970994,39.812646370023415,60.187353629976585,63.05882352941177,36.94117647058823,-0.20374707259953162,0.2611764705882353
2009-10-13,1073.18994140625,-0.16370683872263947,40.04683840749414,59.95316159250586,63.05882352941177,36.94117647058823,-0.1990632318501171,0.2611764705882353
2009-10-14,1092.02001953125,-0.14903332664925828,46.8384074941452,53.161592505854806,61.64705882352941,38.35294117647059,-0.06323185011709602,0.23294117647058823
2009-10-15,1096.56005859375,-0.145495459331078,49.88290398126464,50.11709601873536,61.882352941176464,38.11764705882353,-0.00234192037470726,0.2376470588235294
2009-10-16,1087.6800537109375,-0.15241528504792612,50.585480093676814,49.414519906323186,61.64705882352941,38.35294117647059,0.0117096018735363,0.23294117647058823
2009-10-19,1097.9100341796875,-0.1444434784031432,52.2248243559719,47.7751756440281,62.117647058823536,37.88235294117647,0.04449648711943794,0.24235294117647058
2009-10-20,1091.06005859375,-0.14978138506478222,52.69320843091335,47.306791569086656,61.882352941176464,38.11764705882353,0.053864168618266976,0.2376470588235294
2009-10-21,1081.4000244140625,-0.15730905580645205,53.161592505854806,46.8384074941452,61.411764705882355,38.588235294117645,0.06323185011709602,0.22823529411764706
2009-10-22,1092.9100341796875,-0.14833977452469238,55.97189695550351,44.02810304449648,61.1764705882353,38.82352941176471,0.11943793911007025,0.2235294117647059
2009-10-23,1079.5999755859375,-0.1587117604599766,55.97189695550351,44.02810304449648,61.1764705882353,38.82352941176471,0.11943793911007025,0.2235294117647059
2009-10-26,1066.949951171875,-0.16856940867237946,55.97189695550351,44.02810304449648,61.411764705882355,38.588235294117645,0.11943793911007025,0.22823529411764706
2009-10-27,1063.4100341796875,-0.17132792164183275,56.20608899297424,43.79391100702576,61.411764705882355,38.588235294117645,0.12412177985948478,0.22823529411764706
2009-10-28,1042.6300048828125,-0.1875209511528514,56.440281030444964,43.559718969555036,61.1764705882353,38.82352941176471,0.1288056206088993,0.2235294117647059
2009-10-29,1066.1099853515625,-0.16922395978596294,56.674473067915685,43.32552693208431,61.1764705882353,38.82352941176471,0.13348946135831383,0.2235294117647059
2009-10-30,1036.18994140625,-0.1925394300221036,56.674473067915685,43.32552693208431,61.64705882352941,38.35294117647059,0.13348946135831383,0.23294117647058823
2009-11-02,1042.8800048828125,-0.18732613634677386,56.90866510538641,43.09133489461358,61.64705882352941,38.35294117647059,0.13817330210772832,0.23294117647058823
2009-11-03,1045.4100341796875,-0.18535458767940982,56.90866510538641,43.09133489461358,61.411764705882355,38.588235294117645,0.13817330210772832,0.22823529411764706
2009-11-04,1046.5,-0.18450522175974893,57.14285714285714,42.857142857142854,60.94117647058823,39.05882352941176,0.14285714285714285,0.2188235294117647
2009-11-05,1066.6300048828125,-0.16881872976941514,57.61124121779859,42.38875878220141,60.94117647058823,39.05882352941176,0.1522248243559719,0.2188235294117647
2009-11-06,1069.300048828125,-0.16673807339571778,58.31381733021077,41.68618266978923,60.47058823529412,39.52941176470588,0.16627634660421545,0.20941176470588235
2009-11-09,1093.0799560546875,-0.1482073613361865,61.124121779859486,38.875878220140514,60.705882352941174,39.294117647058826,0.2224824355971897,0.21411764705882352
2009-11-10,1093.010009765625,-0.14826186762714466,61.59250585480094,38.40749414519906,60.705882352941174,39.294117647058826,0.23185011709601874,0.21411764705882352
2009-11-11,1098.510009765625,-0.14397594189344054,62.52927400468384,37.470725995316165,60.705882352941174,39.294117647058826,0.2505854800936768,0.21411764705882352
2009-11-12,1087.239990234375,-0.15275820857131917,62.52927400468384,37.470725995316165,60.94117647058823,39.05882352941176,0.2505854800936768,0.2188235294117647
2009-11-13,1093.47998046875,-0.14789563862157906,62.997658079625296,37.00234192037471,60.705882352941174,39.294117647058826,0.25995316159250587,0.21411764705882352
2009-11-16,1109.300048828125,-0.1355677044233239,65.10538641686182,34.894613583138174,60.47058823529412,39.52941176470588,0.30210772833723654,0.20941176470588235
2009-11-17,1110.3199462890625,-0.13477293991903816,66.1214953271028,33.8785046728972,60.23529411764705,39.76470588235294,0.32242990654205606,0.20470588235294118
2009-11-18,1109.800048828125,-0.13517807481116895,66.35514018691589,33.64485981308411,60.23529411764705,39.76470588235294,0.32710280373831774,0.20470588235294118
2009-11-19,1094.9000244140625,-0.146789056278269,66.35514018691589,33.64485981308411,60.23529411764705,39.76470588235294,0.32710280373831774,0.20470588235294118
2009-11-20,1091.3800048828125,-0.14953206396774643,66.58878504672897,33.41121495327103,60.0,40.0,0.3317757009345794,0.2
2009-11-23,1106.239990234375,-0.1379522833094322,67.28971962616822,32.71028037383177,60.0,40.0,0.34579439252336447,0.2
2009-11-24,1105.6500244140625,-0.13841201961693828,67.5233644859813,32.476635514018696,59.76470588235294,40.23529411764706,0.35046728971962615,0.1952941176470588
2009-11-25,1110.6300048828125,-0.13453132389978195,67.5233644859813,32.476635514018696,59.529411764705884,40.470588235294116,0.35046728971962615,0.19058823529411764
2009-11-27,1091.489990234375,-0.14944635686800234,67.5233644859813,32.476635514018696,59.76470588235294,40.23529411764706,0.35046728971962615,0.1952941176470588
2009-11-30,1095.6300048828125,-0.1462202122644295,67.7570093457944,32.242990654205606,59.529411764705884,40.470588235294116,0.35514018691588783,0.19058823529411764
2009-12-01,1108.8599853515625,-0.13591062794671704,68.22429906542055,31.775700934579437,59.529411764705884,40.470588235294116,0.3644859813084112,0.19058823529411764
2009-12-02,1109.239990234375,-0.13561450563650268,69.62616822429906,30.373831775700932,59.529411764705884,40.470588235294116,0.3925233644859813,0.19058823529411764
2009-12-03,1099.9200439453125,-0.14287715975232695,70.09345794392523,29.906542056074763,59.529411764705884,40.470588235294116,0.40186915887850466,0.19058823529411764
2009-12-04,1105.97998046875,-0.1381548983177061,71.49532710280374,28.504672897196258,59.529411764705884,40.470588235294116,0.42990654205607476,0.19058823529411764
2009-12-07,1103.25,-0.14028226078016526,71.49532710280374,28.504672897196258,59.529411764705884,40.470588235294116,0.42990654205607476,0.19058823529411764
2009-12-08,1091.93994140625,-0.14909572826682982,71.49532710280374,28.504672897196258,59.76470588235294,40.23529411764706,0.42990654205607476,0.1952941176470588
2009-12-09,1095.949951171875,-0.14597089116739392,71.49532710280374,28.504672897196258,59.76470588235294,40.23529411764706,0.42990654205607476,0.1952941176470588
2009-12-10,1102.3499755859375,-0.14098361310692753,71.96261682242991,28.037383177570092,59.529411764705884,40.470588235294116,0.4392523364485981,0.19058823529411764
2009-12-11,1106.4100341796875,-0.13781977499650944,73.13084112149532,26.869158878504674,59.76470588235294,40.23529411764706,0.46261682242990654,0.1952941176470588
2009-12-14,1114.1099853515625,-0.13181951701909034,73.83177570093457,26.168224299065418,59.76470588235294,40.23529411764706,0.4766355140186916,0.1952941176470588
2009-12-15,1107.9300537109375,-0.13663528575565165,73.83177570093457,26.168224299065418,59.859154929577464,40.140845070422536,0.4766355140186916,0.19718309859154928
2009-12-16,1109.1800537109375,-0.13566121172526446,73.83177570093457,26.168224299065418,59.859154929577464,40.140845070422536,0.4766355140186916,0.19718309859154928
2009-12-17,1096.0799560546875,-0.14586958366325697,74.06542056074767,25.934579439252335,59.859154929577464,40.140845070422536,0.48130841121495327,0.19718309859154928
2009-12-18,1102.469970703125,-0.14089010580498706,74.06542056074767,25.934579439252335,59.859154929577464,40.140845070422536,0.48130841121495327,0.19718309859154928
2009-12-21,1114.050048828125,-0.13186622310785212,74.76635514018692,25.233644859813083,59.859154929577464,40.140845070422536,0.4953271028037383,0.19718309859154928
2009-12-22,1118.02001953125,-0.12877258681720205,75.23364485981308,24.766355140186917,60.328638497652584,39.671361502347416,0.5046728971962616,0.20657276995305165
2009-12-23,1120.5899658203125,-0.12676993246546941,75.93457943925233,24.065420560747665,60.56338028169014,39.436619718309856,0.5186915887850467,0.2112676056338028
2009-12-24,1126.47998046875,-0.12218008421935433,76.16822429906543,23.83177570093458,60.56338028169014,39.436619718309856,0.5233644859813084,0.2112676056338028
2009-12-28,1127.780029296875,-0.12116700917798484,76.4018691588785,23.598130841121495,60.798122065727696,39.201877934272304,0.5280373831775701,0.215962441314554
2009-12-29,1126.199951171875,-0.1223982996320212,76.4018691588785,23.598130841121495,60.798122065727696,39.201877934272304,0.5280373831775701,0.215962441314554
2009-12-30,1126.4200439453125,-0.122226790308116,76.86915887850468,23.130841121495326,60.798122065727696,39.201877934272304,0.5373831775700935,0.215962441314554
2009-12-31,1115.0999755859375,-0.13104805799697694,76.86915887850468,23.130841121495326,60.798122065727696,39.201877934272304,0.5373831775700935,0.215962441314554
2010-01-04,1132.989990234375,-0.11710709905914385,77.10280373831776,22.897196261682243,60.798122065727696,39.201877934272304,0.5420560747663551,0.215962441314554
2010-01-05,1136.52001953125,-0.11435629116747004,77.33644859813083,22.66355140186916,60.798122065727696,39.201877934272304,0.5467289719626168,0.215962441314554
2010-01-06,1137.1400146484375,-0.11387315425337463,78.50467289719626,21.49532710280374,60.56338028169014,39.436619718309856,0.5700934579439252,0.2112676056338028
2010-01-07,1141.68994140625,-0.11032758185741498,79.90654205607477,20.093457943925234,60.328638497652584,39.671361502347416,0.5981308411214953,0.20657276995305165
2010-01-08,1144.97998046875,-0.1077637885696221,80.37383177570094,19.626168224299064,60.56338028169014,39.436619718309856,0.6074766355140186,0.2112676056338028
2010-01-11,1146.97998046875,-0.10620527012100245,80.60747663551402,19.39252336448598,60.798122065727696,39.201877934272304,0.6121495327102804,0.215962441314554
2010-01-12,1136.219970703125,-0.11459010698452965,81.30841121495327,18.69158878504673,60.798122065727696,39.201877934272304,0.6261682242990654,0.215962441314554
2010-01-13,1145.6800537109375,-0.10721825003795493,81.77570093457945,18.22429906542056,61.03286384976526,38.967136150234744,0.6355140186915887,0.22065727699530516
2010-01-14,1148.4599609375,-0.10505198168893037,82.71028037383178,17.289719626168225,61.267605633802816,38.732394366197184,0.6542056074766355,0.22535211267605634
2010-01-15,1136.030029296875,-0.11473812057742827,82.94392523364486,17.056074766355138,61.267605633802816,38.732394366197184,0.6588785046728972,0.22535211267605634
2010-01-19,1150.22998046875,-0.10367267764199528,82.94392523364486,17.056074766355138,61.267605633802816,38.732394366197184,0.6588785046728972,0.22535211267605634
2010-01-20,1138.0400390625,-0.11317180192661214,82.94392523364486,17.056074766355138,61.502347417840376,38.497652582159624,0.6588785046728972,0.2300469483568075
2010-01-21,1116.47998046875,-0.12997267646245259,83.17757009345794,16.822429906542055,62.20657276995305,37.79342723004695,0.6635514018691588,0.24413145539906103
2010-01-22,1091.760009765625,-0.14923594165753185,83.17757009345794,16.822429906542055,62.676056338028175,37.32394366197183,0.6635514018691588,0.2535211267605634
2010-01-25,1096.780029296875,-0.1453240451315897,83.17757009345794,16.822429906542055,62.91079812206573,37.08920187793427,0.6635514018691588,0.25821596244131456
2010-01-26,1092.1700439453125,-0.14891641874072803,83.17757009345794,16.822429906542055,63.14553990610329,36.85446009389671,0.6635514018691588,0.26291079812206575
2010-01-27,1097.5,-0.14476300131994668,83.17757009345794,16.822429906542055,62.91079812206573,37.08920187793427,0.6635514018691588,0.25821596244131456
2010-01-28,1084.530029296875,-0.15486997062938523,83.17757009345794,16.822429906542055,62.676056338028175,37.32394366197183,0.6635514018691588,0.2535211267605634
2010-01-29,1073.8699951171875,-0.16317690059536494,83.17757009345794,16.822429906542055,62.91079812206573,37.08920187793427,0.6635514018691588,0.25821596244131456
2010-02-01,1089.18994140625,-0.1512386911336816,83.17757009345794,16.822429906542055,63.14553990610329,36.85446009389671,0.6635514018691588,0.26291079812206575
2010-02-02,1103.3199462890625,-0.14022775448920688,83.41121495327103,16.588785046728972,63.6150234741784,36.38497652582159,0.6682242990654206,0.27230046948356806
2010-02-03,1097.280029296875,-0.14493441551943476,83.41121495327103,16.588785046728972,63.84976525821596,36.15023474178404,0.6682242990654206,0.27699530516431925
2010-02-04,1063.1099853515625,-0.17156173745889225,83.41121495327103,16.588785046728972,63.6150234741784,36.38497652582159,0.6682242990654206,0.27230046948356806
2010-02-05,1066.18994140625,-0.16916165329280797,83.41121495327103,16.588785046728972,63.6150234741784,36.38497652582159,0.6682242990654206,0.27230046948356806
2010-02-08,1056.739990234375,-0.1765256149127692,83.41121495327103,16.588785046728972,63.84976525821596,36.15023474178404,0.6682242990654206,0.27699530516431925
2010-02-09,1070.52001953125,-0.1657873999719195,83.41121495327103,16.588785046728972,63.84976525821596,36.15023474178404,0.6682242990654206,0.27699530516431925
2010-02-10,1068.1300048828125,-0.16764984093295,83.41121495327103,16.588785046728972,63.6150234741784,36.38497652582159,0.6682242990654206,0.27230046948356806
2010-02-11,1078.469970703125,-0.15959232718842298,83.41121495327103,16.588785046728972,63.14553990610329,36.85446009389671,0.6682242990654206,0.26291079812206575
2010-02-12,1075.510009765625,-0.16189890405256668,83.41121495327103,16.588785046728972,63.38028169014085,36.61971830985916,0.6682242990654206,0.2676056338028169
2010-02-16,1094.8699951171875,-0.14681245688485822,83.41121495327103,16.588785046728972,63.84976525821596,36.15023474178404,0.6682242990654206,0.27699530516431925
2010-02-17,1099.510009765625,-0.14319668266913055,83.41121495327103,16.588785046728972,63.84976525821596,36.15023474178404,0.6682242990654206,0.27699530516431925
2010-02-18,1106.75,-0.13755485349508068,83.41121495327103,16.588785046728972,63.84976525821596,36.15023474178404,0.6682242990654206,0.27699530516431925
2010-02-19,1109.1700439453125,-0.13566901192746073,83.64485981308411,16.355140186915886,64.31924882629107,35.68075117370892,0.6728971962616822,0.2863849765258216
2010-02-22,1108.010009765625,-0.1365729792624969,83.64485981308411,16.355140186915886,64.08450704225352,35.91549295774648,0.6728971962616822,0.28169014084507044
2010-02-23,1094.5999755859375,-0.14702287209532872,83.8785046728972,16.121495327102803,64.31924882629107,35.68075117370892,0.677570093457944,0.2863849765258216
2010-02-24,1105.239990234375,-0.13873154253374198,84.11214953271028,15.887850467289718,64.31924882629107,35.68075117370892,0.6822429906542056,0.2863849765258216
2010-02-25,1102.93994140625,-0.14052387679942135,84.11214953271028,15.887850467289718,64.31924882629107,35.68075117370892,0.6822429906542056,0.2863849765258216
2010-02-26,1104.489990234375,-0.13931598695197434,84.11214953271028,15.887850467289718,64.31924882629107,35.68075117370892,0.6822429906542056,0.2863849765258216
2010-03-01,1115.7099609375,-0.1305727212850778,84.34579439252336,15.654205607476634,64.31924882629107,35.68075117370892,0.6869158878504673,0.2863849765258216
2010-03-02,1118.31005859375,-0.1285465712023387,84.81308411214953,15.186915887850466,64.55399061032864,35.44600938967136,0.6962616822429907,0.29107981220657275
2010-03-03,1118.7900390625,-0.12817254199457673,85.04672897196261,14.953271028037381,65.02347417840375,34.97652582159624,0.7009345794392523,0.3004694835680751
2010-03-04,1122.969970703125,-0.12491529170663518,85.04672897196261,14.953271028037381,65.02347417840375,34.97652582159624,0.7009345794392523,0.3004694835680751
2010-03-05,1138.699951171875,-0.11265755932814792,85.2803738317757,14.719626168224298,64.7887323943662,35.2112676056338,0.705607476635514,0.29577464788732394
2010-03-08,1138.5,-0.11281337312324302,85.98130841121495,14.018691588785046,65.02347417840375,34.97652582159624,0.719626168224299,0.3004694835680751
2010-03-09,1140.449951171875,-0.11129385568560568,86.21495327102804,13.785046728971961,64.7887323943662,35.2112676056338,0.7242990654205608,0.29577464788732394
2010-03-10,1145.6099853515625,-0.1072728514533301,87.38317757009347,12.616822429906541,64.55399061032864,35.44600938967136,0.7476635514018691,0.29107981220657275
2010-03-11,1150.239990234375,-0.10366487743979891,87.61682242990653,12.383177570093459,64.08450704225352,35.91549295774648,0.7523364485981309,0.28169014084507044
2010-03-12,1149.989990234375,-0.10385969224587643,88.08411214953271,11.91588785046729,63.84976525821596,36.15023474178404,0.7616822429906542,0.27699530516431925
2010-03-15,1150.510009765625,-0.10345446222932853,88.08411214953271,11.91588785046729,63.84976525821596,36.15023474178404,0.7616822429906542,0.27699530516431925
2010-03-16,1159.4599609375,-0.09648013022152224,88.55140186915888,11.448598130841122,64.31924882629107,35.68075117370892,0.7710280373831776,0.2863849765258216
2010-03-17,1166.2099609375,-0.09122013045743071,88.78504672897196,11.214953271028037,64.31924882629107,35.68075117370892,0.7757009345794392,0.2863849765258216
2010-03-18,1165.8299560546875,-0.09151625276764519,88.78504672897196,11.214953271028037,64.08450704225352,35.91549295774648,0.7757009345794392,0.28169014084507044
2010-03-19,1159.9000244140625,-0.09613720669812909,89.01869158878505,10.981308411214954,64.08450704225352,35.91549295774648,0.780373831775701,0.28169014084507044
2010-03-22,1165.81005859375,-0.09153175804762115,89.25233644859813,10.74766355140187,64.31924882629107,35.68075117370892,0.7850467289719626,0.2863849765258216
2010-03-23,1174.1700439453125,-0.08501716234732082,89.25233644859813,10.74766355140187,64.31924882629107,35.68075117370892,0.7850467289719626,0.2863849765258216
2010-03-24,1167.719970703125,-0.09004344141876952,89.25233644859813,10.74766355140187,64.55399061032864,35.44600938967136,0.7850467289719626,0.29107981220657275
2010-03-25,1165.72998046875,-0.09159415966519269,89.25233644859813,10.74766355140187,64.55399061032864,35.44600938967136,0.7850467289719626,0.29107981220657275
2010-03-26,1166.5899658203125,-0.09092400814721635,89.25233644859813,10.74766355140187,64.55399061032864,35.44600938967136,0.7850467289719626,0.29107981220657275
2010-03-29,1173.219970703125,-0.0857575156850654,89.25233644859813,10.74766355140187,64.55399061032864,35.44600938967136,0.7850467289719626,0.29107981220657275
2010-03-30,1173.27001953125,-0.0857185146740832,89.25233644859813,10.74766355140187,64.55399061032864,35.44600938967136,0.7850467289719626,0.29107981220657275
2010-03-31,1169.4300537109375,-0.0887108434605961,89.25233644859813,10.74766355140187,64.55399061032864,35.44600938967136,0.7850467289719626,0.29107981220657275
2010-04-01,1178.0999755859375,-0.08195472686545668,89.48598130841121,10.514018691588785,65.02347417840375,34.97652582159624,0.7897196261682243,0.3004694835680751
2010-04-05,1187.43994140625,-0.07467647234523944,89.7196261682243,10.2803738317757,65.25821596244131,34.74178403755869,0.794392523364486,0.3051643192488263
2010-04-06,1189.43994140625,-0.07311795389661968,90.42056074766354,9.579439252336448,65.49295774647888,34.50704225352113,0.8084112149532711,0.30985915492957744
2010-04-07,1182.449951171875,-0.07856496826459214,90.65420560747664,9.345794392523365,65.49295774647888,34.50704225352113,0.8130841121495327,0.30985915492957744
2010-04-08,1186.43994140625,-0.07545573156954932,90.65420560747664,9.345794392523365,65.25821596244131,34.74178403755869,0.8130841121495327,0.3051643192488263
2010-04-09,1194.3699951171875,-0.06927616406602888,90.65420560747664,9.345794392523365,65.25821596244131,34.74178403755869,0.8130841121495327,0.3051643192488263
2010-04-12,1196.47998046875,-0.06763193851766502,90.88785046728972,9.11214953271028,65.49295774647888,34.50704225352113,0.8177570093457944,0.30985915492957744
2010-04-13,1197.300048828125,-0.06699289268405739,90.88785046728972,9.11214953271028,65.72769953051643,34.27230046948357,0.8177570093457944,0.3145539906103286
2010-04-14,1210.6500244140625,-0.056589801064404366,91.1214953271028,8.878504672897195,65.96244131455398,34.037558685446015,0.822429906542056,0.3192488262910798
2010-04-15,1211.6700439453125,-0.05579494143570174,91.1214953271028,8.878504672897195,65.72769953051643,34.27230046948357,0.822429906542056,0.3145539906103286
2010-04-16,1192.1300048828125,-0.07102169711852946,91.1214953271028,8.878504672897195,65.49295774647888,34.50704225352113,0.822429906542056,0.30985915492957744
2010-04-19,1197.52001953125,-0.06682147848456943,91.35514018691589,8.644859813084112,65.49295774647888,34.50704225352113,0.8271028037383178,0.30985915492957744
2010-04-20,1207.1700439453125,-0.05930160794509609,91.58878504672897,8.411214953271028,65.72769953051643,34.27230046948357,0.8317757009345794,0.3145539906103286
2010-04-21,1205.93994140625,-0.06026017669550743,91.58878504672897,8.411214953271028,65.96244131455398,34.037558685446015,0.8317757009345794,0.3192488262910798
2010-04-22,1208.6700439453125,-0.05813271910863116,91.82242990654206,8.177570093457943,66.66666666666666,33.33333333333333,0.8364485981308412,0.3333333333333333
2010-04-23,1217.280029296875,-0.051423308602253526,92.7570093457944,7.242990654205607,66.43192488262912,33.568075117370896,0.8551401869158879,0.3286384976525822
2010-04-26,1212.050048828125,-0.055498819125487264,93.22429906542055,6.775700934579438,66.43192488262912,33.568075117370896,0.8644859813084113,0.3286384976525822
2010-04-27,1183.7099609375,-0.07758309403200858,93.22429906542055,6.775700934579438,66.66666666666666,33.33333333333333,0.8644859813084113,0.3333333333333333
2010-04-28,1191.3599853515625,-0.07162174194115489,93.22429906542055,6.775700934579438,66.66666666666666,33.33333333333333,0.8644859813084113,0.3333333333333333
2010-04-29,1206.780029296875,-0.05960553045750705,93.22429906542055,6.775700934579438,66.43192488262912,33.568075117370896,0.8644859813084113,0.3286384976525822
2010-04-30,1186.68994140625,-0.07526091676347213,93.22429906542055,6.775700934579438,66.66666666666666,33.33333333333333,0.8644859813084113,0.3333333333333333
2010-05-03,1202.260009765625,-0.06312779737129426,93.45794392523365,6.5420560747663545,66.66666666666666,33.33333333333333,0.8691588785046729,0.3333333333333333
2010-05-04,1173.5999755859375,-0.08546139337485115,93.22429906542055,6.775700934579438,66.43192488262912,33.568075117370896,0.8644859813084113,0.3286384976525822
2010-05-05,1165.8699951171875,-0.09148505195885959,93.22429906542055,6.775700934579438,66.90140845070422,33.098591549295776,0.8644859813084113,0.3380281690140845
2010-05-06,1128.1500244140625,-0.12087868706996674,93.22429906542055,6.775700934579438,67.37089201877934,32.629107981220656,0.8644859813084113,0.3474178403755869
2010-05-07,1110.8800048828125,-0.13433650909370443,93.22429906542055,6.775700934579438,67.13615023474179,32.863849765258216,0.8644859813084113,0.3427230046948357
2010-05-10,1159.72998046875,-0.09626971501105208,93.22429906542055,6.775700934579438,67.13615023474179,32.863849765258216,0.8644859813084113,0.3427230046948357
2010-05-11,1155.7900390625,-0.0993399506951127,93.22429906542055,6.775700934579438,67.13615023474179,32.863849765258216,0.8644859813084113,0.3427230046948357
2010-05-12,1171.6700439453125,-0.08696531040809574,93.22429906542055,6.775700934579438,67.44730679156909,32.55269320843091,0.8644859813084113,0.34894613583138173
2010-05-13,1157.43994140625,-0.09805424907453508,93.22429906542055,6.775700934579438,67.68149882903981,32.31850117096019,0.8644859813084113,0.35362997658079626
2010-05-14,1135.6800537109375,-0.11501084228105363,93.22429906542055,6.775700934579438,67.21311475409836,32.78688524590164,0.8644859813084113,0.3442622950819672
2010-05-17,1136.93994140625,-0.11402906317288686,93.22429906542055,6.775700934579438,67.44730679156909,32.55269320843091,0.8644859813084113,0.34894613583138173
2010-05-18,1120.800048828125,-0.1266062233437607,93.22429906542055,6.775700934579438,67.68149882903981,32.31850117096019,0.8644859813084113,0.35362997658079626
2010-05-19,1115.050048828125,-0.13108696388354235,93.22429906542055,6.775700934579438,67.68149882903981,32.31850117096019,0.8644859813084113,0.35362997658079626
2010-05-20,1071.5899658203125,-0.16495363445665168,92.5233644859813,7.476635514018691,67.44730679156909,32.55269320843091,0.8504672897196262,0.34894613583138173
2010-05-21,1087.68994140625,-0.15240757997014664,92.5233644859813,7.476635514018691,67.44730679156909,32.55269320843091,0.8504672897196262,0.34894613583138173
2010-05-24,1073.6500244140625,-0.16334831479485323,92.05607476635514,7.943925233644859,67.68149882903981,32.31850117096019,0.8411214953271028,0.35362997658079626
2010-05-25,1074.030029296875,-0.16305219248463898,92.05607476635514,7.943925233644859,67.68149882903981,32.31850117096019,0.8411214953271028,0.35362997658079626
2010-05-26,1067.949951171875,-0.1677901494480697,91.58878504672897,8.411214953271028,67.68149882903981,32.31850117096019,0.8317757009345794,0.35362997658079626
2010-05-27,1103.06005859375,-0.1404302743730641,91.58878504672897,8.411214953271028,67.68149882903981,32.31850117096019,0.8317757009345794,0.35362997658079626
2010-05-28,1089.4100341796875,-0.15106718180977696,91.58878504672897,8.411214953271028,67.68149882903981,32.31850117096019,0.8317757009345794,0.35362997658079626
2010-06-01,1070.7099609375,-0.1656393863790212,91.35514018691589,8.644859813084112,67.44730679156909,32.55269320843091,0.8271028037383178,0.34894613583138173
2010-06-02,1098.3800048828125,-0.1440772493975777,91.35514018691589,8.644859813084112,67.68149882903981,32.31850117096019,0.8271028037383178,0.35362997658079626
2010-06-03,1102.8299560546875,-0.1406095838991659,91.35514018691589,8.644859813084112,67.91569086651053,32.08430913348946,0.8271028037383178,0.3583138173302108
2010-06-04,1064.8800048828125,-0.1701824334119576,91.1214953271028,8.878504672897195,67.91569086651053,32.08430913348946,0.822429906542056,0.3583138173302108
2010-06-07,1050.469970703125,-0.1814115854690993,90.42056074766354,9.579439252336448,68.85245901639344,31.147540983606557,0.8084112149532711,0.3770491803278688
2010-06-08,1062.0,-0.17242670378294656,89.95327102803739,10.046728971962617,68.85245901639344,31.147540983606557,0.7990654205607477,0.3770491803278688
2010-06-09,1055.68994140625,-0.17734387514806182,89.95327102803739,10.046728971962617,69.55503512880561,30.44496487119438,0.7990654205607477,0.3911007025761124
2010-06-10,1086.8399658203125,-0.15306993128592694,89.7196261682243,10.2803738317757,69.3208430913349,30.679156908665107,0.794392523364486,0.3864168618266979
2010-06-11,1091.5999755859375,-0.1493606497682587,89.7196261682243,10.2803738317757,69.3208430913349,30.679156908665107,0.794392523364486,0.3864168618266979
2010-06-14,1089.6300048828125,-0.150895767610289,89.7196261682243,10.2803738317757,69.3208430913349,30.679156908665107,0.794392523364486,0.3864168618266979
2010-06-15,1115.22998046875,-0.13094675049284044,89.7196261682243,10.2803738317757,69.08665105386417,30.913348946135834,0.794392523364486,0.38173302107728335
2010-06-16,1114.6099853515625,-0.13142988740693584,89.7196261682243,10.2803738317757,69.08665105386417,30.913348946135834,0.794392523364486,0.38173302107728335
2010-06-17,1116.0400390625,-0.1303155048614293,89.7196261682243,10.2803738317757,69.08665105386417,30.913348946135834,0.794392523364486,0.38173302107728335
2010-06-18,1117.510009765625,-0.12917001663155392,89.7196261682243,10.2803738317757,68.85245901639344,31.147540983606557,0.794392523364486,0.3770491803278688
2010-06-21,1113.199951171875,-0.13252866954804954,89.7196261682243,10.2803738317757,68.61826697892272,31.381733021077284,0.794392523364486,0.37236533957845436
2010-06-22,1095.31005859375,-0.14646953336146562,89.25233644859813,10.74766355140187,68.38407494145198,31.61592505854801,0.7850467289719626,0.36768149882903983
2010-06-23,1092.0400390625,-0.14901772624486553,89.25233644859813,10.74766355140187,68.38407494145198,31.61592505854801,0.7850467289719626,0.36768149882903983
2010-06-24,1073.68994140625,-0.16331720911048475,89.01869158878505,10.981308411214954,68.38407494145198,31.61592505854801,0.780373831775701,0.36768149882903983
2010-06-25,1076.760009765625,-0.16092483002218005,89.01869158878505,10.981308411214954,68.38407494145198,31.61592505854801,0.780373831775701,0.36768149882903983
2010-06-28,1074.5699462890625,-0.16263145718811545,89.01869158878505,10.981308411214954,68.38407494145198,31.61592505854801,0.780373831775701,0.36768149882903983
2010-06-29,1041.239990234375,-0.18860413288957245,88.78504672897196,11.214953271028037,68.85245901639344,31.147540983606557,0.7757009345794392,0.3770491803278688
2010-06-30,1030.7099609375,-0.1968097553514151,88.3177570093458,11.682242990654206,69.08665105386417,30.913348946135834,0.7663551401869159,0.38173302107728335
2010-07-01,1027.3699951171875,-0.19941245452577328,88.08411214953271,11.91588785046729,69.08665105386417,30.913348946135834,0.7616822429906542,0.38173302107728335
2010-07-02,1022.5800170898438,-0.20314508908782236,87.61682242990653,12.383177570093459,69.08665105386417,30.913348946135834,0.7523364485981309,0.38173302107728335
2010-07-06,1028.06005859375,-0.1988747161963026,87.14953271028037,12.850467289719624,69.3208430913349,30.679156908665107,0.7429906542056075,0.3864168618266979
2010-07-07,1060.27001953125,-0.17377480702109593,87.14953271028037,12.850467289719624,69.3208430913349,30.679156908665107,0.7429906542056075,0.3864168618266979
2010-07-08,1070.25,-0.16599781518239043,87.14953271028037,12.850467289719624,69.08665105386417,30.913348946135834,0.7429906542056075,0.38173302107728335
2010-07-09,1077.9599609375,-0.15998975700277507,87.38317757009347,12.616822429906541,69.08665105386417,30.913348946135834,0.7476635514018691,0.38173302107728335
2010-07-12,1078.75,-0.15937411177575678,87.14953271028037,12.850467289719624,68.85245901639344,31.147540983606557,0.7429906542056075,0.3770491803278688
2010-07-13,1095.3399658203125,-0.1464462278792933,87.14953271028037,12.850467289719624,68.85245901639344,31.147540983606557,0.7429906542056075,0.3770491803278688
2010-07-14,1095.1700439453125,-0.14657864106779905,87.14953271028037,12.850467289719624,69.08665105386417,30.913348946135834,0.7429906542056075,0.38173302107728335
2010-07-15,1096.47998046875,-0.14555786094864998,87.14953271028037,12.850467289719624,68.85245901639344,31.147540983606557,0.7429906542056075,0.3770491803278688
2010-07-16,1064.8800048828125,-0.1701824334119576,86.6822429906542,13.317757009345794,69.08665105386417,30.913348946135834,0.7336448598130841,0.38173302107728335
2010-07-19,1071.25,-0.16521855595808066,86.6822429906542,13.317757009345794,69.78922716627635,30.210772833723652,0.7336448598130841,0.3957845433255269
2010-07-20,1083.47998046875,-0.15568823086467798,86.6822429906542,13.317757009345794,69.55503512880561,30.44496487119438,0.7336448598130841,0.3911007025761124
2010-07-21,1069.5899658203125,-0.16651215290527177,86.21495327102804,13.785046728971961,69.55503512880561,30.44496487119438,0.7242990654205608,0.3911007025761124
2010-07-22,1093.6700439453125,-0.14774752990426376,85.98130841121495,14.018691588785046,69.3208430913349,30.679156908665107,0.719626168224299,0.3864168618266979
2010-07-23,1102.6600341796875,-0.14074199708767166,85.98130841121495,14.018691588785046,69.08665105386417,30.913348946135834,0.719626168224299,0.38173302107728335
2010-07-26,1115.010009765625,-0.13111816469232862,85.98130841121495,14.018691588785046,69.78922716627635,30.210772833723652,0.719626168224299,0.3957845433255269
2010-07-27,1113.8399658203125,-0.13202993222956116,85.98130841121495,14.018691588785046,69.78922716627635,30.210772833723652,0.719626168224299,0.3957845433255269
2010-07-28,1106.1300048828125,-0.13803799040917664,85.51401869158879,14.485981308411214,69.55503512880561,30.44496487119438,0.7102803738317757,0.3911007025761124
2010-07-29,1101.530029296875,-0.14162256381611849,85.51401869158879,14.485981308411214,69.3208430913349,30.679156908665107,0.7102803738317757,0.3864168618266979
2010-07-30,1101.5999755859375,-0.14156805752516033,85.51401869158879,14.485981308411214,69.08665105386417,30.913348946135834,0.7102803738317757,0.38173302107728335
2010-08-02,1125.8599853515625,-0.12266322113345007,85.2803738317757,14.719626168224298,68.85245901639344,31.147540983606557,0.705607476635514,0.3770491803278688
2010-08-03,1120.4599609375,-0.1268712399696067,85.51401869158879,14.485981308411214,68.85245901639344,31.147540983606557,0.7102803738317757,0.3770491803278688
2010-08-04,1127.239990234375,-0.12158783959892572,85.51401869158879,14.485981308411214,69.08665105386417,30.913348946135834,0.7102803738317757,0.38173302107728335
2010-08-05,1125.81005859375,-0.12270212702001537,85.51401869158879,14.485981308411214,69.08665105386417,30.913348946135834,0.7102803738317757,0.38173302107728335
2010-08-06,1121.6400146484375,-0.12595167223017745,85.51401869158879,14.485981308411214,68.85245901639344,31.147540983606557,0.7102803738317757,0.3770491803278688
2010-08-09,1127.7900390625,-0.12115920897578858,85.2803738317757,14.719626168224298,68.61826697892272,31.381733021077284,0.705607476635514,0.37236533957845436
2010-08-10,1121.06005859375,-0.12640360833548714,84.57943925233646,15.42056074766355,68.61826697892272,31.381733021077284,0.6915887850467289,0.37236533957845436
2010-08-11,1089.469970703125,-0.1510204757210153,84.11214953271028,15.887850467289718,68.69158878504673,31.308411214953267,0.6822429906542056,0.37383177570093457
2010-08-12,1083.6099853515625,-0.15558692336054092,84.11214953271028,15.887850467289718,68.92523364485982,31.074766355140188,0.6822429906542056,0.37850467289719625
2010-08-13,1079.25,-0.15898448216360173,84.11214953271028,15.887850467289718,69.1588785046729,30.8411214953271,0.6822429906542056,0.38317757009345793
2010-08-16,1079.3800048828125,-0.15888317465946478,84.11214953271028,15.887850467289718,69.39252336448598,30.60747663551402,0.6822429906542056,0.3878504672897196
2010-08-17,1092.5400390625,-0.14862809663271037,84.11214953271028,15.887850467289718,69.1588785046729,30.8411214953271,0.6822429906542056,0.38317757009345793
2010-08-18,1094.1600341796875,-0.1473657004943052,84.11214953271028,15.887850467289718,69.1588785046729,30.8411214953271,0.6822429906542056,0.38317757009345793
2010-08-19,1075.6300048828125,-0.16180539675062666,83.17757009345794,16.822429906542055,69.1588785046729,30.8411214953271,0.6635514018691588,0.38317757009345793
2010-08-20,1071.68994140625,-0.1648757275591043,82.71028037383178,17.289719626168225,69.39252336448598,30.60747663551402,0.6542056074766355,0.3878504672897196
2010-08-23,1067.3599853515625,-0.16824988575557576,82.4766355140187,17.523364485981308,69.39252336448598,30.60747663551402,0.6495327102803738,0.3878504672897196
2010-08-24,1051.8699951171875,-0.18032060353018187,81.77570093457945,18.22429906542056,70.09345794392523,29.906542056074763,0.6355140186915887,0.40186915887850466
2010-08-25,1055.3299560546875,-0.17762439705388322,81.77570093457945,18.22429906542056,69.85981308411215,30.140186915887853,0.6355140186915887,0.397196261682243
2010-08-26,1047.219970703125,-0.18394417794810602,81.54205607476635,18.457943925233643,69.62616822429906,30.373831775700932,0.6308411214953271,0.3925233644859813
2010-08-27,1064.5899658203125,-0.17040844902682073,81.54205607476635,18.457943925233643,69.62616822429906,30.373831775700932,0.6308411214953271,0.3925233644859813
2010-08-30,1048.9200439453125,-0.1826193801921291,80.8411214953271,19.158878504672895,69.1588785046729,30.8411214953271,0.616822429906542,0.38317757009345793
2010-08-31,1049.3299560546875,-0.18229995239974228,80.37383177570094,19.626168224299064,68.92523364485982,31.074766355140188,0.6074766355140186,0.37850467289719625
2010-09-01,1080.2900390625,-0.15817402213050602,80.60747663551402,19.39252336448598,68.92523364485982,31.074766355140188,0.6121495327102804,0.37850467289719625
2010-09-02,1090.0999755859375,-0.1505295386047234,80.60747663551402,19.39252336448598,68.92523364485982,31.074766355140188,0.6121495327102804,0.37850467289719625
2010-09-03,1104.510009765625,-0.1393003865475817,80.8411214953271,19.158878504672895,68.92523364485982,31.074766355140188,0.616822429906542,0.37850467289719625
2010-09-07,1091.8399658203125,-0.14917363516437765,80.8411214953271,19.158878504672895,68.92523364485982,31.074766355140188,0.616822429906542,0.37850467289719625
2010-09-08,1098.8699951171875,-0.14369541998761937,80.60747663551402,19.39252336448598,68.92523364485982,31.074766355140188,0.6121495327102804,0.37850467289719625
2010-09-09,1104.1800537109375,-0.13955750784681398,80.37383177570094,19.626168224299064,69.1588785046729,30.8411214953271,0.6074766355140186,0.38317757009345793
2010-09-10,1109.550048828125,-0.1353728896172468,80.37383177570094,19.626168224299064,69.1588785046729,30.8411214953271,0.6074766355140186,0.38317757009345793
2010-09-13,1121.9000244140625,-0.12574905722190366,80.37383177570094,19.626168224299064,68.92523364485982,31.074766355140188,0.6074766355140186,0.37850467289719625
2010-09-14,1121.0999755859375,-0.12637250265111832,80.37383177570094,19.626168224299064,68.92523364485982,31.074766355140188,0.6074766355140186,0.37850467289719625
2010-09-15,1125.0699462890625,-0.12327886636046836,80.37383177570094,19.626168224299064,68.92523364485982,31.074766355140188,0.6074766355140186,0.37850467289719625
2010-09-16,1124.6600341796875,-0.12359829415285517,80.37383177570094,19.626168224299064,68.92523364485982,31.074766355140188,0.6074766355140186,0.37850467289719625
2010-09-17,1125.5899658203125,-0.12287363634392057,80.37383177570094,19.626168224299064,69.39252336448598,30.60747663551402,0.6074766355140186,0.3878504672897196
2010-09-20,1142.7099609375,-0.10953272222871269,80.37383177570094,19.626168224299064,69.39252336448598,30.60747663551402,0.6074766355140186,0.3878504672897196
2010-09-21,1139.780029296875,-0.11181589848626694,80.37383177570094,19.626168224299064,69.39252336448598,30.60747663551402,0.6074766355140186,0.3878504672897196
2010-09-22,1134.280029296875,-0.11610182421997106,80.60747663551402,19.39252336448598,69.1588785046729,30.8411214953271,0.6121495327102804,0.38317757009345793
2010-09-23,1124.8299560546875,-0.1234658809643493,80.60747663551402,19.39252336448598,69.1588785046729,30.8411214953271,0.6121495327102804,0.38317757009345793
2010-09-24,1148.6700439453125,-0.10488827256722233,80.60747663551402,19.39252336448598,69.39252336448598,30.60747663551402,0.6121495327102804,0.3878504672897196
2010-09-27,1142.1600341796875,-0.10996125772743282,80.60747663551402,19.39252336448598,69.39252336448598,30.60747663551402,0.6121495327102804,0.3878504672897196
2010-09-28,1147.699951171875,-0.10564422630935988,80.60747663551402,19.39252336448598,69.39252336448598,30.60747663551402,0.6121495327102804,0.3878504672897196
2010-09-29,1144.72998046875,-0.10795860337570007,80.60747663551402,19.39252336448598,69.62616822429906,30.373831775700932,0.6121495327102804,0.3925233644859813
2010-09-30,1141.199951171875,-0.11070941126737388,80.60747663551402,19.39252336448598,69.62616822429906,30.373831775700932,0.6121495327102804,0.3925233644859813
2010-10-01,1146.239990234375,-0.10678191433703887,80.60747663551402,19.39252336448598,69.62616822429906,30.373831775700932,0.6121495327102804,0.3925233644859813
2010-10-04,1137.030029296875,-0.11395886135311906,80.60747663551402,19.39252336448598,69.62616822429906,30.373831775700932,0.6121495327102804,0.3925233644859813
2010-10-05,1160.75,-0.09547485538234979,80.60747663551402,19.39252336448598,69.62616822429906,30.373831775700932,0.6121495327102804,0.3925233644859813
2010-10-06,1159.969970703125,-0.0960827004071716,80.37383177570094,19.626168224299064,69.62616822429906,30.373831775700932,0.6074766355140186,0.3925233644859813
2010-10-07,1158.06005859375,-0.09757101703602311,80.14018691588785,19.859813084112147,69.62616822429906,30.373831775700932,0.602803738317757,0.3925233644859813
2010-10-08,1165.1500244140625,-0.09204609577050293,80.37383177570094,19.626168224299064,69.85981308411215,30.140186915887853,0.6074766355140186,0.397196261682243
2010-10-11,1165.3199462890625,-0.09191368258199728,80.60747663551402,19.39252336448598,70.09345794392523,29.906542056074763,0.6121495327102804,0.40186915887850466
2010-10-12,1169.77001953125,-0.08844592195916812,80.60747663551402,19.39252336448598,70.32710280373831,29.672897196261683,0.6121495327102804,0.40654205607476634
2010-10-13,1178.0999755859375,-0.08195472686545724,80.60747663551402,19.39252336448598,70.56074766355141,29.439252336448597,0.6121495327102804,0.411214953271028
2010-10-14,1173.81005859375,-0.08529768425314288,80.60747663551402,19.39252336448598,70.32710280373831,29.672897196261683,0.6121495327102804,0.40654205607476634
2010-10-15,1176.18994140625,-0.08344313861872577,80.60747663551402,19.39252336448598,70.09345794392523,29.906542056074763,0.6121495327102804,0.40186915887850466
2010-10-18,1184.7099609375,-0.07680383480769915,80.60747663551402,19.39252336448598,70.09345794392523,29.906542056074763,0.6121495327102804,0.40186915887850466
2010-10-19,1165.9000244140625,-0.09146165135227047,80.60747663551402,19.39252336448598,70.32710280373831,29.672897196261683,0.6121495327102804,0.40654205607476634
2010-10-20,1178.1700439453125,-0.08190012545008196,80.60747663551402,19.39252336448598,70.32710280373831,29.672897196261683,0.6121495327102804,0.40654205607476634
2010-10-21,1180.260009765625,-0.08027150030611119,80.60747663551402,19.39252336448598,70.32710280373831,29.672897196261683,0.6121495327102804,0.40654205607476634
2010-10-22,1183.0799560546875,-0.07807403114830092,80.60747663551402,19.39252336448598,70.32710280373831,29.672897196261683,0.6121495327102804,0.40654205607476634
2010-10-25,1185.6199951171875,-0.07609468227874039,80.60747663551402,19.39252336448598,70.32710280373831,29.672897196261683,0.6121495327102804,0.40654205607476634
2010-10-26,1185.6400146484375,-0.07607908187434753,80.65268065268066,19.34731934731935,70.32710280373831,29.672897196261683,0.6130536130536131,0.40654205607476634
2010-10-27,1182.449951171875,-0.0785649682645928,80.65268065268066,19.34731934731935,70.32710280373831,29.672897196261683,0.6130536130536131,0.40654205607476634
2010-10-28,1183.780029296875,-0.07752849261663386,80.88578088578089,19.114219114219114,70.32710280373831,29.672897196261683,0.6177156177156177,0.40654205607476634
2010-10-29,1183.260009765625,-0.07793372263318166,80.88578088578089,19.114219114219114,70.3962703962704,29.603729603729604,0.6177156177156177,0.40792540792540793
2010-11-01,1184.3800048828125,-0.07706095610693131,80.88578088578089,19.114219114219114,70.3962703962704,29.603729603729604,0.6177156177156177,0.40792540792540793
2010-11-02,1193.5699462890625,-0.06989960949524399,80.88578088578089,19.114219114219114,70.16317016317016,29.836829836829835,0.6177156177156177,0.40326340326340326
2010-11-03,1197.9599609375,-0.06647865008559384,81.11888111888112,18.88111888111888,69.93006993006993,30.069930069930066,0.6223776223776224,0.3986013986013986
2010-11-04,1221.06005859375,-0.048477685904502965,81.58508158508158,18.414918414918414,69.93006993006993,30.069930069930066,0.6317016317016317,0.3986013986013986
2010-11-05,1225.8499755859375,-0.044745098904662495,81.58508158508158,18.414918414918414,70.16317016317016,29.836829836829835,0.6317016317016317,0.40326340326340326
2010-11-08,1223.25,-0.04677115386298469,81.58508158508158,18.414918414918414,70.16317016317016,29.836829836829835,0.6317016317016317,0.40326340326340326
2010-11-09,1213.4000244140625,-0.05444683819755314,81.58508158508158,18.414918414918414,69.93006993006993,30.069930069930066,0.6317016317016317,0.3986013986013986
2010-11-10,1218.7099609375,-0.05030902118116476,81.58508158508158,18.414918414918414,69.6969696969697,30.303030303030305,0.6317016317016317,0.3939393939393939
2010-11-11,1213.5400390625,-0.054337730491219705,81.58508158508158,18.414918414918414,69.6969696969697,30.303030303030305,0.6317016317016317,0.3939393939393939
2010-11-12,1199.2099609375,-0.06550457605520665,81.58508158508158,18.414918414918414,69.6969696969697,30.303030303030305,0.6317016317016317,0.3939393939393939
2010-11-15,1197.75,-0.06664226408288565,81.58508158508158,18.414918414918414,69.6969696969697,30.303030303030305,0.6317016317016317,0.3939393939393939
2010-11-16,1178.3399658203125,-0.08176771226157653,81.58508158508158,18.414918414918414,69.6969696969697,30.303030303030305,0.6317016317016317,0.3939393939393939
2010-11-17,1178.5899658203125,-0.08157289745549912,81.58508158508158,18.414918414918414,69.46386946386947,30.536130536130536,0.6317016317016317,0.38927738927738925
2010-11-18,1196.68994140625,-0.06746832452037432,81.67053364269141,18.329466357308586,69.53488372093022,30.465116279069765,0.6334106728538283,0.39069767441860465
2010-11-19,1199.72998046875,-0.06509934603865908,81.4385150812065,18.561484918793504,69.53488372093022,30.465116279069765,0.62877030162413,0.39069767441860465
2010-11-22,1197.8399658203125,-0.06657215738753475,81.48148148148148,18.51851851851852,69.53488372093022,30.465116279069765,0.6296296296296297,0.39069767441860465
2010-11-23,1180.72998046875,-0.07990527130054614,81.01851851851852,18.98148148148148,69.76744186046511,30.23255813953488,0.6203703703703703,0.3953488372093023
2010-11-24,1198.3499755859375,-0.06617472757318332,81.01851851851852,18.98148148148148,69.53488372093022,30.465116279069765,0.6203703703703703,0.39069767441860465
2010-11-26,1189.4000244140625,-0.0731490595809896,81.01851851851852,18.98148148148148,69.53488372093022,30.465116279069765,0.6203703703703703,0.39069767441860465
2010-11-29,1187.760009765625,-0.07442705612378775,81.01851851851852,18.98148148148148,69.53488372093022,30.465116279069765,0.6203703703703703,0.39069767441860465
2010-11-30,1180.550048828125,-0.08004548469124828,81.25,18.75,69.53488372093022,30.465116279069765,0.625,0.39069767441860465
2010-12-01,1206.0699462890625,-0.06015886919137137,81.25,18.75,69.76744186046511,30.23255813953488,0.625,0.3953488372093023
2010-12-02,1221.530029296875,-0.0481114568989377,81.71296296296296,18.287037037037038,69.53488372093022,30.465116279069765,0.6342592592592593,0.39069767441860465
2010-12-03,1224.7099609375,-0.04563346583530581,82.17592592592592,17.824074074074073,69.30232558139535,30.697674418604652,0.6435185185185185,0.386046511627907
2010-12-06,1223.1199951171875,-0.046872461367121754,82.17592592592592,17.824074074074073,69.30232558139535,30.697674418604652,0.6435185185185185,0.386046511627907
2010-12-07,1223.75,-0.04638152425082975,82.4074074074074,17.59259259259259,69.06976744186046,30.930232558139537,0.6481481481481481,0.3813953488372093
2010-12-08,1228.280029296875,-0.04285145713484606,82.63888888888889,17.36111111111111,69.06976744186046,30.930232558139537,0.6527777777777778,0.3813953488372093
2010-12-09,1233.0,-0.039173376425963746,82.63888888888889,17.36111111111111,69.30232558139535,30.697674418604652,0.6527777777777778,0.386046511627907
2010-12-10,1240.4000244140625,-0.03340683914118758,82.63888888888889,17.36111111111111,69.06976744186046,30.930232558139537,0.6527777777777778,0.3813953488372093
2010-12-13,1240.4599609375,-0.03336013305242569,82.87037037037037,17.12962962962963,69.06976744186046,30.930232558139537,0.6574074074074074,0.3813953488372093
2010-12-14,1241.5899658203125,-0.03247956632397897,82.87037037037037,17.12962962962963,68.83720930232559,31.16279069767442,0.6574074074074074,0.3767441860465116
2010-12-15,1235.22998046875,-0.03743564357565954,82.87037037037037,17.12962962962963,68.83720930232559,31.16279069767442,0.6574074074074074,0.3767441860465116
2010-12-16,1242.8699951171875,-0.03148209168700222,83.10185185185185,16.89814814814815,68.83720930232559,31.16279069767442,0.6620370370370371,0.3767441860465116
2010-12-17,1243.9100341796875,-0.030671631653906517,83.10185185185185,16.89814814814815,68.83720930232559,31.16279069767442,0.6620370370370371,0.3767441860465116
2010-12-20,1247.0799560546875,-0.028201440792471222,83.33333333333334,16.666666666666664,69.06976744186046,30.930232558139537,0.6666666666666666,0.3813953488372093
2010-12-21,1254.5999755859375,-0.022341396205754482,83.56481481481481,16.435185185185187,69.06976744186046,30.930232558139537,0.6712962962962963,0.3813953488372093
2010-12-22,1258.8399658203125,-0.01903734470463403,83.56481481481481,16.435185185185187,69.06976744186046,30.930232558139537,0.6712962962962963,0.3813953488372093
2010-12-23,1256.77001953125,-0.020650369444211947,83.56481481481481,16.435185185185187,69.06976744186046,30.930232558139537,0.6712962962962963,0.3813953488372093
2010-12-27,1257.5400390625,-0.020050324621586624,83.56481481481481,16.435185185185187,69.06976744186046,30.930232558139537,0.6712962962962963,0.3813953488372093
2010-12-28,1258.510009765625,-0.019294466003866306,83.56481481481481,16.435185185185187,69.06976744186046,30.930232558139537,0.6712962962962963,0.3813953488372093
2010-12-29,1259.780029296875,-0.018304791569085932,83.56481481481481,16.435185185185187,69.06976744186046,30.930232558139537,0.6712962962962963,0.3813953488372093
2010-12-30,1257.8800048828125,-0.019785403120158085,83.56481481481481,16.435185185185187,69.06976744186046,30.930232558139537,0.6712962962962963,0.3813953488372093
2010-12-31,1257.6400146484375,-0.019972417724039127,83.56481481481481,16.435185185185187,69.30232558139535,30.697674418604652,0.6712962962962963,0.386046511627907
2011-01-03,1271.8699951171875,-0.008883574182016796,83.79629629629629,16.203703703703702,69.30232558139535,30.697674418604652,0.6759259259259259,0.386046511627907
2011-01-04,1270.199951171875,-0.010184971331404391,83.79629629629629,16.203703703703702,69.30232558139535,30.697674418604652,0.6759259259259259,0.386046511627907
2011-01-05,1276.56005859375,-0.005228798955306813,84.02777777777779,15.972222222222221,69.30232558139535,30.697674418604652,0.6805555555555556,0.386046511627907
2011-01-06,1273.8499755859375,-0.007340656137790003,84.49074074074075,15.50925925925926,68.83720930232559,31.16279069767442,0.6898148148148148,0.3767441860465116
2011-01-07,1271.5,-0.009171896290034787,84.49074074074075,15.50925925925926,68.83720930232559,31.16279069767442,0.6898148148148148,0.3767441860465116
2011-01-10,1269.75,-0.010535599932576911,84.49074074074075,15.50925925925926,69.06976744186046,30.930232558139537,0.6898148148148148,0.3813953488372093
2011-01-11,1274.47998046875,-0.006849719021498224,84.72222222222221,15.277777777777779,69.06976744186046,30.930232558139537,0.6944444444444444,0.3813953488372093
2011-01-12,1285.9599609375,0.0020961616536721017,85.21939953810623,14.780600461893764,69.30232558139535,30.697674418604652,0.7043879907621247,0.386046511627907
2011-01-13,1283.760009765625,0.000381829409957124,85.68129330254041,14.318706697459586,69.06976744186046,30.930232558139537,0.7136258660508084,0.3813953488372093
2011-01-14,1293.239990234375,0.0077691916365076885,86.14318706697459,13.856812933025402,69.53488372093022,30.465116279069765,0.7228637413394919,0.39069767441860465
2011-01-18,1295.02001953125,0.009156295885639487,86.14318706697459,13.856812933025402,68.83720930232559,31.16279069767442,0.7228637413394919,0.3767441860465116
2011-01-19,1281.9200439453125,-0.0010519809279361247,86.14318706697459,13.856812933025402,68.6046511627907,31.3953488372093,0.7228637413394919,0.37209302325581395
2011-01-20,1280.260009765625,-0.002345577875127125,86.14318706697459,13.856812933025402,68.6046511627907,31.3953488372093,0.7228637413394919,0.37209302325581395
2011-01-21,1283.3499755859375,6.230649315352998e-05,86.14318706697459,13.856812933025402,68.6046511627907,31.3953488372093,0.7228637413394919,0.37209302325581395
2011-01-24,1290.8399658203125,0.005898950473280928,86.60508083140877,13.394919168591224,68.6046511627907,31.3953488372093,0.7321016166281755,0.37209302325581395
2011-01-25,1291.1800537109375,0.006163967099126699,86.83602771362587,13.163972286374134,68.6046511627907,31.3953488372093,0.7367205542725174,0.37209302325581395
2011-01-26,1296.6300048828125,0.0104108918218484,87.06697459584296,12.933025404157044,68.6046511627907,31.3953488372093,0.7413394919168591,0.37209302325581395
2011-01-27,1299.5400390625,0.012678562799426807,87.06697459584296,12.933025404157044,68.6046511627907,31.3953488372093,0.7413394919168591,0.37209302325581395
2011-01-28,1276.3399658203125,-0.005400308279211563,87.06697459584296,12.933025404157044,68.83720930232559,31.16279069767442,0.7413394919168591,0.3767441860465116
2011-01-31,1286.1199951171875,0.002220869764398614,87.06697459584296,12.933025404157044,68.83720930232559,31.16279069767442,0.7413394919168591,0.3767441860465116
2011-02-01,1307.5899658203125,0.01895154248047093,87.29792147806005,12.702078521939955,68.6046511627907,31.3953488372093,0.745958429561201,0.37209302325581395
2011-02-02,1304.030029296875,0.016177429106624786,87.52886836027713,12.471131639722865,69.06976744186046,30.930232558139537,0.7505773672055427,0.3813953488372093
2011-02-03,1307.0999755859375,0.018569713070512472,87.52886836027713,12.471131639722865,69.06976744186046,30.930232558139537,0.7505773672055427,0.3813953488372093
2011-02-04,1310.8699951171875,0.021507535566067215,87.52886836027713,12.471131639722865,69.06976744186046,30.930232558139537,0.7505773672055427,0.3813953488372093
2011-02-07,1319.050048828125,0.027881917875665296,87.99076212471132,12.009237875288683,69.30232558139535,30.697674418604652,0.7598152424942263,0.386046511627907
2011-02-08,1324.5699462890625,0.032183348889345265,88.68360277136259,11.316397228637413,68.83720930232559,31.16279069767442,0.7736720554272517,0.3767441860465116
2011-02-09,1320.8800048828125,0.029307928011362172,88.91454965357968,11.085450346420323,68.83720930232559,31.16279069767442,0.7782909930715936,0.3767441860465116
2011-02-10,1321.8699951171875,0.03007938703347568,88.91454965357968,11.085450346420323,68.83720930232559,31.16279069767442,0.7782909930715936,0.3767441860465116
2011-02-11,1329.1500244140625,0.03575241701631149,88.91454965357968,11.085450346420323,68.44547563805105,31.554524361948953,0.7782909930715936,0.3689095127610209
2011-02-14,1332.3199462890625,0.038222607877746784,88.91454965357968,11.085450346420323,68.05555555555556,31.944444444444443,0.7782909930715936,0.3611111111111111
2011-02-15,1328.010009765625,0.034864050085668286,88.91454965357968,11.085450346420323,68.51851851851852,31.48148148148148,0.7782909930715936,0.37037037037037035
2011-02-16,1336.3199462890625,0.041339644774986084,89.14549653579677,10.854503464203233,68.75,31.25,0.7829099307159353,0.375
2011-02-17,1340.4300537109375,0.0445424838963866,89.14549653579677,10.854503464203233,68.28703703703704,31.712962962962965,0.7829099307159353,0.36574074074074076
2011-02-18,1343.010009765625,0.04655293845031583,89.17050691244239,10.829493087557603,68.28703703703704,31.712962962962965,0.783410138248848,0.36574074074074076
2011-02-22,1315.43994140625,0.025068708366419834,89.17050691244239,10.829493087557603,68.28703703703704,31.712962962962965,0.783410138248848,0.36574074074074076
2011-02-23,1307.4000244140625,0.018803528887572307,89.17050691244239,10.829493087557603,68.28703703703704,31.712962962962965,0.783410138248848,0.36574074074074076
2011-02-24,1306.0999755859375,0.017790453846202814,89.17050691244239,10.829493087557603,68.05555555555556,31.944444444444443,0.783410138248848,0.3611111111111111
2011-02-25,1319.8800048828125,0.028528668787052514,89.17050691244239,10.829493087557603,68.05555555555556,31.944444444444443,0.783410138248848,0.3611111111111111
2011-02-28,1327.219970703125,0.034248404858649995,89.40092165898618,10.599078341013826,68.05555555555556,31.944444444444443,0.7880184331797235,0.3611111111111111
2011-03-01,1306.3299560546875,0.01796966824788715,89.40092165898618,10.599078341013826,68.05555555555556,31.944444444444443,0.7880184331797235,0.3611111111111111
2011-03-02,1308.43994140625,0.019613893796250892,89.40092165898618,10.599078341013826,68.05555555555556,31.944444444444443,0.7880184331797235,0.3611111111111111
2011-03-03,1330.969970703125,0.03717062694981199,89.40092165898618,10.599078341013826,67.82407407407408,32.175925925925924,0.7880184331797235,0.35648148148148145
2011-03-04,1321.1500244140625,0.029518343221832666,89.17050691244239,10.829493087557603,67.82407407407408,32.175925925925924,0.783410138248848,0.35648148148148145
2011-03-07,1310.1300048828125,0.020930891350031677,89.17050691244239,10.829493087557603,67.82407407407408,32.175925925925924,0.783410138248848,0.35648148148148145
2011-03-08,1321.8199462890625,0.03004038602249337,89.63133640552995,10.368663594470046,67.5925925925926,32.407407407407405,0.7926267281105991,0.35185185185185186
2011-03-09,1320.02001953125,0.028637776493385836,89.86175115207374,10.138248847926267,67.36111111111111,32.63888888888889,0.7972350230414746,0.3472222222222222
2011-03-10,1295.1099853515625,0.009226402580990944,89.86175115207374,10.138248847926267,67.36111111111111,32.63888888888889,0.7972350230414746,0.3472222222222222
2011-03-11,1304.280029296875,0.01637224391270231,90.09216589861751,9.90783410138249,67.36111111111111,32.63888888888889,0.8018433179723502,0.3472222222222222
2011-03-14,1296.3900146484375,0.010223877217967692,90.09216589861751,9.90783410138249,67.82407407407408,32.175925925925924,0.8018433179723502,0.35648148148148145
2011-03-15,1281.8699951171875,-0.0010909819389179898,90.09216589861751,9.90783410138249,67.89838337182448,32.10161662817552,0.8018433179723502,0.3579676674364896
2011-03-16,1256.8800048828125,-0.020564662344467632,89.63133640552995,10.368663594470046,68.12933025404158,31.87066974595843,0.7926267281105991,0.3625866050808314
2011-03-17,1273.719970703125,-0.00744196364192673,89.63133640552995,10.368663594470046,67.89838337182448,32.10161662817552,0.7926267281105991,0.3579676674364896
2011-03-18,1279.2099609375,-0.0031638381104190927,89.63133640552995,10.368663594470046,67.89838337182448,32.10161662817552,0.7926267281105991,0.3579676674364896
2011-03-21,1298.3800048828125,0.011774595464390636,89.63133640552995,10.368663594470046,67.6674364896074,32.33256351039261,0.7926267281105991,0.3533487297921478
2011-03-22,1293.77001953125,0.008182221855252303,89.63133640552995,10.368663594470046,67.4364896073903,32.5635103926097,0.7926267281105991,0.34872979214780603
2011-03-23,1297.5400390625,0.011120044350807268,89.40092165898618,10.599078341013826,67.6674364896074,32.33256351039261,0.7880184331797235,0.3533487297921478
2011-03-24,1309.6600341796875,0.020564662344465745,89.40092165898618,10.599078341013826,67.6674364896074,32.33256351039261,0.7880184331797235,0.3533487297921478
2011-03-25,1313.800048828125,0.02379080694803859,89.40092165898618,10.599078341013826,67.89838337182448,32.10161662817552,0.7880184331797235,0.3579676674364896
2011-03-28,1310.18994140625,0.020977597438792905,89.40092165898618,10.599078341013826,68.12933025404158,31.87066974595843,0.7880184331797235,0.3625866050808314
2011-03-29,1319.43994140625,0.028185745263659134,89.63133640552995,10.368663594470046,68.12933025404158,31.87066974595843,0.7926267281105991,0.3625866050808314
2011-03-30,1328.260009765625,0.03505886489174537,89.63133640552995,10.368663594470046,68.12933025404158,31.87066974595843,0.7926267281105991,0.3625866050808314
2011-03-31,1325.8299560546875,0.033165223121929044,89.63133640552995,10.368663594470046,67.89838337182448,32.10161662817552,0.7926267281105991,0.3579676674364896
2011-04-01,1332.4100341796875,0.038292809697514585,89.63133640552995,10.368663594470046,67.89838337182448,32.10161662817552,0.7926267281105991,0.3579676674364896
2011-04-04,1332.8699951171875,0.0386512385008837,89.63133640552995,10.368663594470046,67.6674364896074,32.33256351039261,0.7926267281105991,0.3533487297921478
2011-04-05,1332.6300048828125,0.03846422389700277,89.86175115207374,10.138248847926267,67.6674364896074,32.33256351039261,0.7972350230414746,0.3533487297921478
2011-04-06,1335.5400390625,0.040731894874581176,90.09216589861751,9.90783410138249,67.4364896073903,32.5635103926097,0.8018433179723502,0.34872979214780603
2011-04-07,1333.510009765625,0.039149975819372074,90.09216589861751,9.90783410138249,67.4364896073903,32.5635103926097,0.8018433179723502,0.34872979214780603
2011-04-08,1328.1700439453125,0.034988758196394354,90.09216589861751,9.90783410138249,67.4364896073903,32.5635103926097,0.8018433179723502,0.34872979214780603
2011-04-11,1324.4599609375,0.03209764178960106,90.32258064516128,9.67741935483871,67.4364896073903,32.5635103926097,0.8064516129032258,0.34872979214780603
2011-04-12,1314.1600341796875,0.024071328853859875,90.32258064516128,9.67741935483871,67.4364896073903,32.5635103926097,0.8064516129032258,0.34872979214780603
2011-04-13,1314.4100341796875,0.0242661436599374,90.32258064516128,9.67741935483871,67.4364896073903,32.5635103926097,0.8064516129032258,0.34872979214780603
2011-04-14,1314.52001953125,0.02435185075968138,90.32258064516128,9.67741935483871,67.4364896073903,32.5635103926097,0.8064516129032258,0.34872979214780603
2011-04-15,1319.6800537109375,0.028372854991956853,90.32258064516128,9.67741935483871,67.4364896073903,32.5635103926097,0.8064516129032258,0.34872979214780603
2011-04-18,1305.1400146484375,0.017042395430678425,90.32258064516128,9.67741935483871,67.2055427251732,32.79445727482679,0.8064516129032258,0.3441108545034642
2011-04-19,1312.6199951171875,0.02287123920860923,90.32258064516128,9.67741935483871,67.2055427251732,32.79445727482679,0.8064516129032258,0.3441108545034642
2011-04-20,1330.3599853515625,0.03669529023791229,90.55299539170507,9.44700460829493,66.97459584295612,33.02540415704388,0.8110599078341014,0.3394919168591224
2011-04-21,1337.3800048828125,0.0421657052124742,90.78341013824884,9.216589861751153,66.74364896073904,33.25635103926097,0.815668202764977,0.3348729792147806
2011-04-25,1335.25,0.04050587925971749,90.78341013824884,9.216589861751153,66.51270207852194,33.48729792147806,0.815668202764977,0.3302540415704388
2011-04-26,1347.239990234375,0.04984918974923902,90.80459770114942,9.195402298850574,66.58986175115207,33.41013824884793,0.8160919540229885,0.3317972350230415
2011-04-27,1355.6600341796875,0.056410586662718254,91.0344827586207,8.96551724137931,67.05069124423963,32.94930875576037,0.8206896551724138,0.34101382488479265
2011-04-28,1360.47998046875,0.060166574269148176,91.26436781609195,8.735632183908045,66.58986175115207,33.41013824884793,0.825287356321839,0.3317972350230415
2011-04-29,1363.6099853515625,0.06260565944621477,91.26436781609195,8.735632183908045,66.58986175115207,33.41013824884793,0.825287356321839,0.3317972350230415
2011-05-02,1361.219970703125,0.06074321848518416,91.49425287356323,8.505747126436782,66.82027649769586,33.17972350230415,0.8298850574712644,0.33640552995391704
2011-05-03,1356.6199951171875,0.05715864507824242,91.72413793103448,8.275862068965518,67.2811059907834,32.71889400921659,0.8344827586206897,0.3456221198156682
2011-05-04,1347.3199462890625,0.049911496242394104,91.72413793103448,8.275862068965518,67.51152073732719,32.48847926267281,0.8344827586206897,0.35023041474654376
2011-05-05,1335.0999755859375,0.0403889713511878,91.72413793103448,8.275862068965518,67.74193548387096,32.25806451612903,0.8344827586206897,0.3548387096774194
2011-05-06,1340.199951171875,0.044363174370284586,91.72413793103448,8.275862068965518,67.74193548387096,32.25806451612903,0.8344827586206897,0.3548387096774194
2011-05-09,1346.2900390625,0.04910893153591189,91.95402298850574,8.045977011494253,67.74193548387096,32.25806451612903,0.8390804597701149,0.3548387096774194
2011-05-10,1357.1600341796875,0.057579475499183186,91.95402298850574,8.045977011494253,67.74193548387096,32.25806451612903,0.8390804597701149,0.3548387096774194
2011-05-11,1342.0799560546875,0.04582818551696399,92.18390804597702,7.816091954022989,67.74193548387096,32.25806451612903,0.8436781609195402,0.3548387096774194
2011-05-12,1348.6500244140625,0.05094797189035316,92.18390804597702,7.816091954022989,67.74193548387096,32.25806451612903,0.8436781609195402,0.3548387096774194
2011-05-13,1337.77001953125,0.04246962772488527,92.18390804597702,7.816091954022989,67.74193548387096,32.25806451612903,0.8436781609195402,0.3548387096774194
2011-05-16,1329.469970703125,0.03600173811334684,92.18390804597702,7.816091954022989,68.4331797235023,31.566820276497698,0.8436781609195402,0.3686635944700461
2011-05-17,1328.97998046875,0.03561990870338838,92.18390804597702,7.816091954022989,68.66359447004609,31.336405529953915,0.8436781609195402,0.37327188940092165
2011-05-18,1340.6800537109375,0.04473729870246368,92.18390804597702,7.816091954022989,68.4331797235023,31.566820276497698,0.8436781609195402,0.3686635944700461
2011-05-19,1343.5999755859375,0.04701267475782145,92.18390804597702,7.816091954022989,68.4331797235023,31.566820276497698,0.8436781609195402,0.3686635944700461
2011-05-20,1333.27001953125,0.03896296121549092,92.18390804597702,7.816091954022989,68.66359447004609,31.336405529953915,0.8436781609195402,0.37327188940092165
2011-05-23,1317.3699951171875,0.026572720524081106,92.18390804597702,7.816091954022989,68.4331797235023,31.566820276497698,0.8436781609195402,0.3686635944700461
2011-05-24,1316.280029296875,0.025723354604420212,92.18390804597702,7.816091954022989,68.4331797235023,31.566820276497698,0.8436781609195402,0.3686635944700461
2011-05-25,1320.469970703125,0.028988405094558134,92.18390804597702,7.816091954022989,68.20276497695853,31.797235023041477,0.8436781609195402,0.3640552995391705
2011-05-26,1325.68994140625,0.0330561154155955,92.18390804597702,7.816091954022989,68.20276497695853,31.797235023041477,0.8436781609195402,0.3640552995391705
2011-05-27,1331.0999755859375,0.03727193445394872,92.18390804597702,7.816091954022989,68.4331797235023,31.566820276497698,0.8436781609195402,0.3686635944700461
2011-05-31,1345.199951171875,0.04825947049183421,92.41379310344827,7.586206896551724,68.66359447004609,31.336405529953915,0.8482758620689655,0.37327188940092165
2011-06-01,1314.550048828125,0.024375251366270945,92.41379310344827,7.586206896551724,68.4331797235023,31.566820276497698,0.8482758620689655,0.3686635944700461
2011-06-02,1312.93994140625,0.02312056030564502,92.18390804597702,7.816091954022989,68.20276497695853,31.797235023041477,0.8436781609195402,0.3640552995391705
2011-06-03,1300.1600341796875,0.013161699713522212,92.18390804597702,7.816091954022989,68.20276497695853,31.797235023041477,0.8436781609195402,0.3640552995391705
2011-06-06,1286.1700439453125,0.0022598707753809233,91.95402298850574,8.045977011494253,68.66359447004609,31.336405529953915,0.8390804597701149,0.37327188940092165
2011-06-07,1284.93994140625,0.0013013020249694751,91.95402298850574,8.045977011494253,68.4331797235023,31.566820276497698,0.8390804597701149,0.3686635944700461
2011-06-08,1279.56005859375,-0.00289102128237706,91.95402298850574,8.045977011494253,68.66359447004609,31.336405529953915,0.8390804597701149,0.37327188940092165
2011-06-09,1289.0,0.00446514013538768,91.95402298850574,8.045977011494253,68.66359447004609,31.336405529953915,0.8390804597701149,0.37327188940092165
2011-06-10,1270.97998046875,-0.009577126306582584,91.72413793103448,8.275862068965518,68.20276497695853,31.797235023041477,0.8344827586206897,0.3640552995391705
2011-06-13,1271.8299560546875,-0.00891477499080262,91.95402298850574,8.045977011494253,68.20276497695853,31.797235023041477,0.8390804597701149,0.3640552995391705
2011-06-14,1287.8699951171875,0.0035845734069406276,91.95402298850574,8.045977011494253,67.97235023041475,32.02764976958525,0.8390804597701149,0.35944700460829493
2011-06-15,1265.4200439453125,-0.013909758129048488,91.95402298850574,8.045977011494253,67.74193548387096,32.25806451612903,0.8390804597701149,0.3548387096774194
2011-06-16,1267.6400146484375,-0.012179825480940765,91.95402298850574,8.045977011494253,67.74193548387096,32.25806451612903,0.8390804597701149,0.3548387096774194
2011-06-17,1271.5,-0.009171896290034898,91.95402298850574,8.045977011494253,67.74193548387096,32.25806451612903,0.8390804597701149,0.3548387096774194
2011-06-20,1278.3599853515625,-0.003826189426199389,91.95402298850574,8.045977011494253,67.74193548387096,32.25806451612903,0.8390804597701149,0.3548387096774194
2011-06-21,1295.52001953125,0.009545925497794094,91.95402298850574,8.045977011494253,67.74193548387096,32.25806451612903,0.8390804597701149,0.3548387096774194
2011-06-22,1287.1400146484375,0.0030157293931010187,91.95402298850574,8.045977011494253,67.74193548387096,32.25806451612903,0.8390804597701149,0.3548387096774194
2011-06-23,1283.5,0.00017921440168322533,91.95402298850574,8.045977011494253,67.74193548387096,32.25806451612903,0.8390804597701149,0.3548387096774194
2011-06-24,1268.449951171875,-0.011548674973946849,91.95402298850574,8.045977011494253,67.74193548387096,32.25806451612903,0.8390804597701149,0.3548387096774194
2011-06-27,1280.0999755859375,-0.0024702859858537485,91.95402298850574,8.045977011494253,67.74193548387096,32.25806451612903,0.8390804597701149,0.3548387096774194
2011-06-28,1296.6700439453125,0.010442092630633892,91.95402298850574,8.045977011494253,67.74193548387096,32.25806451612903,0.8390804597701149,0.3548387096774194
2011-06-29,1307.4100341796875,0.018811329089768458,91.95402298850574,8.045977011494253,67.74193548387096,32.25806451612903,0.8390804597701149,0.3548387096774194
2011-06-30,1320.6400146484375,0.029120913407480797,92.18390804597702,7.816091954022989,67.74193548387096,32.25806451612903,0.8436781609195402,0.3548387096774194
2011-07-01,1339.6700439453125,0.043950239275957204,92.41379310344827,7.586206896551724,67.74193548387096,32.25806451612903,0.8482758620689655,0.3548387096774194
2011-07-05,1337.8800048828125,0.04255533482462903,92.41379310344827,7.586206896551724,67.51152073732719,32.48847926267281,0.8482758620689655,0.35023041474654376
2011-07-06,1339.219970703125,0.04359951555036745,92.41379310344827,7.586206896551724,67.05069124423963,32.94930875576037,0.8482758620689655,0.34101382488479265
2011-07-07,1353.219970703125,0.054509144690705336,92.41379310344827,7.586206896551724,67.05069124423963,32.94930875576037,0.8482758620689655,0.34101382488479265
2011-07-08,1343.800048828125,0.04716858367733345,92.41379310344827,7.586206896551724,67.05069124423963,32.94930875576037,0.8482758620689655,0.34101382488479265
2011-07-11,1319.489990234375,0.028224746274641,92.41379310344827,7.586206896551724,66.82027649769586,33.17972350230415,0.8482758620689655,0.33640552995391704
2011-07-12,1313.6400146484375,0.023666098837311855,92.41379310344827,7.586206896551724,66.58986175115207,33.41013824884793,0.8482758620689655,0.3317972350230415
2011-07-13,1317.719970703125,0.026845442227705796,92.18390804597702,7.816091954022989,66.3594470046083,33.6405529953917,0.8436781609195402,0.3271889400921659
2011-07-14,1308.8699951171875,0.01994901711744701,91.95402298850574,8.045977011494253,65.89861751152074,34.10138248847927,0.8390804597701149,0.31797235023041476
2011-07-15,1316.1400146484375,0.025614246898086224,91.95402298850574,8.045977011494253,65.89861751152074,34.10138248847927,0.8390804597701149,0.31797235023041476
2011-07-18,1305.43994140625,0.017276116123320806,91.72413793103448,8.275862068965518,64.97695852534562,35.02304147465438,0.8344827586206897,0.2995391705069124
2011-07-19,1326.72998046875,0.03386657544869065,91.72413793103448,8.275862068965518,64.74654377880185,35.25345622119816,0.8344827586206897,0.29493087557603687
2011-07-20,1325.8399658203125,0.03317302332412497,91.72413793103448,8.275862068965518,64.51612903225806,35.483870967741936,0.8344827586206897,0.2903225806451613
2011-07-21,1343.800048828125,0.04716858367733323,91.95402298850574,8.045977011494253,64.74654377880185,35.25345622119816,0.8390804597701149,0.29493087557603687
2011-07-22,1345.02001953125,0.048119257101131074,91.95402298850574,8.045977011494253,64.36781609195403,35.63218390804598,0.8390804597701149,0.28735632183908044
2011-07-25,1337.4300537109375,0.04220470622345629,91.72413793103448,8.275862068965518,64.13793103448275,35.86206896551724,0.8344827586206897,0.2827586206896552
2011-07-26,1331.93994140625,0.03792648556753142,91.72413793103448,8.275862068965518,63.9080459770115,36.0919540229885,0.8344827586206897,0.27816091954022987
2011-07-27,1304.8900146484375,0.016847580624600456,91.26436781609195,8.735632183908045,63.9080459770115,36.0919540229885,0.825287356321839,0.27816091954022987
2011-07-28,1300.6700439453125,0.013559129527873193,91.26436781609195,8.735632183908045,63.678160919540225,36.321839080459775,0.825287356321839,0.2735632183908046
2011-07-29,1292.280029296875,0.007021133220983522,91.0344827586207,8.96551724137931,63.678160919540225,36.321839080459775,0.8206896551724138,0.2735632183908046
2011-08-01,1286.93994140625,0.00285982047358857,91.0344827586207,8.96551724137931,63.44827586206897,36.55172413793103,0.8206896551724138,0.2689655172413793
2011-08-02,1254.050048828125,-0.022769931704475055,89.88505747126436,10.114942528735632,63.44827586206897,36.55172413793103,0.7977011494252874,0.2689655172413793
2011-08-03,1260.3399658203125,-0.017868455868169764,89.65517241379311,10.344827586206897,63.678160919540225,36.321839080459775,0.7931034482758621,0.2735632183908046
2011-08-04,1200.0699462890625,-0.06483442453723065,86.89655172413792,13.10344827586207,63.2183908045977,36.7816091954023,0.7379310344827587,0.26436781609195403
2011-08-05,1199.3800048828125,-0.06537206774228432,86.4367816091954,13.563218390804598,63.53211009174312,36.46788990825688,0.728735632183908,0.2706422018348624
2011-08-08,1119.4599609375,-0.12765049919391702,76.0919540229885,23.908045977011493,62.61467889908256,37.38532110091743,0.5218390804597701,0.25229357798165136
2011-08-09,1172.530029296875,-0.08629515889012018,76.0919540229885,23.908045977011493,62.38532110091744,37.61467889908257,0.5218390804597701,0.24770642201834864
2011-08-10,1120.760009765625,-0.12663742415254753,73.33333333333333,26.666666666666668,61.46788990825688,38.53211009174312,0.4666666666666667,0.22935779816513763
2011-08-11,1172.6400146484375,-0.08620945179037631,73.33333333333333,26.666666666666668,61.46788990825688,38.53211009174312,0.4666666666666667,0.22935779816513763
2011-08-12,1178.81005859375,-0.08140138813159448,73.33333333333333,26.666666666666668,61.46788990825688,38.53211009174312,0.4666666666666667,0.22935779816513763
2011-08-15,1204.489990234375,-0.06139006452099127,73.33333333333333,26.666666666666668,61.46788990825688,38.53211009174312,0.4666666666666667,0.22935779816513763
2011-08-16,1192.760009765625,-0.07053076000223901,73.33333333333333,26.666666666666668,61.46788990825688,38.53211009174312,0.4666666666666667,0.22935779816513763
2011-08-17,1193.8900146484375,-0.0696501932737923,73.33333333333333,26.666666666666668,61.23853211009175,38.76146788990826,0.4666666666666667,0.22477064220183487
2011-08-18,1140.6500244140625,-0.1111379467660949,72.183908045977,27.816091954022987,61.23853211009175,38.76146788990826,0.4436781609195402,0.22477064220183487
2011-08-19,1123.530029296875,-0.12447886088130278,71.95402298850576,28.045977011494255,61.69724770642202,38.30275229357798,0.43908045977011495,0.23394495412844038
2011-08-22,1123.8199462890625,-0.12425294039085655,71.26436781609196,28.735632183908045,61.92660550458715,38.07339449541284,0.42528735632183906,0.23853211009174313
2011-08-23,1162.3499755859375,-0.09422805964833814,71.26436781609196,28.735632183908045,62.15596330275229,37.84403669724771,0.42528735632183906,0.24311926605504589
2011-08-24,1177.5999755859375,-0.08234435647761307,71.26436781609196,28.735632183908045,62.38532110091744,37.61467889908257,0.42528735632183906,0.24770642201834864
2011-08-25,1159.27001953125,-0.09662814381442242,71.26436781609196,28.735632183908045,62.38532110091744,37.61467889908257,0.42528735632183906,0.24770642201834864
2011-08-26,1176.800048828125,-0.08296770678241061,71.26436781609196,28.735632183908045,62.15596330275229,37.84403669724771,0.42528735632183906,0.24311926605504589
2011-08-29,1210.0799560546875,-0.05703403209193614,71.26436781609196,28.735632183908045,62.15596330275229,37.84403669724771,0.42528735632183906,0.24311926605504589
2011-08-30,1212.9200439453125,-0.05482086740531589,71.26436781609196,28.735632183908045,62.15596330275229,37.84403669724771,0.42528735632183906,0.24311926605504589
2011-08-31,1218.8900146484375,-0.05016871266604628,71.49425287356321,28.50574712643678,62.15596330275229,37.84403669724771,0.4298850574712644,0.24311926605504589
2011-09-01,1204.4200439453125,-0.06144457081194954,71.49425287356321,28.50574712643678,62.15596330275229,37.84403669724771,0.4298850574712644,0.24311926605504589
2011-09-02,1173.969970703125,-0.08517307126683449,71.49425287356321,28.50574712643678,62.61467889908256,37.38532110091743,0.4298850574712644,0.25229357798165136
2011-09-06,1165.239990234375,-0.0919759890751527,71.26436781609196,28.735632183908045,62.84403669724771,37.15596330275229,0.42528735632183906,0.25688073394495414
2011-09-07,1198.6199951171875,-0.0659643123627135,71.26436781609196,28.735632183908045,62.61467889908256,37.38532110091743,0.42528735632183906,0.25229357798165136
2011-09-08,1185.9000244140625,-0.07587646686607463,71.03448275862068,28.965517241379313,62.15596330275229,37.84403669724771,0.4206896551724138,0.24311926605504589
2011-09-09,1154.22998046875,-0.10055564074475742,69.88505747126436,30.114942528735632,63.07339449541285,36.92660550458716,0.39770114942528734,0.26146788990825687
2011-09-12,1162.27001953125,-0.09429036614149289,69.42528735632185,30.574712643678158,62.61467889908256,37.38532110091743,0.38850574712643676,0.25229357798165136
2011-09-13,1172.8699951171875,-0.08603023738869187,69.19540229885057,30.804597701149426,62.84403669724771,37.15596330275229,0.3839080459770115,0.25688073394495414
2011-09-14,1188.6800537109375,-0.07371010339263306,69.19540229885057,30.804597701149426,61.92660550458715,38.07339449541284,0.3839080459770115,0.23853211009174313
2011-09-15,1209.1099853515625,-0.057789890709656455,69.19540229885057,30.804597701149426,62.15596330275229,37.84403669724771,0.3839080459770115,0.24311926605504589
2011-09-16,1216.010009765625,-0.05241298303703523,69.19540229885057,30.804597701149426,62.15596330275229,37.84403669724771,0.3839080459770115,0.24311926605504589
2011-09-19,1204.0899658203125,-0.061701787235598715,68.73563218390805,31.264367816091955,61.69724770642202,38.30275229357798,0.37471264367816093,0.23394495412844038
2011-09-20,1202.0899658203125,-0.06326030568421837,68.50574712643677,31.494252873563216,61.00917431192661,38.99082568807339,0.3701149425287356,0.22018348623853212
2011-09-21,1166.760009765625,-0.09079149983429491,67.1264367816092,32.87356321839081,60.321100917431195,39.678899082568805,0.3425287356321839,0.20642201834862386
2011-09-22,1129.56005859375,-0.11977990492885426,62.06896551724138,37.93103448275862,59.63302752293578,40.36697247706422,0.2413793103448276,0.1926605504587156
2011-09-23,1136.4300537109375,-0.11442639786282238,61.839080459770116,38.160919540229884,59.403669724770644,40.596330275229356,0.2367816091954023,0.18807339449541285
2011-09-26,1162.949951171875,-0.09376052313863559,61.839080459770116,38.160919540229884,58.71559633027523,41.284403669724774,0.2367816091954023,0.1743119266055046
2011-09-27,1175.3800048828125,-0.08407428912572079,61.839080459770116,38.160919540229884,58.71559633027523,41.284403669724774,0.2367816091954023,0.1743119266055046
2011-09-28,1151.06005859375,-0.10302583160619272,61.149425287356316,38.85057471264368,58.256880733944946,41.74311926605505,0.22298850574712645,0.1651376146788991
2011-09-29,1160.4000244140625,-0.09574757708597559,60.689655172413794,39.310344827586206,57.798165137614674,42.201834862385326,0.21379310344827587,0.1559633027522936
2011-09-30,1131.4200439453125,-0.11833049418656805,59.310344827586206,40.689655172413794,58.256880733944946,41.74311926605505,0.18620689655172415,0.1651376146788991
2011-10-03,1099.22998046875,-0.14341489808179886,52.522935779816514,47.477064220183486,57.798165137614674,42.201834862385326,0.05045871559633028,0.1559633027522936
2011-10-04,1123.949951171875,-0.12415163288671971,52.522935779816514,47.477064220183486,57.798165137614674,42.201834862385326,0.05045871559633028,0.1559633027522936
2011-10-05,1144.030029296875,-0.10850404678295111,52.522935779816514,47.477064220183486,57.798165137614674,42.201834862385326,0.05045871559633028,0.1559633027522936
2011-10-06,1164.969970703125,-0.0921864042856233,52.522935779816514,47.477064220183486,57.798165137614674,42.201834862385326,0.05045871559633028,0.1559633027522936
2011-10-07,1155.4599609375,-0.09959716711876321,52.522935779816514,47.477064220183486,58.02752293577982,41.97247706422018,0.05045871559633028,0.16055045871559634
2011-10-10,1194.8900146484375,-0.06887093404948263,52.522935779816514,47.477064220183486,57.798165137614674,42.201834862385326,0.05045871559633028,0.1559633027522936
2011-10-11,1195.5400390625,-0.06836439652879789,52.522935779816514,47.477064220183486,57.798165137614674,42.201834862385326,0.05045871559633028,0.1559633027522936
2011-10-12,1207.25,-0.059239301451943005,52.522935779816514,47.477064220183486,57.56880733944955,42.43119266055046,0.05045871559633028,0.15137614678899083
2011-10-13,1203.6600341796875,-0.0620368154323786,52.522935779816514,47.477064220183486,57.3394495412844,42.6605504587156,0.05045871559633028,0.14678899082568808
2011-10-14,1224.5799560546875,-0.045734773339443535,52.522935779816514,47.477064220183486,57.11009174311926,42.88990825688073,0.05045871559633028,0.14220183486238533
2011-10-17,1200.8599853515625,-0.06421877931021291,52.522935779816514,47.477064220183486,56.88073394495413,43.11926605504588,0.05045871559633028,0.13761467889908258
2011-10-18,1225.3800048828125,-0.04511132791022876,52.522935779816514,47.477064220183486,56.88073394495413,43.11926605504588,0.05045871559633028,0.13761467889908258
2011-10-19,1209.8800048828125,-0.057189845887031354,52.522935779816514,47.477064220183486,56.65137614678899,43.34862385321101,0.05045871559633028,0.13302752293577982
2011-10-20,1215.3900146484375,-0.05289611995113075,52.522935779816514,47.477064220183486,56.65137614678899,43.34862385321101,0.05045871559633028,0.13302752293577982
2011-10-21,1238.25,-0.035082265498337706,52.981651376146786,47.018348623853214,56.65137614678899,43.34862385321101,0.05963302752293578,0.13302752293577982
2011-10-24,1254.18994140625,-0.022660919122558965,52.981651376146786,47.018348623853214,56.88073394495413,43.11926605504588,0.05963302752293578,0.13761467889908258
2011-10-25,1229.050048828125,-0.042251412312221404,52.981651376146786,47.018348623853214,57.11009174311926,42.88990825688073,0.05963302752293578,0.14220183486238533
2011-10-26,1242.0,-0.03216004340717582,52.752293577981646,47.24770642201835,56.65137614678899,43.34862385321101,0.05504587155963303,0.13302752293577982
2011-10-27,1284.5899658203125,0.001028580321343453,53.21100917431193,46.788990825688074,56.88073394495413,43.11926605504588,0.06422018348623854,0.13761467889908258
2011-10-28,1285.0899658203125,0.0014182099334982823,53.44036697247706,46.559633027522935,56.88073394495413,43.11926605504588,0.06880733944954129,0.13761467889908258
2011-10-31,1253.300048828125,-0.023354376122707965,53.44036697247706,46.559633027522935,57.3394495412844,42.6605504587156,0.06880733944954129,0.14678899082568808
2011-11-01,1218.280029296875,-0.05064404937794542,53.44036697247706,46.559633027522935,57.56880733944955,42.43119266055046,0.06880733944954129,0.15137614678899083
2011-11-02,1237.9000244140625,-0.03535498720196295,53.44036697247706,46.559633027522935,57.3394495412844,42.6605504587156,0.06880733944954129,0.14678899082568808
2011-11-03,1261.1500244140625,-0.01723721023675917,53.669724770642205,46.330275229357795,57.3394495412844,42.6605504587156,0.07339449541284404,0.14678899082568808
2011-11-04,1253.22998046875,-0.023408977538083242,53.899082568807344,46.10091743119266,57.3394495412844,42.6605504587156,0.0779816513761468,0.14678899082568808
2011-11-07,1261.1199951171875,-0.017260610843348623,53.899082568807344,46.10091743119266,57.11009174311926,42.88990825688073,0.0779816513761468,0.14220183486238533
2011-11-08,1275.9200439453125,-0.0057275362737960744,53.669724770642205,46.330275229357795,57.11009174311926,42.88990825688073,0.07339449541284404,0.14220183486238533
2011-11-09,1229.0999755859375,-0.042212506425656326,53.44036697247706,46.559633027522935,56.88073394495413,43.11926605504588,0.06880733944954129,0.13761467889908258
2011-11-10,1239.699951171875,-0.033952377672855416,53.44036697247706,46.559633027522935,56.65137614678899,43.34862385321101,0.06880733944954129,0.13302752293577982
2011-11-11,1263.8499755859375,-0.015133248380889253,53.44036697247706,46.559633027522935,56.65137614678899,43.34862385321101,0.06880733944954129,0.13302752293577982
2011-11-14,1251.780029296875,-0.024538865363565643,53.44036697247706,46.559633027522935,56.88073394495413,43.11926605504588,0.06880733944954129,0.13761467889908258
2011-11-15,1257.81005859375,-0.01983990941111713,53.44036697247706,46.559633027522935,56.65137614678899,43.34862385321101,0.06880733944954129,0.13302752293577982
2011-11-16,1236.9100341796875,-0.03612644622407635,53.44036697247706,46.559633027522935,56.65137614678899,43.34862385321101,0.06880733944954129,0.13302752293577982
2011-11-17,1216.1300048828125,-0.05231947573509499,53.44036697247706,46.559633027522935,56.88073394495413,43.11926605504588,0.06880733944954129,0.13761467889908258
2011-11-18,1215.6500244140625,-0.05269350494285696,53.21100917431193,46.788990825688074,56.65137614678899,43.34862385321101,0.06422018348623854,0.13302752293577982
2011-11-21,1192.97998046875,-0.07035934580275127,53.21100917431193,46.788990825688074,56.75057208237986,43.24942791762014,0.06422018348623854,0.13501144164759726
2011-11-22,1188.0400390625,-0.07420884071112177,52.981651376146786,47.018348623853214,56.75057208237986,43.24942791762014,0.05963302752293578,0.13501144164759726
2011-11-23,1161.7900390625,-0.09466439534925508,52.981651376146786,47.018348623853214,56.97940503432495,43.02059496567506,0.05963302752293578,0.13958810068649885
2011-11-25,1158.6700439453125,-0.09709568032412519,52.522935779816514,47.477064220183486,56.97940503432495,43.02059496567506,0.05045871559633028,0.13958810068649885
2011-11-28,1192.550048828125,-0.07069437399953105,52.522935779816514,47.477064220183486,56.97940503432495,43.02059496567506,0.05045871559633028,0.13958810068649885
2011-11-29,1195.18994140625,-0.06863721335684003,52.522935779816514,47.477064220183486,56.97940503432495,43.02059496567506,0.05045871559633028,0.13958810068649885
2011-11-30,1246.9599609375,-0.028294948094412686,52.752293577981646,47.24770642201835,56.75057208237986,43.24942791762014,0.05504587155963303,0.13501144164759726
2011-12-01,1244.5799560546875,-0.0301495888532467,52.752293577981646,47.24770642201835,56.75057208237986,43.24942791762014,0.05504587155963303,0.13501144164759726
2011-12-02,1244.280029296875,-0.030383309545889525,52.752293577981646,47.24770642201835,57.20823798627003,42.79176201372998,0.05504587155963303,0.14416475972540047
2011-12-05,1257.0799560546875,-0.02040884854937386,53.08924485125858,46.910755148741416,57.30593607305936,42.69406392694064,0.06178489702517163,0.1461187214611872
2011-12-06,1258.469970703125,-0.01932566681265313,53.08924485125858,46.910755148741416,57.40318906605923,42.59681093394077,0.06178489702517163,0.1480637813211845
2011-12-07,1261.010009765625,-0.017346317943092826,53.31807780320366,46.681922196796336,57.40318906605923,42.59681093394077,0.06636155606407322,0.1480637813211845
2011-12-08,1234.3499755859375,-0.03812139549802995,53.31807780320366,46.681922196796336,57.1753986332574,42.8246013667426,0.06636155606407322,0.14350797266514806
2011-12-09,1255.18994140625,-0.02188165989824964,53.31807780320366,46.681922196796336,57.1753986332574,42.8246013667426,0.06636155606407322,0.14350797266514806
2011-12-12,1236.469970703125,-0.036469369747469726,53.08924485125858,46.910755148741416,57.40318906605923,42.59681093394077,0.06178489702517163,0.1480637813211845
2011-12-13,1225.72998046875,-0.04483860620660418,53.08924485125858,46.910755148741416,57.630979498861045,42.369020501138955,0.06178489702517163,0.15261958997722094
2011-12-14,1211.8199462890625,-0.05567812865159083,52.73972602739726,47.26027397260274,57.95454545454546,42.04545454545455,0.0547945205479452,0.1590909090909091
2011-12-15,1215.75,-0.052615598045309686,52.96803652968036,47.03196347031963,57.95454545454546,42.04545454545455,0.0593607305936073,0.1590909090909091
2011-12-16,1219.6600341796875,-0.0495686678434214,52.96803652968036,47.03196347031963,58.18181818181818,41.81818181818181,0.0593607305936073,0.16363636363636364
2011-12-19,1205.3499755859375,-0.06071991300301538,52.73972602739726,47.26027397260274,57.95454545454546,42.04545454545455,0.0547945205479452,0.1590909090909091
2011-12-20,1241.300048828125,-0.03270548681442631,52.96803652968036,47.03196347031963,57.95454545454546,42.04545454545455,0.0593607305936073,0.1590909090909091
2011-12-21,1243.719970703125,-0.03081974037122337,52.73972602739726,47.26027397260274,57.49999999999999,42.5,0.0547945205479452,0.15
2011-12-22,1254.0,-0.02280893271545814,53.19634703196348,46.80365296803653,57.49999999999999,42.5,0.0639269406392694,0.15
2011-12-23,1265.3299560546875,-0.013979959948817733,53.65296803652968,46.34703196347032,57.49999999999999,42.5,0.0730593607305936,0.15
2011-12-27,1265.4300537109375,-0.013901957926853226,53.65296803652968,46.34703196347032,57.49999999999999,42.5,0.0730593607305936,0.15
2011-12-28,1249.6400146484375,-0.02620649151851906,53.65296803652968,46.34703196347032,57.72727272727273,42.27272727272727,0.0730593607305936,0.15454545454545454
2011-12-29,1263.02001953125,-0.01577999929227658,53.65296803652968,46.34703196347032,57.49999999999999,42.5,0.0730593607305936,0.15
2011-12-30,1257.5999755859375,-0.020003618532826062,53.65296803652968,46.34703196347032,57.49999999999999,42.5,0.0730593607305936,0.15
2012-01-03,1277.06005859375,-0.0048391693431528715,53.65296803652968,46.34703196347032,57.49999999999999,42.5,0.0730593607305936,0.15
2012-01-04,1277.300048828125,-0.004652154739271941,53.65296803652968,46.34703196347032,57.49999999999999,42.5,0.0730593607305936,0.15
2012-01-05,1281.06005859375,-0.0017221324459136822,53.88127853881278,46.118721461187214,56.81818181818182,43.18181818181818,0.0776255707762557,0.13636363636363635
2012-01-06,1277.81005859375,-0.004254724924920628,53.88127853881278,46.118721461187214,56.59090909090909,43.40909090909091,0.0776255707762557,0.1318181818181818
2012-01-09,1280.699951171875,-0.002002749476152199,54.109589041095894,45.89041095890411,56.36363636363636,43.63636363636363,0.0821917808219178,0.12727272727272726
2012-01-10,1292.0799560546875,0.006865224301470407,54.337899543378995,45.662100456621005,56.36363636363636,43.63636363636363,0.0867579908675799,0.12727272727272726
2012-01-11,1292.47998046875,0.00717694701607785,54.794520547945204,45.20547945205479,56.59090909090909,43.40909090909091,0.0958904109589041,0.1318181818181818
2012-01-12,1295.5,0.009530325093400238,54.794520547945204,45.20547945205479,56.59090909090909,43.40909090909091,0.0958904109589041,0.1318181818181818
2012-01-13,1289.0899658203125,0.004535246830737361,54.794520547945204,45.20547945205479,56.81818181818182,43.18181818181818,0.0958904109589041,0.13636363636363635
2012-01-17,1293.6700439453125,0.008104314957703362,54.794520547945204,45.20547945205479,56.81818181818182,43.18181818181818,0.0958904109589041,0.13636363636363635
2012-01-18,1308.0400390625,0.019302266206058905,55.25114155251142,44.74885844748858,56.81818181818182,43.18181818181818,0.1050228310502283,0.13636363636363635
2012-01-19,1314.5,0.02433625035528708,55.25114155251142,44.74885844748858,56.81818181818182,43.18181818181818,0.1050228310502283,0.13636363636363635
2012-01-20,1315.3800048828125,0.025022002277656386,55.93607305936074,44.06392694063927,57.04545454545455,42.95454545454545,0.1187214611872146,0.1409090909090909
2012-01-23,1316.0,0.02550513919175179,55.93607305936074,44.06392694063927,57.04545454545455,42.95454545454545,0.1187214611872146,0.1409090909090909
2012-01-24,1314.6500244140625,0.024453158263816777,55.93607305936074,44.06392694063927,57.04545454545455,42.95454545454545,0.1187214611872146,0.1409090909090909
2012-01-25,1326.06005859375,0.033344532648028835,56.849315068493155,43.15068493150685,57.04545454545455,42.95454545454545,0.136986301369863,0.1409090909090909
2012-01-26,1318.4300537109375,0.027398780961568114,57.077625570776256,42.922374429223744,57.49999999999999,42.5,0.1415525114155251,0.15
2012-01-27,1316.3299560546875,0.025762260490983735,57.077625570776256,42.922374429223744,57.49999999999999,42.5,0.1415525114155251,0.15
2012-01-30,1313.010009765625,0.023175161721018522,57.077625570776256,42.922374429223744,57.49999999999999,42.5,0.1415525114155251,0.15
2012-01-31,1312.4100341796875,0.022707625211316085,57.077625570776256,42.922374429223744,57.49999999999999,42.5,0.1415525114155251,0.15
2012-02-01,1324.0899658203125,0.03180931968158163,57.30593607305936,42.69406392694064,57.27272727272727,42.72727272727273,0.1461187214611872,0.14545454545454545
2012-02-02,1325.5400390625,0.03293930263148126,57.30593607305936,42.69406392694064,57.27272727272727,42.72727272727273,0.1461187214611872,0.14545454545454545
2012-02-03,1344.9000244140625,0.04802574979918961,58.44748858447488,41.55251141552511,57.95454545454546,42.04545454545455,0.1689497716894977,0.1590909090909091
2012-02-06,1344.3299560546875,0.0475815187716595,58.44748858447488,41.55251141552511,57.72727272727273,42.27272727272727,0.1689497716894977,0.15454545454545454
2012-02-07,1347.050048828125,0.049701176156339066,58.44748858447488,41.55251141552511,57.72727272727273,42.27272727272727,0.1689497716894977,0.15454545454545454
2012-02-08,1349.9599609375,0.05196875200950046,58.9041095890411,41.0958904109589,57.72727272727273,42.27272727272727,0.1780821917808219,0.15454545454545454
2012-02-09,1351.949951171875,0.05351947025592363,59.1324200913242,40.8675799086758,57.72727272727273,42.27272727272727,0.182648401826484,0.15454545454545454
2012-02-10,1342.6400146484375,0.04626461634229595,58.9041095890411,41.0958904109589,57.95454545454546,42.04545454545455,0.1780821917808219,0.1590909090909091
2012-02-13,1351.77001953125,0.0533792568652216,59.3607305936073,40.63926940639269,57.95454545454546,42.04545454545455,0.1872146118721461,0.1590909090909091
2012-02-14,1350.5,0.05238958243044145,59.589041095890416,40.41095890410959,57.95454545454546,42.04545454545455,0.1917808219178082,0.1590909090909091
2012-02-15,1343.22998046875,0.046724352649802015,59.817351598173516,40.182648401826484,58.18181818181818,41.81818181818181,0.1963470319634703,0.16363636363636364
2012-02-16,1358.0400390625,0.05826522742155116,59.817351598173516,40.182648401826484,58.18181818181818,41.81818181818181,0.1963470319634703,0.16363636363636364
2012-02-17,1361.22998046875,0.0607510186873792,59.90888382687927,40.091116173120724,58.18181818181818,41.81818181818181,0.19817767653758542,0.16363636363636364
2012-02-21,1362.2099609375,0.06151467750729611,59.90888382687927,40.091116173120724,57.72727272727273,42.27272727272727,0.19817767653758542,0.15454545454545454
2012-02-22,1357.6600341796875,0.05796910511133646,59.90888382687927,40.091116173120724,57.72727272727273,42.27272727272727,0.19817767653758542,0.15454545454545454
2012-02-23,1363.4599609375,0.062488751537683296,59.90888382687927,40.091116173120724,57.27272727272727,42.72727272727273,0.19817767653758542,0.14545454545454545
2012-02-24,1365.739990234375,0.0642654853989697,60.45454545454545,39.54545454545455,57.04545454545455,42.95454545454545,0.20909090909090908,0.1409090909090909
2012-02-27,1367.5899658203125,0.06570709593905977,60.45454545454545,39.54545454545455,57.04545454545455,42.95454545454545,0.20909090909090908,0.1409090909090909
2012-02-28,1372.1800537109375,0.06928396426822214,60.68181818181818,39.31818181818182,56.916099773242635,43.08390022675737,0.21363636363636362,0.1383219954648526
2012-02-29,1365.6800537109375,0.06421877931020825,60.909090909090914,39.09090909090909,56.916099773242635,43.08390022675737,0.21818181818181817,0.1383219954648526
2012-03-01,1374.0899658203125,0.07077228089707366,60.909090909090914,39.09090909090909,56.68934240362812,43.31065759637188,0.21818181818181817,0.13378684807256236
2012-03-02,1369.6300048828125,0.06729681519646524,60.909090909090914,39.09090909090909,56.4625850340136,43.53741496598639,0.21818181818181817,0.1292517006802721
2012-03-05,1364.3299560546875,0.06316670325785623,60.909090909090914,39.09090909090909,56.4625850340136,43.53741496598639,0.21818181818181817,0.1292517006802721
2012-03-06,1343.3599853515625,0.046825660153938964,60.909090909090914,39.09090909090909,56.68934240362812,43.31065759637188,0.21818181818181817,0.13378684807256236
2012-03-07,1352.6300048828125,0.05404940838319794,60.68181818181818,39.31818181818182,56.4625850340136,43.53741496598639,0.21363636363636362,0.1292517006802721
2012-03-08,1365.9100341796875,0.06439799371189281,60.909090909090914,39.09090909090909,56.68934240362812,43.31065759637188,0.21818181818181817,0.13378684807256236
2012-03-09,1370.8699951171875,0.06826308902465605,61.13636363636363,38.86363636363636,56.4625850340136,43.53741496598639,0.22272727272727272,0.1292517006802721
2012-03-12,1371.0899658203125,0.06843450322414424,61.13636363636363,38.86363636363636,56.4625850340136,43.53741496598639,0.22272727272727272,0.1292517006802721
2012-03-13,1395.949951171875,0.08780687612555704,63.49206349206349,36.507936507936506,56.916099773242635,43.08390022675737,0.2698412698412698,0.1383219954648526
2012-03-14,1394.280029296875,0.08650557410058646,63.49206349206349,36.507936507936506,56.68934240362812,43.31065759637188,0.2698412698412698,0.13378684807256236
2012-03-15,1402.5999755859375,0.09298896899210107,63.94557823129252,36.054421768707485,56.334841628959275,43.665158371040725,0.2789115646258503,0.12669683257918551
2012-03-16,1404.1700439453125,0.09421245924394084,64.17233560090703,35.827664399092974,56.334841628959275,43.665158371040725,0.2834467120181406,0.12669683257918551
2012-03-19,1409.75,0.09856069147079971,64.25339366515837,35.74660633484163,56.334841628959275,43.665158371040725,0.2850678733031674,0.12669683257918551
2012-03-20,1405.52001953125,0.09526444017187585,64.47963800904978,35.52036199095023,56.10859728506787,43.89140271493213,0.2895927601809955,0.12217194570135746
2012-03-21,1402.8900146484375,0.09321498460696409,64.70588235294117,35.294117647058826,56.10859728506787,43.89140271493213,0.29411764705882354,0.12217194570135746
2012-03-22,1392.780029296875,0.08533668526412175,64.70588235294117,35.294117647058826,56.10859728506787,43.89140271493213,0.29411764705882354,0.12217194570135746
2012-03-23,1397.1099853515625,0.08871084346059321,64.70588235294117,35.294117647058826,56.10859728506787,43.89140271493213,0.29411764705882354,0.12217194570135746
2012-03-26,1416.510009765625,0.1038284914370875,65.15837104072398,34.841628959276015,56.10859728506787,43.89140271493213,0.3031674208144796,0.12217194570135746
2012-03-27,1412.52001953125,0.10071925474204457,65.15837104072398,34.841628959276015,56.334841628959275,43.665158371040725,0.3031674208144796,0.12669683257918551
2012-03-28,1405.5400390625,0.0952800405762686,65.38461538461539,34.61538461538461,56.334841628959275,43.665158371040725,0.3076923076923077,0.12669683257918551
2012-03-29,1403.280029296875,0.09351890711937494,65.38461538461539,34.61538461538461,56.334841628959275,43.665158371040725,0.3076923076923077,0.12669683257918551
2012-03-30,1408.469970703125,0.09756321683382274,66.06334841628959,33.93665158371041,56.10859728506787,43.89140271493213,0.3212669683257919,0.12217194570135746
2012-04-02,1419.0400390625,0.10580004010445143,66.7420814479638,33.257918552036195,56.10859728506787,43.89140271493213,0.334841628959276,0.12217194570135746
2012-04-03,1413.3800048828125,0.10138940626002091,66.51583710407239,33.4841628959276,56.10859728506787,43.89140271493213,0.33031674208144796,0.12217194570135746
2012-04-04,1398.9599609375,0.09015245400068284,66.51583710407239,33.4841628959276,56.10859728506787,43.89140271493213,0.33031674208144796,0.12217194570135746
2012-04-05,1398.0799560546875,0.08946670207831353,66.51583710407239,33.4841628959276,56.10859728506787,43.89140271493213,0.33031674208144796,0.12217194570135746
2012-04-09,1382.199951171875,0.07709206179129646,66.51583710407239,33.4841628959276,56.10859728506787,43.89140271493213,0.33031674208144796,0.12217194570135746
2012-04-10,1358.5899658203125,0.058693762920271064,66.51583710407239,33.4841628959276,56.10859728506787,43.89140271493213,0.33031674208144796,0.12217194570135746
2012-04-11,1368.7099609375,0.06657986246531,66.51583710407239,33.4841628959276,55.88235294117647,44.11764705882353,0.33031674208144796,0.11764705882352941
2012-04-12,1387.5699462890625,0.08127668002086352,66.51583710407239,33.4841628959276,55.88235294117647,44.11764705882353,0.33031674208144796,0.11764705882352941
2012-04-13,1370.260009765625,0.06778775231275702,66.51583710407239,33.4841628959276,55.88235294117647,44.11764705882353,0.33031674208144796,0.11764705882352941
2012-04-16,1369.5699462890625,0.06725001398328634,66.51583710407239,33.4841628959276,55.88235294117647,44.11764705882353,0.33031674208144796,0.11764705882352941
2012-04-17,1390.780029296875,0.08377816681550154,66.51583710407239,33.4841628959276,55.88235294117647,44.11764705882353,0.33031674208144796,0.11764705882352941
2012-04-18,1385.1400146484375,0.07938313337546399,66.51583710407239,33.4841628959276,55.65610859728507,44.34389140271493,0.33031674208144796,0.11312217194570136
2012-04-19,1376.9200439453125,0.0729776453814972,66.51583710407239,33.4841628959276,55.65610859728507,44.34389140271493,0.33031674208144796,0.11312217194570136
2012-04-20,1378.530029296875,0.0742322413177059,66.9683257918552,33.03167420814479,55.88235294117647,44.11764705882353,0.3393665158371041,0.11764705882352941
2012-04-23,1366.93994140625,0.06520055841837458,66.9683257918552,33.03167420814479,55.65610859728507,44.34389140271493,0.3393665158371041,0.11312217194570136
2012-04-24,1371.969970703125,0.0691202551465131,67.19457013574662,32.80542986425339,55.88235294117647,44.11764705882353,0.3438914027149321,0.11764705882352941
2012-04-25,1390.68994140625,0.0837079649957333,67.19457013574662,32.80542986425339,55.88235294117647,44.11764705882353,0.3438914027149321,0.11764705882352941
2012-04-26,1399.97998046875,0.09094731362938524,67.87330316742081,32.126696832579185,56.334841628959275,43.665158371040725,0.3574660633484163,0.12669683257918551
2012-04-27,1403.3599853515625,0.09358121361252936,68.77828054298642,31.221719457013574,56.10859728506787,43.89140271493213,0.3755656108597285,0.12217194570135746
2012-04-30,1397.9100341796875,0.08933428888980743,68.77828054298642,31.221719457013574,56.10859728506787,43.89140271493213,0.3755656108597285,0.12217194570135746
2012-05-01,1405.8199462890625,0.09549816086451801,69.00452488687783,30.995475113122172,55.88235294117647,44.11764705882353,0.38009049773755654,0.11764705882352941
2012-05-02,1402.31005859375,0.09276304850165418,69.68325791855203,30.316742081447963,56.10859728506787,43.89140271493213,0.3936651583710407,0.12217194570135746
2012-05-03,1391.5699462890625,0.08439371691810282,70.13574660633483,29.86425339366516,56.334841628959275,43.665158371040725,0.40271493212669685,0.12669683257918551
2012-05-04,1369.0999755859375,0.06688378497772085,70.13574660633483,29.86425339366516,56.78733031674208,43.21266968325792,0.40271493212669685,0.13574660633484162
2012-05-07,1369.5799560546875,0.06725781418548293,70.58823529411765,29.411764705882355,57.01357466063348,42.98642533936652,0.4117647058823529,0.14027149321266968
2012-05-08,1363.719970703125,0.0626913665459572,70.58823529411765,29.411764705882355,57.692307692307686,42.30769230769231,0.4117647058823529,0.15384615384615385
2012-05-09,1354.5799560546875,0.05556892582083539,70.58823529411765,29.411764705882355,57.692307692307686,42.30769230769231,0.4117647058823529,0.15384615384615385
2012-05-10,1357.989990234375,0.05822622641056863,71.04072398190046,28.95927601809955,57.466063348416284,42.53393665158371,0.42081447963800905,0.1493212669683258
2012-05-11,1353.3900146484375,0.05464165300362689,71.04072398190046,28.95927601809955,57.466063348416284,42.53393665158371,0.42081447963800905,0.1493212669683258
2012-05-14,1338.3499755859375,0.04292156383019341,71.04072398190046,28.95927601809955,57.466063348416284,42.53393665158371,0.42081447963800905,0.1493212669683258
2012-05-15,1330.6600341796875,0.036929106054970795,71.04072398190046,28.95927601809955,57.466063348416284,42.53393665158371,0.42081447963800905,0.1493212669683258
2012-05-16,1324.800048828125,0.032362658415445056,71.04072398190046,28.95927601809955,57.9185520361991,42.081447963800905,0.42081447963800905,0.1583710407239819
2012-05-17,1304.8599853515625,0.016824180018010004,71.04072398190046,28.95927601809955,57.9185520361991,42.081447963800905,0.42081447963800905,0.1583710407239819
2012-05-18,1295.219970703125,0.00931210968073315,71.04072398190046,28.95927601809955,58.013544018058695,41.98645598194131,0.42081447963800905,0.16027088036117382
2012-05-21,1315.989990234375,0.025497338989555196,71.04072398190046,28.95927601809955,58.013544018058695,41.98645598194131,0.42081447963800905,0.16027088036117382
2012-05-22,1316.6300048828125,0.02599607630804357,71.04072398190046,28.95927601809955,58.013544018058695,41.98645598194131,0.42081447963800905,0.16027088036117382
2012-05-23,1318.8599853515625,0.027733809158347666,71.04072398190046,28.95927601809955,58.013544018058695,41.98645598194131,0.42081447963800905,0.16027088036117382
2012-05-24,1320.6800537109375,0.02915211421626518,71.04072398190046,28.95927601809955,58.239277652370205,41.760722347629795,0.42081447963800905,0.16478555304740405
2012-05-25,1317.8199462890625,0.026923349125252072,71.04072398190046,28.95927601809955,58.69074492099323,41.309255079006775,0.42081447963800905,0.17381489841986456
2012-05-29,1332.4200439453125,0.038300609899709404,71.49321266968326,28.50678733031674,58.465011286681715,41.534988713318285,0.4298642533936652,0.16930022573363432
2012-05-30,1313.3199462890625,0.023416682615857942,71.49321266968326,28.50678733031674,58.69074492099323,41.309255079006775,0.4298642533936652,0.17381489841986456
2012-05-31,1310.3299560546875,0.021086705145124895,71.71945701357465,28.28054298642534,58.91647855530474,41.08352144469526,0.4343891402714932,0.17832957110609482
2012-06-01,1278.0400390625,-0.004075510523236403,71.26696832579185,28.733031674208142,58.91647855530474,41.08352144469526,0.4253393665158371,0.17832957110609482
2012-06-04,1278.1800537109375,-0.003966402816903081,71.04072398190046,28.95927601809955,58.91647855530474,41.08352144469526,0.42081447963800905,0.17832957110609482
2012-06-05,1285.5,0.0017377328503016543,71.04072398190046,28.95927601809955,58.91647855530474,41.08352144469526,0.42081447963800905,0.17832957110609482
2012-06-06,1315.1300048828125,0.02482718747157886,71.49321266968326,28.50678733031674,58.91647855530474,41.08352144469526,0.4298642533936652,0.17832957110609482
2012-06-07,1314.989990234375,0.024718079765245315,71.49321266968326,28.50678733031674,59.14221218961625,40.85778781038375,0.4298642533936652,0.18284424379232506
2012-06-08,1325.6600341796875,0.033032809933421614,71.49321266968326,28.50678733031674,59.14221218961625,40.85778781038375,0.4298642533936652,0.18284424379232506
2012-06-11,1308.9300537109375,0.019995818330624804,71.04072398190046,28.95927601809955,58.69074492099323,41.309255079006775,0.42081447963800905,0.17381489841986456
2012-06-12,1324.1800537109375,0.03187952150134965,71.04072398190046,28.95927601809955,58.91647855530474,41.08352144469526,0.42081447963800905,0.17832957110609482
2012-06-13,1314.8800048828125,0.024632372665501334,71.04072398190046,28.95927601809955,58.91647855530474,41.08352144469526,0.42081447963800905,0.17832957110609482
2012-06-14,1329.0999755859375,0.0357134160053274,71.26696832579185,28.733031674208142,58.465011286681715,41.534988713318285,0.4253393665158371,0.16930022573363432
2012-06-15,1342.8399658203125,0.04642043013739139,71.26696832579185,28.733031674208142,58.69074492099323,41.309255079006775,0.4253393665158371,0.17381489841986456
2012-06-18,1344.780029296875,0.047932242497249256,71.26696832579185,28.733031674208142,58.69074492099323,41.309255079006775,0.4253393665158371,0.17381489841986456
2012-06-19,1357.97998046875,0.058218426208372254,71.26696832579185,28.733031674208142,58.69074492099323,41.309255079006775,0.4253393665158371,0.17381489841986456
2012-06-20,1355.68994140625,0.05643389214488925,71.26696832579185,28.733031674208142,58.55855855855856,41.44144144144144,0.4253393665158371,0.17117117117117117
2012-06-21,1325.510009765625,0.0329159020248917,71.26696832579185,28.733031674208142,58.55855855855856,41.44144144144144,0.4253393665158371,0.17117117117117117
2012-06-22,1335.02001953125,0.040326664858031824,71.26696832579185,28.733031674208142,58.55855855855856,41.44144144144144,0.4253393665158371,0.17117117117117117
2012-06-25,1313.719970703125,0.023728405330465385,71.26696832579185,28.733031674208142,58.333333333333336,41.66666666666667,0.4253393665158371,0.16666666666666666
2012-06-26,1319.989990234375,0.02861437588679472,71.26696832579185,28.733031674208142,58.333333333333336,41.66666666666667,0.4253393665158371,0.16666666666666666
2012-06-27,1331.8499755859375,0.0378563788721793,71.26696832579185,28.733031674208142,57.88288288288288,42.11711711711711,0.4253393665158371,0.15765765765765766
2012-06-28,1329.0400390625,0.03566670991656551,71.26696832579185,28.733031674208142,58.108108108108105,41.891891891891895,0.4253393665158371,0.16216216216216217
2012-06-29,1362.1600341796875,0.06147577162073081,71.33182844243792,28.66817155756208,58.108108108108105,41.891891891891895,0.42663656884875845,0.16216216216216217
2012-07-02,1365.510009765625,0.06408627099728537,71.33182844243792,28.66817155756208,57.65765765765766,42.34234234234234,0.42663656884875845,0.15315315315315314
2012-07-03,1374.02001953125,0.07071777460611539,71.3963963963964,28.603603603603606,57.65765765765766,42.34234234234234,0.42792792792792794,0.15315315315315314
2012-07-05,1367.5799560546875,0.06569929573686317,71.3963963963964,28.603603603603606,57.65765765765766,42.34234234234234,0.42792792792792794,0.15315315315315314
2012-07-06,1354.6800537109375,0.05564692784279979,71.3963963963964,28.603603603603606,57.65765765765766,42.34234234234234,0.42792792792792794,0.15315315315315314
2012-07-09,1352.4599609375,0.05391690007027505,71.3963963963964,28.603603603603606,57.65765765765766,42.34234234234234,0.42792792792792794,0.15315315315315314
2012-07-10,1341.469970703125,0.045352848805063184,71.3963963963964,28.603603603603606,57.65765765765766,42.34234234234234,0.42792792792792794,0.15315315315315314
2012-07-11,1341.449951171875,0.045337248400670216,71.3963963963964,28.603603603603606,57.20720720720721,42.792792792792795,0.42792792792792794,0.14414414414414414
2012-07-12,1334.760009765625,0.04012404984975748,71.3963963963964,28.603603603603606,57.20720720720721,42.792792792792795,0.42792792792792794,0.14414414414414414
2012-07-13,1356.780029296875,0.057283353188966935,71.3963963963964,28.603603603603606,57.20720720720721,42.792792792792795,0.42792792792792794,0.14414414414414414
2012-07-16,1353.6400146484375,0.05483646780970397,71.3963963963964,28.603603603603606,57.20720720720721,42.792792792792795,0.42792792792792794,0.14414414414414414
2012-07-17,1363.6700439453125,0.06265246065939167,71.17117117117117,28.82882882882883,56.75675675675676,43.24324324324324,0.42342342342342343,0.13513513513513514
2012-07-18,1372.780029296875,0.06975150077792436,71.17117117117117,28.82882882882883,57.078651685393254,42.921348314606746,0.42342342342342343,0.14157303370786517
2012-07-19,1376.510009765625,0.07265812246469339,71.3963963963964,28.603603603603606,56.853932584269664,43.146067415730336,0.42792792792792794,0.13707865168539327
2012-07-20,1362.6600341796875,0.06186540123288564,71.3963963963964,28.603603603603606,56.62921348314607,43.37078651685393,0.42792792792792794,0.13258426966292136
2012-07-23,1350.52001953125,0.052405182834833974,71.3963963963964,28.603603603603606,56.62921348314607,43.37078651685393,0.42792792792792794,0.13258426966292136
2012-07-24,1338.31005859375,0.04289045814582426,71.17117117117117,28.82882882882883,56.62921348314607,43.37078651685393,0.42342342342342343,0.13258426966292136
2012-07-25,1337.8900146484375,0.04256313502682407,70.94594594594594,29.054054054054053,56.62921348314607,43.37078651685393,0.4189189189189189,0.13258426966292136
2012-07-26,1360.02001953125,0.05980814546577751,70.94594594594594,29.054054054054053,56.40449438202248,43.59550561797752,0.4189189189189189,0.12808988764044943
2012-07-27,1385.969970703125,0.08002988428685098,71.3963963963964,28.603603603603606,55.955056179775276,44.04494382022472,0.42792792792792794,0.11910112359550562
2012-07-30,1385.300048828125,0.07950784148619028,71.3963963963964,28.603603603603606,55.955056179775276,44.04494382022472,0.42792792792792794,0.11910112359550562
2012-07-31,1379.3199462890625,0.07484779142030717,71.17117117117117,28.82882882882883,55.73033707865168,44.26966292134831,0.42342342342342343,0.1146067415730337
2012-08-01,1375.3199462890625,0.07173075452306765,71.17117117117117,28.82882882882883,55.955056179775276,44.04494382022472,0.42342342342342343,0.11910112359550562
2012-08-02,1365.0,0.06368884118293372,71.17117117117117,28.82882882882883,55.955056179775276,44.04494382022472,0.42342342342342343,0.11910112359550562
2012-08-03,1390.989990234375,0.08394178081279313,71.3963963963964,28.603603603603606,55.955056179775276,44.04494382022472,0.42792792792792794,0.11910112359550562
2012-08-06,1394.22998046875,0.0864665730896037,71.3963963963964,28.603603603603606,55.73033707865168,44.26966292134831,0.42792792792792794,0.1146067415730337
2012-08-07,1401.3499755859375,0.09201489496171322,71.84684684684684,28.153153153153156,55.73033707865168,44.26966292134831,0.4369369369369369,0.1146067415730337
2012-08-08,1402.219970703125,0.09269284668188593,72.07207207207207,27.927927927927925,55.73033707865168,44.26966292134831,0.44144144144144143,0.1146067415730337
2012-08-09,1402.800048828125,0.09314487791161263,72.52252252252252,27.47747747747748,55.73033707865168,44.26966292134831,0.45045045045045046,0.1146067415730337
2012-08-10,1405.8699951171875,0.09553716187550032,72.74774774774775,27.25225225225225,55.955056179775276,44.04494382022472,0.45495495495495497,0.11910112359550562
2012-08-13,1404.1099853515625,0.09416565803076171,72.74774774774775,27.25225225225225,55.955056179775276,44.04494382022472,0.45495495495495497,0.11910112359550562
2012-08-14,1403.9300537109375,0.09402544464005946,72.97297297297297,27.027027027027028,55.73033707865168,44.26966292134831,0.4594594594594595,0.1146067415730337
2012-08-15,1405.530029296875,0.095272240374072,72.97297297297297,27.027027027027028,55.73033707865168,44.26966292134831,0.4594594594594595,0.1146067415730337
2012-08-16,1415.510009765625,0.10304923221277762,73.42342342342343,26.576576576576578,55.955056179775276,44.04494382022472,0.46846846846846846,0.11910112359550562
2012-08-17,1418.1600341796875,0.10511428818208213,73.64864864864865,26.351351351351347,55.955056179775276,44.04494382022472,0.47297297297297297,0.11910112359550562
2012-08-20,1418.1300048828125,0.10509088757549279,73.64864864864865,26.351351351351347,55.955056179775276,44.04494382022472,0.47297297297297297,0.11910112359550562
2012-08-21,1413.1700439453125,0.10122579226272932,73.64864864864865,26.351351351351347,56.17977528089888,43.82022471910113,0.47297297297297297,0.12359550561797752
2012-08-22,1413.489990234375,0.10147511335976511,73.64864864864865,26.351351351351347,56.17977528089888,43.82022471910113,0.47297297297297297,0.12359550561797752
2012-08-23,1402.0799560546875,0.09258373897555305,73.64864864864865,26.351351351351347,56.17977528089888,43.82022471910113,0.47297297297297297,0.12359550561797752
2012-08-24,1411.1300048828125,0.09963607300532407,73.64864864864865,26.351351351351347,56.17977528089888,43.82022471910113,0.47297297297297297,0.12359550561797752
2012-08-27,1410.43994140625,0.09909833467585338,73.64864864864865,26.351351351351347,56.62921348314607,43.37078651685393,0.47297297297297297,0.13258426966292136
2012-08-28,1409.300048828125,0.09821006286962697,73.64864864864865,26.351351351351347,56.62921348314607,43.37078651685393,0.47297297297297297,0.13258426966292136
2012-08-29,1410.489990234375,0.09913733568683547,73.64864864864865,26.351351351351347,56.62921348314607,43.37078651685393,0.47297297297297297,0.13258426966292136
2012-08-30,1399.47998046875,0.09055768401723086,73.64864864864865,26.351351351351347,56.62921348314607,43.37078651685393,0.47297297297297297,0.13258426966292136
2012-08-31,1406.5799560546875,0.09609040548494718,73.87387387387388,26.126126126126124,56.62921348314607,43.37078651685393,0.4774774774774775,0.13258426966292136
2012-09-04,1404.93994140625,0.09481240894214915,73.87387387387388,26.126126126126124,56.62921348314607,43.37078651685393,0.4774774774774775,0.13258426966292136
2012-09-05,1403.43994140625,0.09364352010568422,73.64864864864865,26.351351351351347,56.62921348314607,43.37078651685393,0.47297297297297297,0.13258426966292136
2012-09-06,1432.1199951171875,0.11599271651363408,75.0,25.0,56.40449438202248,43.59550561797752,0.5,0.12808988764044943
2012-09-07,1437.9200439453125,0.12051245806439792,75.67567567567568,24.324324324324326,56.40449438202248,43.59550561797752,0.5135135135135135,0.12808988764044943
2012-09-10,1429.0799560546875,0.11362373803191872,75.67567567567568,24.324324324324326,56.17977528089888,43.82022471910113,0.5135135135135135,0.12359550561797752
2012-09-11,1433.56005859375,0.11711489926133711,75.67567567567568,24.324324324324326,56.17977528089888,43.82022471910113,0.5135135135135135,0.12359550561797752
2012-09-12,1436.56005859375,0.11945267693426675,75.90090090090091,24.0990990990991,56.17977528089888,43.82022471910113,0.5180180180180181,0.12359550561797752
2012-09-13,1459.989990234375,0.13771066729017267,77.02702702702703,22.972972972972975,55.73033707865168,44.26966292134831,0.5405405405405406,0.1146067415730337
2012-09-14,1465.77001953125,0.14221480843654355,78.65168539325843,21.34831460674157,55.50561797752809,44.49438202247191,0.5730337078651685,0.1101123595505618
2012-09-17,1461.18994140625,0.13864574030957777,78.65168539325843,21.34831460674157,55.50561797752809,44.49438202247191,0.5730337078651685,0.1101123595505618
2012-09-18,1459.3199462890625,0.13718852936509496,78.65168539325843,21.34831460674157,55.60538116591929,44.39461883408072,0.5730337078651685,0.11210762331838565
2012-09-19,1461.050048828125,0.13853672772766146,78.87640449438203,21.123595505617978,55.381165919282516,44.61883408071749,0.5775280898876405,0.10762331838565023
2012-09-20,1460.260009765625,0.13792108250064317,78.87640449438203,21.123595505617978,55.15695067264574,44.843049327354265,0.5775280898876405,0.1031390134529148
2012-09-21,1460.1500244140625,0.13783537540089918,78.87640449438203,21.123595505617978,55.15695067264574,44.843049327354265,0.5775280898876405,0.1031390134529148
2012-09-24,1456.8900146484375,0.13529498271969564,78.87640449438203,21.123595505617978,54.932735426008975,45.06726457399103,0.5775280898876405,0.09865470852017937
2012-09-25,1441.5899658203125,0.12337227853798827,78.87640449438203,21.123595505617978,54.932735426008975,45.06726457399103,0.5775280898876405,0.09865470852017937
2012-09-26,1433.3199462890625,0.11692778953303917,78.87640449438203,21.123595505617978,54.7085201793722,45.2914798206278,0.5775280898876405,0.09417040358744394
2012-09-27,1447.1500244140625,0.12770500548487118,79.10112359550561,20.89887640449438,54.48430493273543,45.51569506726457,0.5820224719101124,0.08968609865470852
2012-09-28,1440.6700439453125,0.12265542093125026,79.10112359550561,20.89887640449438,54.7085201793722,45.2914798206278,0.5820224719101124,0.09417040358744394
2012-10-01,1444.489990234375,0.1256321493133703,79.10112359550561,20.89887640449438,54.7085201793722,45.2914798206278,0.5820224719101124,0.09417040358744394
2012-10-02,1445.75,0.12661402354595408,79.32584269662921,20.674157303370784,54.932735426008975,45.06726457399103,0.5865168539325842,0.09865470852017937
2012-10-03,1450.989990234375,0.1306973342713844,79.10112359550561,20.89887640449438,54.7085201793722,45.2914798206278,0.5820224719101124,0.09417040358744394
2012-10-04,1461.4000244140625,0.1388094494312868,79.32584269662921,20.674157303370784,54.7085201793722,45.2914798206278,0.5865168539325842,0.09417040358744394
2012-10-05,1460.9300537109375,0.1384432204257211,79.5505617977528,20.44943820224719,54.7085201793722,45.2914798206278,0.5910112359550562,0.09417040358744394
2012-10-08,1455.8800048828125,0.1345079232931896,79.32584269662921,20.674157303370784,54.48430493273543,45.51569506726457,0.5865168539325842,0.08968609865470852
2012-10-09,1441.47998046875,0.12328657143824451,79.10112359550561,20.89887640449438,54.48430493273543,45.51569506726457,0.5820224719101124,0.08968609865470852
2012-10-10,1432.56005859375,0.11633564003702745,79.10112359550561,20.89887640449438,54.48430493273543,45.51569506726457,0.5820224719101124,0.08968609865470852
2012-10-11,1432.8399658203125,0.11655376032527731,79.32584269662921,20.674157303370784,53.914988814317674,46.085011185682326,0.5865168539325842,0.07829977628635347
2012-10-12,1428.5899658203125,0.11324190862196026,79.32584269662921,20.674157303370784,53.914988814317674,46.085011185682326,0.5865168539325842,0.07829977628635347
2012-10-15,1440.1300048828125,0.12223459051030927,79.5505617977528,20.44943820224719,53.914988814317674,46.085011185682326,0.5910112359550562,0.07829977628635347
2012-10-16,1454.9200439453125,0.13375986487766545,80.0,20.0,54.138702460850105,45.86129753914989,0.6,0.08277404921700224
2012-10-17,1460.9100341796875,0.1384276200213279,80.4494382022472,19.550561797752806,53.691275167785236,46.308724832214764,0.6089887640449438,0.0738255033557047
2012-10-18,1457.3399658203125,0.13564561132086816,80.4494382022472,19.550561797752806,53.46756152125279,46.5324384787472,0.6089887640449438,0.06935123042505593
2012-10-19,1433.18994140625,0.116826482028902,80.2247191011236,19.775280898876403,53.914988814317674,46.085011185682326,0.604494382022472,0.07829977628635347
2012-10-22,1433.8199462890625,0.117317419145194,80.2247191011236,19.775280898876403,53.46756152125279,46.5324384787472,0.604494382022472,0.06935123042505593
2012-10-23,1413.1099853515625,0.10117899104955064,80.0,20.0,53.46756152125279,46.5324384787472,0.6,0.06935123042505593
2012-10-24,1408.75,0.09778143224648983,79.10112359550561,20.89887640449438,53.914988814317674,46.085011185682326,0.5820224719101124,0.07829977628635347
2012-10-25,1412.969970703125,0.10106988334321709,78.87640449438203,21.123595505617978,54.58612975391499,45.41387024608501,0.5775280898876405,0.09172259507829977
2012-10-26,1411.93994140625,0.10026722351231787,78.87640449438203,21.123595505617978,54.80984340044742,45.19015659955257,0.5775280898876405,0.09619686800894854
2012-10-31,1412.1600341796875,0.10043873283622307,78.87640449438203,21.123595505617978,55.70469798657718,44.29530201342282,0.5775280898876405,0.11409395973154363
2012-11-01,1427.5899658203125,0.11246264939765038,79.32584269662921,20.674157303370784,56.152125279642064,43.84787472035794,0.5865168539325842,0.12304250559284116
2012-11-02,1414.199951171875,0.10202835696921153,79.32584269662921,20.674157303370784,56.59955257270693,43.40044742729307,0.5865168539325842,0.1319910514541387
2012-11-05,1417.260009765625,0.10441293585531985,79.32584269662921,20.674157303370784,56.59955257270693,43.40044742729307,0.5865168539325842,0.1319910514541387
2012-11-06,1428.3900146484375,0.11308609482686505,79.7752808988764,20.224719101123593,56.82326621923938,43.17673378076063,0.5955056179775281,0.13646532438478748
2012-11-07,1394.530029296875,0.08670038890666376,79.7752808988764,20.224719101123593,56.82326621923938,43.17673378076063,0.5955056179775281,0.13646532438478748
2012-11-08,1377.510009765625,0.07343738168900349,79.5505617977528,20.44943820224719,56.59955257270693,43.40044742729307,0.5910112359550562,0.1319910514541387
2012-11-09,1379.8499755859375,0.07526082163905179,79.32584269662921,20.674157303370784,56.59955257270693,43.40044742729307,0.5865168539325842,0.1319910514541387
2012-11-12,1380.030029296875,0.07540113015417105,79.10112359550561,20.89887640449438,56.375838926174495,43.624161073825505,0.5820224719101124,0.12751677852348994
2012-11-13,1374.530029296875,0.07111520442046682,79.10112359550561,20.89887640449438,56.375838926174495,43.624161073825505,0.5820224719101124,0.12751677852348994
2012-11-14,1355.489990234375,0.056278078349794036,78.65168539325843,21.34831460674157,56.59955257270693,43.40044742729307,0.5730337078651685,0.1319910514541387
2012-11-15,1353.3299560546875,0.054594851790447985,78.42696629213484,21.573033707865168,56.59955257270693,43.40044742729307,0.5685393258426966,0.1319910514541387
2012-11-16,1359.8800048828125,0.059699037759444185,78.42696629213484,21.573033707865168,56.82326621923938,43.17673378076063,0.5685393258426966,0.13646532438478748
2012-11-19,1386.8900146484375,0.08074683701800645,78.47533632286996,21.524663677130047,56.91964285714286,43.080357142857146,0.5695067264573991,0.13839285714285715
2012-11-20,1387.81005859375,0.08146378974916169,78.47533632286996,21.524663677130047,56.69642857142857,43.30357142857143,0.5695067264573991,0.13392857142857142
2012-11-21,1391.030029296875,0.08397298162157929,78.47533632286996,21.524663677130047,56.69642857142857,43.30357142857143,0.5695067264573991,0.13392857142857142
2012-11-23,1409.1500244140625,0.09809315496109683,78.69955156950674,21.300448430493272,56.69642857142857,43.30357142857143,0.5739910313901345,0.13392857142857142
2012-11-26,1406.2900390625,0.09586448499450073,78.69955156950674,21.300448430493272,56.47321428571429,43.526785714285715,0.5739910313901345,0.12946428571428573
2012-11-27,1398.93994140625,0.09013685359628987,78.69955156950674,21.300448430493272,56.69642857142857,43.30357142857143,0.5739910313901345,0.13392857142857142
2012-11-28,1409.9300537109375,0.09870099998591875,78.69955156950674,21.300448430493272,56.47321428571429,43.526785714285715,0.5739910313901345,0.12946428571428573
2012-11-29,1415.949951171875,0.10339206061175354,78.69955156950674,21.300448430493272,56.47321428571429,43.526785714285715,0.5739910313901345,0.12946428571428573
2012-11-30,1416.1800537109375,0.10357137013785511,78.69955156950674,21.300448430493272,56.47321428571429,43.526785714285715,0.5739910313901345,0.12946428571428573
2012-12-03,1409.4599609375,0.09833467585593625,78.9237668161435,21.076233183856502,56.91964285714286,43.080357142857146,0.57847533632287,0.13839285714285715
2012-12-04,1407.050048828125,0.09645672961492968,78.9237668161435,21.076233183856502,56.91964285714286,43.080357142857146,0.57847533632287,0.13839285714285715
2012-12-05,1409.280029296875,0.098194462465234,78.9237668161435,21.076233183856502,57.14285714285714,42.857142857142854,0.57847533632287,0.14285714285714285
2012-12-06,1413.93994140625,0.10182574196093763,78.9237668161435,21.076233183856502,57.36607142857143,42.63392857142857,0.57847533632287,0.14732142857142858
2012-12-07,1418.0699462890625,0.10504408636231388,78.9237668161435,21.076233183856502,57.14285714285714,42.857142857142854,0.57847533632287,0.14285714285714285
2012-12-10,1418.550048828125,0.10541821069449298,78.9237668161435,21.076233183856502,57.36607142857143,42.63392857142857,0.57847533632287,0.14732142857142858
2012-12-11,1427.8399658203125,0.11265746420372769,79.14798206278026,20.85201793721973,57.36607142857143,42.63392857142857,0.5829596412556054,0.14732142857142858
2012-12-12,1428.47998046875,0.11315620152221606,79.14798206278026,20.85201793721973,57.58928571428571,42.410714285714285,0.5829596412556054,0.15178571428571427
2012-12-13,1419.449951171875,0.10611946789683824,79.14798206278026,20.85201793721973,57.8125,42.1875,0.5829596412556054,0.15625
2012-12-14,1413.5799560546875,0.10154522005511613,79.14798206278026,20.85201793721973,57.58928571428571,42.410714285714285,0.5829596412556054,0.15178571428571427
2012-12-17,1430.3599853515625,0.11462121266889547,79.14798206278026,20.85201793721973,58.03571428571429,41.964285714285715,0.5829596412556054,0.16071428571428573
2012-12-18,1446.7900390625,0.12742448357904945,79.82062780269058,20.179372197309416,57.8125,42.1875,0.5964125560538116,0.15625
2012-12-19,1435.81005859375,0.11886823251603418,79.82062780269058,20.179372197309416,58.48214285714286,41.517857142857146,0.5964125560538116,0.16964285714285715
2012-12-20,1443.68994140625,0.1250087038841552,80.26905829596413,19.730941704035875,59.375,40.625,0.6053811659192825,0.1875
2012-12-21,1430.1500244140625,0.11445759867160343,80.26905829596413,19.730941704035875,59.15178571428571,40.848214285714285,0.6053811659192825,0.18303571428571427
2012-12-24,1426.6600341796875,0.11173799158871556,80.26905829596413,19.730941704035875,59.15178571428571,40.848214285714285,0.6053811659192825,0.18303571428571427
2012-12-26,1419.8299560546875,0.10641559020705227,80.49327354260089,19.506726457399104,59.15178571428571,40.848214285714285,0.6098654708520179,0.18303571428571427
2012-12-27,1418.0999755859375,0.105067486968903,80.49327354260089,19.506726457399104,59.15178571428571,40.848214285714285,0.6098654708520179,0.18303571428571427
2012-12-28,1402.4300537109375,0.09285655580359475,80.49327354260089,19.506726457399104,59.375,40.625,0.6098654708520179,0.1875
2012-12-31,1426.18994140625,0.11137166745873284,80.49327354260089,19.506726457399104,59.59821428571429,40.401785714285715,0.6098654708520179,0.19196428571428573
2013-01-02,1462.4200439453125,0.13960430905998855,81.20805369127517,18.79194630872483,59.82142857142857,40.17857142857143,0.6241610738255033,0.19642857142857142
2013-01-03,1459.3699951171875,0.13722753037607682,81.65548098434004,18.344519015659955,60.04464285714286,39.955357142857146,0.6331096196868009,0.20089285714285715
2013-01-04,1466.469970703125,0.14276025184379315,82.5503355704698,17.449664429530202,60.04464285714286,39.955357142857146,0.6510067114093959,0.20089285714285715
2013-01-07,1461.8900146484375,0.13919127884124438,82.5503355704698,17.449664429530202,60.26785714285714,39.732142857142854,0.6510067114093959,0.20535714285714285
2013-01-08,1457.1500244140625,0.13549759772796888,82.5503355704698,17.449664429530202,60.04464285714286,39.955357142857146,0.6510067114093959,0.20089285714285715
2013-01-09,1461.02001953125,0.13851332712107123,83.22147651006712,16.778523489932887,60.49107142857143,39.50892857142857,0.6644295302013423,0.20982142857142858
2013-01-10,1472.1199951171875,0.14716308548602708,83.44519015659955,16.55480984340045,60.71428571428571,39.285714285714285,0.668903803131991,0.21428571428571427
2013-01-11,1472.050048828125,0.1471085791950688,83.89261744966443,16.10738255033557,60.71428571428571,39.285714285714285,0.6778523489932886,0.21428571428571427
2013-01-14,1470.6800537109375,0.14604099786274105,83.89261744966443,16.10738255033557,60.9375,39.0625,0.6778523489932886,0.21875
2013-01-15,1472.3399658203125,0.14733449968551526,83.89261744966443,16.10738255033557,60.9375,39.0625,0.6778523489932886,0.21875
2013-01-16,1472.6300048828125,0.14756051530037828,84.11633109619687,15.883668903803134,61.16071428571429,38.839285714285715,0.6823266219239373,0.22321428571428573
2013-01-17,1480.93994140625,0.1540361099896963,84.56375838926175,15.436241610738255,61.16071428571429,38.839285714285715,0.6912751677852349,0.22321428571428573
2013-01-18,1485.97998046875,0.1579636069200312,84.78747203579418,15.212527964205815,61.38392857142857,38.61607142857143,0.6957494407158836,0.22767857142857142
2013-01-22,1492.56005859375,0.16309119349561696,84.78747203579418,15.212527964205815,61.38392857142857,38.61607142857143,0.6957494407158836,0.22767857142857142
2013-01-23,1494.81005859375,0.16484452675031425,84.78747203579418,15.212527964205815,61.16071428571429,38.839285714285715,0.6957494407158836,0.22321428571428573
2013-01-24,1494.8199462890625,0.1648522318280936,85.23489932885906,14.76510067114094,61.60714285714286,38.392857142857146,0.7046979865771812,0.23214285714285715
2013-01-25,1502.9599609375,0.17119541332890553,85.90604026845638,14.093959731543624,61.83035714285714,38.169642857142854,0.7181208053691275,0.23660714285714285
2013-01-28,1500.1800537109375,0.1690291449798813,85.90604026845638,14.093959731543624,62.05357142857143,37.94642857142857,0.7181208053691275,0.24107142857142858
2013-01-29,1507.8399658203125,0.17499820214851414,86.35346756152126,13.646532438478747,62.5,37.5,0.727069351230425,0.25
2013-01-30,1501.9599609375,0.17041615410459565,86.35346756152126,13.646532438478747,62.27678571428571,37.723214285714285,0.727069351230425,0.24553571428571427
2013-01-31,1498.1099853515625,0.16741602511588627,86.57718120805369,13.422818791946309,62.5,37.5,0.7315436241610739,0.25
2013-02-01,1513.1700439453125,0.17915171469371272,86.57718120805369,13.422818791946309,62.5,37.5,0.7315436241610739,0.25
2013-02-04,1495.7099609375,0.1655457839526595,86.12975391498881,13.870246085011187,62.72321428571429,37.276785714285715,0.7225950782997763,0.2544642857142857
2013-02-05,1511.2900390625,0.17768670354703375,86.12975391498881,13.870246085011187,62.72321428571429,37.276785714285715,0.7225950782997763,0.2544642857142857
2013-02-06,1512.1199951171875,0.17833345445842075,86.12975391498881,13.870246085011187,62.94642857142857,37.05357142857143,0.7225950782997763,0.25892857142857145
2013-02-07,1509.3900146484375,0.1762060919959616,86.35346756152126,13.646532438478747,63.39285714285714,36.607142857142854,0.727069351230425,0.26785714285714285
2013-02-08,1517.9300537109375,0.18286099621138097,86.57718120805369,13.422818791946309,63.39285714285714,36.607142857142854,0.7315436241610739,0.26785714285714285
2013-02-11,1517.010009765625,0.18214404348022573,86.57718120805369,13.422818791946309,63.39285714285714,36.607142857142854,0.7315436241610739,0.26785714285714285
2013-02-12,1519.4300537109375,0.18402988504784568,86.57718120805369,13.422818791946309,63.39285714285714,36.607142857142854,0.7315436241610739,0.26785714285714285
2013-02-13,1520.3299560546875,0.18473114225019094,86.57718120805369,13.422818791946309,63.83928571428571,36.160714285714285,0.7315436241610739,0.2767857142857143
2013-02-14,1521.3800048828125,0.18554940248548313,86.60714285714286,13.392857142857142,63.39285714285714,36.607142857142854,0.7321428571428571,0.26785714285714285
2013-02-15,1519.7900390625,0.1843104069536674,86.60714285714286,13.392857142857142,64.0625,35.9375,0.7321428571428571,0.28125
2013-02-19,1530.93994140625,0.19299907120518855,87.05357142857143,12.946428571428573,63.83928571428571,36.160714285714285,0.7410714285714286,0.2767857142857143
2013-02-20,1511.949951171875,0.17820094614549808,87.05357142857143,12.946428571428573,64.73214285714286,35.267857142857146,0.7410714285714286,0.29464285714285715
2013-02-21,1502.4200439453125,0.17077467803238222,87.05357142857143,12.946428571428573,64.95535714285714,35.044642857142854,0.7410714285714286,0.29910714285714285
2013-02-22,1515.5999755859375,0.18104526133911225,87.05357142857143,12.946428571428573,64.95535714285714,35.044642857142854,0.7410714285714286,0.29910714285714285
2013-02-25,1487.8499755859375,0.159420817864514,87.05357142857143,12.946428571428573,64.95535714285714,35.044642857142854,0.7410714285714286,0.29910714285714285
2013-02-26,1496.93994140625,0.16650425757865372,87.05357142857143,12.946428571428573,65.17857142857143,34.82142857142857,0.7410714285714286,0.30357142857142855
2013-02-27,1515.989990234375,0.1813491838515231,87.27678571428571,12.723214285714285,65.625,34.375,0.7455357142857143,0.3125
2013-02-28,1514.6800537109375,0.18032840373237402,87.27678571428571,12.723214285714285,65.625,34.375,0.7455357142857143,0.3125
2013-03-01,1518.199951171875,0.18307131629743445,87.94642857142857,12.053571428571429,65.625,34.375,0.7589285714285714,0.3125
2013-03-04,1525.199951171875,0.1885261308676034,88.16964285714286,11.830357142857142,65.625,34.375,0.7633928571428571,0.3125
2013-03-05,1539.7900390625,0.19989559143986435,88.39285714285714,11.607142857142858,65.625,34.375,0.7678571428571429,0.3125
2013-03-06,1541.4599609375,0.20119689346483471,88.41870824053451,11.58129175946548,66.29464285714286,33.705357142857146,0.7683741648106904,0.32589285714285715
2013-03-07,1544.260009765625,0.20337885734266914,88.8641425389755,11.1358574610245,65.625,34.375,0.77728285077951,0.3125
2013-03-08,1551.1800537109375,0.20877136541968344,89.086859688196,10.913140311804009,66.07142857142857,33.92857142857143,0.7817371937639198,0.32142857142857145
2013-03-11,1556.219970703125,0.21269876722560133,89.086859688196,10.913140311804009,66.07142857142857,33.92857142857143,0.7817371937639198,0.32142857142857145
2013-03-12,1552.47998046875,0.20978434533663592,89.086859688196,10.913140311804009,66.07142857142857,33.92857142857143,0.7817371937639198,0.32142857142857145
2013-03-13,1554.52001953125,0.2113740645940414,89.086859688196,10.913140311804009,66.51785714285714,33.482142857142854,0.7817371937639198,0.33035714285714285
2013-03-14,1563.22998046875,0.21816138199796664,89.086859688196,10.913140311804009,66.51785714285714,33.482142857142854,0.7817371937639198,0.33035714285714285
2013-03-15,1560.699951171875,0.2161898333306027,88.64142538975501,11.358574610244988,66.51785714285714,33.482142857142854,0.7728285077951003,0.33035714285714285
2013-03-18,1552.0999755859375,0.20948822302642145,88.64142538975501,11.358574610244988,66.51785714285714,33.482142857142854,0.7728285077951003,0.33035714285714285
2013-03-19,1548.3399658203125,0.20655820073306308,88.64142538975501,11.358574610244988,66.74107142857143,33.25892857142857,0.7728285077951003,0.33482142857142855
2013-03-20,1558.7099609375,0.21463911508417954,88.64142538975501,11.358574610244988,66.51785714285714,33.482142857142854,0.7728285077951003,0.33035714285714285
2013-03-21,1545.800048828125,0.20457894698791979,88.64142538975501,11.358574610244988,66.74107142857143,33.25892857142857,0.7728285077951003,0.33482142857142855
2013-03-22,1556.8900146484375,0.21322090515067904,88.64142538975501,11.358574610244988,67.1875,32.8125,0.7728285077951003,0.34375
2013-03-25,1551.68994140625,0.20916870010961763,88.64142538975501,11.358574610244988,67.1875,32.8125,0.7728285077951003,0.34375
2013-03-26,1563.77001953125,0.2185822124189074,88.64142538975501,11.358574610244988,67.41071428571429,32.589285714285715,0.7728285077951003,0.3482142857142857
2013-03-27,1562.8499755859375,0.21786525968775217,89.086859688196,10.913140311804009,67.41071428571429,32.589285714285715,0.7817371937639198,0.3482142857142857
2013-03-28,1569.18994140625,0.22280573653503977,89.086859688196,10.913140311804009,67.63392857142857,32.36607142857143,0.7817371937639198,0.35267857142857145
2013-04-01,1562.1700439453125,0.21733541668489487,89.086859688196,10.913140311804009,67.41071428571429,32.589285714285715,0.7817371937639198,0.3482142857142857
2013-04-02,1570.25,0.22363179697252833,89.086859688196,10.913140311804009,67.41071428571429,32.589285714285715,0.7817371937639198,0.3482142857142857
2013-04-03,1553.68994140625,0.21072721855823717,89.086859688196,10.913140311804009,67.1875,32.8125,0.7817371937639198,0.34375
2013-04-04,1559.97998046875,0.21562878951895947,89.30957683741649,10.690423162583519,67.41071428571429,32.589285714285715,0.7861915367483296,0.3482142857142857
2013-04-05,1553.280029296875,0.21040779076585037,89.30957683741649,10.690423162583519,67.41071428571429,32.589285714285715,0.7861915367483296,0.3482142857142857
2013-04-08,1563.0699462890625,0.21803667388724013,89.30957683741649,10.690423162583519,67.63392857142857,32.36607142857143,0.7861915367483296,0.35267857142857145
2013-04-09,1568.6099853515625,0.2223538004297303,89.53229398663697,10.46770601336303,67.85714285714286,32.142857142857146,0.7906458797327395,0.35714285714285715
2013-04-10,1587.72998046875,0.23725323299355772,89.75501113585747,10.244988864142538,67.63392857142857,32.36607142857143,0.7951002227171492,0.35267857142857145
2013-04-11,1593.3699951171875,0.24164826643359505,89.97772828507794,10.022271714922049,67.63392857142857,32.36607142857143,0.799554565701559,0.35267857142857145
2013-04-12,1588.8499755859375,0.23812599951980795,89.97772828507794,10.022271714922049,67.41071428571429,32.589285714285715,0.799554565701559,0.3482142857142857
2013-04-15,1552.3599853515625,0.20969083803469513,89.75501113585747,10.244988864142538,67.41071428571429,32.589285714285715,0.7951002227171492,0.3482142857142857
2013-04-16,1574.5699462890625,0.2269981549668032,89.75501113585747,10.244988864142538,67.1875,32.8125,0.7951002227171492,0.34375
2013-04-17,1552.010009765625,0.20941811633107,89.75501113585747,10.244988864142538,67.1875,32.8125,0.7951002227171492,0.34375
2013-04-18,1541.6099853515625,0.2013138013733642,89.75501113585747,10.244988864142538,67.41071428571429,32.589285714285715,0.7951002227171492,0.3482142857142857
2013-04-19,1555.25,0.21194290860788056,89.75501113585747,10.244988864142538,67.41071428571429,32.589285714285715,0.7951002227171492,0.3482142857142857
2013-04-22,1562.5,0.2175925379841268,89.75501113585747,10.244988864142538,67.41071428571429,32.589285714285715,0.7951002227171492,0.3482142857142857
2013-04-23,1578.780029296875,0.23027890098575132,89.75501113585747,10.244988864142538,67.41071428571429,32.589285714285715,0.7951002227171492,0.3482142857142857
2013-04-24,1578.7900390625,0.23028670118794792,89.75501113585747,10.244988864142538,67.41071428571429,32.589285714285715,0.7951002227171492,0.3482142857142857
2013-04-25,1585.1600341796875,0.23525057864182508,90.42316258351893,9.57683741648107,67.63392857142857,32.36607142857143,0.8084632516703786,0.35267857142857145
2013-04-26,1582.239990234375,0.23297510746205008,90.42316258351893,9.57683741648107,67.85714285714286,32.142857142857146,0.8084632516703786,0.35714285714285715
2013-04-29,1593.6099853515625,0.2418352810374762,90.64587973273942,9.35412026726058,67.85714285714286,32.142857142857146,0.8129175946547884,0.35714285714285715
2013-04-30,1597.5699462890625,0.24492111712592957,90.8685968819599,9.131403118040089,68.08035714285714,31.919642857142854,0.8173719376391982,0.36160714285714285
2013-05-01,1582.699951171875,0.23333353626541897,90.8685968819599,9.131403118040089,68.08035714285714,31.919642857142854,0.8173719376391982,0.36160714285714285
2013-05-02,1597.5899658203125,0.24493671753032253,90.8685968819599,9.131403118040089,67.85714285714286,32.142857142857146,0.8173719376391982,0.35714285714285715
2013-05-03,1614.4200439453125,0.2580517111550842,91.31403118040089,8.68596881959911,67.85714285714286,32.142857142857146,0.8262806236080178,0.35714285714285715
2013-05-06,1617.5,0.26045179532116824,91.31403118040089,8.68596881959911,68.08035714285714,31.919642857142854,0.8262806236080178,0.36160714285714285
2013-05-07,1625.9599609375,0.2670442979190162,91.53674832962137,8.463251670378618,68.30357142857143,31.69642857142857,0.8307349665924276,0.36607142857142855
2013-05-08,1632.68994140625,0.27228869727871463,91.53674832962137,8.463251670378618,68.75,31.25,0.8307349665924276,0.375
2013-05-09,1626.6700439453125,0.26759763665287983,91.53674832962137,8.463251670378618,68.97321428571429,31.026785714285715,0.8307349665924276,0.3794642857142857
2013-05-10,1633.699951171875,0.2730757567052209,91.53674832962137,8.463251670378618,68.75,31.25,0.8307349665924276,0.375
2013-05-13,1633.77001953125,0.27313035812059616,91.55555555555556,8.444444444444445,68.75,31.25,0.8311111111111111,0.375
2013-05-14,1650.3399658203125,0.28604264161266646,91.77777777777779,8.222222222222223,68.75,31.25,0.8355555555555556,0.375
2013-05-15,1658.780029296875,0.29261963893053844,92.22222222222223,7.777777777777778,68.75,31.25,0.8444444444444444,0.375
2013-05-16,1650.469970703125,0.2861439491168034,92.66666666666666,7.333333333333333,68.97321428571429,31.026785714285715,0.8533333333333334,0.3794642857142857
2013-05-17,1667.469970703125,0.2993913559300707,92.66666666666666,7.333333333333333,68.75,31.25,0.8533333333333334,0.375
2013-05-20,1666.2900390625,0.2984718833150586,92.66666666666666,7.333333333333333,68.97321428571429,31.026785714285715,0.8533333333333334,0.3794642857142857
2013-05-21,1669.1600341796875,0.3007083534838513,92.66666666666666,7.333333333333333,68.75,31.25,0.8533333333333334,0.375
2013-05-22,1655.3499755859375,0.28994673793641224,92.66666666666666,7.333333333333333,68.52678571428571,31.473214285714285,0.8533333333333334,0.3705357142857143
2013-05-23,1650.510009765625,0.2861751499255891,92.88888888888889,7.111111111111111,68.52678571428571,31.473214285714285,0.8577777777777778,0.3705357142857143
2013-05-24,1649.5999755859375,0.2854659973966305,92.88888888888889,7.111111111111111,67.85714285714286,32.142857142857146,0.8577777777777778,0.35714285714285715
2013-05-28,1660.06005859375,0.2936171135675152,92.88888888888889,7.111111111111111,67.85714285714286,32.142857142857146,0.8577777777777778,0.35714285714285715
2013-05-29,1648.3599853515625,0.28449972356843967,93.11111111111111,6.888888888888889,67.1875,32.8125,0.8622222222222222,0.34375
2013-05-30,1654.4100341796875,0.28921427992528104,93.11111111111111,6.888888888888889,66.74107142857143,33.25892857142857,0.8622222222222222,0.33482142857142855
2013-05-31,1630.739990234375,0.27076917984107696,93.11111111111111,6.888888888888889,66.74107142857143,33.25892857142857,0.8622222222222222,0.33482142857142855
2013-06-03,1640.4200439453125,0.2783124509871395,93.11111111111111,6.888888888888889,66.74107142857143,33.25892857142857,0.8622222222222222,0.33482142857142855
2013-06-04,1631.3800048828125,0.2712679171595651,93.11111111111111,6.888888888888889,66.51785714285714,33.482142857142854,0.8622222222222222,0.33035714285714285
2013-06-05,1608.9000244140625,0.25375018501698654,93.11111111111111,6.888888888888889,66.51785714285714,33.482142857142854,0.8622222222222222,0.33035714285714285
2013-06-06,1622.56005859375,0.2643948926558959,93.11111111111111,6.888888888888889,66.59242761692651,33.4075723830735,0.8622222222222222,0.33184855233853006
2013-06-07,1643.3800048828125,0.28061902785128323,93.11111111111111,6.888888888888889,66.36971046770601,33.630289532293986,0.8622222222222222,0.3273942093541203
2013-06-10,1642.81005859375,0.28017489194817013,93.11111111111111,6.888888888888889,66.14699331848553,33.85300668151447,0.8622222222222222,0.32293986636971045
2013-06-11,1626.1300048828125,0.2671768062319386,93.11111111111111,6.888888888888889,65.70155902004454,34.29844097995546,0.8622222222222222,0.31403118040089084
2013-06-12,1612.52001953125,0.2565710996040118,93.11111111111111,6.888888888888889,65.47884187082406,34.521158129175944,0.8622222222222222,0.30957683741648107
2013-06-13,1636.3599853515625,0.27514861287672177,93.11111111111111,6.888888888888889,65.25612472160356,34.74387527839644,0.8622222222222222,0.3051224944320713
2013-06-14,1626.72998046875,0.2676443427416413,93.11111111111111,6.888888888888889,65.25612472160356,34.74387527839644,0.8622222222222222,0.3051224944320713
2013-06-17,1639.0400390625,0.2772370694526156,93.11111111111111,6.888888888888889,65.25612472160356,34.74387527839644,0.8622222222222222,0.3051224944320713
2013-06-18,1651.81005859375,0.28718822496695884,93.11111111111111,6.888888888888889,65.03340757238307,34.96659242761693,0.8622222222222222,0.30066815144766146
2013-06-19,1628.9300537109375,0.2693587701097728,93.11111111111111,6.888888888888889,65.25612472160356,34.74387527839644,0.8622222222222222,0.3051224944320713
2013-06-20,1588.18994140625,0.23761166179692617,92.44444444444444,7.555555555555555,64.81069042316258,35.18930957683742,0.8488888888888889,0.2962138084632517
2013-06-21,1592.4300537109375,0.24091580842246363,92.22222222222223,7.777777777777778,64.58797327394208,35.4120267260579,0.8444444444444444,0.29175946547884185
2013-06-24,1573.0899658203125,0.22584486653473124,92.22222222222223,7.777777777777778,64.58797327394208,35.4120267260579,0.8444444444444444,0.29175946547884185
2013-06-25,1588.030029296875,0.2374870488106171,92.22222222222223,7.777777777777778,64.58797327394208,35.4120267260579,0.8444444444444444,0.29175946547884185
2013-06-26,1603.260009765625,0.24935515157694943,92.22222222222223,7.777777777777778,64.81069042316258,35.18930957683742,0.8444444444444444,0.2962138084632517
2013-06-27,1613.199951171875,0.2571009426068689,92.22222222222223,7.777777777777778,65.25612472160356,34.74387527839644,0.8444444444444444,0.3051224944320713
2013-06-28,1606.280029296875,0.2517085296542718,92.0,8.0,65.25612472160356,34.74387527839644,0.84,0.3051224944320713
2013-07-01,1614.9599609375,0.2584724464516075,92.0,8.0,65.70155902004454,34.29844097995546,0.84,0.31403118040089084
2013-07-02,1614.0799560546875,0.2577866945292382,91.77777777777779,8.222222222222223,65.92427616926503,34.075723830734965,0.8355555555555556,0.3184855233853007
2013-07-03,1615.4100341796875,0.25882317017719725,91.77777777777779,8.222222222222223,65.70155902004454,34.29844097995546,0.8355555555555556,0.31403118040089084
2013-07-05,1631.8900146484375,0.27166534697391653,91.77777777777779,8.222222222222223,65.25612472160356,34.74387527839644,0.8355555555555556,0.3051224944320713
2013-07-08,1640.4599609375,0.27834355667150845,91.77777777777779,8.222222222222223,65.25612472160356,34.74387527839644,0.8355555555555556,0.3051224944320713
2013-07-09,1652.3199462890625,0.28758555965689325,91.77777777777779,8.222222222222223,65.25612472160356,34.74387527839644,0.8355555555555556,0.3051224944320713
2013-07-10,1652.6199951171875,0.28781937547395287,92.01773835920177,7.982261640798225,65.47884187082406,34.521158129175944,0.8403547671840355,0.30957683741648107
2013-07-11,1675.02001953125,0.30527480112337657,92.01773835920177,7.982261640798225,65.47884187082406,34.521158129175944,0.8403547671840355,0.30957683741648107
2013-07-12,1680.18994140625,0.3093035104334316,92.23946784922394,7.760532150776053,65.47884187082406,34.521158129175944,0.844789356984479,0.30957683741648107
2013-07-15,1682.5,0.3111036449013076,92.23946784922394,7.760532150776053,65.47884187082406,34.521158129175944,0.844789356984479,0.30957683741648107
2013-07-16,1676.260009765625,0.3062410749515676,92.23946784922394,7.760532150776053,65.47884187082406,34.521158129175944,0.844789356984479,0.30957683741648107
2013-07-17,1680.9100341796875,0.3098646493694919,92.23946784922394,7.760532150776053,65.25612472160356,34.74387527839644,0.844789356984479,0.3051224944320713
2013-07-18,1689.3699951171875,0.3164571519673396,92.23946784922394,7.760532150776053,65.25612472160356,34.74387527839644,0.844789356984479,0.3051224944320713
2013-07-19,1692.0899658203125,0.31857671422760214,92.46119733924611,7.5388026607538805,65.25612472160356,34.74387527839644,0.8492239467849224,0.3051224944320713
2013-07-22,1695.530029296875,0.32125741542392494,92.46119733924611,7.5388026607538805,65.03340757238307,34.96659242761693,0.8492239467849224,0.30066815144766146
2013-07-23,1692.3900146484375,0.318810530044662,92.46119733924611,7.5388026607538805,64.81069042316258,35.18930957683742,0.8492239467849224,0.2962138084632517
2013-07-24,1685.93994140625,0.3137842509732134,92.46119733924611,7.5388026607538805,64.81069042316258,35.18930957683742,0.8492239467849224,0.2962138084632517
2013-07-25,1690.25,0.3171429038897089,92.69911504424779,7.300884955752212,64.58797327394208,35.4120267260579,0.8539823008849557,0.29175946547884185
2013-07-26,1691.6500244140625,0.318233885828626,92.69911504424779,7.300884955752212,64.58797327394208,35.4120267260579,0.8539823008849557,0.29175946547884185
2013-07-29,1685.3299560546875,0.31330891426131435,92.69911504424779,7.300884955752212,64.58797327394208,35.4120267260579,0.8539823008849557,0.29175946547884185
2013-07-30,1685.9599609375,0.31379985137760635,92.47787610619469,7.52212389380531,64.44444444444444,35.55555555555556,0.8495575221238938,0.28888888888888886
2013-07-31,1685.72998046875,0.3136206369759216,92.47787610619469,7.52212389380531,64.44444444444444,35.55555555555556,0.8495575221238938,0.28888888888888886
2013-08-01,1706.8699951171875,0.3300941883927617,92.69911504424779,7.300884955752212,64.44444444444444,35.55555555555556,0.8539823008849557,0.28888888888888886
2013-08-02,1709.6700439453125,0.3322761522705959,93.14159292035397,6.8584070796460175,64.44444444444444,35.55555555555556,0.8628318584070797,0.28888888888888886
2013-08-05,1707.1400146484375,0.330304603603232,93.14159292035397,6.8584070796460175,64.44444444444444,35.55555555555556,0.8628318584070797,0.28888888888888886
2013-08-06,1697.3699951171875,0.3226912257618182,93.14159292035397,6.8584070796460175,64.44444444444444,35.55555555555556,0.8628318584070797,0.28888888888888886
2013-08-07,1690.9100341796875,0.31765724161259,93.14159292035397,6.8584070796460175,64.22222222222223,35.77777777777777,0.8628318584070797,0.28444444444444444
2013-08-08,1697.47998046875,0.32277693286156217,93.14159292035397,6.8584070796460175,64.44444444444444,35.55555555555556,0.8628318584070797,0.28888888888888886
2013-08-09,1691.4200439453125,0.31805467142694144,93.14159292035397,6.8584070796460175,64.66666666666666,35.333333333333336,0.8628318584070797,0.29333333333333333
2013-08-12,1689.469970703125,0.3165350588648872,93.36283185840708,6.637168141592921,64.44444444444444,35.55555555555556,0.8672566371681416,0.28888888888888886
2013-08-13,1694.1600341796875,0.32018983409159696,93.14159292035397,6.8584070796460175,64.44444444444444,35.55555555555556,0.8628318584070797,0.28888888888888886
2013-08-14,1685.3900146484375,0.31335571547449304,93.14159292035397,6.8584070796460175,64.44444444444444,35.55555555555556,0.8628318584070797,0.28888888888888886
2013-08-15,1661.3199462890625,0.2945988926756815,92.92035398230088,7.079646017699115,64.66666666666666,35.333333333333336,0.8584070796460177,0.29333333333333333
2013-08-16,1655.8299560546875,0.2903207671441739,92.69911504424779,7.300884955752212,64.66666666666666,35.333333333333336,0.8539823008849557,0.29333333333333333
2013-08-19,1646.06005859375,0.2827074844271771,92.47787610619469,7.52212389380531,64.66666666666666,35.333333333333336,0.8495575221238938,0.29333333333333333
2013-08-20,1652.3499755859375,0.28760896026348237,92.47787610619469,7.52212389380531,64.44444444444444,35.55555555555556,0.8495575221238938,0.28888888888888886
2013-08-21,1642.800048828125,0.28016709174597354,92.47787610619469,7.52212389380531,64.44444444444444,35.55555555555556,0.8495575221238938,0.28888888888888886
2013-08-22,1656.9599609375,0.2912013338726207,92.47787610619469,7.52212389380531,64.44444444444444,35.55555555555556,0.8495575221238938,0.28888888888888886
2013-08-23,1663.5,0.29629771963942053,92.47787610619469,7.52212389380531,64.66666666666666,35.333333333333336,0.8495575221238938,0.29333333333333333
2013-08-26,1656.780029296875,0.29106112048191846,92.47787610619469,7.52212389380531,64.7450110864745,35.254988913525494,0.8495575221238938,0.29490022172949004
2013-08-27,1630.47998046875,0.27056656483280284,92.03539823008849,7.964601769911504,64.52328159645234,35.47671840354767,0.8407079646017699,0.29046563192904656
2013-08-28,1634.9599609375,0.2740576309378042,91.8141592920354,8.185840707964601,64.52328159645234,35.47671840354767,0.8362831858407079,0.29046563192904656
2013-08-29,1638.1700439453125,0.27655911773244224,91.8141592920354,8.185840707964601,64.52328159645234,35.47671840354767,0.8362831858407079,0.29046563192904656
2013-08-30,1632.969970703125,0.27250691269138083,91.8141592920354,8.185840707964601,64.7450110864745,35.254988913525494,0.8362831858407079,0.29490022172949004
2013-09-03,1639.77001953125,0.2778059134664548,91.5929203539823,8.4070796460177,64.52328159645234,35.47671840354767,0.831858407079646,0.29046563192904656
2013-09-04,1653.0799560546875,0.28817780427732176,91.8141592920354,8.185840707964601,64.07982261640798,35.92017738359202,0.8362831858407079,0.28159645232815966
2013-09-05,1655.0799560546875,0.2897363227259415,91.5929203539823,8.4070796460177,63.8580931263858,36.14190687361419,0.831858407079646,0.2771618625277162
2013-09-06,1655.1700439453125,0.28980652454570954,91.5929203539823,8.4070796460177,63.8580931263858,36.14190687361419,0.831858407079646,0.2771618625277162
2013-09-09,1671.7099609375,0.3026954074311907,92.03539823008849,7.964601769911504,63.8580931263858,36.14190687361419,0.8407079646017699,0.2771618625277162
2013-09-10,1683.989990234375,0.3122647335355757,92.03539823008849,7.964601769911504,64.07982261640798,35.92017738359202,0.8407079646017699,0.28159645232815966
2013-09-11,1689.1300048828125,0.3162701373634582,92.03539823008849,7.964601769911504,64.07982261640798,35.92017738359202,0.8407079646017699,0.28159645232815966
2013-09-12,1683.4200439453125,0.3118205976324626,92.03539823008849,7.964601769911504,64.30155210643017,35.69844789356985,0.8407079646017699,0.2860310421286031
2013-09-13,1687.989990234375,0.315381770432815,92.03539823008849,7.964601769911504,64.07982261640798,35.92017738359202,0.8407079646017699,0.28159645232815966
2013-09-16,1697.5999755859375,0.3228704401635025,92.03539823008849,7.964601769911504,64.07982261640798,35.92017738359202,0.8407079646017699,0.28159645232815966
2013-09-17,1704.760009765625,0.32844996284439776,92.03539823008849,7.964601769911504,64.07982261640798,35.92017738359202,0.8407079646017699,0.28159645232815966
2013-09-18,1725.52001953125,0.3446273919510232,92.03539823008849,7.964601769911504,64.07982261640798,35.92017738359202,0.8407079646017699,0.28159645232815966
2013-09-19,1722.3399658203125,0.34214930576297453,92.03539823008849,7.964601769911504,64.7450110864745,35.254988913525494,0.8407079646017699,0.29490022172949004
2013-09-20,1709.9100341796875,0.33246316687447663,92.03539823008849,7.964601769911504,64.7450110864745,35.254988913525494,0.8407079646017699,0.29490022172949004
2013-09-23,1701.8399658203125,0.32617449166462253,92.03539823008849,7.964601769911504,64.7450110864745,35.254988913525494,0.8407079646017699,0.29490022172949004
2013-09-24,1697.4200439453125,0.32273022677280006,92.03539823008849,7.964601769911504,65.18847006651885,34.811529933481154,0.8407079646017699,0.30376940133037694
2013-09-25,1692.77001953125,0.319106652354876,92.03539823008849,7.964601769911504,64.7450110864745,35.254988913525494,0.8407079646017699,0.29490022172949004
2013-09-26,1698.6700439453125,0.32370430080318746,92.2566371681416,7.7433628318584065,64.52328159645234,35.47671840354767,0.8451327433628318,0.29046563192904656
2013-09-27,1691.75,0.31831179272617316,92.2566371681416,7.7433628318584065,64.52328159645234,35.47671840354767,0.8451327433628318,0.29046563192904656
2013-09-30,1681.550048828125,0.3103633866879798,92.2566371681416,7.7433628318584065,64.7450110864745,35.254988913525494,0.8451327433628318,0.29490022172949004
2013-10-01,1695.0,0.3208443852051803,92.2566371681416,7.7433628318584065,64.96674057649668,35.033259423503324,0.8451327433628318,0.29933481152993346
2013-10-02,1693.8699951171875,0.3199638184767335,92.47787610619469,7.52212389380531,64.96674057649668,35.033259423503324,0.8495575221238938,0.29933481152993346
2013-10-03,1678.6600341796875,0.30811131611479436,92.2566371681416,7.7433628318584065,64.7450110864745,35.254988913525494,0.8451327433628318,0.29490022172949004
2013-10-04,1690.5,0.317337718695786,92.2566371681416,7.7433628318584065,64.7450110864745,35.254988913525494,0.8451327433628318,0.29490022172949004
2013-10-07,1676.1199951171875,0.30613196724523384,92.2566371681416,7.7433628318584065,64.7450110864745,35.254988913525494,0.8451327433628318,0.29490022172949004
2013-10-08,1655.449951171875,0.2900246448339594,92.03539823008849,7.964601769911504,64.96674057649668,35.033259423503324,0.8407079646017699,0.29933481152993346
2013-10-09,1656.4000244140625,0.290764998171704,92.03539823008849,7.964601769911504,64.96674057649668,35.033259423503324,0.8407079646017699,0.29933481152993346
2013-10-10,1692.56005859375,0.31894303835758486,92.03539823008849,7.964601769911504,64.96674057649668,35.033259423503324,0.8407079646017699,0.29933481152993346
2013-10-11,1703.199951171875,0.32723427279475437,92.03539823008849,7.964601769911504,64.96674057649668,35.033259423503324,0.8407079646017699,0.29933481152993346
2013-10-14,1710.1400146484375,0.33264238127616164,92.03539823008849,7.964601769911504,65.18847006651885,34.811529933481154,0.8407079646017699,0.30376940133037694
2013-10-15,1698.06005859375,0.3232289640912889,92.05298013245033,7.9470198675496695,65.41019955654102,34.58980044345898,0.8410596026490066,0.3082039911308204
2013-10-16,1721.5400390625,0.3415259554581773,92.49448123620309,7.505518763796909,64.90066225165563,35.099337748344375,0.8498896247240618,0.2980132450331126
2013-10-17,1733.1500244140625,0.3505731436374844,92.49448123620309,7.505518763796909,65.34216335540839,34.65783664459161,0.8498896247240618,0.3068432671081678
2013-10-18,1744.5,0.35941771680851775,92.49448123620309,7.505518763796909,65.12141280353201,34.87858719646799,0.8498896247240618,0.30242825607064017
2013-10-21,1744.6600341796875,0.35954242491924426,92.51101321585902,7.488986784140969,65.34216335540839,34.65783664459161,0.8502202643171806,0.3068432671081678
2013-10-22,1754.6700439453125,0.367342817364539,92.51101321585902,7.488986784140969,65.56291390728477,34.437086092715234,0.8502202643171806,0.31125827814569534
2013-10-23,1746.3800048828125,0.36088272795519694,92.51101321585902,7.488986784140969,65.78366445916114,34.216335540838855,0.8502202643171806,0.31567328918322296
2013-10-24,1752.0699462890625,0.3653166672817998,92.73127753303964,7.268722466960352,65.34216335540839,34.65783664459161,0.8546255506607929,0.3068432671081678
2013-10-25,1759.77001953125,0.3713170203836358,92.73127753303964,7.268722466960352,65.34216335540839,34.65783664459161,0.8546255506607929,0.3068432671081678
2013-10-28,1762.1099853515625,0.37314046033368387,92.73127753303964,7.268722466960352,65.12141280353201,34.87858719646799,0.8546255506607929,0.30242825607064017
2013-10-29,1771.949951171875,0.38080834446605594,92.73127753303964,7.268722466960352,65.12141280353201,34.87858719646799,0.8546255506607929,0.30242825607064017
2013-10-30,1763.31005859375,0.374075628477506,92.73127753303964,7.268722466960352,65.34216335540839,34.65783664459161,0.8546255506607929,0.3068432671081678
2013-10-31,1756.5400390625,0.3688000283090216,92.73127753303964,7.268722466960352,65.34216335540839,34.65783664459161,0.8546255506607929,0.3068432671081678
2013-11-01,1761.6400146484375,0.3727742313281184,92.73127753303964,7.268722466960352,65.34216335540839,34.65783664459161,0.8546255506607929,0.3068432671081678
2013-11-04,1767.9300537109375,0.3776758022888407,92.73127753303964,7.268722466960352,65.34216335540839,34.65783664459161,0.8546255506607929,0.3068432671081678
2013-11-05,1762.969970703125,0.3738106118516602,92.73127753303964,7.268722466960352,64.90066225165563,35.099337748344375,0.8546255506607929,0.2980132450331126
2013-11-06,1770.489990234375,0.37967065643837694,92.73127753303964,7.268722466960352,65.12141280353201,34.87858719646799,0.8546255506607929,0.30242825607064017
2013-11-07,1747.1500244140625,0.36148277277782204,92.73127753303964,7.268722466960352,65.12141280353201,34.87858719646799,0.8546255506607929,0.30242825607064017
2013-11-08,1770.6099853515625,0.3797641637403175,92.73127753303964,7.268722466960352,64.90066225165563,35.099337748344375,0.8546255506607929,0.2980132450331126
2013-11-11,1771.8900146484375,0.38076163837729426,92.73127753303964,7.268722466960352,64.90066225165563,35.099337748344375,0.8546255506607929,0.2980132450331126
2013-11-12,1767.68994140625,0.37748869256054274,92.73127753303964,7.268722466960352,64.90066225165563,35.099337748344375,0.8546255506607929,0.2980132450331126
2013-11-13,1782.0,0.3886399377201366,92.73127753303964,7.268722466960352,64.67991169977924,35.32008830022075,0.8546255506607929,0.293598233995585
2013-11-14,1790.6199951171875,0.39535714842871084,92.73127753303964,7.268722466960352,64.67991169977924,35.32008830022075,0.8546255506607929,0.293598233995585
2013-11-15,1798.1800537109375,0.4012483938242133,92.73127753303964,7.268722466960352,64.45916114790286,35.54083885209713,0.8546255506607929,0.2891832229580574
2013-11-18,1791.530029296875,0.3960663009576695,92.73127753303964,7.268722466960352,64.45916114790286,35.54083885209713,0.8546255506607929,0.2891832229580574
2013-11-19,1787.8699951171875,0.3932141855618587,92.73127753303964,7.268722466960352,64.01766004415012,35.98233995584989,0.8546255506607929,0.2803532008830022
2013-11-20,1781.3699951171875,0.3881490006038446,92.73127753303964,7.268722466960352,63.796909492273734,36.20309050772627,0.8546255506607929,0.27593818984547464
2013-11-21,1795.8499755859375,0.39943265895194435,92.95154185022027,7.048458149779736,63.796909492273734,36.20309050772627,0.8590308370044053,0.27593818984547464
2013-11-22,1804.760009765625,0.4063758852753818,92.73127753303964,7.268722466960352,63.796909492273734,36.20309050772627,0.8546255506607929,0.27593818984547464
2013-11-25,1802.47998046875,0.4045991514140952,92.51101321585902,7.488986784140969,63.796909492273734,36.20309050772627,0.8502202643171806,0.27593818984547464
2013-11-26,1802.75,0.4048095666245657,92.51101321585902,7.488986784140969,63.796909492273734,36.20309050772627,0.8502202643171806,0.27593818984547464
2013-11-27,1807.22998046875,0.40830063272956707,92.52747252747253,7.472527472527473,63.796909492273734,36.20309050772627,0.8505494505494505,0.27593818984547464
2013-11-29,1805.81005859375,0.407194145510674,92.52747252747253,7.472527472527473,63.35540838852097,36.64459161147903,0.8505494505494505,0.2671081677704194
2013-12-02,1800.9000244140625,0.40336795608447606,92.52747252747253,7.472527472527473,62.99559471365639,37.00440528634361,0.8505494505494505,0.2599118942731278
2013-12-03,1795.1500244140625,0.3988872155446943,92.3076923076923,7.6923076923076925,62.99559471365639,37.00440528634361,0.8461538461538461,0.2599118942731278
2013-12-04,1792.81005859375,0.397063775594646,92.52747252747253,7.472527472527473,62.99559471365639,37.00440528634361,0.8505494505494505,0.2599118942731278
2013-12-05,1785.030029296875,0.39100111599965537,92.52747252747253,7.472527472527473,62.99559471365639,37.00440528634361,0.8505494505494505,0.2599118942731278
2013-12-06,1805.0899658203125,0.4066330065746142,92.52747252747253,7.472527472527473,62.99559471365639,37.00440528634361,0.8505494505494505,0.2599118942731278
2013-12-09,1808.3699951171875,0.4091889996602105,92.52747252747253,7.472527472527473,62.77533039647577,37.22466960352423,0.8505494505494505,0.2555066079295154
2013-12-10,1802.6199951171875,0.40470825912042896,92.52747252747253,7.472527472527473,62.77533039647577,37.22466960352423,0.8505494505494505,0.2555066079295154
2013-12-11,1782.219970703125,0.3888113519196248,92.52747252747253,7.472527472527473,62.55506607929515,37.44493392070485,0.8505494505494505,0.2511013215859031
2013-12-12,1775.5,0.3835747527621227,92.08791208791209,7.9120879120879115,62.55506607929515,37.44493392070485,0.8417582417582418,0.2511013215859031
2013-12-13,1775.3199462890625,0.38343444424700346,92.08791208791209,7.9120879120879115,62.99559471365639,37.00440528634361,0.8417582417582418,0.2599118942731278
2013-12-16,1786.5400390625,0.3921778050383167,92.08791208791209,7.9120879120879115,62.99559471365639,37.00440528634361,0.8417582417582418,0.2599118942731278
2013-12-17,1781.0,0.3878606784958267,92.08791208791209,7.9120879120879115,62.77533039647577,37.22466960352423,0.8417582417582418,0.2555066079295154
2013-12-18,1810.6500244140625,0.4109657335214971,92.3076923076923,7.6923076923076925,63.21585903083701,36.784140969163,0.8461538461538461,0.2643171806167401
2013-12-19,1809.5999755859373,0.4101474732862047,92.08791208791209,7.9120879120879115,63.21585903083701,36.784140969163,0.8417582417582418,0.2643171806167401
2013-12-20,1818.3199462890625,0.41694259089232655,92.3076923076923,7.6923076923076925,63.436123348017624,36.56387665198238,0.8461538461538461,0.2687224669603524
2013-12-23,1827.989990234375,0.42447806183619274,92.3076923076923,7.6923076923076925,63.21585903083701,36.784140969163,0.8461538461538461,0.2643171806167401
2013-12-24,1833.3199462890625,0.4286314792569741,92.3076923076923,7.6923076923076925,62.99559471365639,37.00440528634361,0.8461538461538461,0.2599118942731278
2013-12-26,1842.02001953125,0.43541109158311975,92.3076923076923,7.6923076923076925,62.99559471365639,37.00440528634361,0.8461538461538461,0.2599118942731278
2013-12-27,1841.4000244140625,0.4349279546690241,92.3076923076923,7.6923076923076925,62.99559471365639,37.00440528634361,0.8461538461538461,0.2599118942731278
2013-12-30,1841.0699462890625,0.43467073824537494,92.3076923076923,7.6923076923076925,62.99559471365639,37.00440528634361,0.8461538461538461,0.2599118942731278
2013-12-31,1848.3599853515625,0.4403515684304071,92.52747252747253,7.472527472527473,62.99559471365639,37.00440528634361,0.8505494505494505,0.2599118942731278
2014-01-02,1831.97998046875,0.4275872985312352,92.52747252747253,7.472527472527473,62.77533039647577,37.22466960352423,0.8505494505494505,0.2555066079295154
2014-01-03,1831.3699951171875,0.4271119618193362,92.52747252747253,7.472527472527473,62.77533039647577,37.22466960352423,0.8505494505494505,0.2555066079295154
2014-01-06,1826.77001953125,0.42352738841239423,92.52747252747253,7.472527472527473,62.33480176211453,37.66519823788546,0.8505494505494505,0.24669603524229075
2014-01-07,1837.8800048828125,0.43218494697954646,92.52747252747253,7.472527472527473,62.33480176211453,37.66519823788546,0.8505494505494505,0.24669603524229075
2014-01-08,1837.489990234375,0.4318810244671356,92.52747252747253,7.472527472527473,62.55506607929515,37.44493392070485,0.8505494505494505,0.2511013215859031
2014-01-09,1838.1300048828125,0.432379761785624,92.52747252747253,7.472527472527473,62.55506607929515,37.44493392070485,0.8505494505494505,0.2511013215859031
2014-01-10,1842.3699951171875,0.4356838132867442,92.52747252747253,7.472527472527473,62.55506607929515,37.44493392070485,0.8505494505494505,0.2511013215859031
2014-01-13,1819.199951171875,0.41762834281469496,92.52747252747253,7.472527472527473,62.55506607929515,37.44493392070485,0.8505494505494505,0.2511013215859031
2014-01-14,1838.8800048828125,0.4329642062038561,92.74725274725274,7.252747252747254,62.55506607929515,37.44493392070485,0.8549450549450549,0.2511013215859031
2014-01-15,1848.3800048828125,0.4403671688347994,92.76315789473685,7.236842105263158,62.11453744493392,37.88546255506608,0.8552631578947368,0.2422907488986784
2014-01-16,1845.8900146484373,0.4384268209762212,92.76315789473685,7.236842105263158,62.11453744493392,37.88546255506608,0.8552631578947368,0.2422907488986784
2014-01-17,1838.699951171875,0.43282389768873664,92.76315789473685,7.236842105263158,62.11453744493392,37.88546255506608,0.8552631578947368,0.2422907488986784
2014-01-21,1843.800048828125,0.43679819583225066,92.76315789473685,7.236842105263158,61.89427312775331,38.1057268722467,0.8552631578947368,0.23788546255506607
2014-01-22,1844.8599853515625,0.4376241611453222,92.54385964912281,7.456140350877193,61.89427312775331,38.1057268722467,0.8508771929824561,0.23788546255506607
2014-01-23,1828.4599609375,0.42484429084175734,92.54385964912281,7.456140350877193,61.67400881057269,38.32599118942731,0.8508771929824561,0.23348017621145375
2014-01-24,1790.2900390625,0.39510002712947756,92.32456140350878,7.675438596491229,61.67400881057269,38.32599118942731,0.8464912280701754,0.23348017621145375
2014-01-27,1781.56005859375,0.38829710932115935,92.10526315789474,7.894736842105263,61.45374449339207,38.54625550660793,0.8421052631578947,0.2290748898678414
2014-01-28,1792.5,0.3968221595753889,92.32456140350878,7.675438596491229,61.45374449339207,38.54625550660793,0.8464912280701754,0.2290748898678414
2014-01-29,1774.199951171875,0.3825616777207521,92.32456140350878,7.675438596491229,61.23348017621145,38.76651982378855,0.8464912280701754,0.22466960352422907
2014-01-30,1794.18994140625,0.39813906200475224,92.10526315789474,7.894736842105263,61.23348017621145,38.76651982378855,0.8421052631578947,0.22466960352422907
2014-01-31,1782.5899658203125,0.38909967402764156,92.10526315789474,7.894736842105263,61.45374449339207,38.54625550660793,0.8421052631578947,0.2290748898678414
2014-02-03,1741.8900146484375,0.35738386164799785,91.44736842105263,8.552631578947368,61.89427312775331,38.1057268722467,0.8289473684210527,0.23788546255506607
2014-02-04,1755.199951171875,0.3677557524588648,91.22807017543859,8.771929824561402,61.67400881057269,38.32599118942731,0.8245614035087719,0.23348017621145375
2014-02-05,1751.6400146484375,0.3649816390850187,90.78947368421053,9.210526315789473,61.67400881057269,38.32599118942731,0.8157894736842105,0.23348017621145375
2014-02-06,1773.4300537109375,0.3819617280225436,90.78947368421053,9.210526315789473,61.53846153846154,38.46153846153847,0.8157894736842105,0.23076923076923078
2014-02-07,1797.02001953125,0.400344426489176,90.78947368421053,9.210526315789473,61.31868131868132,38.681318681318686,0.8157894736842105,0.22637362637362637
2014-02-10,1799.8399658203125,0.4025418956469864,90.78947368421053,9.210526315789473,61.0989010989011,38.901098901098905,0.8157894736842105,0.22197802197802197
2014-02-11,1819.75,0.4180569734378319,90.5701754385965,9.429824561403509,60.879120879120876,39.120879120879124,0.8114035087719298,0.2175824175824176
2014-02-12,1819.260009765625,0.4176751440278734,90.5701754385965,9.429824561403509,60.879120879120876,39.120879120879124,0.8114035087719298,0.2175824175824176
2014-02-13,1829.8299560546875,0.4259118721740849,90.5701754385965,9.429824561403509,60.879120879120876,39.120879120879124,0.8114035087719298,0.2175824175824176
2014-02-14,1838.6300048828125,0.43276939139777837,90.5701754385965,9.429824561403509,60.879120879120876,39.120879120879124,0.8114035087719298,0.2175824175824176
2014-02-18,1840.760009765625,0.4344292173505351,90.5701754385965,9.429824561403509,60.879120879120876,39.120879120879124,0.8114035087719298,0.2175824175824176
2014-02-19,1828.75,0.4250703064566206,90.5701754385965,9.429824561403509,60.65934065934066,39.34065934065934,0.8114035087719298,0.21318681318681318
2014-02-20,1839.780029296875,0.43366555853061817,90.5701754385965,9.429824561403509,60.65934065934066,39.34065934065934,0.8114035087719298,0.21318681318681318
2014-02-21,1836.25,0.43091475063894435,90.5701754385965,9.429824561403509,60.879120879120876,39.120879120879124,0.8114035087719298,0.2175824175824176
2014-02-24,1847.6099853515625,0.4397671240121741,90.35087719298247,9.649122807017543,61.0989010989011,38.901098901098905,0.8070175438596491,0.22197802197802197
2014-02-25,1845.1199951171875,0.4378267761535959,90.35087719298247,9.649122807017543,61.0989010989011,38.901098901098905,0.8070175438596491,0.22197802197802197
2014-02-26,1845.1600341796875,0.4378579769623818,90.5701754385965,9.429824561403509,61.0989010989011,38.901098901098905,0.8114035087719298,0.22197802197802197
2014-02-27,1854.2900390625,0.4449726174853075,90.78947368421053,9.210526315789473,61.31868131868132,38.681318681318686,0.8157894736842105,0.22637362637362637
2014-02-28,1859.449951171875,0.44899352659316594,90.78947368421053,9.210526315789473,61.0989010989011,38.901098901098905,0.8157894736842105,0.22197802197802197
2014-03-03,1845.72998046875,0.43830211286549514,90.78947368421053,9.210526315789473,61.31868131868132,38.681318681318686,0.8157894736842105,0.22637362637362637
2014-03-04,1873.9100341796875,0.4602616796612897,91.00877192982456,8.991228070175438,61.31868131868132,38.681318681318686,0.8201754385964912,0.22637362637362637
2014-03-05,1873.81005859375,0.4601837727637421,91.00877192982456,8.991228070175438,61.53846153846154,38.46153846153847,0.8201754385964912,0.23076923076923078
2014-03-06,1877.030029296875,0.4626929646361597,91.00877192982456,8.991228070175438,61.31868131868132,38.681318681318686,0.8201754385964912,0.22637362637362637
2014-03-07,1878.0400390625,0.463480024062666,91.00877192982456,8.991228070175438,61.53846153846154,38.46153846153847,0.8201754385964912,0.23076923076923078
2014-03-10,1877.1700439453125,0.46280207234249304,91.00877192982456,8.991228070175438,61.53846153846154,38.46153846153847,0.8201754385964912,0.23076923076923078
2014-03-11,1867.6300048828125,0.4553679089027638,91.00877192982456,8.991228070175438,61.53846153846154,38.46153846153847,0.8201754385964912,0.23076923076923078
2014-03-12,1868.199951171875,0.4558120448058769,91.00877192982456,8.991228070175438,61.53846153846154,38.46153846153847,0.8201754385964912,0.23076923076923078
2014-03-13,1846.3399658203125,0.43877744957739373,91.00877192982456,8.991228070175438,61.53846153846154,38.46153846153847,0.8201754385964912,0.23076923076923078
2014-03-14,1841.1300048828125,0.43471753945855296,91.00877192982456,8.991228070175438,61.40350877192983,38.59649122807017,0.8201754385964912,0.22807017543859648
2014-03-17,1858.8299560546875,0.4485103896790703,91.00877192982456,8.991228070175438,61.18421052631579,38.81578947368421,0.8201754385964912,0.2236842105263158
2014-03-18,1872.25,0.4589680827140985,91.00877192982456,8.991228070175438,61.40350877192983,38.59649122807017,0.8201754385964912,0.22807017543859648
2014-03-19,1860.77001953125,0.4500222020389284,91.00877192982456,8.991228070175438,61.40350877192983,38.59649122807017,0.8201754385964912,0.22807017543859648
2014-03-20,1872.010009765625,0.45878106811021757,91.00877192982456,8.991228070175438,61.40350877192983,38.59649122807017,0.8201754385964912,0.22807017543859648
2014-03-21,1866.52001953125,0.45450294257870993,91.00877192982456,8.991228070175438,61.8421052631579,38.15789473684211,0.8201754385964912,0.23684210526315788
2014-03-24,1857.43994140625,0.4474272079423496,91.00877192982456,8.991228070175438,61.8421052631579,38.15789473684211,0.8201754385964912,0.23684210526315788
2014-03-25,1865.6199951171875,0.45380159025194766,91.00877192982456,8.991228070175438,61.40350877192983,38.59649122807017,0.8201754385964912,0.22807017543859648
2014-03-26,1852.56005859375,0.443624514247158,91.00877192982456,8.991228070175438,61.622807017543856,38.377192982456144,0.8201754385964912,0.2324561403508772
2014-03-27,1849.0400390625,0.44088150655768055,91.00877192982456,8.991228070175438,61.40350877192983,38.59649122807017,0.8201754385964912,0.22807017543859648
2014-03-28,1857.6199951171875,0.44756751645746884,90.80962800875274,9.190371991247265,61.622807017543856,38.377192982456144,0.8161925601750547,0.2324561403508772
2014-03-31,1872.3399658203125,0.4590381894094495,91.02844638949672,8.971553610503284,61.622807017543856,38.377192982456144,0.8205689277899344,0.2324561403508772
2014-04-01,1885.52001953125,0.4693088678405968,91.02844638949672,8.971553610503284,61.622807017543856,38.377192982456144,0.8205689277899344,0.2324561403508772
2014-04-02,1890.9000244140625,0.47350128627236043,91.2472647702407,8.752735229759299,61.8421052631579,38.15789473684211,0.824945295404814,0.23684210526315788
2014-04-03,1888.77001953125,0.4718414603196037,91.2472647702407,8.752735229759299,61.8421052631579,38.15789473684211,0.824945295404814,0.23684210526315788
2014-04-04,1865.0899658203125,0.45338856003320327,91.2472647702407,8.752735229759299,62.06140350877193,37.93859649122807,0.824945295404814,0.2412280701754386
2014-04-07,1845.0400390625,0.437764469660441,91.2472647702407,8.752735229759299,62.06140350877193,37.93859649122807,0.824945295404814,0.2412280701754386
2014-04-08,1851.9599609375,0.4431568826130383,91.2472647702407,8.752735229759299,62.28070175438597,37.719298245614034,0.824945295404814,0.24561403508771928
2014-04-09,1872.1800537109373,0.45891357642314023,91.2472647702407,8.752735229759299,61.8421052631579,38.15789473684211,0.824945295404814,0.23684210526315788
2014-04-10,1833.0799560546875,0.42844446465309205,91.2472647702407,8.752735229759299,62.06140350877193,37.93859649122807,0.824945295404814,0.2412280701754386
2014-04-11,1815.68994140625,0.4148931353274139,91.02844638949672,8.971553610503284,61.8421052631579,38.15789473684211,0.8205689277899344,0.23684210526315788
2014-04-14,1830.6099853515625,0.4265197171989068,91.02844638949672,8.971553610503284,61.622807017543856,38.377192982456144,0.8205689277899344,0.2324561403508772
2014-04-15,1842.97998046875,0.4361591499986426,91.02844638949672,8.971553610503284,61.8421052631579,38.15789473684211,0.8205689277899344,0.23684210526315788
2014-04-16,1862.31005859375,0.4512222916841786,91.02844638949672,8.971553610503284,61.925601750547045,38.074398249452955,0.8205689277899344,0.23851203501094093
2014-04-17,1864.8499755859373,0.4532015454293219,91.02844638949672,8.971553610503284,61.925601750547045,38.074398249452955,0.8205689277899344,0.23851203501094093
2014-04-21,1871.8900146484373,0.4586875608082768,91.02844638949672,8.971553610503284,61.925601750547045,38.074398249452955,0.8205689277899344,0.23851203501094093
2014-04-22,1879.550048828125,0.4646567131013273,91.02844638949672,8.971553610503284,61.70678336980306,38.29321663019694,0.8205689277899344,0.23413566739606126
2014-04-23,1875.3900146484373,0.46141496809336124,91.2472647702407,8.752735229759299,61.70678336980306,38.29321663019694,0.824945295404814,0.23413566739606126
2014-04-24,1878.6099853515625,0.46392415996577885,91.2472647702407,8.752735229759299,61.48796498905909,38.51203501094092,0.824945295404814,0.22975929978118162
2014-04-25,1863.4000244140625,0.4520716576038397,91.46608315098467,8.533916849015318,61.2691466083151,38.7308533916849,0.8293216630196937,0.22538293216630198
2014-04-28,1869.4300537109373,0.4567706135562879,91.68490153172867,8.315098468271334,61.2691466083151,38.7308533916849,0.8336980306345733,0.22538293216630198
2014-04-29,1878.3299560546875,0.463705944553112,91.90371991247265,8.096280087527353,60.83150984682714,39.16849015317287,0.838074398249453,0.21663019693654267
2014-04-30,1883.949951171875,0.46808537758875657,91.90371991247265,8.096280087527353,61.050328227571114,38.949671772428886,0.838074398249453,0.2210065645514223
2014-05-01,1883.6800537109373,0.4678750575027031,92.12253829321662,7.87746170678337,61.48796498905909,38.51203501094092,0.8424507658643327,0.22975929978118162
2014-05-02,1881.1400146484373,0.4658957086331428,92.12253829321662,7.87746170678337,61.2691466083151,38.7308533916849,0.8424507658643327,0.22538293216630198
2014-05-05,1884.6600341796875,0.4686387163226202,92.34135667396062,7.658643326039387,61.050328227571114,38.949671772428886,0.8468271334792122,0.2210065645514223
2014-05-06,1867.719970703125,0.4554380155981148,92.12253829321662,7.87746170678337,60.83150984682714,39.16849015317287,0.8424507658643327,0.21663019693654267
2014-05-07,1878.2099609375,0.4636124372511716,91.90371991247265,8.096280087527353,60.83150984682714,39.16849015317287,0.838074398249453,0.21663019693654267
2014-05-08,1875.6300048828125,0.4616019826972424,92.12253829321662,7.87746170678337,61.050328227571114,38.949671772428886,0.8424507658643327,0.2210065645514223
2014-05-09,1878.47998046875,0.4638228524616419,92.34135667396062,7.658643326039387,60.83150984682714,39.16849015317287,0.8468271334792122,0.21663019693654267
2014-05-12,1896.6500244140625,0.47798202681214175,92.34135667396062,7.658643326039387,60.83150984682714,39.16849015317287,0.8468271334792122,0.21663019693654267
2014-05-13,1897.449951171875,0.4786053771169394,92.34135667396062,7.658643326039387,60.83150984682714,39.16849015317287,0.8468271334792122,0.21663019693654267
2014-05-14,1888.530029296875,0.47165444571572257,92.12253829321662,7.87746170678337,60.83150984682714,39.16849015317287,0.8424507658643327,0.21663019693654267
2014-05-15,1870.8499755859373,0.45787710077518096,92.34135667396062,7.658643326039387,61.050328227571114,38.949671772428886,0.8468271334792122,0.2210065645514223
2014-05-16,1877.8599853515625,0.46333971554754627,92.12253829321662,7.87746170678337,60.83150984682714,39.16849015317287,0.8424507658643327,0.21663019693654267
2014-05-19,1885.0799560546875,0.4689659443172034,92.13973799126637,7.860262008733625,60.83150984682714,39.16849015317287,0.8427947598253275,0.21663019693654267
2014-05-20,1872.8299560546875,0.45942001881940775,92.13973799126637,7.860262008733625,60.61269146608315,39.38730853391685,0.8427947598253275,0.212253829321663
2014-05-21,1888.030029296875,0.4712648161035675,92.13973799126637,7.860262008733625,60.61269146608315,39.38730853391685,0.8427947598253275,0.212253829321663
2014-05-22,1892.489990234375,0.4747402818041757,92.13973799126637,7.860262008733625,60.61269146608315,39.38730853391685,0.8427947598253275,0.212253829321663
2014-05-23,1900.530029296875,0.48100555640744047,92.13973799126637,7.860262008733625,60.393873085339166,39.606126914660834,0.8427947598253275,0.20787746170678337
2014-05-27,1911.9100341796875,0.48987353018506297,92.13973799126637,7.860262008733625,60.393873085339166,39.606126914660834,0.8427947598253275,0.20787746170678337
2014-05-28,1909.780029296875,0.48821370423230626,92.13973799126637,7.860262008733625,60.17505470459519,39.82494529540481,0.8427947598253275,0.20350109409190373
2014-05-29,1920.030029296875,0.49620111128148214,92.13973799126637,7.860262008733625,60.17505470459519,39.82494529540481,0.8427947598253275,0.20350109409190373
2014-05-30,1923.5699462890625,0.4989596242509353,92.13973799126637,7.860262008733625,60.17505470459519,39.82494529540481,0.8427947598253275,0.20350109409190373
2014-06-02,1924.969970703125,0.5000506061898526,92.13973799126637,7.860262008733625,60.17505470459519,39.82494529540481,0.8427947598253275,0.20350109409190373
2014-06-03,1924.239990234375,0.49948176217601326,92.13973799126637,7.860262008733625,59.95623632385121,40.0437636761488,0.8427947598253275,0.19912472647702406
2014-06-04,1927.8800048828125,0.502318277167431,92.13973799126637,7.860262008733625,59.51859956236324,40.48140043763676,0.8427947598253275,0.19037199124726478
2014-06-05,1940.4599609375,0.5121213239644589,92.57641921397381,7.423580786026202,59.51859956236324,40.48140043763676,0.851528384279476,0.19037199124726478
2014-06-06,1949.43994140625,0.5191190565788546,93.01310043668121,6.986899563318777,59.51859956236324,40.48140043763676,0.8602620087336245,0.19037199124726478
2014-06-09,1951.27001953125,0.5205451618389685,93.01310043668121,6.986899563318777,59.51859956236324,40.48140043763676,0.8602620087336245,0.19037199124726478
2014-06-10,1950.7900390625,0.5201711326312064,92.79475982532752,7.20524017467249,59.29978118161926,40.70021881838075,0.8558951965065502,0.18599562363238512
2014-06-11,1943.8900146484373,0.5147942249585848,92.79475982532752,7.20524017467249,59.29978118161926,40.70021881838075,0.8558951965065502,0.18599562363238512
2014-06-12,1930.1099853515625,0.5040560100177351,92.79475982532752,7.20524017467249,59.29978118161926,40.70021881838075,0.8558951965065502,0.18599562363238512
2014-06-13,1936.1600341796875,0.5087705663745765,93.01310043668121,6.986899563318777,59.51859956236324,40.48140043763676,0.8602620087336245,0.19037199124726478
2014-06-16,1937.780029296875,0.5100329625129818,93.23144104803494,6.768558951965066,58.86214442013129,41.13785557986871,0.8646288209606987,0.1772428884026258
2014-06-17,1941.989990234375,0.5133136134075129,93.23144104803494,6.768558951965066,58.86214442013129,41.13785557986871,0.8646288209606987,0.1772428884026258
2014-06-18,1956.97998046875,0.5249947015699641,93.44978165938865,6.550218340611353,58.86214442013129,41.13785557986871,0.868995633187773,0.1772428884026258
2014-06-19,1959.47998046875,0.5269428496307387,93.44978165938865,6.550218340611353,58.86214442013129,41.13785557986871,0.868995633187773,0.1772428884026258
2014-06-20,1962.8699951171875,0.5295845498160792,93.44978165938865,6.550218340611353,58.86214442013129,41.13785557986871,0.868995633187773,0.1772428884026258
2014-06-23,1962.6099853515625,0.5293819348078053,93.44978165938865,6.550218340611353,58.29694323144105,41.70305676855895,0.868995633187773,0.16593886462882096
2014-06-24,1949.97998046875,0.5195398869997951,93.44978165938865,6.550218340611353,58.515283842794766,41.48471615720524,0.868995633187773,0.1703056768558952
2014-06-25,1959.530029296875,0.526981850641721,93.44978165938865,6.550218340611353,58.515283842794766,41.48471615720524,0.868995633187773,0.1703056768558952
2014-06-26,1957.219970703125,0.525181716173845,93.44978165938865,6.550218340611353,58.951965065502186,41.04803493449782,0.868995633187773,0.17903930131004367
2014-06-27,1960.9599609375,0.5280961380628106,93.44978165938865,6.550218340611353,58.951965065502186,41.04803493449782,0.868995633187773,0.17903930131004367
2014-06-30,1960.22998046875,0.527527294048971,93.44978165938865,6.550218340611353,58.73362445414847,41.26637554585153,0.868995633187773,0.17467248908296942
2014-07-01,1973.3199462890625,0.5377277706603503,93.66812227074236,6.331877729257641,58.515283842794766,41.48471615720524,0.8733624454148472,0.1703056768558952
2014-07-02,1974.6199951171875,0.5387408457017198,93.68191721132898,6.318082788671024,58.515283842794766,41.48471615720524,0.8736383442265795,0.1703056768558952
2014-07-03,1985.43994140625,0.5471723886540087,93.69565217391305,6.304347826086956,58.515283842794766,41.48471615720524,0.8739130434782608,0.1703056768558952
2014-07-07,1977.6500244140625,0.5411020239812387,93.69565217391305,6.304347826086956,58.29694323144105,41.70305676855895,0.8739130434782608,0.16593886462882096
2014-07-08,1963.7099609375,0.5302391009296628,93.47826086956522,6.521739130434782,58.29694323144105,41.70305676855895,0.8695652173913043,0.16593886462882096
2014-07-09,1972.8299560546875,0.5373459412503918,93.47826086956522,6.521739130434782,57.86026200873362,42.13973799126637,0.8695652173913043,0.1572052401746725
2014-07-10,1964.6800537109373,0.5309950546718001,93.47826086956522,6.521739130434782,57.42358078602619,42.5764192139738,0.8695652173913043,0.14847161572052403
2014-07-11,1967.5699462890625,0.5332470301205685,93.47826086956522,6.521739130434782,57.42358078602619,42.5764192139738,0.8695652173913043,0.14847161572052403
2014-07-14,1977.0999755859373,0.5406733933581012,93.69565217391305,6.304347826086956,57.20524017467249,42.79475982532751,0.8739130434782608,0.14410480349344978
2014-07-15,1973.280029296875,0.5376966649759813,93.69565217391305,6.304347826086956,57.20524017467249,42.79475982532751,0.8739130434782608,0.14410480349344978
2014-07-16,1981.5699462890625,0.5441566592609064,93.47826086956522,6.521739130434782,57.20524017467249,42.79475982532751,0.8695652173913043,0.14410480349344978
2014-07-17,1958.1199951171875,0.5258830685006075,93.47826086956522,6.521739130434782,57.20524017467249,42.79475982532751,0.8695652173913043,0.14410480349344978
2014-07-18,1978.219970703125,0.5415461598843516,93.69565217391305,6.304347826086956,57.20524017467249,42.79475982532751,0.8739130434782608,0.14410480349344978
2014-07-21,1973.6300048828125,0.5379693866796065,93.69565217391305,6.304347826086956,57.51633986928104,42.48366013071895,0.8739130434782608,0.1503267973856209
2014-07-22,1983.530029296875,0.5456840720251572,93.91304347826087,6.086956521739131,57.29847494553377,42.70152505446623,0.8782608695652174,0.14596949891067537
2014-07-23,1987.010009765625,0.5483958789058487,93.91304347826087,6.086956521739131,56.86274509803921,43.13725490196079,0.8782608695652174,0.13725490196078433
2014-07-24,1987.97998046875,0.5491517375235693,93.91304347826087,6.086956521739131,57.51633986928104,42.48366013071895,0.8782608695652174,0.1503267973856209
2014-07-25,1978.3399658203125,0.5416396671862924,93.91304347826087,6.086956521739131,56.86274509803921,43.13725490196079,0.8782608695652174,0.13725490196078433
2014-07-28,1978.9100341796875,0.5420838982138225,93.91304347826087,6.086956521739131,57.51633986928104,42.48366013071895,0.8782608695652174,0.1503267973856209
2014-07-29,1969.949951171875,0.5351016708794027,94.1304347826087,5.869565217391305,56.644880174291934,43.35511982570806,0.8826086956521739,0.1328976034858388
2014-07-30,1970.0699462890625,0.5351951781813431,94.1304347826087,5.869565217391305,56.86274509803921,43.13725490196079,0.8826086956521739,0.13725490196078433
2014-07-31,1930.6700439453125,0.5044924408430689,93.91304347826087,6.086956521739131,57.08061002178649,42.91938997821351,0.8782608695652174,0.14161220043572983
2014-08-01,1925.1500244140625,0.5001909147049719,93.91304347826087,6.086956521739131,57.51633986928104,42.48366013071895,0.8782608695652174,0.1503267973856209
2014-08-04,1938.989990234375,0.5109758357345833,93.91304347826087,6.086956521739131,57.08061002178649,42.91938997821351,0.8782608695652174,0.14161220043572983
2014-08-05,1920.2099609375,0.4963413246721846,93.91304347826087,6.086956521739131,57.08061002178649,42.91938997821351,0.8782608695652174,0.14161220043572983
2014-08-06,1920.239990234375,0.49636472527877373,93.91304347826087,6.086956521739131,56.86274509803921,43.13725490196079,0.8782608695652174,0.13725490196078433
2014-08-07,1909.5699462890625,0.48804999511059766,93.47826086956522,6.521739130434782,57.08061002178649,42.91938997821351,0.8695652173913043,0.14161220043572983
2014-08-08,1931.5899658203125,0.5052092984498071,93.47826086956522,6.521739130434782,56.95652173913044,43.04347826086957,0.8695652173913043,0.1391304347826087
2014-08-11,1936.9200439453125,0.5093628109950055,93.47826086956522,6.521739130434782,56.739130434782616,43.26086956521739,0.8695652173913043,0.13478260869565217
2014-08-12,1933.75,0.5068925250091529,93.47826086956522,6.521739130434782,56.95652173913044,43.04347826086957,0.8695652173913043,0.1391304347826087
2014-08-13,1946.719970703125,0.5169994943185916,93.69565217391305,6.304347826086956,56.95652173913044,43.04347826086957,0.8739130434782608,0.1391304347826087
2014-08-14,1955.1800537109373,0.5235920920408563,93.69565217391305,6.304347826086956,56.95652173913044,43.04347826086957,0.8739130434782608,0.1391304347826087
2014-08-15,1955.06005859375,0.5234985847389162,93.69565217391305,6.304347826086956,56.739130434782616,43.26086956521739,0.8739130434782608,0.13478260869565217
2014-08-18,1971.739990234375,0.5364965753307307,93.91304347826087,6.086956521739131,56.83297180043384,43.16702819956616,0.8782608695652174,0.13665943600867678
2014-08-19,1981.5999755859373,0.5441800598674955,94.1304347826087,5.869565217391305,56.83297180043384,43.16702819956616,0.8826086956521739,0.13665943600867678
2014-08-20,1986.510009765625,0.5480062492936937,94.1304347826087,5.869565217391305,57.26681127982647,42.73318872017354,0.8826086956521739,0.14533622559652928
2014-08-21,1992.3699951171875,0.5525726969332194,94.34782608695652,5.6521739130434785,57.26681127982647,42.73318872017354,0.8869565217391304,0.14533622559652928
2014-08-22,1988.4000244140625,0.5494790606425695,94.34782608695652,5.6521739130434785,57.26681127982647,42.73318872017354,0.8869565217391304,0.14533622559652928
2014-08-25,1997.9200439453125,0.556897623677906,94.34782608695652,5.6521739130434785,57.26681127982647,42.73318872017354,0.8869565217391304,0.14533622559652928
2014-08-26,2000.02001953125,0.5585340490240731,94.34782608695652,5.6521739130434785,57.26681127982647,42.73318872017354,0.8869565217391304,0.14533622559652928
2014-08-27,2000.1199951171875,0.5586119559216205,94.34782608695652,5.6521739130434785,57.26681127982647,42.73318872017354,0.8869565217391304,0.14533622559652928
2014-08-28,1996.739990234375,0.5559780559384766,94.34782608695652,5.6521739130434785,57.26681127982647,42.73318872017354,0.8869565217391304,0.14533622559652928
2014-08-29,2003.3699951171875,0.5611445484006274,94.34782608695652,5.6521739130434785,57.26681127982647,42.73318872017354,0.8869565217391304,0.14533622559652928
2014-09-02,2002.280029296875,0.5602951824809665,94.36008676789588,5.639913232104121,57.26681127982647,42.73318872017354,0.8872017353579176,0.14533622559652928
2014-09-03,2000.719970703125,0.5590794924313232,94.36008676789588,5.639913232104121,57.04989154013015,42.950108459869845,0.8872017353579176,0.14099783080260303
2014-09-04,1997.6500244140625,0.5566872084674352,94.57700650759219,5.42299349240781,56.61605206073753,43.38394793926248,0.8915401301518439,0.13232104121475055
2014-09-05,2007.7099609375,0.5645265067992955,94.57700650759219,5.42299349240781,56.61605206073753,43.38394793926248,0.8915401301518439,0.13232104121475055
2014-09-08,2001.5400390625,0.5597185382649308,94.57700650759219,5.42299349240781,56.61605206073753,43.38394793926248,0.8915401301518439,0.13232104121475055
2014-09-09,1988.43994140625,0.5495101663269382,94.36008676789588,5.639913232104121,56.399132321041215,43.600867678958785,0.8872017353579176,0.1279826464208243
2014-09-10,1995.68994140625,0.5551597957031846,94.36008676789588,5.639913232104121,56.399132321041215,43.600867678958785,0.8872017353579176,0.1279826464208243
2014-09-11,1997.449951171875,0.5565312995479235,94.57700650759219,5.42299349240781,56.399132321041215,43.600867678958785,0.8915401301518439,0.1279826464208243
2014-09-12,1985.5400390625,0.5472503906759734,94.57700650759219,5.42299349240781,56.61605206073753,43.38394793926248,0.8915401301518439,0.13232104121475055
2014-09-15,1984.1300048828125,0.5461516085348597,94.36008676789588,5.639913232104121,56.399132321041215,43.600867678958785,0.8872017353579176,0.1279826464208243
2014-09-16,1998.97998046875,0.5577235889909775,94.36008676789588,5.639913232104121,56.493506493506494,43.506493506493506,0.8872017353579176,0.12987012987012986
2014-09-17,2001.5699462890625,0.5597418437471031,94.36008676789588,5.639913232104121,56.493506493506494,43.506493506493506,0.8872017353579176,0.12987012987012986
2014-09-18,2011.3599853515625,0.5673708219929099,94.57700650759219,5.42299349240781,56.493506493506494,43.506493506493506,0.8915401301518439,0.12987012987012986
2014-09-19,2010.4000244140625,0.5666227635773857,94.57700650759219,5.42299349240781,56.493506493506494,43.506493506493506,0.8915401301518439,0.12987012987012986
2014-09-22,1994.2900390625,0.5540689088886843,94.57700650759219,5.42299349240781,56.27705627705628,43.722943722943725,0.8915401301518439,0.12554112554112554
2014-09-23,1982.77001953125,0.5450918274047281,94.14316702819957,5.856832971800434,56.27705627705628,43.722943722943725,0.8828633405639913,0.12554112554112554
2014-09-24,1998.300048828125,0.5571937459881198,94.14316702819957,5.856832971800434,55.41125541125541,44.58874458874459,0.8828633405639913,0.10822510822510822
2014-09-25,1965.989990234375,0.5320158347909487,94.14316702819957,5.856832971800434,55.41125541125541,44.58874458874459,0.8828633405639913,0.10822510822510822
2014-09-26,1982.8499755859373,0.5451541338978825,93.92624728850325,6.073752711496746,55.41125541125541,44.58874458874459,0.8785249457700651,0.10822510822510822
2014-09-29,1977.800048828125,0.5412189318897682,93.92624728850325,6.073752711496746,54.97835497835498,45.02164502164502,0.8785249457700651,0.09956709956709957
2014-09-30,1972.2900390625,0.5369252059538676,93.49240780911063,6.507592190889371,54.54545454545454,45.45454545454545,0.8698481561822126,0.09090909090909091
2014-10-01,1946.1600341796875,0.5165631586176747,93.27548806941431,6.724511930585683,54.761904761904766,45.23809523809524,0.8655097613882863,0.09523809523809523
2014-10-02,1946.1700439453125,0.5165709588198713,93.27548806941431,6.724511930585683,54.54545454545454,45.45454545454545,0.8655097613882863,0.09090909090909091
2014-10-03,1967.9000244140625,0.5335042465442172,93.27548806941431,6.724511930585683,54.32900432900433,45.67099567099567,0.8655097613882863,0.08658008658008658
2014-10-06,1964.8199462890625,0.5311040672537162,93.27548806941431,6.724511930585683,54.761904761904766,45.23809523809524,0.8655097613882863,0.09523809523809523
2014-10-07,1935.0999755859373,0.5079445059370875,92.20779220779221,7.792207792207792,54.54545454545454,45.45454545454545,0.8441558441558441,0.09090909090909091
2014-10-08,1968.8900146484373,0.5342757055663305,92.20779220779221,7.792207792207792,54.54545454545454,45.45454545454545,0.8441558441558441,0.09090909090909091
2014-10-09,1928.2099609375,0.502575398466663,91.12554112554112,8.874458874458876,53.67965367965368,46.320346320346324,0.8225108225108225,0.0735930735930736
2014-10-10,1906.1300048828125,0.48536938903869187,89.8488120950324,10.151187904967603,52.5974025974026,47.4025974025974,0.796976241900648,0.05194805194805195
2014-10-13,1874.739990234375,0.46090843057267583,87.90496760259178,12.095032397408207,54.32900432900433,45.67099567099567,0.7580993520518359,0.08658008658008658
2014-10-14,1877.699951171875,0.46321500743681954,87.90496760259178,12.095032397408207,54.54545454545454,45.45454545454545,0.7580993520518359,0.09090909090909091
2014-10-15,1862.489990234375,0.4513625050748804,86.60907127429806,13.390928725701945,54.97835497835498,45.02164502164502,0.7321814254859611,0.09956709956709957
2014-10-16,1862.760009765625,0.4515729202853507,86.17710583153347,13.822894168466524,54.97835497835498,45.02164502164502,0.7235421166306696,0.09956709956709957
2014-10-17,1886.760009765625,0.4702751416687869,86.17710583153347,13.822894168466524,54.97835497835498,45.02164502164502,0.7235421166306696,0.09956709956709957
2014-10-20,1904.010009765625,0.48371736328813153,86.39308855291577,13.606911447084233,55.41125541125541,44.58874458874459,0.7278617710583153,0.10822510822510822
2014-10-21,1941.280029296875,0.512760369798066,86.39308855291577,13.606911447084233,55.41125541125541,44.58874458874459,0.7278617710583153,0.10822510822510822
2014-10-22,1927.1099853515625,0.5017182323448053,86.39308855291577,13.606911447084233,55.41125541125541,44.58874458874459,0.7278617710583153,0.10822510822510822
2014-10-23,1950.8199462890625,0.5201944381133781,86.39308855291577,13.606911447084233,55.62770562770562,44.37229437229438,0.7278617710583153,0.11255411255411256
2014-10-24,1964.5799560546875,0.5309170526498346,86.17710583153347,13.822894168466524,55.62770562770562,44.37229437229438,0.7235421166306696,0.11255411255411256
2014-10-27,1961.6300048828125,0.5286182759878875,85.96112311015118,14.038876889848812,55.62770562770562,44.37229437229438,0.7192224622030238,0.11255411255411256
2014-10-28,1985.050048828125,0.546868561266014,85.7451403887689,14.254859611231103,55.62770562770562,44.37229437229438,0.714902807775378,0.11255411255411256
2014-10-29,1982.300048828125,0.5447255983991619,85.7451403887689,14.254859611231103,55.41125541125541,44.58874458874459,0.714902807775378,0.10822510822510822
2014-10-30,1994.6500244140625,0.5543494307945047,85.96112311015118,14.038876889848812,55.41125541125541,44.58874458874459,0.7192224622030238,0.10822510822510822
2014-10-31,2018.050048828125,0.5725841156682387,85.96112311015118,14.038876889848812,55.41125541125541,44.58874458874459,0.7192224622030238,0.10822510822510822
2014-11-03,2017.81005859375,0.5723971010643578,85.96112311015118,14.038876889848812,55.84415584415584,44.15584415584416,0.7192224622030238,0.11688311688311688
2014-11-04,2012.0999755859373,0.5679474662089448,85.96112311015118,14.038876889848812,55.84415584415584,44.15584415584416,0.7192224622030238,0.11688311688311688
2014-11-05,2023.5699462890625,0.5768855466819187,85.96112311015118,14.038876889848812,55.62770562770562,44.37229437229438,0.7192224622030238,0.11255411255411256
2014-11-06,2031.2099609375,0.582839098570576,85.96112311015118,14.038876889848812,56.060606060606055,43.93939393939394,0.7192224622030238,0.12121212121212122
2014-11-07,2031.9200439453125,0.5833924373044397,86.39308855291577,13.606911447084233,56.060606060606055,43.93939393939394,0.7278617710583153,0.12121212121212122
2014-11-10,2038.260009765625,0.5883329141517273,86.60907127429806,13.390928725701945,55.62770562770562,44.37229437229438,0.7321814254859611,0.11255411255411256
2014-11-11,2039.6800537109373,0.5894394964950371,86.60907127429806,13.390928725701945,55.41125541125541,44.58874458874459,0.7321814254859611,0.10822510822510822
2014-11-12,2038.25,0.5883251139495307,86.60907127429806,13.390928725701945,55.62770562770562,44.37229437229438,0.7321814254859611,0.11255411255411256
2014-11-13,2039.3299560546875,0.589166679666995,86.39308855291577,13.606911447084233,55.41125541125541,44.58874458874459,0.7278617710583153,0.10822510822510822
2014-11-14,2039.8199462890625,0.5895485090769534,86.39308855291577,13.606911447084233,55.41125541125541,44.58874458874459,0.7278617710583153,0.10822510822510822
2014-11-17,2041.3199462890625,0.5907173979134184,86.60907127429806,13.390928725701945,55.41125541125541,44.58874458874459,0.7321814254859611,0.10822510822510822
2014-11-18,2051.800048828125,0.598884114488696,86.60907127429806,13.390928725701945,55.1948051948052,44.8051948051948,0.7321814254859611,0.1038961038961039
2014-11-19,2048.719970703125,0.5964839351981948,86.60907127429806,13.390928725701945,54.97835497835498,45.02164502164502,0.7321814254859611,0.09956709956709957
2014-11-20,2052.75,0.5996243727020234,86.82505399568035,13.174946004319654,54.97835497835498,45.02164502164502,0.7365010799136069,0.09956709956709957
2014-11-21,2063.5,0.6080014093633539,86.82505399568035,13.174946004319654,55.1948051948052,44.8051948051948,0.7365010799136069,0.1038961038961039
2014-11-24,2069.409912109375,0.6126067628894449,86.82505399568035,13.174946004319654,55.62770562770562,44.37229437229438,0.7365010799136069,0.11255411255411256
2014-11-25,2067.030029296875,0.6107522172550279,86.82505399568035,13.174946004319654,55.62770562770562,44.37229437229438,0.7365010799136069,0.11255411255411256
2014-11-26,2072.830078125,0.615271958805792,86.60907127429806,13.390928725701945,55.62770562770562,44.37229437229438,0.7321814254859611,0.11255411255411256
2014-11-28,2067.56005859375,0.6111652474737723,86.39308855291577,13.606911447084233,55.1948051948052,44.8051948051948,0.7278617710583153,0.1038961038961039
2014-12-01,2053.43994140625,0.6001620159070771,86.17710583153347,13.822894168466524,55.41125541125541,44.58874458874459,0.7235421166306696,0.10822510822510822
2014-12-02,2066.550048828125,0.6103781880472661,86.17710583153347,13.822894168466524,55.1948051948052,44.8051948051948,0.7235421166306696,0.1038961038961039
2014-12-03,2074.330078125,0.6164408476422567,86.60907127429806,13.390928725701945,54.97835497835498,45.02164502164502,0.7321814254859611,0.09956709956709957
2014-12-04,2071.919921875,0.6145627111524161,86.60907127429806,13.390928725701945,54.97835497835498,45.02164502164502,0.7321814254859611,0.09956709956709957
2014-12-05,2075.3701171875,0.6172513076753523,86.82505399568035,13.174946004319654,54.97835497835498,45.02164502164502,0.7365010799136069,0.09956709956709957
2014-12-08,2060.31005859375,0.6055156180975259,86.60907127429806,13.390928725701945,55.41125541125541,44.58874458874459,0.7321814254859611,0.10822510822510822
2014-12-09,2059.820068359375,0.6051337886875674,86.60907127429806,13.390928725701945,55.41125541125541,44.58874458874459,0.7321814254859611,0.10822510822510822
2014-12-10,2026.1400146484373,0.5788882961580684,85.7451403887689,14.254859611231103,55.84415584415584,44.15584415584416,0.714902807775378,0.11688311688311688
2014-12-11,2035.3299560546875,0.5860496427697555,85.7451403887689,14.254859611231103,56.15550755939525,43.84449244060475,0.714902807775378,0.12311015118790497
2014-12-12,2002.3299560546875,0.5603340883675307,85.09719222462203,14.902807775377969,56.371490280777536,43.628509719222464,0.7019438444924406,0.12742980561555076
2014-12-15,1989.6300048828125,0.5504375342685626,84.44924406047517,15.550755939524837,57.45140388768899,42.54859611231102,0.6889848812095032,0.1490280777537797
2014-12-16,1972.739990234375,0.5372758345550392,84.44924406047517,15.550755939524837,57.88336933045356,42.11663066954643,0.6889848812095032,0.15766738660907129
2014-12-17,2012.8900146484373,0.5685631114359628,84.66522678185746,15.334773218142548,58.31533477321814,41.68466522678186,0.693304535637149,0.16630669546436286
2014-12-18,2061.22998046875,0.6062324757042636,84.88120950323975,15.118790496760258,58.31533477321814,41.68466522678186,0.6976241900647948,0.16630669546436286
2014-12-19,2070.64990234375,0.6135730367176355,84.88120950323975,15.118790496760258,58.31533477321814,41.68466522678186,0.6976241900647948,0.16630669546436286
2014-12-22,2078.5400390625,0.6197214985367869,84.88120950323975,15.118790496760258,58.53131749460043,41.46868250539957,0.6976241900647948,0.17062634989200864
2014-12-23,2082.169921875,0.6225501182015913,85.31317494600432,14.686825053995682,58.53131749460043,41.46868250539957,0.7062634989200864,0.17062634989200864
2014-12-24,2081.8798828125,0.6223241025867281,85.52915766738661,14.47084233261339,58.53131749460043,41.46868250539957,0.7105831533477321,0.17062634989200864
2014-12-26,2088.77001953125,0.6276933051815701,85.52915766738661,14.47084233261339,58.53131749460043,41.46868250539957,0.7105831533477321,0.17062634989200864
2014-12-29,2090.570068359375,0.6290960098350944,85.52915766738661,14.47084233261339,58.53131749460043,41.46868250539957,0.7105831533477321,0.17062634989200864
2014-12-30,2080.35009765625,0.6211320033925081,85.52915766738661,14.47084233261339,58.53131749460043,41.46868250539957,0.7105831533477321,0.17062634989200864
2014-12-31,2058.89990234375,0.6044167408319947,85.52915766738661,14.47084233261339,58.53131749460043,41.46868250539957,0.7105831533477321,0.17062634989200864
2015-01-02,2058.199951171875,0.6038712974247447,85.52915766738661,14.47084233261339,58.53131749460043,41.46868250539957,0.7105831533477321,0.17062634989200864
2015-01-05,2020.5799560546875,0.574555569211185,85.52915766738661,14.47084233261339,58.747300215982726,41.252699784017274,0.7105831533477321,0.17494600431965443
2015-01-06,2002.6099853515625,0.5605523037801974,85.52915766738661,14.47084233261339,59.179265658747305,40.8207343412527,0.7105831533477321,0.183585313174946
2015-01-07,2025.9000244140625,0.5787012815541872,85.52915766738661,14.47084233261339,59.179265658747305,40.8207343412527,0.7105831533477321,0.183585313174946
2015-01-08,2062.139892578125,0.6069415331088055,85.52915766738661,14.47084233261339,59.179265658747305,40.8207343412527,0.7105831533477321,0.183585313174946
2015-01-09,2044.81005859375,0.593437100120723,85.52915766738661,14.47084233261339,59.179265658747305,40.8207343412527,0.7105831533477321,0.183585313174946
2015-01-12,2028.260009765625,0.5805403219086285,85.52915766738661,14.47084233261339,59.395248380129594,40.60475161987041,0.7105831533477321,0.1879049676025918
2015-01-13,2023.030029296875,0.5764648113853945,85.31317494600432,14.686825053995682,59.395248380129594,40.60475161987041,0.7062634989200864,0.1879049676025918
2015-01-14,2011.27001953125,0.5673007152975575,85.09719222462203,14.902807775377969,58.963282937365015,41.03671706263499,0.7019438444924406,0.17926565874730022
2015-01-15,1992.6700439453125,0.5528065127502779,85.09719222462203,14.902807775377969,59.395248380129594,40.60475161987041,0.7019438444924406,0.1879049676025918
2015-01-16,2019.4200439453125,0.5736516970005663,85.09719222462203,14.902807775377969,59.179265658747305,40.8207343412527,0.7019438444924406,0.183585313174946
2015-01-20,2022.550048828125,0.5760907821776327,85.09719222462203,14.902807775377969,58.31533477321814,41.68466522678186,0.7019438444924406,0.16630669546436286
2015-01-21,2032.1199951171875,0.5835482510995347,85.31317494600432,14.686825053995682,58.31533477321814,41.68466522678186,0.7062634989200864,0.16630669546436286
2015-01-22,2063.14990234375,0.6077285925353118,85.5603448275862,14.439655172413794,58.09935205183585,41.90064794816415,0.7112068965517241,0.16198704103671707
2015-01-23,2051.820068359375,0.5988997148930886,85.77586206896551,14.224137931034484,58.31533477321814,41.68466522678186,0.7155172413793104,0.16630669546436286
2015-01-26,2057.090087890625,0.6030064262251082,85.5603448275862,14.439655172413794,58.620689655172406,41.37931034482759,0.7112068965517241,0.1724137931034483
2015-01-27,2029.550048828125,0.5815455967478018,85.34482758620689,14.655172413793101,58.83620689655172,41.16379310344828,0.7068965517241379,0.17672413793103448
2015-01-28,2002.1600341796875,0.5602016751790253,85.12931034482759,14.870689655172415,59.05172413793104,40.94827586206897,0.7025862068965517,0.1810344827586207
2015-01-29,2021.25,0.5750777071362632,84.91379310344827,15.086206896551724,59.26724137931034,40.73275862068966,0.6982758620689655,0.1853448275862069
2015-01-30,1994.989990234375,0.5546143522959335,84.48275862068965,15.517241379310345,59.48275862068966,40.51724137931034,0.6896551724137931,0.1896551724137931
2015-02-02,2020.8499755859373,0.5747659844216557,84.48275862068965,15.517241379310345,59.48275862068966,40.51724137931034,0.6896551724137931,0.1896551724137931
2015-02-03,2050.030029296875,0.5975048104417604,84.48275862068965,15.517241379310345,59.48275862068966,40.51724137931034,0.6896551724137931,0.1896551724137931
2015-02-04,2041.510009765625,0.590865506630734,84.26724137931035,15.732758620689655,59.69827586206896,40.30172413793103,0.6853448275862069,0.1939655172413793
2015-02-05,2062.52001953125,0.607237750543437,84.48275862068965,15.517241379310345,59.69827586206896,40.30172413793103,0.6896551724137931,0.1939655172413793
2015-02-06,2055.469970703125,0.6017439349622857,84.51612903225806,15.483870967741936,59.91379310344828,40.08620689655172,0.6903225806451613,0.19827586206896552
2015-02-09,2046.739990234375,0.5949410171539675,84.73118279569893,15.268817204301074,60.129310344827594,39.87068965517241,0.6946236559139785,0.2025862068965517
2015-02-10,2068.590087890625,0.6119679073046713,84.94623655913979,15.053763440860216,60.3448275862069,39.6551724137931,0.6989247311827957,0.20689655172413793
2015-02-11,2068.530029296875,0.6119211060914926,84.94623655913979,15.053763440860216,60.560344827586206,39.439655172413794,0.6989247311827957,0.21120689655172414
2015-02-12,2088.47998046875,0.6274672895667073,84.94623655913979,15.053763440860216,60.775862068965516,39.224137931034484,0.6989247311827957,0.21551724137931033
2015-02-13,2096.989990234375,0.6340987931755375,85.16129032258064,14.838709677419354,60.775862068965516,39.224137931034484,0.7032258064516129,0.21551724137931033
2015-02-17,2100.340087890625,0.6367093876765091,85.16129032258064,14.838709677419354,60.991379310344826,39.008620689655174,0.7032258064516129,0.21982758620689655
2015-02-18,2099.679931640625,0.6361949548292107,85.16129032258064,14.838709677419354,60.991379310344826,39.008620689655174,0.7032258064516129,0.21982758620689655
2015-02-19,2097.449951171875,0.6344572219789064,85.16129032258064,14.838709677419354,61.422413793103445,38.577586206896555,0.7032258064516129,0.22844827586206898
2015-02-20,2110.300048828125,0.6444707791108213,85.16129032258064,14.838709677419354,61.63793103448276,38.362068965517246,0.7032258064516129,0.23275862068965517
2015-02-23,2109.659912109375,0.6439719466679159,84.94623655913979,15.053763440860216,61.422413793103445,38.577586206896555,0.6989247311827957,0.22844827586206898
2015-02-24,2115.47998046875,0.6485072886230727,84.94623655913979,15.053763440860216,61.422413793103445,38.577586206896555,0.6989247311827957,0.22844827586206898
2015-02-25,2113.860107421875,0.6472449876090844,84.94623655913979,15.053763440860216,61.853448275862064,38.146551724137936,0.6989247311827957,0.23706896551724138
2015-02-26,2110.739990234375,0.6448136075097974,84.94623655913979,15.053763440860216,61.853448275862064,38.146551724137936,0.6989247311827957,0.23706896551724138
2015-02-27,2104.5,0.6399510375600572,84.73118279569893,15.268817204301074,61.63793103448276,38.362068965517246,0.6946236559139785,0.23275862068965517
2015-03-02,2117.389892578125,0.6499956052519242,84.94623655913979,15.053763440860216,61.63793103448276,38.362068965517246,0.6989247311827957,0.23275862068965517
2015-03-03,2107.780029296875,0.6425070306456537,84.94623655913979,15.053763440860216,61.853448275862064,38.146551724137936,0.6989247311827957,0.23706896551724138
2015-03-04,2098.530029296875,0.6352988828207877,85.16129032258064,14.838709677419354,61.63793103448276,38.362068965517246,0.7032258064516129,0.23275862068965517
2015-03-05,2101.0400390625,0.6372548310837587,85.16129032258064,14.838709677419354,61.63793103448276,38.362068965517246,0.7032258064516129,0.23275862068965517
2015-03-06,2071.260009765625,0.6140484685539516,85.3763440860215,14.623655913978496,61.853448275862064,38.146551724137936,0.7075268817204301,0.23706896551724138
2015-03-09,2079.429931640625,0.6204149555369358,85.3763440860215,14.623655913978496,62.06896551724138,37.93103448275862,0.7075268817204301,0.2413793103448276
2015-03-10,2044.1600341796875,0.5929305626000381,85.3763440860215,14.623655913978496,62.06896551724138,37.93103448275862,0.7075268817204301,0.2413793103448276
2015-03-11,2040.239990234375,0.5898758321959534,85.3763440860215,14.623655913978496,62.5,37.5,0.7075268817204301,0.25
2015-03-12,2065.949951171875,0.609910556413146,85.3763440860215,14.623655913978496,62.5,37.5,0.7075268817204301,0.25
2015-03-13,2053.39990234375,0.6001308150982907,85.16129032258064,14.838709677419354,62.71551724137932,37.28448275862069,0.7032258064516129,0.2543103448275862
2015-03-16,2081.18994140625,0.6217864593816746,85.3763440860215,14.623655913978496,62.71551724137932,37.28448275862069,0.7075268817204301,0.2543103448275862
2015-03-17,2074.280029296875,0.616401846631274,85.3763440860215,14.623655913978496,63.577586206896555,36.422413793103445,0.7075268817204301,0.27155172413793105
2015-03-18,2099.5,0.6360547414385078,85.3763440860215,14.623655913978496,63.577586206896555,36.422413793103445,0.7075268817204301,0.27155172413793105
2015-03-19,2089.27001953125,0.6280829347937249,85.3763440860215,14.623655913978496,63.577586206896555,36.422413793103445,0.7075268817204301,0.27155172413793105
2015-03-20,2108.10009765625,0.6427564468671063,85.3763440860215,14.623655913978496,63.793103448275865,36.206896551724135,0.7075268817204301,0.27586206896551724
2015-03-23,2104.419921875,0.6398886359424856,85.3763440860215,14.623655913978496,63.793103448275865,36.206896551724135,0.7075268817204301,0.27586206896551724
2015-03-24,2091.5,0.6298206676440294,85.3763440860215,14.623655913978496,64.00862068965517,35.991379310344826,0.7075268817204301,0.2801724137931034
2015-03-25,2061.050048828125,0.6060922623135616,85.3763440860215,14.623655913978496,64.4396551724138,35.560344827586206,0.7075268817204301,0.28879310344827586
2015-03-26,2056.14990234375,0.6022737779651428,85.16129032258064,14.838709677419354,64.73118279569893,35.26881720430107,0.7032258064516129,0.2946236559139785
2015-03-27,2061.02001953125,0.606068861706972,85.16129032258064,14.838709677419354,64.94623655913978,35.053763440860216,0.7032258064516129,0.2989247311827957
2015-03-30,2086.239990234375,0.6257217565142061,85.16129032258064,14.838709677419354,64.94623655913978,35.053763440860216,0.7032258064516129,0.2989247311827957
2015-03-31,2067.889892578125,0.6114222736485868,85.16129032258064,14.838709677419354,64.73118279569893,35.26881720430107,0.7032258064516129,0.2946236559139785
2015-04-01,2059.68994140625,0.605032386059013,85.16129032258064,14.838709677419354,64.73118279569893,35.26881720430107,0.7032258064516129,0.2946236559139785
2015-04-02,2066.9599609375,0.6106976158396522,85.16129032258064,14.838709677419354,64.94623655913978,35.053763440860216,0.7032258064516129,0.2989247311827957
2015-04-06,2080.6201171875,0.6213424186029783,85.16129032258064,14.838709677419354,65.16129032258064,34.83870967741935,0.7032258064516129,0.3032258064516129
2015-04-07,2076.330078125,0.6179993660908756,85.16129032258064,14.838709677419354,65.16129032258064,34.83870967741935,0.7032258064516129,0.3032258064516129
2015-04-08,2081.89990234375,0.6223397029911211,85.16129032258064,14.838709677419354,65.16129032258064,34.83870967741935,0.7032258064516129,0.3032258064516129
2015-04-09,2091.179931640625,0.6295712514225764,85.16129032258064,14.838709677419354,65.3763440860215,34.623655913978496,0.7032258064516129,0.30752688172043013
2015-04-10,2102.06005859375,0.6380496907124611,85.3763440860215,14.623655913978496,65.3763440860215,34.623655913978496,0.7075268817204301,0.30752688172043013
2015-04-13,2092.429931640625,0.6305453254529636,85.80645161290322,14.193548387096774,65.16129032258064,34.83870967741935,0.7161290322580646,0.3032258064516129
2015-04-14,2095.840087890625,0.6332027211671141,85.80645161290322,14.193548387096774,64.94623655913978,35.053763440860216,0.7161290322580646,0.2989247311827957
2015-04-15,2106.6298828125,0.6416107683883967,85.80645161290322,14.193548387096774,65.16129032258064,34.83870967741935,0.7161290322580646,0.3032258064516129
2015-04-16,2104.989990234375,0.6403328669700155,85.80645161290322,14.193548387096774,65.59139784946237,34.40860215053764,0.7161290322580646,0.3118279569892473
2015-04-17,2081.179931640625,0.621778659179478,85.80645161290322,14.193548387096774,65.59139784946237,34.40860215053764,0.7161290322580646,0.3118279569892473
2015-04-20,2100.39990234375,0.6367559986408533,85.80645161290322,14.193548387096774,65.3763440860215,34.623655913978496,0.7161290322580646,0.30752688172043013
2015-04-21,2097.2900390625,0.6343326089925967,85.80645161290322,14.193548387096774,65.3763440860215,34.623655913978496,0.7161290322580646,0.30752688172043013
2015-04-22,2107.9599609375,0.642647244036356,85.80645161290322,14.193548387096774,65.3763440860215,34.623655913978496,0.7161290322580646,0.30752688172043013
2015-04-23,2112.929931640625,0.6465201395513158,85.80645161290322,14.193548387096774,65.16129032258064,34.83870967741935,0.7161290322580646,0.3032258064516129
2015-04-24,2117.68994140625,0.6502294210689838,85.80645161290322,14.193548387096774,65.16129032258064,34.83870967741935,0.7161290322580646,0.3032258064516129
2015-04-27,2108.919921875,0.6433953024518797,85.80645161290322,14.193548387096774,64.94623655913978,35.053763440860216,0.7161290322580646,0.2989247311827957
2015-04-28,2114.760009765625,0.6479462448114295,85.80645161290322,14.193548387096774,64.94623655913978,35.053763440860216,0.7161290322580646,0.2989247311827957
2015-04-29,2106.85009765625,0.6417823728367187,85.80645161290322,14.193548387096774,64.73118279569893,35.26881720430107,0.7161290322580646,0.2946236559139785
2015-04-30,2085.510009765625,0.6251529125003665,85.80645161290322,14.193548387096774,64.94623655913978,35.053763440860216,0.7161290322580646,0.2989247311827957
2015-05-01,2108.2900390625,0.6429044604600049,85.80645161290322,14.193548387096774,64.73118279569893,35.26881720430107,0.7161290322580646,0.2946236559139785
2015-05-04,2114.489990234375,0.647735829600959,85.80645161290322,14.193548387096774,64.94623655913978,35.053763440860216,0.7161290322580646,0.2989247311827957
2015-05-05,2089.4599609375,0.6282309483866235,85.80645161290322,14.193548387096774,65.16129032258064,34.83870967741935,0.7161290322580646,0.3032258064516129
2015-05-06,2080.14990234375,0.6209759993485788,85.59139784946237,14.408602150537634,65.16129032258064,34.83870967741935,0.7118279569892473,0.3032258064516129
2015-05-07,2088.0,0.6270932603589447,85.62231759656652,14.377682403433475,65.45064377682404,34.54935622317596,0.7124463519313304,0.3090128755364807
2015-05-08,2116.10009765625,0.6489905206615849,85.62231759656652,14.377682403433475,65.45064377682404,34.54935622317596,0.7124463519313304,0.3090128755364807
2015-05-11,2105.330078125,0.6405978835958612,85.83690987124464,14.163090128755366,65.66523605150213,34.33476394849785,0.7167381974248928,0.3133047210300429
2015-05-12,2099.1201171875,0.6357587142527106,85.83690987124464,14.163090128755366,65.23605150214593,34.763948497854074,0.7167381974248928,0.30472103004291845
2015-05-13,2098.47998046875,0.6352598818098052,86.05150214592274,13.948497854077251,65.02145922746782,34.97854077253219,0.721030042918455,0.30042918454935624
2015-05-14,2121.10009765625,0.6528868167831341,86.05150214592274,13.948497854077251,65.02145922746782,34.97854077253219,0.721030042918455,0.30042918454935624
2015-05-15,2122.72998046875,0.6541569179993187,86.05150214592274,13.948497854077251,65.02145922746782,34.97854077253219,0.721030042918455,0.30042918454935624
2015-05-18,2129.199951171875,0.6591987023507433,86.48068669527898,13.519313304721031,65.23605150214593,34.763948497854074,0.7296137339055794,0.30472103004291845
2015-05-19,2127.830078125,0.6581312161428325,86.26609442060087,13.733905579399142,65.23605150214593,34.763948497854074,0.7253218884120172,0.30472103004291845
2015-05-20,2125.85009765625,0.6565882980986057,86.26609442060087,13.733905579399142,65.02145922746782,34.97854077253219,0.7253218884120172,0.30042918454935624
2015-05-21,2130.820068359375,0.6604611936135658,86.26609442060087,13.733905579399142,65.02145922746782,34.97854077253219,0.7253218884120172,0.30042918454935624
2015-05-22,2126.06005859375,0.6567519120958976,86.26609442060087,13.733905579399142,64.8068669527897,35.1931330472103,0.7253218884120172,0.296137339055794
2015-05-26,2104.199951171875,0.6397172217429976,86.26609442060087,13.733905579399142,64.8068669527897,35.1931330472103,0.7253218884120172,0.296137339055794
2015-05-27,2123.47998046875,0.6547413624175513,86.26609442060087,13.733905579399142,65.02145922746782,34.97854077253219,0.7253218884120172,0.30042918454935624
2015-05-28,2120.7900390625,0.6526452007638779,86.26609442060087,13.733905579399142,65.02145922746782,34.97854077253219,0.7253218884120172,0.30042918454935624
2015-05-29,2107.389892578125,0.6422030130088257,86.26609442060087,13.733905579399142,65.23605150214593,34.763948497854074,0.7253218884120172,0.30472103004291845
2015-06-01,2111.72998046875,0.6455850665319107,86.26609442060087,13.733905579399142,65.66523605150213,34.33476394849785,0.7253218884120172,0.3133047210300429
2015-06-02,2109.60009765625,0.6439253357035712,86.26609442060087,13.733905579399142,65.87982832618026,34.12017167381974,0.7253218884120172,0.31759656652360513
2015-06-03,2114.070068359375,0.6474086016063763,86.26609442060087,13.733905579399142,64.8068669527897,35.1931330472103,0.7253218884120172,0.296137339055794
2015-06-04,2095.840087890625,0.6332027211671147,86.05150214592274,13.948497854077251,64.8068669527897,35.1931330472103,0.721030042918455,0.296137339055794
2015-06-05,2092.830078125,0.6308571432919885,85.83690987124464,14.163090128755366,64.8068669527897,35.1931330472103,0.7167381974248928,0.296137339055794
2015-06-08,2079.280029296875,0.6202981427528234,85.83690987124464,14.163090128755366,64.59227467811158,35.407725321888414,0.7167381974248928,0.2918454935622318
2015-06-09,2080.14990234375,0.620975999348579,85.83690987124464,14.163090128755366,64.59227467811158,35.407725321888414,0.7167381974248928,0.2918454935622318
2015-06-10,2105.199951171875,0.6404964809673073,86.05150214592274,13.948497854077251,64.37768240343348,35.622317596566525,0.721030042918455,0.2875536480686695
2015-06-11,2108.860107421875,0.6433486914875353,86.05150214592274,13.948497854077251,64.37768240343348,35.622317596566525,0.721030042918455,0.2875536480686695
2015-06-12,2094.110107421875,0.631854617928965,86.05150214592274,13.948497854077251,64.59227467811158,35.407725321888414,0.721030042918455,0.2918454935622318
2015-06-15,2084.429931640625,0.6243112516584854,86.05150214592274,13.948497854077251,64.59227467811158,35.407725321888414,0.721030042918455,0.2918454935622318
2015-06-16,2096.2900390625,0.633553349768287,86.05150214592274,13.948497854077251,64.37768240343348,35.622317596566525,0.721030042918455,0.2875536480686695
2015-06-17,2100.43994140625,0.6367871994496392,86.05150214592274,13.948497854077251,64.37768240343348,35.622317596566525,0.721030042918455,0.2875536480686695
2015-06-18,2121.239990234375,0.6529958293650509,86.26609442060087,13.733905579399142,64.37768240343348,35.622317596566525,0.7253218884120172,0.2875536480686695
2015-06-19,2109.989990234375,0.6442291630915651,86.26609442060087,13.733905579399142,64.37768240343348,35.622317596566525,0.7253218884120172,0.2875536480686695
2015-06-22,2122.85009765625,0.6542505204256766,86.48068669527898,13.519313304721031,64.37768240343348,35.622317596566525,0.7296137339055794,0.2875536480686695
2015-06-23,2124.199951171875,0.6553024062291943,86.69527896995707,13.304721030042918,64.37768240343348,35.622317596566525,0.7339055793991416,0.2875536480686695
2015-06-24,2108.580078125,0.6431304760748682,86.69527896995707,13.304721030042918,64.37768240343348,35.622317596566525,0.7339055793991416,0.2875536480686695
2015-06-25,2102.31005859375,0.6382445055185388,86.69527896995707,13.304721030042918,64.16309012875536,35.836909871244636,0.7339055793991416,0.2832618025751073
2015-06-26,2101.489990234375,0.6376054596849312,86.05150214592274,13.948497854077251,64.8068669527897,35.1931330472103,0.721030042918455,0.296137339055794
2015-06-29,2057.639892578125,0.6034348665994111,84.76394849785407,15.236051502145923,65.02145922746782,34.97854077253219,0.6952789699570815,0.30042918454935624
2015-06-30,2063.110107421875,0.6076975819753598,84.76394849785407,15.236051502145923,65.23605150214593,34.763948497854074,0.6952789699570815,0.30472103004291845
2015-07-01,2077.419921875,0.6188486368861197,84.54935622317596,15.450643776824036,65.23605150214593,34.763948497854074,0.6909871244635193,0.30472103004291845
2015-07-02,2076.780029296875,0.6183499946920483,84.54935622317596,15.450643776824036,65.23605150214593,34.763948497854074,0.6909871244635193,0.30472103004291845
2015-07-06,2068.760009765625,0.6121003204931765,84.54935622317596,15.450643776824036,65.23605150214593,34.763948497854074,0.6909871244635193,0.30472103004291845
2015-07-07,2081.340087890625,0.6219034624146211,84.76394849785407,15.236051502145923,65.02145922746782,34.97854077253219,0.6952789699570815,0.30042918454935624
2015-07-08,2046.6800537109373,0.5948943110652052,83.90557939914163,16.09442060085837,65.23605150214593,34.763948497854074,0.6781115879828327,0.30472103004291845
2015-07-09,2051.31005859375,0.5985022850787365,83.90557939914163,16.09442060085837,65.23605150214593,34.763948497854074,0.6781115879828327,0.30472103004291845
2015-07-10,2076.6201171875,0.6182253817057388,83.69098712446352,16.30901287553648,65.45064377682404,34.54935622317596,0.6738197424892703,0.3090128755364807
2015-07-13,2099.60009765625,0.6361327434604722,83.69098712446352,16.30901287553648,65.23605150214593,34.763948497854074,0.6738197424892703,0.30472103004291845
2015-07-14,2108.949951171875,0.6434187030584686,83.69098712446352,16.30901287553648,65.66523605150213,34.33476394849785,0.6738197424892703,0.3133047210300429
2015-07-15,2107.39990234375,0.6422108132110216,83.69098712446352,16.30901287553648,65.23605150214593,34.763948497854074,0.6738197424892703,0.30472103004291845
2015-07-16,2124.2900390625,0.6553726080489619,83.47639484978541,16.523605150214593,65.23605150214593,34.763948497854074,0.6695278969957081,0.30472103004291845
2015-07-17,2126.639892578125,0.6572037530767896,83.72591006423983,16.274089935760173,65.31049250535332,34.68950749464668,0.6745182012847966,0.30620985010706636
2015-07-20,2128.280029296875,0.6584818447440048,83.72591006423983,16.274089935760173,65.31049250535332,34.68950749464668,0.6745182012847966,0.30620985010706636
2015-07-21,2119.2099609375,0.6514139103098411,83.72591006423983,16.274089935760173,65.0963597430407,34.90364025695932,0.6745182012847966,0.3019271948608137
2015-07-22,2114.14990234375,0.647470812975113,83.5117773019272,16.488222698072803,65.73875802997858,34.26124197002141,0.6702355460385439,0.3147751605995717
2015-07-23,2102.14990234375,0.6381197022833949,83.08351177730194,16.916488222698074,65.73875802997858,34.26124197002141,0.6616702355460385,0.3147751605995717
2015-07-24,2079.64990234375,0.6205863697364236,82.86937901498929,17.130620985010705,65.31049250535332,34.68950749464668,0.6573875802997858,0.30620985010706636
2015-07-27,2067.639892578125,0.6112274588425091,82.86937901498929,17.130620985010705,65.52462526766595,34.475374732334046,0.6573875802997858,0.31049250535331907
2015-07-28,2093.25,0.6311843712865712,82.86937901498929,17.130620985010705,65.52462526766595,34.475374732334046,0.6573875802997858,0.31049250535331907
2015-07-29,2108.570068359375,0.6431226758726716,82.86937901498929,17.130620985010705,65.31049250535332,34.68950749464668,0.6573875802997858,0.30620985010706636
2015-07-30,2108.6298828125,0.6431692868370162,82.86937901498929,17.130620985010705,65.31049250535332,34.68950749464668,0.6573875802997858,0.30620985010706636
2015-07-31,2103.840087890625,0.6394367949615927,82.6923076923077,17.307692307692307,65.5982905982906,34.401709401709404,0.6538461538461539,0.31196581196581197
2015-08-03,2098.0400390625,0.634917053410829,82.6923076923077,17.307692307692307,65.5982905982906,34.401709401709404,0.6538461538461539,0.31196581196581197
2015-08-04,2093.320068359375,0.6312389727019467,82.6923076923077,17.307692307692307,65.38461538461539,34.61538461538461,0.6538461538461539,0.3076923076923077
2015-08-05,2099.840087890625,0.6363197580643534,82.6923076923077,17.307692307692307,65.38461538461539,34.61538461538461,0.6538461538461539,0.3076923076923077
2015-08-06,2083.56005859375,0.6236333950627291,82.26495726495726,17.735042735042736,65.17094017094017,34.82905982905983,0.6452991452991453,0.3034188034188034
2015-08-07,2077.570068359375,0.6189656399190664,82.26495726495726,17.735042735042736,65.38461538461539,34.61538461538461,0.6452991452991453,0.3076923076923077
2015-08-10,2104.179931640625,0.639701621338604,82.05128205128204,17.94871794871795,65.17094017094017,34.82905982905983,0.6410256410256411,0.3034188034188034
2015-08-11,2084.070068359375,0.6240308248770803,81.83760683760684,18.162393162393162,65.17094017094017,34.82905982905983,0.6367521367521367,0.3034188034188034
2015-08-12,2086.050048828125,0.6255737429213069,81.83760683760684,18.162393162393162,64.95726495726495,35.04273504273504,0.6367521367521367,0.29914529914529914
2015-08-13,2083.389892578125,0.623500791625389,81.83760683760684,18.162393162393162,65.0319829424307,34.9680170575693,0.6367521367521367,0.3006396588486141
2015-08-14,2091.5400390625,0.6298518684528145,81.83760683760684,18.162393162393162,65.0319829424307,34.9680170575693,0.6367521367521367,0.3006396588486141
2015-08-17,2102.43994140625,0.6383457178982581,81.83760683760684,18.162393162393162,65.0319829424307,34.9680170575693,0.6367521367521367,0.3006396588486141
2015-08-18,2096.919921875,0.6340441917601611,81.62393162393163,18.37606837606838,64.81876332622602,35.18123667377399,0.6324786324786325,0.29637526652452023
2015-08-19,2079.610107421875,0.6205553591764719,81.41025641025641,18.58974358974359,64.81876332622602,35.18123667377399,0.6282051282051282,0.29637526652452023
2015-08-20,2035.72998046875,0.5863613654843625,80.98290598290599,19.017094017094017,65.2452025586354,34.7547974413646,0.6196581196581197,0.3049040511727079
2015-08-21,1970.8900146484373,0.535834224014949,79.05982905982906,20.94017094017094,65.67164179104478,34.32835820895522,0.5811965811965812,0.31343283582089554
2015-08-24,1893.2099609375,0.47530132561581717,75.85470085470085,24.145299145299145,65.2452025586354,34.7547974413646,0.5170940170940171,0.3049040511727079
2015-08-25,1867.6099853515625,0.45535230849836883,73.50427350427351,26.495726495726498,65.2452025586354,34.7547974413646,0.4700854700854701,0.3049040511727079
2015-08-26,1940.510009765625,0.5121603249754394,73.50427350427351,26.495726495726498,65.45842217484008,34.54157782515991,0.4700854700854701,0.3091684434968017
2015-08-27,1987.6600341796875,0.5489024164265317,73.50427350427351,26.495726495726498,65.2452025586354,34.7547974413646,0.4700854700854701,0.3049040511727079
2015-08-28,1988.8699951171875,0.5498452896481332,73.50427350427351,26.495726495726498,65.2452025586354,34.7547974413646,0.4700854700854701,0.3049040511727079
2015-08-31,1972.1800537109373,0.5368394988541219,73.29059829059828,26.70940170940171,65.0319829424307,34.9680170575693,0.4658119658119658,0.3006396588486141
2015-09-01,1913.8499755859373,0.49138524742050205,72.43589743589743,27.564102564102566,65.2452025586354,34.7547974413646,0.44871794871794873,0.3049040511727079
2015-09-02,1948.8599853515625,0.5186671204735431,72.43589743589743,27.564102564102566,65.2452025586354,34.7547974413646,0.44871794871794873,0.3049040511727079
2015-09-03,1951.1300048828125,0.5204360541326329,72.43589743589743,27.564102564102566,65.2452025586354,34.7547974413646,0.44871794871794873,0.3049040511727079
2015-09-04,1921.219970703125,0.4971283840986891,72.22222222222221,27.77777777777778,65.0319829424307,34.9680170575693,0.4444444444444444,0.3006396588486141
2015-09-08,1969.4100341796875,0.5346809355828772,72.43589743589743,27.564102564102566,65.0319829424307,34.9680170575693,0.44871794871794873,0.3006396588486141
2015-09-09,1942.0400390625,0.5133526144184934,72.43589743589743,27.564102564102566,65.0319829424307,34.9680170575693,0.44871794871794873,0.3006396588486141
2015-09-10,1952.2900390625,0.5213400214676693,72.43589743589743,27.564102564102566,65.0319829424307,34.9680170575693,0.44871794871794873,0.3006396588486141
2015-09-11,1961.050048828125,0.5281663398825769,72.43589743589743,27.564102564102566,65.0319829424307,34.9680170575693,0.44871794871794873,0.3006396588486141
2015-09-14,1953.030029296875,0.5219166656837053,72.43589743589743,27.564102564102566,65.0319829424307,34.9680170575693,0.44871794871794873,0.3006396588486141
2015-09-15,1978.0899658203125,0.5414448523802129,72.43589743589743,27.564102564102566,65.0319829424307,34.9680170575693,0.44871794871794873,0.3006396588486141
2015-09-16,1995.31005859375,0.5548637685173852,72.64957264957265,27.350427350427353,65.0319829424307,34.9680170575693,0.452991452991453,0.3006396588486141
2015-09-17,1990.199951171875,0.550881670171675,72.64957264957265,27.350427350427353,64.81876332622602,35.18123667377399,0.452991452991453,0.29637526652452023
2015-09-18,1958.030029296875,0.5258129618052543,72.64957264957265,27.350427350427353,64.39232409381663,35.60767590618337,0.452991452991453,0.2878464818763326
2015-09-21,1966.969970703125,0.5327794936108641,72.64957264957265,27.350427350427353,64.39232409381663,35.60767590618337,0.452991452991453,0.2878464818763326
2015-09-22,1942.739990234375,0.5138980578257433,72.64957264957265,27.350427350427353,64.39232409381663,35.60767590618337,0.452991452991453,0.2878464818763326
2015-09-23,1938.760009765625,0.5107966213328969,71.7948717948718,28.205128205128204,63.965884861407254,36.034115138592746,0.4358974358974359,0.279317697228145
2015-09-24,1932.239990234375,0.5057158359704901,71.15384615384616,28.846153846153843,63.75266524520256,36.247334754797436,0.4230769230769231,0.27505330490405117
2015-09-25,1931.3399658203125,0.5050144836437278,70.08547008547008,29.914529914529915,63.53944562899787,36.46055437100213,0.4017094017094017,0.27078891257995735
2015-09-28,1881.77001953125,0.46638664574943256,68.16239316239316,31.837606837606835,63.11300639658849,36.88699360341152,0.36324786324786323,0.2622601279317697
2015-09-29,1884.0899658203125,0.4681944852950879,67.94871794871796,32.05128205128205,63.32622601279317,36.67377398720683,0.358974358974359,0.26652452025586354
2015-09-30,1920.030029296875,0.49620111128148037,67.94871794871796,32.05128205128205,63.11300639658849,36.88699360341152,0.358974358974359,0.2622601279317697
2015-10-01,1923.8199462890625,0.49915443905701085,67.94871794871796,32.05128205128205,63.11300639658849,36.88699360341152,0.358974358974359,0.2622601279317697
2015-10-02,1951.3599853515625,0.5206152685343173,67.94871794871796,32.05128205128205,62.89978678038379,37.10021321961621,0.358974358974359,0.2579957356076759
2015-10-05,1987.050048828125,0.5484270797146322,67.94871794871796,32.05128205128205,62.68656716417911,37.3134328358209,0.358974358974359,0.2537313432835821
2015-10-06,1979.9200439453125,0.5428709576403263,67.73504273504274,32.26495726495727,62.89978678038379,37.10021321961621,0.3547008547008547,0.2579957356076759
2015-10-07,1995.8299560546875,0.5552689034095155,67.73504273504274,32.26495726495727,63.11300639658849,36.88699360341152,0.3547008547008547,0.2622601279317697
2015-10-08,2013.4300537109373,0.568983941856902,67.94871794871796,32.05128205128205,62.89978678038379,37.10021321961621,0.358974358974359,0.2579957356076759
2015-10-09,2014.8900146484373,0.570121629884581,67.94871794871796,32.05128205128205,62.89978678038379,37.10021321961621,0.358974358974359,0.2579957356076759
2015-10-12,2017.4599609375,0.5721242842363141,67.94871794871796,32.05128205128205,62.89978678038379,37.10021321961621,0.358974358974359,0.2579957356076759
2015-10-13,2003.68994140625,0.561393869497661,67.94871794871796,32.05128205128205,62.89978678038379,37.10021321961621,0.358974358974359,0.2579957356076759
2015-10-14,1994.239990234375,0.5540299078777,67.94871794871796,32.05128205128205,62.89978678038379,37.10021321961621,0.358974358974359,0.2579957356076759
2015-10-15,2023.8599853515625,0.5771115622967806,68.16239316239316,31.837606837606835,62.89978678038379,37.10021321961621,0.36324786324786323,0.2579957356076759
2015-10-16,2033.1099853515625,0.5843197101216466,68.16239316239316,31.837606837606835,62.89978678038379,37.10021321961621,0.36324786324786323,0.2579957356076759
2015-10-19,2033.6600341796875,0.5847483407447838,68.16239316239316,31.837606837606835,62.89978678038379,37.10021321961621,0.36324786324786323,0.2579957356076759
2015-10-20,2030.77001953125,0.5824962701715983,68.16239316239316,31.837606837606835,62.89978678038379,37.10021321961621,0.36324786324786323,0.2579957356076759
2015-10-21,2018.93994140625,0.5732775726683861,68.16239316239316,31.837606837606835,63.11300639658849,36.88699360341152,0.36324786324786323,0.2622601279317697
2015-10-22,2052.510009765625,0.5994373580981409,67.94871794871796,32.05128205128205,62.76595744680851,37.234042553191486,0.358974358974359,0.2553191489361702
2015-10-23,2075.14990234375,0.6170797032270285,67.94871794871796,32.05128205128205,62.76595744680851,37.234042553191486,0.358974358974359,0.2553191489361702
2015-10-26,2071.179931640625,0.6139860669363786,67.94871794871796,32.05128205128205,62.76595744680851,37.234042553191486,0.358974358974359,0.2553191489361702
2015-10-27,2065.889892578125,0.6098637551999662,67.73504273504274,32.26495726495727,62.76595744680851,37.234042553191486,0.3547008547008547,0.2553191489361702
2015-10-28,2090.35009765625,0.6289245956356053,67.52136752136752,32.47863247863248,62.5531914893617,37.4468085106383,0.3504273504273504,0.251063829787234
2015-10-29,2089.409912109375,0.6281919473756401,67.37739872068231,32.6226012793177,62.5531914893617,37.4468085106383,0.34754797441364604,0.251063829787234
2015-10-30,2079.360107421875,0.6203605443703935,67.37739872068231,32.6226012793177,62.34042553191489,37.659574468085104,0.34754797441364604,0.24680851063829787
2015-11-02,2104.050048828125,0.6396004089588831,67.80383795309169,32.19616204690831,62.34042553191489,37.659574468085104,0.35607675906183367,0.24680851063829787
2015-11-03,2109.7900390625,0.6440733492964683,67.80383795309169,32.19616204690831,62.34042553191489,37.659574468085104,0.35607675906183367,0.24680851063829787
2015-11-04,2102.31005859375,0.6382445055185373,67.80383795309169,32.19616204690831,62.34042553191489,37.659574468085104,0.35607675906183367,0.24680851063829787
2015-11-05,2099.929931640625,0.636389769635286,67.80383795309169,32.19616204690831,62.12765957446808,37.87234042553192,0.35607675906183367,0.2425531914893617
2015-11-06,2099.199951171875,0.6358209256214469,67.80383795309169,32.19616204690831,62.12765957446808,37.87234042553192,0.35607675906183367,0.2425531914893617
2015-11-09,2078.580078125,0.6197526993455715,67.590618336887,32.40938166311301,62.12765957446808,37.87234042553192,0.35181236673773986,0.2425531914893617
2015-11-10,2081.719970703125,0.6221994896004175,67.37739872068231,32.6226012793177,62.12765957446808,37.87234042553192,0.34754797441364604,0.2425531914893617
2015-11-11,2075.0,0.6169628904429154,67.16417910447761,32.83582089552239,61.91489361702127,38.08510638297872,0.34328358208955223,0.23829787234042554
2015-11-12,2045.969970703125,0.5943409723313406,67.16417910447761,32.83582089552239,61.91489361702127,38.08510638297872,0.34328358208955223,0.23829787234042554
2015-11-13,2023.0400390625,0.5764726115875898,66.52452025586354,33.47547974413646,61.702127659574465,38.297872340425535,0.3304904051172708,0.23404255319148937
2015-11-16,2053.18994140625,0.5999672011009978,66.52452025586354,33.47547974413646,61.27659574468085,38.72340425531915,0.3304904051172708,0.225531914893617
2015-11-17,2050.43994140625,0.5978242382341459,66.31130063965884,33.688699360341154,60.851063829787236,39.148936170212764,0.326226012793177,0.2170212765957447
2015-11-18,2083.580078125,0.6236489954671209,66.52452025586354,33.47547974413646,60.63829787234043,39.361702127659576,0.3304904051172708,0.2127659574468085
2015-11-19,2081.239990234375,0.6218254603926556,66.31130063965884,33.688699360341154,60.0,40.0,0.326226012793177,0.2
2015-11-20,2089.169921875,0.6280049327717592,65.95744680851064,34.04255319148936,59.87261146496815,40.12738853503185,0.3191489361702128,0.19745222929936307
2015-11-23,2086.590087890625,0.625994573342247,65.95744680851064,34.04255319148936,59.87261146496815,40.12738853503185,0.3191489361702128,0.19745222929936307
2015-11-24,2089.139892578125,0.6279815321651698,65.95744680851064,34.04255319148936,59.87261146496815,40.12738853503185,0.3191489361702128,0.19745222929936307
2015-11-25,2088.8701171875,0.6277713072035336,65.95744680851064,34.04255319148936,59.87261146496815,40.12738853503185,0.3191489361702128,0.19745222929936307
2015-11-27,2090.110107421875,0.6287375810317244,65.95744680851064,34.04255319148936,59.87261146496815,40.12738853503185,0.3191489361702128,0.19745222929936307
2015-11-30,2080.409912109375,0.6211786143568516,65.95744680851064,34.04255319148936,59.87261146496815,40.12738853503185,0.3191489361702128,0.19745222929936307
2015-12-01,2102.6298828125,0.6384937314911561,66.17021276595744,33.829787234042556,59.87261146496815,40.12738853503185,0.32340425531914896,0.19745222929936307
2015-12-02,2079.510009765625,0.6204773571545061,66.17021276595744,33.829787234042556,60.08492569002123,39.91507430997877,0.32340425531914896,0.20169851380042464
2015-12-03,2049.6201171875,0.597185382649372,65.74468085106383,34.25531914893617,60.08492569002123,39.91507430997877,0.3148936170212766,0.20169851380042464
2015-12-04,2091.68994140625,0.6299686812369267,65.95744680851064,34.04255319148936,60.16949152542372,39.83050847457627,0.3191489361702128,0.2033898305084746
2015-12-07,2077.070068359375,0.6185760103069107,65.95744680851064,34.04255319148936,59.7457627118644,40.25423728813559,0.3191489361702128,0.19491525423728814
2015-12-08,2063.590087890625,0.6080716111831206,65.53191489361701,34.46808510638298,59.7457627118644,40.25423728813559,0.31063829787234043,0.19491525423728814
2015-12-09,2047.6199951171875,0.5956267690763355,65.31914893617021,34.680851063829785,59.7457627118644,40.25423728813559,0.30638297872340425,0.19491525423728814
2015-12-10,2052.22998046875,0.599219142685474,65.31914893617021,34.680851063829785,59.7457627118644,40.25423728813559,0.30638297872340425,0.19491525423728814
2015-12-11,2012.3699951171875,0.5681578814194139,64.8936170212766,35.1063829787234,59.95762711864406,40.04237288135593,0.2978723404255319,0.19915254237288135
2015-12-14,2021.93994140625,0.5756153503413153,64.68085106382979,35.319148936170215,59.95762711864406,40.04237288135593,0.2936170212765957,0.19915254237288135
2015-12-15,2043.4100341796875,0.5923461181818046,64.8936170212766,35.1063829787234,60.16949152542372,39.83050847457627,0.2978723404255319,0.2033898305084746
2015-12-16,2073.070068359375,0.6154589734096714,65.1063829787234,34.8936170212766,60.381355932203384,39.61864406779661,0.3021276595744681,0.2076271186440678
2015-12-17,2041.8900146484373,0.5911616289409469,64.68085106382979,35.319148936170215,60.59322033898306,39.40677966101695,0.2936170212765957,0.211864406779661
2015-12-18,2005.550048828125,0.5628433753643642,64.25531914893618,35.74468085106383,60.59322033898306,39.40677966101695,0.2851063829787234,0.211864406779661
2015-12-21,2021.1500244140625,0.5749998002387142,64.25531914893618,35.74468085106383,60.381355932203384,39.61864406779661,0.2851063829787234,0.2076271186440678
2015-12-22,2038.969970703125,0.5888861577611719,64.25531914893618,35.74468085106383,60.381355932203384,39.61864406779661,0.2851063829787234,0.2076271186440678
2015-12-23,2064.2900390625,0.6086170545903706,64.25531914893618,35.74468085106383,60.381355932203384,39.61864406779661,0.2851063829787234,0.2076271186440678
2015-12-24,2060.989990234375,0.6060454611003814,64.46808510638297,35.53191489361702,60.381355932203384,39.61864406779661,0.28936170212765955,0.2076271186440678
2015-12-28,2056.5,0.6025465947931836,64.46808510638297,35.53191489361702,60.59322033898306,39.40677966101695,0.28936170212765955,0.211864406779661
2015-12-29,2078.360107421875,0.6195812851460836,64.46808510638297,35.53191489361702,60.59322033898306,39.40677966101695,0.28936170212765955,0.211864406779661
2015-12-30,2063.360107421875,0.607892396781436,64.46808510638297,35.53191489361702,60.59322033898306,39.40677966101695,0.28936170212765955,0.211864406779661
2015-12-31,2043.93994140625,0.5927590532761318,64.46808510638297,35.53191489361702,60.381355932203384,39.61864406779661,0.28936170212765955,0.2076271186440678
2016-01-04,2012.6600341796875,0.5683838970342769,64.46808510638297,35.53191489361702,60.381355932203384,39.61864406779661,0.28936170212765955,0.2076271186440678
2016-01-05,2016.7099609375,0.5715398398180818,64.25531914893618,35.74468085106383,60.16949152542372,39.83050847457627,0.2851063829787234,0.2033898305084746
2016-01-06,1990.260009765625,0.5509284713848535,63.191489361702125,36.80851063829787,60.16949152542372,39.83050847457627,0.26382978723404255,0.2033898305084746
2016-01-07,1943.0899658203125,0.5141707795293682,61.702127659574465,38.297872340425535,59.7457627118644,40.25423728813559,0.23404255319148937,0.19491525423728814
2016-01-08,1922.030029296875,0.4977596297300997,60.21276595744681,39.787234042553195,59.7457627118644,40.25423728813559,0.20425531914893616,0.19491525423728814
2016-01-11,1923.6700439453125,0.49903762627289816,59.787234042553195,40.21276595744681,59.95762711864406,40.04237288135593,0.19574468085106383,0.19915254237288135
2016-01-12,1938.6800537109373,0.5107343148397419,59.787234042553195,40.21276595744681,59.95762711864406,40.04237288135593,0.19574468085106383,0.19915254237288135
2016-01-13,1890.280029296875,0.4730181493582626,56.355932203389834,43.64406779661017,59.53389830508474,40.46610169491525,0.1271186440677966,0.1906779661016949
2016-01-14,1921.8399658203125,0.4976115210127843,56.144067796610166,43.85593220338983,59.40803382663847,40.59196617336152,0.1228813559322034,0.18816067653276955
2016-01-15,1880.3299560546875,0.4652644630017295,55.17970401691332,44.82029598308668,59.19661733615222,40.803382663847785,0.10359408033826638,0.1839323467230444
2016-01-19,1881.3299560546875,0.4660437222260392,54.33403805496829,45.66596194503171,59.19661733615222,40.803382663847785,0.08668076109936575,0.1839323467230444
2016-01-20,1859.3299560546875,0.4489000192912229,52.64270613107822,47.35729386892177,58.985200845665965,41.014799154334035,0.052854122621564484,0.17970401691331925
2016-01-21,1868.989990234375,0.4564276900328925,52.00845665961945,47.99154334038055,57.2938689217759,42.706131078224104,0.040169133192389,0.14587737843551796
2016-01-22,1906.9000244140625,0.4859694338613152,52.00845665961945,47.99154334038055,57.2938689217759,42.706131078224104,0.040169133192389,0.14587737843551796
2016-01-25,1877.0799560546875,0.46273187052272213,51.79704016913319,48.20295983086681,57.082452431289646,42.917547568710354,0.035940803382663845,0.1416490486257928
2016-01-26,1903.6300048828125,0.4834212409779153,51.79704016913319,48.20295983086681,57.71670190274841,42.28329809725159,0.035940803382663845,0.1543340380549683
2016-01-27,1882.949951171875,0.46730611836444425,52.00845665961945,47.99154334038055,57.505285412262154,42.49471458773784,0.040169133192389,0.15010570824524314
2016-01-28,1893.3599853515625,0.47541823352434665,50.95137420718816,49.04862579281184,57.082452431289646,42.917547568710354,0.019027484143763214,0.1416490486257928
2016-01-29,1940.239990234375,0.5119499097649682,50.95137420718816,49.04862579281184,56.87103594080338,43.12896405919662,0.019027484143763214,0.13742071881606766
2016-02-01,1939.3800048828125,0.5112797582469919,50.95137420718816,49.04862579281184,56.65961945031712,43.34038054968288,0.019027484143763214,0.1331923890063425
2016-02-02,1903.030029296875,0.4829537044682124,50.10570824524313,49.89429175475687,56.236786469344615,43.76321353065539,0.0021141649048625794,0.12473572938689217
2016-02-03,1912.530029296875,0.49035666709915593,50.10570824524313,49.89429175475687,56.02536997885835,43.97463002114165,0.0021141649048625794,0.12050739957716702
2016-02-04,1915.449951171875,0.4926320431545137,50.317124735729394,49.68287526427061,56.236786469344615,43.76321353065539,0.006342494714587738,0.12473572938689217
2016-02-05,1880.050048828125,0.465046342713479,48.20295983086681,51.79704016913319,56.65961945031712,43.34038054968288,-0.035940803382663845,0.1331923890063425
2016-02-08,1853.43994140625,0.44431017104510717,43.24894514767932,56.75105485232067,56.9620253164557,43.037974683544306,-0.1350210970464135,0.13924050632911392
2016-02-09,1852.2099609375,0.44335169741911273,42.616033755274266,57.383966244725734,56.9620253164557,43.037974683544306,-0.14767932489451477,0.13924050632911392
2016-02-10,1851.8599853515625,0.4430789757154878,42.19409282700422,57.80590717299579,56.9620253164557,43.037974683544306,-0.15611814345991562,0.13924050632911392
2016-02-11,1829.0799560546875,0.4253274277558494,41.139240506329116,58.86075949367089,56.75105485232067,43.24894514767932,-0.17721518987341772,0.1350210970464135
2016-02-12,1864.780029296875,0.45314703913836096,41.139240506329116,58.86075949367089,56.75105485232067,43.24894514767932,-0.17721518987341772,0.1350210970464135
2016-02-16,1895.5799560546875,0.4771481661724537,41.139240506329116,58.86075949367089,56.75105485232067,43.24894514767932,-0.17721518987341772,0.1350210970464135
2016-02-17,1926.8199462890625,0.5014922167299398,41.561181434599156,58.438818565400844,56.75105485232067,43.24894514767932,-0.16877637130801687,0.1350210970464135
2016-02-18,1917.8299560546875,0.4944866839133475,41.561181434599156,58.438818565400844,56.75105485232067,43.24894514767932,-0.16877637130801687,0.1350210970464135
2016-02-19,1917.780029296875,0.4944477780267822,41.561181434599156,58.438818565400844,56.75105485232067,43.24894514767932,-0.16877637130801687,0.1350210970464135
2016-02-22,1945.5,0.5160488208947909,41.77215189873418,58.22784810126582,56.75105485232067,43.24894514767932,-0.16455696202531644,0.1350210970464135
2016-02-23,1921.27001953125,0.49716738510967007,41.77215189873418,58.22784810126582,56.540084388185655,43.459915611814345,-0.16455696202531644,0.1308016877637131
2016-02-24,1929.800048828125,0.5038144891228931,41.77215189873418,58.22784810126582,56.75105485232067,43.24894514767932,-0.16455696202531644,0.1350210970464135
2016-02-25,1951.699951171875,0.5208801900357451,41.77215189873418,58.22784810126582,56.9620253164557,43.037974683544306,-0.16455696202531644,0.13924050632911392
2016-02-26,1948.050048828125,0.5180359699665478,41.77215189873418,58.22784810126582,56.9620253164557,43.037974683544306,-0.16455696202531644,0.13924050632911392
2016-02-29,1932.22998046875,0.5057080357682928,41.77215189873418,58.22784810126582,56.75105485232067,43.24894514767932,-0.16455696202531644,0.1350210970464135
2016-03-01,1978.3499755859373,0.5416474673884857,41.77215189873418,58.22784810126582,56.9620253164557,43.037974683544306,-0.16455696202531644,0.13924050632911392
2016-03-02,1986.449951171875,0.5479594480805123,41.983122362869196,58.016877637130804,56.9620253164557,43.037974683544306,-0.16033755274261605,0.13924050632911392
2016-03-03,1993.4000244140625,0.553375356764116,42.19409282700422,57.80590717299579,56.9620253164557,43.037974683544306,-0.15611814345991562,0.13924050632911392
2016-03-04,1999.989990234375,0.5585106484174809,42.19409282700422,57.80590717299579,56.75105485232067,43.24894514767932,-0.15611814345991562,0.1350210970464135
2016-03-07,2001.760009765625,0.5598899524644161,42.616033755274266,57.383966244725734,57.383966244725734,42.616033755274266,-0.14767932489451477,0.14767932489451477
2016-03-08,1979.260009765625,0.5423566199174445,42.616033755274266,57.383966244725734,57.383966244725734,42.616033755274266,-0.14767932489451477,0.14767932489451477
2016-03-09,1989.260009765625,0.5501492121605431,42.616033755274266,57.383966244725734,57.383966244725734,42.616033755274266,-0.14767932489451477,0.14767932489451477
2016-03-10,1989.5699462890625,0.5503907330553823,43.459915611814345,56.540084388185655,57.383966244725734,42.616033755274266,-0.1308016877637131,0.14767932489451477
2016-03-11,2022.18994140625,0.5758101651473928,43.88185654008439,56.118143459915615,57.383966244725734,42.616033755274266,-0.12236286919831224,0.14767932489451477
2016-03-14,2019.6400146484373,0.5738231112000527,43.88185654008439,56.118143459915615,57.383966244725734,42.616033755274266,-0.12236286919831224,0.14767932489451477
2016-03-15,2015.9300537109373,0.5709320899176766,43.88185654008439,56.118143459915615,57.17299578059072,42.82700421940928,-0.12236286919831224,0.14345991561181434
2016-03-16,2027.219970703125,0.5797298618755313,44.303797468354425,55.69620253164557,57.17299578059072,42.82700421940928,-0.11392405063291139,0.14345991561181434
2016-03-17,2040.5899658203125,0.5901485538995774,44.936708860759495,55.06329113924051,56.9620253164557,43.037974683544306,-0.10126582278481013,0.13924050632911392
2016-03-18,2049.580078125,0.5971541818405866,45.358649789029535,54.641350210970465,56.9620253164557,43.037974683544306,-0.09282700421940929,0.13924050632911392
2016-03-21,2051.60009765625,0.5987283006935991,45.358649789029535,54.641350210970465,56.9620253164557,43.037974683544306,-0.09282700421940929,0.13924050632911392
2016-03-22,2049.800048828125,0.5973255960400745,45.358649789029535,54.641350210970465,56.9620253164557,43.037974683544306,-0.09282700421940929,0.13924050632911392
2016-03-23,2036.7099609375,0.5871250243042785,45.358649789029535,54.641350210970465,56.9620253164557,43.037974683544306,-0.09282700421940929,0.13924050632911392
2016-03-24,2035.93994140625,0.5865249794816532,45.56962025316456,54.43037974683544,56.9620253164557,43.037974683544306,-0.08860759493670886,0.13924050632911392
2016-03-28,2037.050048828125,0.587390040930124,45.56962025316456,54.43037974683544,57.17299578059072,42.82700421940928,-0.08860759493670886,0.14345991561181434
2016-03-29,2055.010009765625,0.6013855061589153,45.9915611814346,54.008438818565395,57.59493670886076,42.405063291139236,-0.08016877637130802,0.1518987341772152
2016-03-30,2063.949951171875,0.6083520379645253,46.62447257383967,53.37552742616034,57.59493670886076,42.405063291139236,-0.06751054852320675,0.1518987341772152
2016-03-31,2059.739990234375,0.6050713870699944,46.62447257383967,53.37552742616034,57.59493670886076,42.405063291139236,-0.06751054852320675,0.1518987341772152
2016-04-01,2072.780029296875,0.6152329577948079,47.04641350210971,52.95358649789029,57.80590717299579,42.19409282700422,-0.05907172995780591,0.15611814345991562
2016-04-04,2066.1298828125,0.6100507698038471,47.257383966244724,52.742616033755276,57.383966244725734,42.616033755274266,-0.05485232067510549,0.14767932489451477
2016-04-05,2045.1700439453125,0.5937176220265432,47.257383966244724,52.742616033755276,57.17299578059072,42.82700421940928,-0.05485232067510549,0.14345991561181434
2016-04-06,2066.659912109375,0.6104638000225913,47.257383966244724,52.742616033755276,57.17299578059072,42.82700421940928,-0.05485232067510549,0.14345991561181434
2016-04-07,2041.9100341796875,0.5911772293453399,47.257383966244724,52.742616033755276,57.17299578059072,42.82700421940928,-0.05485232067510549,0.14345991561181434
2016-04-08,2047.5999755859373,0.5956111686719425,47.257383966244724,52.742616033755276,57.17299578059072,42.82700421940928,-0.05485232067510549,0.14345991561181434
2016-04-11,2041.989990234375,0.5912395358384945,47.257383966244724,52.742616033755276,57.383966244725734,42.616033755274266,-0.05485232067510549,0.14767932489451477
2016-04-12,2061.719970703125,0.6066143051142208,47.257383966244724,52.742616033755276,57.17299578059072,42.82700421940928,-0.05485232067510549,0.14345991561181434
2016-04-13,2082.419921875,0.6227449330076675,47.67932489451477,52.320675105485236,56.9620253164557,43.037974683544306,-0.046413502109704644,0.13924050632911392
2016-04-14,2082.780029296875,0.6230255500379063,47.67932489451477,52.320675105485236,56.9620253164557,43.037974683544306,-0.046413502109704644,0.13924050632911392
2016-04-15,2080.72998046875,0.6214280305783042,48.10126582278481,51.89873417721519,56.9620253164557,43.037974683544306,-0.0379746835443038,0.13924050632911392
2016-04-18,2094.340087890625,0.632033832330648,48.52320675105485,51.47679324894515,57.17299578059072,42.82700421940928,-0.029535864978902954,0.14345991561181434
2016-04-19,2100.800048828125,0.6370678164798762,48.734177215189874,51.26582278481012,57.17299578059072,42.82700421940928,-0.02531645569620253,0.14345991561181434
2016-04-20,2102.39990234375,0.6383145170894717,48.9451476793249,51.0548523206751,57.383966244725734,42.616033755274266,-0.02109704641350211,0.14767932489451477
2016-04-21,2091.47998046875,0.6298050672396351,49.15611814345991,50.84388185654009,57.17299578059072,42.82700421940928,-0.016877637130801686,0.14345991561181434
2016-04-22,2091.580078125,0.6298830692615995,49.789029535864984,50.210970464135016,56.9620253164557,43.037974683544306,-0.004219409282700422,0.13924050632911392
2016-04-25,2087.7900390625,0.6269296463616518,50.0,50.0,57.17299578059072,42.82700421940928,0.0,0.14345991561181434
2016-04-26,2091.699951171875,0.6299764814391229,50.42194092827004,49.57805907172996,57.59493670886076,42.405063291139236,0.008438818565400843,0.1518987341772152
2016-04-27,2095.14990234375,0.6326648877132253,51.0548523206751,48.9451476793249,57.80590717299579,42.19409282700422,0.02109704641350211,0.15611814345991562
2016-04-28,2075.81005859375,0.6175941360743267,51.0548523206751,48.9451476793249,58.016877637130804,41.983122362869196,0.02109704641350211,0.16033755274261605
2016-04-29,2065.300048828125,0.6094041140168771,50.84388185654009,49.15611814345991,57.80590717299579,42.19409282700422,0.016877637130801686,0.15611814345991562
2016-05-02,2081.429931640625,0.6219734739855545,50.63291139240506,49.36708860759494,58.016877637130804,41.983122362869196,0.012658227848101266,0.16033755274261605
2016-05-03,2063.3701171875,0.6079001969836326,51.0548523206751,48.9451476793249,58.22784810126582,41.77215189873418,0.02109704641350211,0.16455696202531644
2016-05-04,2051.1201171875,0.598354271485837,51.0548523206751,48.9451476793249,58.86075949367089,41.139240506329116,0.02109704641350211,0.17721518987341772
2016-05-05,2050.6298828125,0.5979722518270445,51.0548523206751,48.9451476793249,58.64978902953587,41.35021097046413,0.02109704641350211,0.1729957805907173
2016-05-06,2057.139892578125,0.603045236987255,51.26582278481012,48.734177215189874,58.016877637130804,41.983122362869196,0.02531645569620253,0.16033755274261605
2016-05-09,2058.68994140625,0.6042531268347022,51.26582278481012,48.734177215189874,58.016877637130804,41.983122362869196,0.02531645569620253,0.16033755274261605
2016-05-10,2084.389892578125,0.6242800508496984,51.68776371308017,48.31223628691983,58.22784810126582,41.77215189873418,0.03375527426160337,0.16455696202531644
2016-05-11,2064.4599609375,0.6087494677788767,51.89873417721519,48.10126582278481,58.438818565400844,41.561181434599156,0.0379746835443038,0.16877637130801687
2016-05-12,2064.110107421875,0.6084768411996688,51.68776371308017,48.31223628691983,58.22784810126582,41.77215189873418,0.03375527426160337,0.16455696202531644
2016-05-13,2046.6099853515625,0.5948397096498297,51.68776371308017,48.31223628691983,58.438818565400844,41.561181434599156,0.03375527426160337,0.16877637130801687
2016-05-16,2066.659912109375,0.6104638000225917,52.109704641350206,47.89029535864979,58.438818565400844,41.561181434599156,0.04219409282700422,0.16877637130801687
2016-05-17,2047.2099609375,0.5953072461595321,52.320675105485236,47.67932489451477,58.438818565400844,41.561181434599156,0.046413502109704644,0.16877637130801687
2016-05-18,2047.6300048828125,0.5956345692785323,52.320675105485236,47.67932489451477,58.438818565400844,41.561181434599156,0.046413502109704644,0.16877637130801687
2016-05-19,2040.0400390625,0.5897200184008573,52.320675105485236,47.67932489451477,58.22784810126582,41.77215189873418,0.046413502109704644,0.16455696202531644
2016-05-20,2052.320068359375,0.5992893445052425,52.53164556962025,47.46835443037975,58.438818565400844,41.561181434599156,0.05063291139240506,0.16877637130801687
2016-05-23,2048.0400390625,0.5959540921953361,52.53164556962025,47.46835443037975,58.438818565400844,41.561181434599156,0.05063291139240506,0.16877637130801687
2016-05-24,2076.06005859375,0.6177889508804044,53.16455696202531,46.835443037974684,58.438818565400844,41.561181434599156,0.06329113924050633,0.16877637130801687
2016-05-25,2090.5400390625,0.6290726092285042,53.37552742616034,46.62447257383967,58.438818565400844,41.561181434599156,0.06751054852320675,0.16877637130801687
2016-05-26,2090.10009765625,0.628729780829528,53.37552742616034,46.62447257383967,58.438818565400844,41.561181434599156,0.06751054852320675,0.16877637130801687
2016-05-27,2099.06005859375,0.6357119130395306,54.008438818565395,45.9915611814346,58.438818565400844,41.561181434599156,0.08016877637130802,0.16877637130801687
2016-05-31,2096.949951171875,0.6340675923667498,54.219409282700425,45.78059071729958,58.438818565400844,41.561181434599156,0.08438818565400844,0.16877637130801687
2016-06-01,2099.330078125,0.6359223282500008,54.219409282700425,45.78059071729958,58.438818565400844,41.561181434599156,0.08438818565400844,0.16877637130801687
2016-06-02,2105.260009765625,0.6405432821804846,54.43037974683544,45.56962025316456,58.438818565400844,41.561181434599156,0.08860759493670886,0.16877637130801687
2016-06-03,2099.1298828125,0.6357663242060716,54.43037974683544,45.56962025316456,58.64978902953587,41.35021097046413,0.08860759493670886,0.1729957805907173
2016-06-06,2109.409912109375,0.6437771318618368,55.06329113924051,44.936708860759495,58.64978902953587,41.35021097046413,0.10126582278481013,0.1729957805907173
2016-06-07,2112.1298828125,0.6458966941220998,55.69620253164557,44.303797468354425,58.86075949367089,41.139240506329116,0.11392405063291139,0.17721518987341772
2016-06-08,2119.1201171875,0.651343898738906,56.32911392405063,43.67088607594937,59.07172995780591,40.92827004219409,0.12658227848101267,0.18143459915611815
2016-06-09,2115.47998046875,0.6485072886230709,56.540084388185655,43.459915611814345,59.49367088607595,40.50632911392405,0.1308016877637131,0.189873417721519
2016-06-10,2096.070068359375,0.6333819355687973,56.540084388185655,43.459915611814345,59.49367088607595,40.50632911392405,0.1308016877637131,0.189873417721519
2016-06-13,2079.06005859375,0.6201267285533336,56.540084388185655,43.459915611814345,59.49367088607595,40.50632911392405,0.1308016877637131,0.189873417721519
2016-06-14,2075.320068359375,0.617212306664368,56.32911392405063,43.67088607594937,59.28270042194092,40.71729957805908,0.12658227848101267,0.18565400843881857
2016-06-15,2071.5,0.6142354831578309,56.32911392405063,43.67088607594937,59.49367088607595,40.50632911392405,0.12658227848101267,0.189873417721519
2016-06-16,2077.989990234375,0.6192928679136485,56.540084388185655,43.459915611814345,59.49367088607595,40.50632911392405,0.1308016877637131,0.189873417721519
2016-06-17,2071.219970703125,0.6140172677451641,56.540084388185655,43.459915611814345,59.49367088607595,40.50632911392405,0.1308016877637131,0.189873417721519
2016-06-20,2083.25,0.6233917790434718,56.540084388185655,43.459915611814345,59.49367088607595,40.50632911392405,0.1308016877637131,0.189873417721519
2016-06-21,2088.89990234375,0.6277945175612887,56.75105485232067,43.24894514767932,59.49367088607595,40.50632911392405,0.1350210970464135,0.189873417721519
2016-06-22,2085.449951171875,0.6251061112871863,56.75105485232067,43.24894514767932,59.49367088607595,40.50632911392405,0.1350210970464135,0.189873417721519
2016-06-23,2113.320068359375,0.6468241571881419,56.9620253164557,43.037974683544306,59.49367088607595,40.50632911392405,0.13924050632911392,0.189873417721519
2016-06-24,2037.4100341796875,0.5876705628359453,56.9620253164557,43.037974683544306,59.70464135021098,40.29535864978903,0.13924050632911392,0.1940928270042194
2016-06-27,2000.5400390625,0.5589392790406182,56.9620253164557,43.037974683544306,59.91561181434599,40.08438818565401,0.13924050632911392,0.19831223628691982
2016-06-28,2036.0899658203125,0.5866418873901829,56.75105485232067,43.24894514767932,59.91561181434599,40.08438818565401,0.1350210970464135,0.19831223628691982
2016-06-29,2070.77001953125,0.6136666391439916,56.9620253164557,43.037974683544306,59.91561181434599,40.08438818565401,0.13924050632911392,0.19831223628691982
2016-06-30,2098.860107421875,0.6355560992444353,57.383966244725734,42.616033755274266,59.70464135021098,40.29535864978903,0.14767932489451477,0.1940928270042194
2016-07-01,2102.949951171875,0.6387431477126086,57.80590717299579,42.19409282700422,59.49367088607595,40.50632911392405,0.15611814345991562,0.189873417721519
2016-07-05,2088.550048828125,0.6275218909820806,58.10526315789474,41.89473684210526,59.78947368421053,40.21052631578947,0.16210526315789472,0.1957894736842105
2016-07-06,2099.72998046875,0.6362339558401908,58.10526315789474,41.89473684210526,59.78947368421053,40.21052631578947,0.16210526315789472,0.1957894736842105
2016-07-07,2097.89990234375,0.6348078505800769,58.10526315789474,41.89473684210526,59.578947368421055,40.421052631578945,0.16210526315789472,0.19157894736842104
2016-07-08,2129.89990234375,0.659744145757992,58.73684210526315,41.26315789473684,59.578947368421055,40.421052631578945,0.17473684210526316,0.19157894736842104
2016-07-11,2137.159912109375,0.6654015753364346,58.94736842105262,41.05263157894737,59.578947368421055,40.421052631578945,0.17894736842105263,0.19157894736842104
2016-07-12,2152.139892578125,0.6770748632966896,59.578947368421055,40.421052631578945,59.578947368421055,40.421052631578945,0.19157894736842104,0.19157894736842104
2016-07-13,2152.429931640625,0.6773008789115529,60.0,40.0,59.578947368421055,40.421052631578945,0.2,0.19157894736842104
2016-07-14,2163.75,0.6861221466004139,60.8421052631579,39.1578947368421,59.36842105263158,40.63157894736842,0.2168421052631579,0.18736842105263157
2016-07-15,2161.739990234375,0.6845558279495978,61.473684210526315,38.526315789473685,59.78947368421053,40.21052631578947,0.2294736842105263,0.1957894736842105
2016-07-18,2166.889892578125,0.6885689368552601,61.473684210526315,38.526315789473685,59.578947368421055,40.421052631578945,0.2294736842105263,0.19157894736842104
2016-07-19,2163.780029296875,0.6861455472070035,61.68421052631579,38.315789473684205,59.36842105263158,40.63157894736842,0.2336842105263158,0.18736842105263157
2016-07-20,2173.02001953125,0.6933458948296731,62.10526315789474,37.89473684210527,59.78947368421053,40.21052631578947,0.24210526315789474,0.1957894736842105
2016-07-21,2165.169921875,0.6872286338193074,62.31578947368421,37.68421052631579,59.36842105263158,40.63157894736842,0.2463157894736842,0.18736842105263157
2016-07-22,2175.030029296875,0.6949122134804893,62.73684210526316,37.26315789473684,59.578947368421055,40.421052631578945,0.25473684210526315,0.19157894736842104
2016-07-25,2168.47998046875,0.6898080275114928,62.94736842105263,37.05263157894737,59.578947368421055,40.421052631578945,0.25894736842105265,0.19157894736842104
2016-07-26,2169.179931640625,0.6903534709187431,64.21052631578948,35.78947368421053,59.578947368421055,40.421052631578945,0.28421052631578947,0.19157894736842104
2016-07-27,2166.580078125,0.6883275110848379,64.42105263157895,35.578947368421055,59.578947368421055,40.421052631578945,0.28842105263157897,0.19157894736842104
2016-07-28,2170.06005859375,0.6910393179655296,64.84210526315789,35.1578947368421,59.78947368421053,40.21052631578947,0.2968421052631579,0.1957894736842105
2016-07-29,2173.60009765625,0.6937979260594,65.26315789473685,34.73684210526316,59.36842105263158,40.63157894736842,0.30526315789473685,0.18736842105263157
2016-08-01,2170.840087890625,0.6916471629903516,65.47368421052632,34.526315789473685,59.36842105263158,40.63157894736842,0.3094736842105263,0.18736842105263157
2016-08-02,2157.030029296875,0.6808855474429125,65.47368421052632,34.526315789473685,59.36842105263158,40.63157894736842,0.3094736842105263,0.18736842105263157
2016-08-03,2163.7900390625,0.6861533474092001,65.6842105263158,34.31578947368421,58.94736842105262,41.05263157894737,0.3136842105263158,0.17894736842105263
2016-08-04,2164.25,0.6865117762125694,66.10526315789474,33.89473684210526,58.73684210526315,41.26315789473684,0.32210526315789473,0.17473684210526316
2016-08-05,2182.8701171875,0.7010216742886588,66.94736842105263,33.05263157894737,58.73684210526315,41.26315789473684,0.3389473684210526,0.17473684210526316
2016-08-08,2180.889892578125,0.699478565995598,67.15789473684211,32.8421052631579,58.73684210526315,41.26315789473684,0.3431578947368421,0.17473684210526316
2016-08-09,2181.739990234375,0.700141012435795,67.15789473684211,32.8421052631579,58.73684210526315,41.26315789473684,0.3431578947368421,0.17473684210526316
2016-08-10,2175.489990234375,0.6952706422838584,67.36842105263158,32.631578947368425,58.94736842105262,41.05263157894737,0.3473684210526316,0.17894736842105263
2016-08-11,2185.7900390625,0.7032970503440166,68.0,32.0,59.15789473684211,40.8421052631579,0.36,0.1831578947368421
2016-08-12,2184.050048828125,0.7019411469036709,68.0,32.0,59.15789473684211,40.8421052631579,0.36,0.1831578947368421
2016-08-15,2190.14990234375,0.7066945140226606,68.0,32.0,59.15789473684211,40.8421052631579,0.36,0.1831578947368421
2016-08-16,2178.14990234375,0.6973434033309425,68.0,32.0,59.15789473684211,40.8421052631579,0.36,0.1831578947368421
2016-08-17,2182.219970703125,0.700515041643557,68.0,32.0,59.78947368421053,40.21052631578947,0.36,0.1957894736842105
2016-08-18,2187.02001953125,0.704255523970011,69.05263157894737,30.94736842105263,59.578947368421055,40.421052631578945,0.38105263157894737,0.19157894736842104
2016-08-19,2183.8701171875,0.7018009335129685,69.89473684210526,30.105263157894736,59.78947368421053,40.21052631578947,0.39789473684210525,0.1957894736842105
2016-08-22,2182.639892578125,0.70084226963814,70.10526315789474,29.894736842105264,59.78947368421053,40.21052631578947,0.40210526315789474,0.1957894736842105
2016-08-23,2186.89990234375,0.7041619215436534,70.73684210526315,29.263157894736842,59.78947368421053,40.21052631578947,0.4147368421052632,0.1957894736842105
2016-08-24,2175.43994140625,0.6952316412728761,70.73684210526315,29.263157894736842,59.578947368421055,40.421052631578945,0.4147368421052632,0.19157894736842104
2016-08-25,2172.469970703125,0.692917264206536,70.73684210526315,29.263157894736842,59.578947368421055,40.421052631578945,0.4147368421052632,0.19157894736842104
2016-08-26,2169.0400390625,0.6902444583368266,71.15789473684211,28.842105263157897,59.578947368421055,40.421052631578945,0.4231578947368421,0.19157894736842104
2016-08-29,2180.3798828125,0.6990811361812466,71.57894736842105,28.421052631578945,59.78947368421053,40.21052631578947,0.43157894736842106,0.1957894736842105
2016-08-30,2176.1201171875,0.6957616745245674,71.78947368421052,28.210526315789476,60.0,40.0,0.4357894736842105,0.2
2016-08-31,2170.949951171875,0.6917327749656781,71.78947368421052,28.210526315789476,60.21052631578947,39.78947368421053,0.4357894736842105,0.20421052631578948
2016-09-01,2170.860107421875,0.6916627633947441,72.0,28.000000000000004,60.21052631578947,39.78947368421053,0.44,0.20421052631578948
2016-09-02,2179.97998046875,0.6987695085910561,72.0,28.000000000000004,60.21052631578947,39.78947368421053,0.44,0.20421052631578948
2016-09-06,2186.47998046875,0.70383469354907,72.0,28.000000000000004,60.631578947368425,39.36842105263158,0.44,0.21263157894736842
2016-09-07,2186.159912109375,0.7035852773276172,72.0,28.000000000000004,60.631578947368425,39.36842105263158,0.44,0.21263157894736842
2016-09-08,2181.300048828125,0.6997981840368186,71.78947368421052,28.210526315789476,60.421052631578945,39.578947368421055,0.4357894736842105,0.20842105263157895
2016-09-09,2127.81005859375,0.6581156157384387,71.57894736842105,28.421052631578945,60.421052631578945,39.578947368421055,0.43157894736842106,0.20842105263157895
2016-09-12,2159.0400390625,0.6824518660937282,71.57894736842105,28.421052631578945,60.631578947368425,39.36842105263158,0.43157894736842106,0.21263157894736842
2016-09-13,2127.02001953125,0.6574999705114206,71.57894736842105,28.421052631578945,60.421052631578945,39.578947368421055,0.43157894736842106,0.20842105263157895
2016-09-14,2125.77001953125,0.6565258964810334,71.57894736842105,28.421052631578945,60.8421052631579,39.1578947368421,0.43157894736842106,0.2168421052631579
2016-09-15,2147.260009765625,0.6732721696014983,71.78947368421052,28.210526315789476,60.8421052631579,39.1578947368421,0.4357894736842105,0.2168421052631579
2016-09-16,2139.159912109375,0.666960093785055,71.78947368421052,28.210526315789476,60.8421052631579,39.1578947368421,0.4357894736842105,0.2168421052631579
2016-09-19,2139.1201171875,0.6669290832251034,71.78947368421052,28.210526315789476,61.05263157894737,38.94736842105263,0.4357894736842105,0.22105263157894736
2016-09-20,2139.760009765625,0.6674277254191747,71.78947368421052,28.210526315789476,61.05263157894737,38.94736842105263,0.4357894736842105,0.22105263157894736
2016-09-21,2163.1201171875,0.6856313046085396,72.26890756302521,27.73109243697479,61.05263157894737,38.94736842105263,0.44537815126050423,0.22105263157894736
2016-09-22,2177.179931640625,0.6965875447132224,72.47899159663865,27.521008403361346,61.68421052631579,38.315789473684205,0.4495798319327731,0.2336842105263158
2016-09-23,2164.68994140625,0.6868546046115456,72.53668763102725,27.463312368972748,61.68421052631579,38.315789473684205,0.45073375262054505,0.2336842105263158
2016-09-26,2146.10009765625,0.6723682973908796,72.53668763102725,27.463312368972748,61.68421052631579,38.315789473684205,0.45073375262054505,0.2336842105263158
2016-09-27,2159.929931640625,0.6831453230938778,72.95597484276729,27.044025157232703,61.89473684210526,38.10526315789474,0.4591194968553459,0.23789473684210527
2016-09-28,2171.3701171875,0.6920601932090962,73.16561844863732,26.834381551362686,61.89473684210526,38.10526315789474,0.46331236897274636,0.23789473684210527
2016-09-29,2151.1298828125,0.6762878038701843,73.37526205450735,26.62473794549266,61.89473684210526,38.10526315789474,0.46750524109014674,0.23789473684210527
2016-09-30,2168.27001953125,0.6896444135142021,73.58490566037736,26.41509433962264,62.10526315789474,37.89473684210527,0.4716981132075472,0.24210526315789474
2016-10-03,2161.199951171875,0.6841349975286579,73.58490566037736,26.41509433962264,62.10526315789474,37.89473684210527,0.4716981132075472,0.24210526315789474
2016-10-04,2150.489990234375,0.6757891616761131,73.79454926624737,26.20545073375262,61.97478991596639,38.02521008403361,0.4758909853249476,0.23949579831932774
2016-10-05,2159.72998046875,0.6829895092987825,73.79454926624737,26.20545073375262,61.34453781512605,38.655462184873954,0.4758909853249476,0.226890756302521
2016-10-06,2160.77001953125,0.6837999693318781,74.0041928721174,25.995807127882596,61.5546218487395,38.445378151260506,0.480083857442348,0.23109243697478993
2016-10-07,2153.739990234375,0.6783217541551199,74.0041928721174,25.995807127882596,62.18487394957983,37.81512605042017,0.480083857442348,0.24369747899159663
2016-10-10,2163.659912109375,0.6860519447806468,74.0041928721174,25.995807127882596,61.97478991596639,38.02521008403361,0.480083857442348,0.23949579831932774
2016-10-11,2136.72998046875,0.6650665471396564,74.0041928721174,25.995807127882596,62.18487394957983,37.81512605042017,0.480083857442348,0.24369747899159663
2016-10-12,2139.179931640625,0.6669756941894485,74.0041928721174,25.995807127882596,62.18487394957983,37.81512605042017,0.480083857442348,0.24369747899159663
2016-10-13,2132.550048828125,0.6618092968517146,74.0041928721174,25.995807127882596,62.18487394957983,37.81512605042017,0.480083857442348,0.24369747899159663
2016-10-14,2132.97998046875,0.6621443250484944,73.79454926624737,26.20545073375262,62.18487394957983,37.81512605042017,0.4758909853249476,0.24369747899159663
2016-10-17,2126.5,0.6570947404948735,73.79454926624737,26.20545073375262,62.18487394957983,37.81512605042017,0.4758909853249476,0.24369747899159663
2016-10-18,2139.60009765625,0.6673031124328657,74.0041928721174,25.995807127882596,61.76470588235294,38.23529411764706,0.480083857442348,0.23529411764705882
2016-10-19,2144.2900390625,0.6709577925351589,74.0041928721174,25.995807127882596,61.97478991596639,38.02521008403361,0.480083857442348,0.23949579831932774
2016-10-20,2141.340087890625,0.6686590158732115,73.79454926624737,26.20545073375262,61.97478991596639,38.02521008403361,0.4758909853249476,0.23949579831932774
2016-10-21,2141.159912109375,0.6685186122336753,73.84937238493724,26.15062761506276,62.34309623430963,37.65690376569037,0.4769874476987448,0.24686192468619247
2016-10-24,2151.330078125,0.6764438079141133,73.64016736401673,26.359832635983267,62.13389121338913,37.86610878661088,0.47280334728033474,0.24267782426778242
2016-10-25,2143.159912109375,0.6700771306822948,74.05857740585773,25.94142259414226,61.92468619246861,38.07531380753138,0.4811715481171548,0.2384937238493724
2016-10-26,2139.429931640625,0.667170508995526,74.89539748953975,25.10460251046025,62.55230125523013,37.44769874476987,0.497907949790795,0.2510460251046025
2016-10-27,2133.0400390625,0.6621911262616731,75.10460251046025,24.89539748953975,62.34309623430963,37.65690376569037,0.502092050209205,0.24686192468619247
2016-10-28,2126.409912109375,0.6570245386751052,75.10460251046025,24.89539748953975,62.34309623430963,37.65690376569037,0.502092050209205,0.24686192468619247
2016-10-31,2126.14990234375,0.6568219236668313,75.10460251046025,24.89539748953975,62.63048016701461,37.36951983298539,0.502092050209205,0.25260960334029225
2016-11-01,2111.719970703125,0.6455772663297139,75.10460251046025,24.89539748953975,63.04801670146137,36.95198329853862,0.502092050209205,0.2609603340292276
2016-11-02,2097.93994140625,0.6348390513888642,74.68619246861925,25.313807531380757,62.839248434237994,37.160751565762006,0.49372384937238495,0.2567849686847599
2016-11-03,2088.659912109375,0.6276075029574089,74.47698744769873,25.523012552301257,63.25678496868476,36.74321503131524,0.4895397489539749,0.2651356993736952
2016-11-04,2085.179931640625,0.6248956960767171,74.47698744769873,25.523012552301257,63.04801670146137,36.95198329853862,0.4895397489539749,0.2609603340292276
2016-11-07,2131.52001953125,0.6610066370208152,74.89539748953975,25.10460251046025,63.25678496868476,36.74321503131524,0.497907949790795,0.2651356993736952
2016-11-08,2139.56005859375,0.66727191162408,75.15657620041753,24.843423799582464,63.04801670146137,36.95198329853862,0.5031315240083507,0.2609603340292276
2016-11-09,2163.260009765625,0.6857403171904561,76.40918580375782,23.59081419624217,63.67432150313152,36.32567849686848,0.5281837160751566,0.27348643006263046
2016-11-10,2167.47998046875,0.6890287682871838,77.8705636743215,22.129436325678498,63.465553235908146,36.53444676409186,0.55741127348643,0.26931106471816285
2016-11-11,2164.449951171875,0.6866675900076646,78.28810020876827,21.711899791231733,63.465553235908146,36.53444676409186,0.5657620041753654,0.26931106471816285
2016-11-14,2164.199951171875,0.6864727752015873,79.74947807933194,20.250521920668056,64.92693110647181,35.07306889352819,0.5949895615866388,0.2985386221294363
2016-11-15,2180.389892578125,0.6990889363834434,80.1670146137787,19.832985386221296,65.34446764091858,34.65553235908142,0.6033402922755741,0.3068893528183716
2016-11-16,2176.93994140625,0.6964005301093412,80.1670146137787,19.832985386221296,65.34446764091858,34.65553235908142,0.6033402922755741,0.3068893528183716
2016-11-17,2187.1201171875,0.7043335259919761,80.58455114822547,19.41544885177453,65.34446764091858,34.65553235908142,0.6116910229645094,0.3068893528183716
2016-11-18,2181.89990234375,0.7002656254221047,80.58455114822547,19.41544885177453,65.34446764091858,34.65553235908142,0.6116910229645094,0.3068893528183716
2016-11-21,2198.179931640625,0.7129519884237292,80.58455114822547,19.41544885177453,65.1356993736952,34.864300626304804,0.6116910229645094,0.302713987473904
2016-11-22,2202.93994140625,0.7166612699413972,80.58455114822547,19.41544885177453,65.1356993736952,34.864300626304804,0.6116910229645094,0.302713987473904
2016-11-23,2204.719970703125,0.7180483741905288,80.58455114822547,19.41544885177453,64.92693110647181,35.07306889352819,0.6116910229645094,0.2985386221294363
2016-11-25,2213.35009765625,0.7247734802257164,80.58455114822547,19.41544885177453,64.92693110647181,35.07306889352819,0.6116910229645094,0.2985386221294363
2016-11-28,2201.719970703125,0.7157105965175994,80.58455114822547,19.41544885177453,64.50939457202504,35.49060542797495,0.6116910229645094,0.29018789144050106
2016-11-29,2204.659912109375,0.7180015729773501,80.79331941544885,19.206680584551147,64.50939457202504,35.49060542797495,0.615866388308977,0.29018789144050106
2016-11-30,2198.81005859375,0.713443020664438,81.21085594989562,18.789144050104383,64.09185803757829,35.908141962421716,0.6242171189979123,0.2818371607515658
2016-12-01,2191.080078125,0.7074193620804299,81.62839248434238,18.37160751565762,64.09185803757829,35.908141962421716,0.6325678496868476,0.2818371607515658
2016-12-02,2191.949951171875,0.7080972186761854,81.62839248434238,18.37160751565762,64.09185803757829,35.908141962421716,0.6325678496868476,0.2818371607515658
2016-12-05,2204.7099609375,0.7180405739883322,82.04592901878914,17.954070981210858,64.30062630480167,35.699373695198325,0.6409185803757829,0.2860125260960334
2016-12-06,2212.22998046875,0.7239006185750492,82.25469728601253,17.745302713987474,64.30062630480167,35.699373695198325,0.6450939457202505,0.2860125260960334
2016-12-07,2241.35009765625,0.746592738506392,83.7160751565762,16.2839248434238,64.71816283924844,35.281837160751564,0.6743215031315241,0.29436325678496866
2016-12-08,2246.18994140625,0.7503642313927981,84.55114822546973,15.44885177453027,65.1356993736952,34.864300626304804,0.6910229645093946,0.302713987473904
2016-12-09,2259.530029296875,0.7607596179346714,84.75991649269311,15.24008350730689,65.34446764091858,34.65553235908142,0.6951983298538622,0.3068893528183716
2016-12-12,2256.9599609375,0.7587568684585215,84.96868475991648,15.031315240083506,65.1356993736952,34.864300626304804,0.6993736951983298,0.302713987473904
2016-12-13,2271.719970703125,0.7702587422192879,84.96868475991648,15.031315240083506,65.1356993736952,34.864300626304804,0.6993736951983298,0.302713987473904
2016-12-14,2253.280029296875,0.7558892477827346,84.96868475991648,15.031315240083506,65.1356993736952,34.864300626304804,0.6993736951983298,0.302713987473904
2016-12-15,2262.030029296875,0.7627077659954455,84.96868475991648,15.031315240083506,64.92693110647181,35.07306889352819,0.6993736951983298,0.2985386221294363
2016-12-16,2258.070068359375,0.7596219299069922,85.17745302713988,14.822546972860126,64.92693110647181,35.07306889352819,0.7035490605427975,0.2985386221294363
2016-12-19,2262.530029296875,0.7630973956076006,85.17745302713988,14.822546972860126,64.92693110647181,35.07306889352819,0.7035490605427975,0.2985386221294363
2016-12-20,2270.760009765625,0.7695106838037638,85.17745302713988,14.822546972860126,64.50939457202504,35.49060542797495,0.7035490605427975,0.29018789144050106
2016-12-21,2265.179931640625,0.7651623564524881,85.17745302713988,14.822546972860126,64.50939457202504,35.49060542797495,0.7035490605427975,0.29018789144050106
2016-12-22,2260.9599609375,0.7618739053557606,85.17745302713988,14.822546972860126,64.30062630480167,35.699373695198325,0.7035490605427975,0.2860125260960334
2016-12-23,2263.7900390625,0.7640792698401844,85.38622129436325,14.613778705636744,63.67432150313152,36.32567849686848,0.7077244258872651,0.27348643006263046
2016-12-27,2268.8798828125,0.7680455775326676,85.80375782881002,14.19624217118998,63.67432150313152,36.32567849686848,0.7160751565762005,0.27348643006263046
2016-12-28,2249.919921875,0.7532708530795664,85.80375782881002,14.19624217118998,63.67432150313152,36.32567849686848,0.7160751565762005,0.27348643006263046
2016-12-29,2249.260009765625,0.7527566104811023,85.80375782881002,14.19624217118998,63.67432150313152,36.32567849686848,0.7160751565762005,0.27348643006263046
2016-12-30,2238.830078125,0.7446289900412242,85.80375782881002,14.19624217118998,63.67432150313152,36.32567849686848,0.7160751565762005,0.27348643006263046
2017-01-03,2257.830078125,0.7594349153031112,85.80375782881002,14.19624217118998,63.465553235908146,36.53444676409186,0.7160751565762005,0.26931106471816285
2017-01-04,2270.75,0.7695028836015674,85.80375782881002,14.19624217118998,63.67432150313152,36.32567849686848,0.7160751565762005,0.27348643006263046
2017-01-05,2269.0,0.7681391799590254,86.0125260960334,13.987473903966595,63.67432150313152,36.32567849686848,0.7202505219206681,0.27348643006263046
2017-01-06,2276.97998046875,0.774357653349111,86.43006263048017,13.569937369519833,63.88308977035491,36.11691022964509,0.7286012526096033,0.2776617954070981
2017-01-09,2268.89990234375,0.7680611779370605,86.43006263048017,13.569937369519833,64.09185803757829,35.908141962421716,0.7286012526096033,0.2818371607515658
2017-01-10,2268.89990234375,0.7680611779370605,86.43006263048017,13.569937369519833,63.88308977035491,36.11691022964509,0.7286012526096033,0.2776617954070981
2017-01-11,2275.320068359375,0.7730641515263368,86.43006263048017,13.569937369519833,63.88308977035491,36.11691022964509,0.7286012526096033,0.2776617954070981
2017-01-12,2270.43994140625,0.7692612675823112,86.43006263048017,13.569937369519833,63.88308977035491,36.11691022964509,0.7286012526096033,0.2776617954070981
2017-01-13,2274.639892578125,0.7725341182746455,86.63883089770354,13.361169102296449,63.88308977035491,36.11691022964509,0.732776617954071,0.2776617954070981
2017-01-17,2267.889892578125,0.7672741185105538,86.63883089770354,13.361169102296449,63.88308977035491,36.11691022964509,0.732776617954071,0.2776617954070981
2017-01-18,2271.889892578125,0.7703911554077931,86.63883089770354,13.361169102296449,63.88308977035491,36.11691022964509,0.732776617954071,0.2776617954070981
2017-01-19,2263.68994140625,0.7640012678182191,86.43006263048017,13.569937369519833,63.88308977035491,36.11691022964509,0.7286012526096033,0.2776617954070981
2017-01-20,2271.31005859375,0.7699393144269004,86.43006263048017,13.569937369519833,64.09185803757829,35.908141962421716,0.7286012526096033,0.2818371607515658
2017-01-23,2265.199951171875,0.7651779568568804,86.43006263048017,13.569937369519833,64.09185803757829,35.908141962421716,0.7286012526096033,0.2818371607515658
2017-01-24,2280.070068359375,0.776765632841808,86.84759916492693,13.152400835073069,63.67432150313152,36.32567849686848,0.7369519832985386,0.27348643006263046
2017-01-25,2298.3701171875,0.7910261146964446,87.47390396659708,12.526096033402922,63.25678496868476,36.74321503131524,0.7494780793319415,0.2651356993736952
2017-01-26,2296.679931640625,0.7897090220182472,87.68267223382045,12.31732776617954,63.25678496868476,36.74321503131524,0.7536534446764092,0.2651356993736952
2017-01-27,2294.68994140625,0.7881583037718238,87.68267223382045,12.31732776617954,62.839248434237994,37.160751565762006,0.7536534446764092,0.2567849686847599
2017-01-30,2280.89990234375,0.7774122886287778,87.68267223382045,12.31732776617954,62.839248434237994,37.160751565762006,0.7536534446764092,0.2567849686847599
2017-01-31,2278.8701171875,0.7758305598224027,87.68267223382045,12.31732776617954,62.63048016701461,37.36951983298539,0.7536534446764092,0.25260960334029225
2017-02-01,2279.550048828125,0.7763604028252598,87.68267223382045,12.31732776617954,62.839248434237994,37.160751565762006,0.7536534446764092,0.2567849686847599
2017-02-02,2280.85009765625,0.7773734778666295,87.68267223382045,12.31732776617954,62.421711899791234,37.578288100208766,0.7536534446764092,0.24843423799582465
2017-02-03,2297.419921875,0.7902856662342828,87.89144050104383,12.10855949895616,62.421711899791234,37.578288100208766,0.7578288100208769,0.24843423799582465
2017-02-06,2292.56005859375,0.7864985729434841,87.89144050104383,12.10855949895616,62.00417536534447,37.995824634655534,0.7578288100208769,0.24008350730688935
2017-02-07,2293.080078125,0.7869038029600317,87.68267223382045,12.31732776617954,62.21294363256785,37.78705636743215,0.7536534446764092,0.24425887265135698
2017-02-08,2294.669921875,0.7881427033674306,87.89144050104383,12.10855949895616,62.21294363256785,37.78705636743215,0.7578288100208769,0.24425887265135698
2017-02-09,2307.8701171875,0.7984290773273879,88.10020876826722,11.899791231732777,62.00417536534447,37.995824634655534,0.7620041753653445,0.24008350730688935
2017-02-10,2316.10009765625,0.804842365523551,88.30897703549061,11.691022964509393,62.21294363256785,37.78705636743215,0.7661795407098121,0.24425887265135698
2017-02-13,2328.25,0.8143102889993818,88.30897703549061,11.691022964509393,62.21294363256785,37.78705636743215,0.7661795407098121,0.24425887265135698
2017-02-14,2337.580078125,0.8215808384418193,88.30897703549061,11.691022964509393,62.421711899791234,37.578288100208766,0.7661795407098121,0.24843423799582465
2017-02-15,2349.25,0.830674732709888,88.51774530271399,11.482254697286013,62.21294363256785,37.78705636743215,0.7703549060542797,0.24425887265135698
2017-02-16,2347.219970703125,0.8290928136546789,88.51774530271399,11.482254697286013,62.21294363256785,37.78705636743215,0.7703549060542797,0.24425887265135698
2017-02-17,2351.159912109375,0.8321630493387393,88.72651356993737,11.273486430062631,62.421711899791234,37.578288100208766,0.7745302713987474,0.24843423799582465
2017-02-21,2365.3798828125,0.8432440926785651,88.93528183716074,11.064718162839249,62.421711899791234,37.578288100208766,0.778705636743215,0.24843423799582465
2017-02-22,2362.820068359375,0.8412493336534459,88.93528183716074,11.064718162839249,61.5866388308977,38.413361169102295,0.778705636743215,0.23173277661795408
2017-02-23,2363.81005859375,0.8420207926755594,89.14405010438414,10.855949895615867,61.16910229645094,38.83089770354906,0.7828810020876826,0.22338204592901878
2017-02-24,2367.340087890625,0.8447716005672334,89.35281837160751,10.647181628392484,61.16910229645094,38.83089770354906,0.7870563674321504,0.22338204592901878
2017-02-27,2369.75,0.8466495468082398,89.35281837160751,10.647181628392484,61.16910229645094,38.83089770354906,0.7870563674321504,0.22338204592901878
2017-02-28,2363.639892578125,0.8418881892382195,89.56158663883089,10.438413361169102,61.16910229645094,38.83089770354906,0.791231732776618,0.22338204592901878
2017-03-01,2395.9599609375,0.8670739006375872,89.77035490605428,10.22964509394572,61.37787056367432,38.62212943632568,0.7954070981210856,0.22755741127348644
2017-03-02,2381.919921875,0.8561330706884636,89.77035490605428,10.22964509394572,61.16910229645094,38.83089770354906,0.7954070981210856,0.22338204592901878
2017-03-03,2383.1201171875,0.8570683339567025,89.77035490605428,10.22964509394572,60.96033402922756,39.03966597077244,0.7954070981210856,0.21920668058455114
2017-03-06,2375.31005859375,0.8509822737551225,89.77035490605428,10.22964509394572,60.96033402922756,39.03966597077244,0.7954070981210856,0.21920668058455114
2017-03-07,2368.389892578125,0.8455896705536912,89.56158663883089,10.438413361169102,60.96033402922756,39.03966597077244,0.791231732776618,0.21920668058455114
2017-03-08,2362.97998046875,0.8413739466397552,89.14405010438414,10.855949895615867,60.75156576200418,39.24843423799583,0.7828810020876826,0.2150313152400835
2017-03-09,2364.8701171875,0.8428468531130477,88.93528183716074,11.064718162839249,60.5427974947808,39.45720250521921,0.778705636743215,0.21085594989561587
2017-03-10,2372.60009765625,0.8488705116970561,88.93528183716074,11.064718162839249,60.5427974947808,39.45720250521921,0.778705636743215,0.21085594989561587
2017-03-13,2373.469970703125,0.8495483682928118,88.93528183716074,11.064718162839249,60.5427974947808,39.45720250521921,0.778705636743215,0.21085594989561587
2017-03-14,2365.449951171875,0.8432986940939402,88.93528183716074,11.064718162839249,60.5427974947808,39.45720250521921,0.778705636743215,0.21085594989561587
2017-03-15,2385.260009765625,0.8587358649872381,89.14405010438414,10.855949895615867,60.33402922755741,39.66597077244259,0.7828810020876826,0.20668058455114824
2017-03-16,2381.3798828125,0.8557122402675224,89.14405010438414,10.855949895615867,60.5427974947808,39.45720250521921,0.7828810020876826,0.21085594989561587
2017-03-17,2378.25,0.853273250214873,89.14405010438414,10.855949895615867,60.75156576200418,39.24843423799583,0.7828810020876826,0.2150313152400835
2017-03-20,2373.469970703125,0.8495483682928118,89.14405010438414,10.855949895615867,60.96033402922756,39.03966597077244,0.7828810020876826,0.21920668058455114
2017-03-21,2344.02001953125,0.826599222186654,88.93528183716074,11.064718162839249,61.16910229645094,38.83089770354906,0.778705636743215,0.22338204592901878
2017-03-22,2348.449951171875,0.8300512872806731,89.14405010438414,10.855949895615867,60.96033402922756,39.03966597077244,0.7828810020876826,0.21920668058455114
2017-03-23,2345.9599609375,0.8281109394220949,89.14405010438414,10.855949895615867,61.16910229645094,38.83089770354906,0.7828810020876826,0.22338204592901878
2017-03-24,2343.97998046875,0.8265680213778679,88.93528183716074,11.064718162839249,61.37787056367432,38.62212943632568,0.778705636743215,0.22755741127348644
2017-03-27,2341.590087890625,0.8247056755412545,88.72651356993737,11.273486430062631,61.5866388308977,38.413361169102295,0.7745302713987474,0.23173277661795408
2017-03-28,2358.570068359375,0.8379374819501288,88.93528183716074,11.064718162839249,61.37787056367432,38.62212943632568,0.778705636743215,0.22755741127348644
2017-03-29,2361.1298828125,0.8399322409752481,89.14405010438414,10.855949895615867,61.37787056367432,38.62212943632568,0.7828810020876826,0.22755741127348644
2017-03-30,2368.06005859375,0.8453326443788758,88.93528183716074,11.064718162839249,60.96033402922756,39.03966597077244,0.778705636743215,0.21920668058455114
2017-03-31,2362.719970703125,0.8411713316314808,88.93528183716074,11.064718162839249,60.96033402922756,39.03966597077244,0.778705636743215,0.21920668058455114
2017-04-03,2358.840087890625,0.8381478971605991,88.93528183716074,11.064718162839249,60.96033402922756,39.03966597077244,0.778705636743215,0.21920668058455114
2017-04-04,2360.159912109375,0.8391763823575276,88.93528183716074,11.064718162839249,61.37787056367432,38.62212943632568,0.778705636743215,0.22755741127348644
2017-04-05,2352.949951171875,0.8335579537900673,88.93528183716074,11.064718162839249,61.16910229645094,38.83089770354906,0.778705636743215,0.22338204592901878
2017-04-06,2357.489990234375,0.8370958211082471,88.93528183716074,11.064718162839249,60.96033402922756,39.03966597077244,0.778705636743215,0.21920668058455114
2017-04-07,2355.5400390625,0.8355763036706099,88.93528183716074,11.064718162839249,60.75156576200418,39.24843423799583,0.778705636743215,0.2150313152400835
2017-04-10,2357.159912109375,0.8368386046845981,88.93528183716074,11.064718162839249,60.75156576200418,39.24843423799583,0.778705636743215,0.2150313152400835
2017-04-11,2353.780029296875,0.8342047998258715,88.93528183716074,11.064718162839249,60.75156576200418,39.24843423799583,0.778705636743215,0.2150313152400835
2017-04-12,2344.929931640625,0.8273082795911959,88.93528183716074,11.064718162839249,60.75156576200418,39.24843423799583,0.778705636743215,0.2150313152400835
2017-04-13,2328.949951171875,0.8148557324066315,88.72651356993737,11.273486430062631,60.5427974947808,39.45720250521921,0.7745302713987474,0.21085594989561587
2017-04-17,2349.010009765625,0.8304877181060071,88.93528183716074,11.064718162839249,60.5427974947808,39.45720250521921,0.778705636743215,0.21085594989561587
2017-04-18,2342.18994140625,0.8251731169265404,88.72651356993737,11.273486430062631,60.5427974947808,39.45720250521921,0.7745302713987474,0.21085594989561587
2017-04-19,2338.169921875,0.8220404796249081,88.51774530271399,11.482254697286013,60.5427974947808,39.45720250521921,0.7703549060542797,0.21085594989561587
2017-04-20,2355.840087890625,0.8358101194876701,88.72651356993737,11.273486430062631,60.5427974947808,39.45720250521921,0.7745302713987474,0.21085594989561587
2017-04-21,2348.68994140625,0.8302383018845543,88.72651356993737,11.273486430062631,60.5427974947808,39.45720250521921,0.7745302713987474,0.21085594989561587
2017-04-24,2374.14990234375,0.8500782112956695,88.72651356993737,11.273486430062631,60.75156576200418,39.24843423799583,0.7745302713987474,0.2150313152400835
2017-04-25,2388.610107421875,0.8613464594882105,88.72651356993737,11.273486430062631,60.5427974947808,39.45720250521921,0.7745302713987474,0.21085594989561587
2017-04-26,2387.449951171875,0.8604423970287574,88.93528183716074,11.064718162839249,60.5427974947808,39.45720250521921,0.778705636743215,0.21085594989561587
2017-04-27,2388.77001953125,0.8614710724745198,89.14405010438414,10.855949895615867,60.5427974947808,39.45720250521921,0.7828810020876826,0.21085594989561587
2017-04-28,2384.199951171875,0.8579098045497504,89.14405010438414,10.855949895615867,60.5427974947808,39.45720250521921,0.7828810020876826,0.21085594989561587
2017-05-01,2388.330078125,0.8611282440755437,88.93528183716074,11.064718162839249,60.5427974947808,39.45720250521921,0.778705636743215,0.21085594989561587
2017-05-02,2391.169921875,0.86334121851333,89.14405010438414,10.855949895615867,60.125260960334025,39.87473903966597,0.7828810020876826,0.20250521920668058
2017-05-03,2388.1298828125,0.8609722400316147,88.93528183716074,11.064718162839249,60.125260960334025,39.87473903966597,0.778705636743215,0.20250521920668058
2017-05-04,2389.52001953125,0.8620555168927524,88.72651356993737,11.273486430062631,59.91649269311065,40.08350730688935,0.7745302713987474,0.19832985386221294
2017-05-05,2399.2900390625,0.869668894734166,89.14405010438414,10.855949895615867,59.91649269311065,40.08350730688935,0.7828810020876826,0.19832985386221294
2017-05-08,2399.3798828125,0.8697389063051,89.14405010438414,10.855949895615867,60.125260960334025,39.87473903966597,0.7828810020876826,0.20250521920668058
2017-05-09,2396.919921875,0.8678219590531111,89.14405010438414,10.855949895615867,60.125260960334025,39.87473903966597,0.7828810020876826,0.20250521920668058
2017-05-10,2399.6298828125,0.8699337211111773,89.35281837160751,10.647181628392484,60.125260960334025,39.87473903966597,0.7870563674321504,0.20250521920668058
2017-05-11,2394.43994140625,0.8658894113967295,89.56158663883089,10.438413361169102,59.707724425887264,40.292275574112736,0.791231732776618,0.1941544885177453
2017-05-12,2390.89990234375,0.8631308033028591,89.35281837160751,10.647181628392484,59.49895615866389,40.50104384133611,0.7870563674321504,0.18997912317327767
2017-05-15,2402.320068359375,0.8720300730136847,89.56158663883089,10.438413361169102,59.707724425887264,40.292275574112736,0.791231732776618,0.1941544885177453
2017-05-16,2400.669921875,0.8707441811442729,89.56158663883089,10.438413361169102,60.125260960334025,39.87473903966597,0.791231732776618,0.20250521920668058
2017-05-17,2357.030029296875,0.8367373923048786,89.35281837160751,10.647181628392484,60.125260960334025,39.87473903966597,0.7870563674321504,0.20250521920668058
2017-05-18,2365.719970703125,0.8435091093044109,89.35281837160751,10.647181628392484,60.33402922755741,39.66597077244259,0.7870563674321504,0.20668058455114824
2017-05-19,2381.72998046875,0.8559850570955652,89.35281837160751,10.647181628392484,60.125260960334025,39.87473903966597,0.7870563674321504,0.20250521920668058
2017-05-22,2394.02001953125,0.8655621834021465,89.35281837160751,10.647181628392484,60.5427974947808,39.45720250521921,0.7870563674321504,0.21085594989561587
2017-05-23,2398.419921875,0.868990847889576,89.35281837160751,10.647181628392484,60.5427974947808,39.45720250521921,0.7870563674321504,0.21085594989561587
2017-05-24,2404.389892578125,0.8736430026288458,89.35281837160751,10.647181628392484,60.5427974947808,39.45720250521921,0.7870563674321504,0.21085594989561587
2017-05-25,2415.070068359375,0.8819656281236354,89.14405010438414,10.855949895615867,60.33402922755741,39.66597077244259,0.7828810020876826,0.20668058455114824
2017-05-26,2415.820068359375,0.8825500725418678,89.14405010438414,10.855949895615867,60.33402922755741,39.66597077244259,0.7828810020876826,0.20668058455114824
2017-05-30,2412.909912109375,0.8802823064398722,89.14405010438414,10.855949895615867,60.125260960334025,39.87473903966597,0.7828810020876826,0.20250521920668058
2017-05-31,2411.800048828125,0.8794174352402353,89.35281837160751,10.647181628392484,60.33402922755741,39.66597077244259,0.7870563674321504,0.20668058455114824
2017-06-01,2430.06005859375,0.8936467162860864,89.35281837160751,10.647181628392484,60.33402922755741,39.66597077244259,0.7870563674321504,0.20668058455114824
2017-06-02,2439.070068359375,0.9006678495070712,89.35281837160751,10.647181628392484,60.5427974947808,39.45720250521921,0.7870563674321504,0.21085594989561587
2017-06-05,2436.10009765625,0.8983534724407309,89.35281837160751,10.647181628392484,60.75156576200418,39.24843423799583,0.7870563674321504,0.2150313152400835
2017-06-06,2429.330078125,0.8930778722722466,89.35281837160751,10.647181628392484,60.33402922755741,39.66597077244259,0.7870563674321504,0.20668058455114824
2017-06-07,2433.139892578125,0.8960467053277532,88.72651356993737,11.273486430062631,60.33402922755741,39.66597077244259,0.7745302713987474,0.20668058455114824
2017-06-08,2433.7900390625,0.8965533379728552,88.72651356993737,11.273486430062631,59.707724425887264,40.292275574112736,0.7745302713987474,0.1941544885177453
2017-06-09,2431.77001953125,0.8949792191198427,88.72651356993737,11.273486430062631,59.91649269311065,40.08350730688935,0.7745302713987474,0.19832985386221294
2017-06-12,2429.389892578125,0.8931244832365914,88.93528183716074,11.064718162839249,59.91649269311065,40.08350730688935,0.778705636743215,0.19832985386221294
2017-06-13,2440.35009765625,0.9016653241440478,88.93528183716074,11.064718162839249,59.91649269311065,40.08350730688935,0.778705636743215,0.19832985386221294
2017-06-14,2437.919921875,0.8997715872498144,88.93528183716074,11.064718162839249,59.707724425887264,40.292275574112736,0.778705636743215,0.1941544885177453
2017-06-15,2432.4599609375,0.8955168623248961,88.93528183716074,11.064718162839249,59.49895615866389,40.50104384133611,0.778705636743215,0.18997912317327767
2017-06-16,2433.14990234375,0.8960545055299498,88.93528183716074,11.064718162839249,59.707724425887264,40.292275574112736,0.778705636743215,0.1941544885177453
2017-06-19,2453.4599609375,0.9118813060354027,88.93528183716074,11.064718162839249,59.91649269311065,40.08350730688935,0.778705636743215,0.19832985386221294
2017-06-20,2437.030029296875,0.8990781302496658,88.51774530271399,11.482254697286013,59.91649269311065,40.08350730688935,0.7703549060542797,0.19832985386221294
2017-06-21,2435.610107421875,0.8979716430307729,88.51774530271399,11.482254697286013,60.33402922755741,39.66597077244259,0.7703549060542797,0.20668058455114824
2017-06-22,2434.5,0.897106581582302,88.51774530271399,11.482254697286013,60.75156576200418,39.24843423799583,0.7703549060542797,0.2150313152400835
2017-06-23,2438.300048828125,0.9000678046844464,88.51774530271399,11.482254697286013,60.75156576200418,39.24843423799583,0.7703549060542797,0.2150313152400835
2017-06-26,2439.070068359375,0.9006678495070712,88.51774530271399,11.482254697286013,60.96033402922756,39.03966597077244,0.7703549060542797,0.21920668058455114
2017-06-27,2419.3798828125,0.8853240907912965,88.51774530271399,11.482254697286013,60.96033402922756,39.03966597077244,0.7703549060542797,0.21920668058455114
2017-06-28,2440.68994140625,0.9019301505210595,88.51774530271399,11.482254697286013,61.16910229645094,38.83089770354906,0.7703549060542797,0.22338204592901878
2017-06-29,2419.699951171875,0.8855735070127493,88.51774530271399,11.482254697286013,60.96033402922756,39.03966597077244,0.7703549060542797,0.21920668058455114
2017-06-30,2423.409912109375,0.8884645282951253,88.51774530271399,11.482254697286013,60.96033402922756,39.03966597077244,0.7703549060542797,0.21920668058455114
2017-07-03,2429.010009765625,0.892828456050794,88.51774530271399,11.482254697286013,60.96033402922756,39.03966597077244,0.7703549060542797,0.21920668058455114
2017-07-05,2432.5400390625,0.8955792639424678,88.51774530271399,11.482254697286013,61.16910229645094,38.83089770354906,0.7703549060542797,0.22338204592901878
2017-07-06,2409.75,0.8778199157806335,88.10020876826722,11.899791231732777,61.16910229645094,38.83089770354906,0.7620041753653445,0.22338204592901878
2017-07-07,2425.179931640625,0.8898438323420608,88.10020876826722,11.899791231732777,60.96033402922756,39.03966597077244,0.7620041753653445,0.21920668058455114
2017-07-10,2427.429931640625,0.8915971655967578,87.47390396659708,12.526096033402922,61.25000000000001,38.75,0.7494780793319415,0.225
2017-07-11,2425.530029296875,0.8901166491701027,87.2651356993737,12.734864300626306,61.25000000000001,38.75,0.7453027139874739,0.225
2017-07-12,2443.25,0.903925099795013,87.2651356993737,12.734864300626306,61.458333333333336,38.54166666666667,0.7453027139874739,0.22916666666666666
2017-07-13,2447.830078125,0.907494167921979,87.2651356993737,12.734864300626306,61.458333333333336,38.54166666666667,0.7453027139874739,0.22916666666666666
2017-07-14,2459.27001953125,0.9164088477883632,87.2651356993737,12.734864300626306,61.458333333333336,38.54166666666667,0.7453027139874739,0.22916666666666666
2017-07-17,2459.139892578125,0.9163074451598092,87.2651356993737,12.734864300626306,61.66666666666667,38.333333333333336,0.7453027139874739,0.23333333333333334
2017-07-18,2460.610107421875,0.9174531236385186,87.2651356993737,12.734864300626306,61.66666666666667,38.333333333333336,0.7453027139874739,0.23333333333333334
2017-07-19,2473.830078125,0.9277549077540346,87.2651356993737,12.734864300626306,61.66666666666667,38.333333333333336,0.7453027139874739,0.23333333333333334
2017-07-20,2473.449951171875,0.9274586903194031,86.84759916492693,13.152400835073069,61.875,38.125,0.7369519832985386,0.2375
2017-07-21,2472.5400390625,0.9267496329148612,87.05636743215031,12.943632567849686,61.66666666666667,38.333333333333336,0.7411273486430062,0.23333333333333334
2017-07-24,2469.909912109375,0.9247000822255327,87.05636743215031,12.943632567849686,61.66666666666667,38.333333333333336,0.7411273486430062,0.23333333333333334
2017-07-25,2477.1298828125,0.9303263109951896,87.05636743215031,12.943632567849686,61.458333333333336,38.54166666666667,0.7411273486430062,0.22916666666666666
2017-07-26,2477.830078125,0.9308719446512737,86.84759916492693,13.152400835073069,61.66666666666667,38.333333333333336,0.7369519832985386,0.23333333333333334
2017-07-27,2475.419921875,0.9289938081614333,86.63883089770354,13.361169102296449,61.66666666666667,38.333333333333336,0.732776617954071,0.23333333333333334
2017-07-28,2472.10009765625,0.9264068045158851,86.63883089770354,13.361169102296449,61.66666666666667,38.333333333333336,0.732776617954071,0.23333333333333334
2017-07-31,2470.300048828125,0.9250040998623605,86.84759916492693,13.152400835073069,61.458333333333336,38.54166666666667,0.7369519832985386,0.22916666666666666
2017-08-01,2476.35009765625,0.9297186562192019,86.875,13.125,61.458333333333336,38.54166666666667,0.7375,0.22916666666666666
2017-08-02,2477.570068359375,0.9306693296429998,86.875,13.125,61.25000000000001,38.75,0.7375,0.225
2017-08-03,2472.159912109375,0.9264534154802297,86.875,13.125,61.04166666666667,38.958333333333336,0.7375,0.22083333333333333
2017-08-04,2476.830078125,0.930092685426964,86.66666666666667,13.333333333333334,61.04166666666667,38.958333333333336,0.7333333333333333,0.22083333333333333
2017-08-07,2480.909912109375,0.9332719336929411,86.66666666666667,13.333333333333334,61.04166666666667,38.958333333333336,0.7333333333333333,0.22083333333333333
2017-08-08,2474.919921875,0.9286041785492787,86.66666666666667,13.333333333333334,61.04166666666667,38.958333333333336,0.7333333333333333,0.22083333333333333
2017-08-09,2474.02001953125,0.9279029213469332,86.66666666666667,13.333333333333334,60.83333333333333,39.166666666666664,0.7333333333333333,0.21666666666666667
2017-08-10,2438.2099609375,0.8999976028646779,86.45833333333334,13.541666666666666,61.04166666666667,38.958333333333336,0.7291666666666666,0.22083333333333333
2017-08-11,2441.320068359375,0.9024211827617685,86.45833333333334,13.541666666666666,61.04166666666667,38.958333333333336,0.7291666666666666,0.22083333333333333
2017-08-14,2465.840087890625,0.9215286341617523,86.25,13.750000000000002,61.04166666666667,38.958333333333336,0.725,0.22083333333333333
2017-08-15,2464.610107421875,0.9205701605357579,85.83333333333333,14.166666666666666,61.04166666666667,38.958333333333336,0.7166666666666667,0.22083333333333333
2017-08-16,2468.110107421875,0.9232975678208426,85.625,14.374999999999998,61.04166666666667,38.958333333333336,0.7125,0.22083333333333333
2017-08-17,2430.010009765625,0.8936077152751043,85.41666666666666,14.583333333333334,61.04166666666667,38.958333333333336,0.7083333333333334,0.22083333333333333
2017-08-18,2425.550048828125,0.8901322495744957,85.20833333333333,14.791666666666666,61.458333333333336,38.54166666666667,0.7041666666666667,0.22916666666666666
2017-08-21,2428.3701171875,0.892329813856723,84.79166666666667,15.208333333333332,61.66666666666667,38.333333333333336,0.6958333333333333,0.23333333333333334
2017-08-22,2452.510009765625,0.9111410478220754,84.79166666666667,15.208333333333332,61.66666666666667,38.333333333333336,0.6958333333333333,0.23333333333333334
2017-08-23,2444.0400390625,0.9045407450220311,84.79166666666667,15.208333333333332,61.875,38.125,0.6958333333333333,0.2375
2017-08-24,2438.969970703125,0.9005898474851066,84.79166666666667,15.208333333333332,61.875,38.125,0.6958333333333333,0.2375
2017-08-25,2443.050048828125,0.9037692859999176,84.58333333333333,15.416666666666668,61.66666666666667,38.333333333333336,0.6916666666666667,0.23333333333333334
2017-08-28,2444.239990234375,0.9046965588171261,84.58333333333333,15.416666666666668,61.66666666666667,38.333333333333336,0.6916666666666667,0.23333333333333334
2017-08-29,2446.300048828125,0.9063018784789247,84.375,15.625,61.458333333333336,38.54166666666667,0.6875,0.22916666666666666
2017-08-30,2457.590087890625,0.9150997455611962,84.79166666666667,15.208333333333332,61.458333333333336,38.54166666666667,0.6958333333333333,0.22916666666666666
2017-08-31,2471.64990234375,0.9260559856658785,84.79166666666667,15.208333333333332,61.458333333333336,38.54166666666667,0.6958333333333333,0.22916666666666666
2017-09-01,2476.550048828125,0.9298744700142971,84.79166666666667,15.208333333333332,61.458333333333336,38.54166666666667,0.6958333333333333,0.22916666666666666
2017-09-05,2457.85009765625,0.9153023605694699,84.58333333333333,15.416666666666668,61.66666666666667,38.333333333333336,0.6916666666666667,0.23333333333333334
2017-09-06,2465.5400390625,0.9212948183446925,84.58333333333333,15.416666666666668,61.458333333333336,38.54166666666667,0.6916666666666667,0.22916666666666666
2017-09-07,2465.10009765625,0.9209519899457164,84.79166666666667,15.208333333333332,60.416666666666664,39.58333333333333,0.6958333333333333,0.20833333333333334
2017-09-08,2461.429931640625,0.9180919792232922,85.0,15.0,60.20833333333333,39.791666666666664,0.7,0.20416666666666666
2017-09-11,2488.110107421875,0.9388827523070391,84.79166666666667,15.208333333333332,60.20833333333333,39.791666666666664,0.6958333333333333,0.20416666666666666
2017-09-12,2496.47998046875,0.9454050530851186,84.79166666666667,15.208333333333332,60.20833333333333,39.791666666666664,0.6958333333333333,0.20416666666666666
2017-09-13,2498.3701171875,0.9468779595584111,84.58333333333333,15.416666666666668,60.20833333333333,39.791666666666664,0.6916666666666667,0.20416666666666666
2017-09-14,2495.6201171875,0.9447349966915592,84.58333333333333,15.416666666666668,60.20833333333333,39.791666666666664,0.6916666666666667,0.20416666666666666
2017-09-15,2500.22998046875,0.9483272751762806,84.58333333333333,15.416666666666668,60.416666666666664,39.58333333333333,0.6916666666666667,0.20833333333333334
2017-09-18,2503.8701171875,0.9511638852921154,84.58333333333333,15.416666666666668,60.416666666666664,39.58333333333333,0.6916666666666667,0.20833333333333334
2017-09-19,2506.64990234375,0.9533300585167228,84.58333333333333,15.416666666666668,60.20833333333333,39.791666666666664,0.6916666666666667,0.20416666666666666
2017-09-20,2508.239990234375,0.9545691491729555,84.58333333333333,15.416666666666668,60.20833333333333,39.791666666666664,0.6916666666666667,0.20416666666666666
2017-09-21,2500.60009765625,0.9486156924087155,84.58333333333333,15.416666666666668,60.20833333333333,39.791666666666664,0.6916666666666667,0.20416666666666666
2017-09-22,2502.219970703125,0.9498779934227037,84.16666666666667,15.833333333333332,60.20833333333333,39.791666666666664,0.6833333333333333,0.20416666666666666
2017-09-25,2496.659912109375,0.9455452664758208,84.16666666666667,15.833333333333332,60.20833333333333,39.791666666666664,0.6833333333333333,0.20416666666666666
2017-09-26,2496.840087890625,0.9456856701153569,84.16666666666667,15.833333333333332,60.20833333333333,39.791666666666664,0.6833333333333333,0.20416666666666666
2017-09-27,2507.0400390625,0.9536340761535507,84.375,15.625,60.20833333333333,39.791666666666664,0.6875,0.20416666666666666
2017-09-28,2510.06005859375,0.9559874542308731,84.375,15.625,60.20833333333333,39.791666666666664,0.6875,0.20416666666666666
2017-09-29,2519.360107421875,0.9632346030667216,84.375,15.625,60.20833333333333,39.791666666666664,0.6875,0.20416666666666666
2017-10-02,2529.1201171875,0.9708401807059388,84.16666666666667,15.833333333333332,60.20833333333333,39.791666666666664,0.6833333333333333,0.20416666666666666
2017-10-03,2534.580078125,0.9750949056308569,84.16666666666667,15.833333333333332,60.20833333333333,39.791666666666664,0.6833333333333333,0.20416666666666666
2017-10-04,2537.739990234375,0.9775572962900958,84.1995841995842,15.800415800415802,60.20833333333333,39.791666666666664,0.683991683991684,0.20416666666666666
2017-10-05,2552.070068359375,0.9887241418540829,84.1995841995842,15.800415800415802,60.20833333333333,39.791666666666664,0.683991683991684,0.20416666666666666
2017-10-06,2549.330078125,0.9865889791894273,83.991683991684,16.008316008316008,60.20833333333333,39.791666666666664,0.6798336798336798,0.20416666666666666
2017-10-09,2544.72998046875,0.9830043106580686,83.991683991684,16.008316008316008,60.0,40.0,0.6798336798336798,0.2
2017-10-10,2550.639892578125,0.9876096641841594,83.991683991684,16.008316008316008,60.0,40.0,0.6798336798336798,0.2
2017-10-11,2555.239990234375,0.9911943327155184,84.1995841995842,15.800415800415802,60.0,40.0,0.683991683991684,0.2
2017-10-12,2550.929931640625,0.9878356797990229,84.1995841995842,15.800415800415802,59.583333333333336,40.416666666666664,0.683991683991684,0.19166666666666668
2017-10-13,2553.169921875,0.9895812128515236,84.1995841995842,15.800415800415802,59.791666666666664,40.208333333333336,0.683991683991684,0.19583333333333333
2017-10-16,2557.639892578125,0.9930644787543286,83.991683991684,16.008316008316008,59.791666666666664,40.208333333333336,0.6798336798336798,0.19583333333333333
2017-10-17,2559.360107421875,0.9944049720391153,83.991683991684,16.008316008316008,59.791666666666664,40.208333333333336,0.6798336798336798,0.19583333333333333
2017-10-18,2561.260009765625,0.9958854884657704,83.991683991684,16.008316008316008,59.791666666666664,40.208333333333336,0.6798336798336798,0.19583333333333333
2017-10-19,2562.10009765625,0.996540134703771,83.991683991684,16.008316008316008,60.20833333333333,39.791666666666664,0.6798336798336798,0.20416666666666666
2017-10-20,2575.2099609375,1.0067561165951262,83.991683991684,16.008316008316008,60.0,40.0,0.6798336798336798,0.2
2017-10-23,2564.97998046875,0.9987843099503431,83.78378378378379,16.216216216216218,60.416666666666664,39.58333333333333,0.6756756756756757,0.20833333333333334
2017-10-24,2569.1298828125,1.002018159631695,83.78378378378379,16.216216216216218,60.62499999999999,39.375,0.6756756756756757,0.2125
2017-10-25,2557.14990234375,0.9926826493443699,83.57588357588358,16.424116424116423,60.70686070686071,39.2931392931393,0.6715176715176715,0.21413721413721415
2017-10-26,2560.39990234375,0.9952152418233771,83.57588357588358,16.424116424116423,61.33056133056133,38.66943866943867,0.6715176715176715,0.22661122661122662
2017-10-27,2581.070068359375,1.011322659359069,83.78378378378379,16.216216216216218,61.12266112266113,38.87733887733888,0.6756756756756757,0.22245322245322247
2017-10-30,2572.830078125,1.0049015709607092,83.57588357588358,16.424116424116423,61.33056133056133,38.66943866943867,0.6715176715176715,0.22661122661122662
2017-10-31,2575.260009765625,1.0067951176061083,83.57588357588358,16.424116424116423,61.53846153846154,38.46153846153847,0.6715176715176715,0.23076923076923078
2017-11-01,2579.360107421875,1.009990156525312,83.57588357588358,16.424116424116423,61.33056133056133,38.66943866943867,0.6715176715176715,0.22661122661122662
2017-11-02,2579.85009765625,1.0103719859352704,83.36798336798337,16.632016632016633,61.53846153846154,38.46153846153847,0.6673596673596673,0.23076923076923078
2017-11-03,2587.840087890625,1.016598259527553,83.36798336798337,16.632016632016633,60.91476091476091,39.08523908523909,0.6673596673596673,0.2182952182952183
2017-11-06,2591.1298828125,1.019161862566512,83.16008316008316,16.839916839916842,60.91476091476091,39.08523908523909,0.6632016632016632,0.2182952182952183
2017-11-07,2590.639892578125,1.0187800331565535,83.36798336798337,16.632016632016633,60.70686070686071,39.2931392931393,0.6673596673596673,0.21413721413721415
2017-11-08,2594.3798828125,1.0216944550455191,83.36798336798337,16.632016632016633,60.70686070686071,39.2931392931393,0.6673596673596673,0.21413721413721415
2017-11-09,2584.6201171875,1.014089067655136,83.78378378378379,16.216216216216218,60.2910602910603,39.70893970893971,0.6756756756756757,0.20582120582120583
2017-11-10,2582.300048828125,1.0122811329850636,83.991683991684,16.008316008316008,61.12266112266113,38.87733887733888,0.6798336798336798,0.22245322245322247
2017-11-13,2584.840087890625,1.014260481854624,84.02489626556017,15.975103734439832,61.20331950207469,38.796680497925315,0.6804979253112033,0.22406639004149378
2017-11-14,2578.8701171875,1.0096083271153544,83.81742738589212,16.182572614107883,61.41078838174274,38.589211618257266,0.6763485477178424,0.22821576763485477
2017-11-15,2564.6201171875,0.998503883168939,83.60995850622407,16.390041493775932,61.20331950207469,38.796680497925315,0.6721991701244814,0.22406639004149378
2017-11-16,2585.639892578125,1.0148837370350048,83.40248962655602,16.59751037344398,60.99585062240664,39.004149377593365,0.6680497925311203,0.21991701244813278
2017-11-17,2578.85009765625,1.0095927267109617,83.60995850622407,16.390041493775932,61.20331950207469,38.796680497925315,0.6721991701244814,0.22406639004149378
2017-11-20,2582.139892578125,1.0121563297499203,83.40248962655602,16.59751037344398,61.61825726141079,38.38174273858922,0.6680497925311203,0.23236514522821577
2017-11-21,2599.030029296875,1.0253181245878609,83.40248962655602,16.59751037344398,61.20331950207469,38.796680497925315,0.6680497925311203,0.22406639004149378
2017-11-22,2597.080078125,1.0237986071502236,83.60995850622407,16.390041493775932,61.20331950207469,38.796680497925315,0.6721991701244814,0.22406639004149378
2017-11-24,2602.419921875,1.0279597296487841,83.81742738589212,16.182572614107883,61.20331950207469,38.796680497925315,0.6763485477178424,0.22406639004149378
2017-11-27,2601.419921875,1.027180470424474,83.81742738589212,16.182572614107883,60.99585062240664,39.004149377593365,0.6763485477178424,0.21991701244813278
2017-11-28,2627.0400390625,1.0471451830707328,83.81742738589212,16.182572614107883,60.99585062240664,39.004149377593365,0.6763485477178424,0.21991701244813278
2017-11-29,2626.070068359375,1.046389324453012,84.02489626556017,15.975103734439832,60.99585062240664,39.004149377593365,0.6804979253112033,0.21991701244813278
2017-11-30,2647.580078125,1.06315119797787,84.02489626556017,15.975103734439832,60.99585062240664,39.004149377593365,0.6804979253112033,0.21991701244813278
2017-12-01,2642.219970703125,1.0589742848260824,84.02489626556017,15.975103734439832,60.99585062240664,39.004149377593365,0.6804979253112033,0.21991701244813278
2017-12-04,2639.43994140625,1.056807921352641,84.23236514522821,15.767634854771783,61.20331950207469,38.796680497925315,0.6846473029045643,0.22406639004149378
2017-12-05,2629.570068359375,1.049116731738097,84.23236514522821,15.767634854771783,60.58091286307054,39.41908713692946,0.6846473029045643,0.21161825726141079
2017-12-06,2629.27001953125,1.048882915921037,84.23236514522821,15.767634854771783,60.37344398340249,39.62655601659751,0.6846473029045643,0.2074688796680498
2017-12-07,2636.97998046875,1.0548909741006525,84.43983402489627,15.560165975103734,60.37344398340249,39.62655601659751,0.6887966804979253,0.2074688796680498
2017-12-08,2651.5,1.0662058332575381,84.43983402489627,15.560165975103734,60.99585062240664,39.004149377593365,0.6887966804979253,0.21991701244813278
2017-12-11,2659.989990234375,1.0728217364619752,84.43983402489627,15.560165975103734,60.788381742738586,39.211618257261414,0.6887966804979253,0.2157676348547718
2017-12-12,2664.110107421875,1.076032375785572,85.06224066390041,14.937759336099585,60.788381742738586,39.211618257261414,0.7012448132780082,0.2157676348547718
2017-12-13,2662.85009765625,1.075050501552988,85.06224066390041,14.937759336099585,60.58091286307054,39.41908713692946,0.7012448132780082,0.21161825726141079
2017-12-14,2652.010009765625,1.0666032630718894,85.06224066390041,14.937759336099585,60.37344398340249,39.62655601659751,0.7012448132780082,0.2074688796680498
2017-12-15,2675.81005859375,1.08514967066023,85.26970954356847,14.730290456431536,60.37344398340249,39.62655601659751,0.7053941908713693,0.2074688796680498
2017-12-18,2690.159912109375,1.0963319263797762,85.26970954356847,14.730290456431536,60.16597510373444,39.83402489626556,0.7053941908713693,0.2033195020746888
2017-12-19,2681.469970703125,1.089560209380244,85.06224066390041,14.937759336099585,59.95850622406639,40.04149377593361,0.7012448132780082,0.1991701244813278
2017-12-20,2679.25,1.0878302767321362,84.85477178423237,15.145228215767634,59.54356846473029,40.45643153526971,0.6970954356846473,0.1908713692946058
2017-12-21,2684.570068359375,1.0919759890751384,84.85477178423237,15.145228215767634,58.921161825726145,41.078838174273855,0.6970954356846473,0.17842323651452283
2017-12-22,2683.340087890625,1.0910175154491437,85.06224066390041,14.937759336099585,59.128630705394194,40.871369294605806,0.7012448132780082,0.1825726141078838
2017-12-26,2680.5,1.0888043507625236,85.26970954356847,14.730290456431536,59.128630705394194,40.871369294605806,0.7053941908713693,0.1825726141078838
2017-12-27,2682.6201171875,1.0904564716375007,85.26970954356847,14.730290456431536,59.128630705394194,40.871369294605806,0.7053941908713693,0.1825726141078838
2017-12-28,2687.5400390625,1.0942903661414785,85.26970954356847,14.730290456431536,59.33609958506224,40.66390041493776,0.7053941908713693,0.18672199170124482
2017-12-29,2673.610107421875,1.0834353384165158,85.26970954356847,14.730290456431536,59.33609958506224,40.66390041493776,0.7053941908713693,0.18672199170124482
2018-01-02,2695.81005859375,1.1007348551464275,85.26970954356847,14.730290456431536,59.33609958506224,40.66390041493776,0.7053941908713693,0.18672199170124482
2018-01-03,2713.06005859375,1.1141770767657722,85.89211618257261,14.107883817427386,58.713692946058096,41.286307053941904,0.7178423236514523,0.17427385892116182
2018-01-04,2723.989990234375,1.1226943268178053,86.09958506224066,13.900414937759336,58.09128630705395,41.90871369294606,0.7219917012448133,0.16182572614107885
2018-01-05,2743.14990234375,1.1376248650660017,86.30705394190872,13.692946058091287,57.46887966804979,42.531120331950206,0.7261410788381742,0.14937759336099585
2018-01-08,2747.7099609375,1.1411783327885745,86.51452282157676,13.485477178423237,57.46887966804979,42.531120331950206,0.7302904564315352,0.14937759336099585
2018-01-09,2751.2900390625,1.1439681416912308,86.51452282157676,13.485477178423237,57.46887966804979,42.531120331950206,0.7302904564315352,0.14937759336099585
2018-01-10,2748.22998046875,1.1415835628051227,86.30705394190872,13.692946058091287,57.676348547717836,42.32365145228216,0.7261410788381742,0.15352697095435686
2018-01-11,2767.56005859375,1.156646704490659,86.5424430641822,13.457556935817806,57.8838174273859,42.11618257261411,0.7308488612836439,0.15767634854771784
2018-01-12,2786.239990234375,1.171203213531093,86.95652173913044,13.043478260869565,57.8838174273859,42.11618257261411,0.7391304347826086,0.15767634854771784
2018-01-16,2776.419921875,1.1635508346786967,87.16356107660455,12.836438923395447,57.8838174273859,42.11618257261411,0.7432712215320911,0.15767634854771784
2018-01-17,2802.56005859375,1.1839207773415028,87.16356107660455,12.836438923395447,57.46887966804979,42.531120331950206,0.7432712215320911,0.14937759336099585
2018-01-18,2798.030029296875,1.1803907102255193,87.37060041407867,12.629399585921325,57.676348547717836,42.32365145228216,0.7474120082815735,0.15352697095435686
2018-01-19,2810.300048828125,1.189952236127708,87.5776397515528,12.422360248447205,57.26141078838174,42.738589211618255,0.7515527950310559,0.14522821576763487
2018-01-22,2832.969970703125,1.207617981863185,87.5776397515528,12.422360248447205,57.26141078838174,42.738589211618255,0.7515527950310559,0.14522821576763487
2018-01-23,2839.1298828125,1.2124181501953535,87.5776397515528,12.422360248447205,57.26141078838174,42.738589211618255,0.7515527950310559,0.14522821576763487
2018-01-24,2837.5400390625,1.2111792497879543,87.99171842650104,12.008281573498964,57.26141078838174,42.738589211618255,0.7598343685300207,0.14522821576763487
2018-01-25,2839.25,1.2125117526217104,87.99171842650104,12.008281573498964,56.84647302904564,43.15352697095436,0.7598343685300207,0.13692946058091288
2018-01-26,2872.8701171875,1.2387105390624478,88.19875776397515,11.801242236024844,56.63900414937759,43.36099585062241,0.7639751552795031,0.13278008298755187
2018-01-29,2853.530029296875,1.2236395971747154,88.40579710144928,11.594202898550725,56.63900414937759,43.36099585062241,0.7681159420289855,0.13278008298755187
2018-01-30,2822.429931640625,1.1994045591991456,88.40579710144928,11.594202898550725,56.63900414937759,43.36099585062241,0.7681159420289855,0.13278008298755187
2018-01-31,2823.81005859375,1.200480035858087,88.40579710144928,11.594202898550725,56.22406639004149,43.77593360995851,0.7681159420289855,0.12448132780082988
2018-02-01,2821.97998046875,1.199053930597973,87.99171842650104,12.008281573498964,56.10766045548654,43.89233954451346,0.7598343685300207,0.12215320910973085
2018-02-02,2762.1298828125,1.1524151899234956,87.78467908902692,12.215320910973086,56.10766045548654,43.89233954451346,0.7556935817805382,0.12215320910973085
2018-02-05,2648.93994140625,1.064210883983585,86.5424430641822,13.457556935817806,55.90062111801242,44.099378881987576,0.7308488612836439,0.11801242236024845
2018-02-06,2695.139892578125,1.1002126220969326,86.33540372670807,13.664596273291925,55.90062111801242,44.099378881987576,0.7267080745341615,0.11801242236024845
2018-02-07,2681.659912109375,1.089708222973143,86.12836438923395,13.871635610766045,56.10766045548654,43.89233954451346,0.722567287784679,0.12215320910973085
2018-02-08,2581.0,1.0112680579436946,84.0909090909091,15.909090909090908,56.10766045548654,43.89233954451346,0.6818181818181818,0.12215320910973085
2018-02-09,2619.550048828125,1.0413085390906054,83.88429752066115,16.115702479338843,56.10766045548654,43.89233954451346,0.6776859504132231,0.12215320910973085
2018-02-12,2656.0,1.0697124997669323,83.88429752066115,16.115702479338843,56.10766045548654,43.89233954451346,0.6776859504132231,0.12215320910973085
2018-02-13,2662.93994140625,1.0751205131239225,83.88429752066115,16.115702479338843,55.90062111801242,44.099378881987576,0.6776859504132231,0.11801242236024845
2018-02-14,2698.6298828125,1.1029322291798205,83.88429752066115,16.115702479338843,55.072463768115945,44.927536231884055,0.6776859504132231,0.10144927536231885
2018-02-15,2731.199951171875,1.1283127553852652,83.88429752066115,16.115702479338843,54.45134575569358,45.54865424430642,0.6776859504132231,0.08902691511387163
2018-02-16,2732.219970703125,1.129107615013968,84.0909090909091,15.909090909090908,54.45134575569358,45.54865424430642,0.6818181818181818,0.08902691511387163
2018-02-20,2716.260009765625,1.1166706682337963,84.0909090909091,15.909090909090908,54.45134575569358,45.54865424430642,0.6818181818181818,0.08902691511387163
2018-02-21,2701.330078125,1.105036381284524,83.88429752066115,16.115702479338843,54.865424430641816,45.13457556935818,0.6776859504132231,0.09730848861283643
2018-02-22,2703.9599609375,1.1070857417250184,83.88429752066115,16.115702479338843,54.6583850931677,45.3416149068323,0.6776859504132231,0.09316770186335403
2018-02-23,2747.300048828125,1.140858904996187,83.88429752066115,16.115702479338843,54.6583850931677,45.3416149068323,0.6776859504132231,0.09316770186335403
2018-02-26,2779.60009765625,1.1660290159911613,84.29752066115702,15.702479338842975,54.6583850931677,45.3416149068323,0.6859504132231405,0.09316770186335403
2018-02-27,2744.280029296875,1.1385055269188644,84.29752066115702,15.702479338842975,54.6583850931677,45.3416149068323,0.6859504132231405,0.09316770186335403
2018-02-28,2713.830078125,1.1147771215883964,83.88429752066115,16.115702479338843,54.75206611570248,45.24793388429752,0.6776859504132231,0.09504132231404959
2018-03-01,2677.669921875,1.0865989862780991,83.88429752066115,16.115702479338843,54.958677685950406,45.04132231404959,0.6776859504132231,0.09917355371900827
2018-03-02,2691.25,1.0971813874238534,83.88429752066115,16.115702479338843,54.54545454545454,45.45454545454545,0.6776859504132231,0.09090909090909091
2018-03-05,2720.93994140625,1.1203175481338925,83.88429752066115,16.115702479338843,54.54545454545454,45.45454545454545,0.6776859504132231,0.09090909090909091
2018-03-06,2728.1201171875,1.1259127663435975,83.88429752066115,16.115702479338843,54.54545454545454,45.45454545454545,0.6776859504132231,0.09090909090909091
2018-03-07,2726.800048828125,1.1248840908978353,83.88429752066115,16.115702479338843,54.54545454545454,45.45454545454545,0.6776859504132231,0.09090909090909091
2018-03-08,2738.969970703125,1.1343676147780588,83.88429752066115,16.115702479338843,54.75206611570248,45.24793388429752,0.6776859504132231,0.09504132231404959
2018-03-09,2786.570068359375,1.1714604299547409,83.88429752066115,16.115702479338843,54.958677685950406,45.04132231404959,0.6776859504132231,0.09917355371900827
2018-03-12,2783.02001953125,1.1686940216586743,83.88429752066115,16.115702479338843,54.75206611570248,45.24793388429752,0.6776859504132231,0.09504132231404959
2018-03-13,2765.31005859375,1.1548933712359601,83.88429752066115,16.115702479338843,54.75206611570248,45.24793388429752,0.6776859504132231,0.09504132231404959
2018-03-14,2749.47998046875,1.1425576368355084,83.88429752066115,16.115702479338843,54.75206611570248,45.24793388429752,0.6776859504132231,0.09504132231404959
2018-03-15,2747.330078125,1.140882305602776,83.26446280991735,16.735537190082646,54.958677685950406,45.04132231404959,0.6652892561983471,0.09917355371900827
2018-03-16,2752.010009765625,1.1445291855028725,83.26446280991735,16.735537190082646,54.958677685950406,45.04132231404959,0.6652892561983471,0.09917355371900827
2018-03-19,2712.919921875,1.1140678739350207,83.05785123966942,16.94214876033058,54.75206611570248,45.24793388429752,0.6611570247933884,0.09504132231404959
2018-03-20,2716.93994140625,1.1172005112366525,82.85123966942149,17.148760330578515,54.75206611570248,45.24793388429752,0.6570247933884298,0.09504132231404959
2018-03-21,2711.929931640625,1.1132964149129068,82.43801652892562,17.56198347107438,54.75206611570248,45.24793388429752,0.6487603305785123,0.09504132231404959
2018-03-22,2643.68994140625,1.0601197730559568,82.23140495867769,17.768595041322314,54.75206611570248,45.24793388429752,0.6446280991735537,0.09504132231404959
2018-03-23,2588.260009765625,1.016925487522136,80.99173553719008,19.00826446280992,55.16528925619835,44.83471074380165,0.6198347107438017,0.10330578512396695
2018-03-26,2658.550048828125,1.0716996488386878,80.99173553719008,19.00826446280992,55.16528925619835,44.83471074380165,0.6198347107438017,0.10330578512396695
2018-03-27,2612.6201171875,1.0359083259358104,80.99173553719008,19.00826446280992,54.958677685950406,45.04132231404959,0.6198347107438017,0.09917355371900827
2018-03-28,2605.0,1.029970279327129,80.37190082644628,19.62809917355372,55.371900826446286,44.62809917355372,0.6074380165289256,0.10743801652892562
2018-03-29,2640.8701171875,1.057922399022563,80.37190082644628,19.62809917355372,55.371900826446286,44.62809917355372,0.6074380165289256,0.10743801652892562
2018-04-02,2581.8798828125,1.011953714741645,80.37190082644628,19.62809917355372,55.371900826446286,44.62809917355372,0.6074380165289256,0.10743801652892562
2018-04-03,2614.449951171875,1.0373342409470903,80.37190082644628,19.62809917355372,55.16528925619835,44.83471074380165,0.6074380165289256,0.10330578512396695
2018-04-04,2644.68994140625,1.0608990322802665,80.37190082644628,19.62809917355372,55.16528925619835,44.83471074380165,0.6074380165289256,0.10330578512396695
2018-04-05,2662.840087890625,1.0750427013507902,80.37190082644628,19.62809917355372,55.16528925619835,44.83471074380165,0.6074380165289256,0.10330578512396695
2018-04-06,2604.469970703125,1.0295572491083846,80.37190082644628,19.62809917355372,55.16528925619835,44.83471074380165,0.6074380165289256,0.10330578512396695
2018-04-09,2613.159912109375,1.036328966107917,80.37190082644628,19.62809917355372,55.16528925619835,44.83471074380165,0.6074380165289256,0.10330578512396695
2018-04-10,2656.8701171875,1.0703905466115207,80.37190082644628,19.62809917355372,54.958677685950406,45.04132231404959,0.6074380165289256,0.09917355371900827
2018-04-11,2642.18994140625,1.0589508842194917,80.57851239669421,19.421487603305785,54.75206611570248,45.24793388429752,0.6115702479338843,0.09504132231404959
2018-04-12,2663.989990234375,1.075938773359213,80.78512396694215,19.214876033057852,54.54545454545454,45.45454545454545,0.6157024793388429,0.09090909090909091
2018-04-13,2656.300048828125,1.0699463155839908,80.78512396694215,19.214876033057852,55.578512396694215,44.421487603305785,0.6157024793388429,0.1115702479338843
2018-04-16,2677.840087890625,1.0867315897154382,80.78512396694215,19.214876033057852,55.78512396694215,44.214876033057855,0.6157024793388429,0.11570247933884298
2018-04-17,2706.389892578125,1.108979288370417,80.99173553719008,19.00826446280992,55.578512396694215,44.421487603305785,0.6198347107438017,0.1115702479338843
2018-04-18,2708.639892578125,1.110732621625114,80.99173553719008,19.00826446280992,55.578512396694215,44.421487603305785,0.6198347107438017,0.1115702479338843
2018-04-19,2693.1298828125,1.0986463034461154,80.99173553719008,19.00826446280992,55.578512396694215,44.421487603305785,0.6198347107438017,0.1115702479338843
2018-04-20,2670.139892578125,1.0807311414891854,80.78512396694215,19.214876033057852,55.578512396694215,44.421487603305785,0.6157024793388429,0.1115702479338843
2018-04-23,2670.2900390625,1.0808481445221325,80.57851239669421,19.421487603305785,55.371900826446286,44.62809917355372,0.6115702479338843,0.10743801652892562
2018-04-24,2634.56005859375,1.0530052276574486,79.75206611570248,20.24793388429752,55.16528925619835,44.83471074380165,0.5950413223140496,0.10330578512396695
2018-04-25,2639.39990234375,1.0567767205438545,79.75206611570248,20.24793388429752,55.16528925619835,44.83471074380165,0.5950413223140496,0.10330578512396695
2018-04-26,2666.93994140625,1.0782375500211607,79.13223140495867,20.867768595041323,54.75206611570248,45.24793388429752,0.5826446280991735,0.09504132231404959
2018-04-27,2669.909912109375,1.0805519270875008,79.13223140495867,20.867768595041323,54.54545454545454,45.45454545454545,0.5826446280991735,0.09090909090909091
2018-04-30,2648.050048828125,1.0635174269834349,78.92561983471074,21.074380165289256,55.16528925619835,44.83471074380165,0.5785123966942148,0.10330578512396695
2018-05-01,2654.800048828125,1.068777426747526,78.71900826446281,21.280991735537192,55.16528925619835,44.83471074380165,0.5743801652892562,0.10330578512396695
2018-05-02,2635.669921875,1.053870098857085,77.89256198347107,22.107438016528928,55.371900826446286,44.62809917355372,0.5578512396694215,0.10743801652892562
2018-05-03,2629.72998046875,1.049241344724405,77.89256198347107,22.107438016528928,55.578512396694215,44.421487603305785,0.5578512396694215,0.1115702479338843
2018-05-04,2663.419921875,1.075494542331683,77.89256198347107,22.107438016528928,55.578512396694215,44.421487603305785,0.5578512396694215,0.1115702479338843
2018-05-07,2672.6298828125,1.0826714893477631,77.89256198347107,22.107438016528928,55.578512396694215,44.421487603305785,0.5578512396694215,0.1115702479338843
2018-05-08,2671.919921875,1.0821182457383163,77.68595041322314,22.31404958677686,55.78512396694215,44.214876033057855,0.5537190082644629,0.11570247933884298
2018-05-09,2697.7900390625,1.1022777731906523,77.47933884297521,22.520661157024794,55.78512396694215,44.214876033057855,0.5495867768595041,0.11570247933884298
2018-05-10,2723.070068359375,1.1219774692110653,77.47933884297521,22.520661157024794,55.578512396694215,44.421487603305785,0.5495867768595041,0.1115702479338843
2018-05-11,2727.719970703125,1.1256009485045726,77.47933884297521,22.520661157024794,55.371900826446286,44.62809917355372,0.5495867768595041,0.10743801652892562
2018-05-14,2730.1298828125,1.127478894745579,77.47933884297521,22.520661157024794,55.371900826446286,44.62809917355372,0.5495867768595041,0.10743801652892562
2018-05-15,2711.449951171875,1.1129223857051445,77.47933884297521,22.520661157024794,54.958677685950406,45.04132231404959,0.5495867768595041,0.09917355371900827
2018-05-16,2722.4599609375,1.121502037374749,77.47933884297521,22.520661157024794,54.958677685950406,45.04132231404959,0.5495867768595041,0.09917355371900827
2018-05-17,2720.1298828125,1.1196863025024806,77.27272727272727,22.727272727272727,54.958677685950406,45.04132231404959,0.5454545454545454,0.09917355371900827
2018-05-18,2712.969970703125,1.1141068749460024,77.27272727272727,22.727272727272727,54.958677685950406,45.04132231404959,0.5454545454545454,0.09917355371900827
2018-05-21,2733.010009765625,1.129723260240985,77.27272727272727,22.727272727272727,54.958677685950406,45.04132231404959,0.5454545454545454,0.09917355371900827
2018-05-22,2724.43994140625,1.123044955418976,77.27272727272727,22.727272727272727,55.16528925619835,44.83471074380165,0.5454545454545454,0.10330578512396695
2018-05-23,2733.2900390625,1.1299414756536517,77.06611570247934,22.933884297520663,55.16528925619835,44.83471074380165,0.5413223140495868,0.10330578512396695
2018-05-24,2727.760009765625,1.1256321493133585,76.85950413223141,23.140495867768596,54.75206611570248,45.24793388429752,0.5371900826446281,0.09504132231404959
2018-05-25,2721.330078125,1.1206215657707195,76.85950413223141,23.140495867768596,54.958677685950406,45.04132231404959,0.5371900826446281,0.09917355371900827
2018-05-29,2689.860107421875,1.096098300811549,76.65289256198346,23.34710743801653,54.958677685950406,45.04132231404959,0.5330578512396694,0.09917355371900827
2018-05-30,2724.010009765625,1.1227099272221963,76.44628099173553,23.553719008264462,54.958677685950406,45.04132231404959,0.5289256198347108,0.09917355371900827
2018-05-31,2705.27001953125,1.1081066169685831,76.44628099173553,23.553719008264462,55.16528925619835,44.83471074380165,0.5289256198347108,0.10330578512396695
2018-06-01,2734.6201171875,1.130977951301611,76.44628099173553,23.553719008264462,55.16528925619835,44.83471074380165,0.5289256198347108,0.10330578512396695
2018-06-04,2746.8701171875,1.1405238767994064,76.65289256198346,23.34710743801653,55.371900826446286,44.62809917355372,0.5330578512396694,0.10743801652892562
2018-06-05,2748.800048828125,1.1420277938326509,76.03305785123968,23.96694214876033,55.371900826446286,44.62809917355372,0.5206611570247934,0.10743801652892562
2018-06-06,2772.35009765625,1.1603793866149141,75.82644628099173,24.173553719008265,55.16528925619835,44.83471074380165,0.5165289256198347,0.10330578512396695
2018-06-07,2770.3701171875,1.1588364685706876,76.03305785123968,23.96694214876033,55.16528925619835,44.83471074380165,0.5206611570247934,0.10330578512396695
2018-06-08,2779.030029296875,1.1655847849636305,76.03305785123968,23.96694214876033,55.16528925619835,44.83471074380165,0.5206611570247934,0.10330578512396695
2018-06-11,2782.0,1.1678991620299706,76.2396694214876,23.7603305785124,55.16528925619835,44.83471074380165,0.5247933884297521,0.10330578512396695
2018-06-12,2786.85009765625,1.1716786453674066,76.2396694214876,23.7603305785124,55.16528925619835,44.83471074380165,0.5247933884297521,0.10330578512396695
2018-06-13,2775.6298828125,1.1629351894516766,76.2396694214876,23.7603305785124,54.958677685950406,45.04132231404959,0.5247933884297521,0.09917355371900827
2018-06-14,2782.489990234375,1.168280991439929,76.2396694214876,23.7603305785124,54.75206611570248,45.24793388429752,0.5247933884297521,0.09504132231404959
2018-06-15,2779.659912109375,1.166075626955505,76.65289256198346,23.34710743801653,54.75206611570248,45.24793388429752,0.5330578512396694,0.09504132231404959
2018-06-18,2773.75,1.1614702734294147,76.85950413223141,23.140495867768596,54.958677685950406,45.04132231404959,0.5371900826446281,0.09917355371900827
2018-06-19,2762.590087890625,1.152773808975697,76.44628099173553,23.553719008264462,54.75206611570248,45.24793388429752,0.5289256198347108,0.09504132231404959
2018-06-20,2767.320068359375,1.156459689886776,76.2396694214876,23.7603305785124,54.33884297520662,45.66115702479338,0.5247933884297521,0.08677685950413223
2018-06-21,2749.760009765625,1.142775852248175,75.82644628099173,24.173553719008265,53.925619834710744,46.074380165289256,0.5165289256198347,0.07851239669421488
2018-06-22,2754.8798828125,1.1467655605472475,75.82644628099173,24.173553719008265,53.925619834710744,46.074380165289256,0.5165289256198347,0.07851239669421488
2018-06-25,2717.070068359375,1.1173019138652065,75.41322314049587,24.586776859504134,53.925619834710744,46.074380165289256,0.5082644628099173,0.07851239669421488
2018-06-26,2723.06005859375,1.1219696690088687,75.41322314049587,24.586776859504134,53.925619834710744,46.074380165289256,0.5082644628099173,0.07851239669421488
2018-06-27,2699.6298828125,1.1037114884041288,75.41322314049587,24.586776859504134,53.925619834710744,46.074380165289256,0.5082644628099173,0.07851239669421488
2018-06-28,2716.31005859375,1.1167096692447775,75.6198347107438,24.380165289256198,53.925619834710744,46.074380165289256,0.512396694214876,0.07851239669421488
2018-06-29,2718.3701171875,1.118314988906576,75.41322314049587,24.586776859504134,53.51239669421488,46.48760330578512,0.5082644628099173,0.07024793388429752
2018-07-02,2726.7099609375,1.1248138890780663,75.20661157024794,24.793388429752067,53.51239669421488,46.48760330578512,0.5041322314049587,0.07024793388429752
2018-07-03,2713.219970703125,1.1143016897520797,75.20661157024794,24.793388429752067,53.51239669421488,46.48760330578512,0.5041322314049587,0.07024793388429752
2018-07-05,2736.610107421875,1.132528669548034,75.20661157024794,24.793388429752067,53.30578512396694,46.69421487603306,0.5041322314049587,0.06611570247933884
2018-07-06,2759.820068359375,1.150615245704452,75.20661157024794,24.793388429752067,53.099173553719005,46.90082644628099,0.5041322314049587,0.06198347107438017
2018-07-09,2784.169921875,1.1695900936670962,75.41322314049587,24.586776859504134,53.099173553719005,46.90082644628099,0.5082644628099173,0.06198347107438017
2018-07-10,2793.840087890625,1.177125659735379,75.41322314049587,24.586776859504134,53.099173553719005,46.90082644628099,0.5082644628099173,0.06198347107438017
2018-07-11,2774.02001953125,1.1616806886398847,75.41322314049587,24.586776859504134,53.099173553719005,46.90082644628099,0.5082644628099173,0.06198347107438017
2018-07-12,2798.2900390625,1.1805933252337906,75.20661157024794,24.793388429752067,53.099173553719005,46.90082644628099,0.5041322314049587,0.06198347107438017
2018-07-13,2801.31005859375,1.1829467033111132,75.20661157024794,24.793388429752067,52.892561983471076,47.107438016528924,0.5041322314049587,0.05785123966942149
2018-07-16,2798.429931640625,1.180702337815707,75.20661157024794,24.793388429752067,52.27272727272727,47.72727272727273,0.5041322314049587,0.045454545454545456
2018-07-17,2809.550048828125,1.189367791709473,75.20661157024794,24.793388429752067,52.27272727272727,47.72727272727273,0.5041322314049587,0.045454545454545456
2018-07-18,2815.6201171875,1.194097948470707,75.41322314049587,24.586776859504134,52.066115702479344,47.93388429752066,0.5082644628099173,0.04132231404958678
2018-07-19,2804.489990234375,1.185424694374745,75.20661157024794,24.793388429752067,51.85950413223141,48.14049586776859,0.5041322314049587,0.0371900826446281
2018-07-20,2801.830078125,1.1833519333276614,75.0,25.0,51.85950413223141,48.14049586776859,0.5,0.0371900826446281
2018-07-23,2806.97998046875,1.1873650422333233,75.20661157024794,24.793388429752067,51.652892561983464,48.34710743801653,0.5041322314049587,0.03305785123966942
2018-07-24,2820.39990234375,1.1978226401439342,75.0,25.0,51.446280991735534,48.553719008264466,0.5,0.028925619834710745
2018-07-25,2846.070068359375,1.2178263538011755,75.20661157024794,24.793388429752067,51.2396694214876,48.760330578512395,0.5041322314049587,0.024793388429752067
2018-07-26,2837.43994140625,1.211101247765988,75.0,25.0,51.2396694214876,48.760330578512395,0.5,0.024793388429752067
2018-07-27,2818.820068359375,1.1965915399387326,75.0,25.0,51.2396694214876,48.760330578512395,0.5,0.024793388429752067
2018-07-30,2802.60009765625,1.183951978150287,75.0,25.0,51.03305785123967,48.96694214876033,0.5,0.02066115702479339
2018-07-31,2816.2900390625,1.1946199912713684,75.0,25.0,51.03305785123967,48.96694214876033,0.5,0.02066115702479339
2018-08-01,2813.360107421875,1.1923368150138143,75.20661157024794,24.793388429752067,51.2396694214876,48.760330578512395,0.5041322314049587,0.024793388429752067
2018-08-02,2827.219970703125,1.2031372413234012,75.20661157024794,24.793388429752067,50.6198347107438,49.3801652892562,0.5041322314049587,0.012396694214876033
2018-08-03,2840.35009765625,1.213369013867983,75.82644628099173,24.173553719008265,50.6198347107438,49.3801652892562,0.5165289256198347,0.012396694214876033
2018-08-06,2850.39990234375,1.2212004168732298,75.82644628099173,24.173553719008265,50.413223140495866,49.586776859504134,0.5165289256198347,0.008264462809917356
2018-08-07,2858.449951171875,1.2274734916786905,75.82644628099173,24.173553719008265,50.0,50.0,0.5165289256198347,0.0
2018-08-08,2857.699951171875,1.226889047260458,75.6198347107438,24.380165289256198,50.0,50.0,0.512396694214876,0.0
2018-08-09,2853.580078125,1.2236785981856952,75.6198347107438,24.380165289256198,50.0,50.0,0.512396694214876,0.0
2018-08-10,2833.280029296875,1.2078595978824387,75.41322314049587,24.586776859504134,49.586776859504134,50.413223140495866,0.5082644628099173,-0.008264462809917356
2018-08-13,2821.929931640625,1.1990149295869887,75.41322314049587,24.586776859504134,49.3801652892562,50.6198347107438,0.5082644628099173,-0.012396694214876033
2018-08-14,2839.9599609375,1.2130649962311555,75.20661157024794,24.793388429752067,48.760330578512395,51.2396694214876,0.5041322314049587,-0.024793388429752067
2018-08-15,2818.3701171875,1.1962409113375596,75.41322314049587,24.586776859504134,48.34710743801653,51.652892561983464,0.5082644628099173,-0.03305785123966942
2018-08-16,2840.68994140625,1.2136338402449947,75.82644628099173,24.173553719008265,48.553719008264466,51.446280991735534,0.5165289256198347,-0.028925619834710745
2018-08-17,2850.1298828125,1.2209900016627597,75.82644628099173,24.173553719008265,48.553719008264466,51.446280991735534,0.5165289256198347,-0.028925619834710745
2018-08-20,2857.050048828125,1.2263826048641908,75.82644628099173,24.173553719008265,48.760330578512395,51.2396694214876,0.5165289256198347,-0.024793388429752067
2018-08-21,2862.9599609375,1.230987958390282,76.03305785123968,23.96694214876033,49.17355371900827,50.82644628099173,0.5206611570247934,-0.01652892561983471
2018-08-22,2861.820068359375,1.2300996865840554,76.03305785123968,23.96694214876033,49.17355371900827,50.82644628099173,0.5206611570247934,-0.01652892561983471
2018-08-23,2856.97998046875,1.2263280034488155,75.82644628099173,24.173553719008265,49.17355371900827,50.82644628099173,0.5165289256198347,-0.01652892561983471
2018-08-24,2874.68994140625,1.2401286538715293,75.6198347107438,24.380165289256198,48.96694214876033,51.03305785123967,0.512396694214876,-0.02066115702479339
2018-08-27,2896.739990234375,1.2573113578173283,75.6198347107438,24.380165289256198,48.96694214876033,51.03305785123967,0.512396694214876,-0.02066115702479339
2018-08-28,2897.52001953125,1.25791920284215,75.6198347107438,24.380165289256198,48.96694214876033,51.03305785123967,0.512396694214876,-0.02066115702479339
2018-08-29,2914.0400390625,1.2707925804476554,75.6198347107438,24.380165289256198,48.96694214876033,51.03305785123967,0.512396694214876,-0.02066115702479339
2018-08-30,2901.1298828125,1.2607322221025616,75.6198347107438,24.380165289256198,48.34710743801653,51.652892561983464,0.512396694214876,-0.03305785123966942
2018-08-31,2901.52001953125,1.2610362397393895,75.82644628099173,24.173553719008265,48.34710743801653,51.652892561983464,0.5165289256198347,-0.03305785123966942
2018-09-04,2896.719970703125,1.2572957574129355,75.41322314049587,24.586776859504134,47.93388429752066,52.066115702479344,0.5082644628099173,-0.04132231404958678
2018-09-05,2888.60009765625,1.2509682714409331,75.6198347107438,24.380165289256198,47.83505154639175,52.164948453608254,0.512396694214876,-0.04329896907216495
2018-09-06,2878.050048828125,1.2427470485746976,75.0,25.0,48.45360824742268,51.546391752577314,0.5,-0.030927835051546393
2018-09-07,2871.679931640625,1.2377830759964037,74.79338842975206,25.206611570247933,48.24742268041237,51.75257731958764,0.49586776859504134,-0.03505154639175258
2018-09-10,2877.1298828125,1.2420300007191258,75.0,25.0,48.04123711340206,51.958762886597945,0.5,-0.03917525773195876
2018-09-11,2887.889892578125,1.2504148375826527,75.20661157024794,24.793388429752067,48.04123711340206,51.958762886597945,0.5041322314049587,-0.03917525773195876
2018-09-12,2888.919921875,1.2512174974135521,75.20661157024794,24.793388429752067,47.83505154639175,52.164948453608254,0.5041322314049587,-0.04329896907216495
2018-09-13,2904.179931640625,1.2631090007864736,75.6198347107438,24.380165289256198,47.42268041237113,52.57731958762887,0.512396694214876,-0.05154639175257732
2018-09-14,2904.97998046875,1.2637324462156885,75.6198347107438,24.380165289256198,47.83505154639175,52.164948453608254,0.512396694214876,-0.04329896907216495
2018-09-17,2888.800048828125,1.2511240852360288,75.6198347107438,24.380165289256198,47.83505154639175,52.164948453608254,0.512396694214876,-0.04329896907216495
2018-09-18,2904.31005859375,1.2632104034150275,75.41322314049587,24.586776859504134,47.83505154639175,52.164948453608254,0.5082644628099173,-0.04329896907216495
2018-09-19,2907.949951171875,1.2660468232820286,75.6198347107438,24.380165289256198,47.62886597938144,52.37113402061856,0.512396694214876,-0.04742268041237113
2018-09-20,2930.75,1.2838139716460595,75.82644628099173,24.173553719008265,47.62886597938144,52.37113402061856,0.5165289256198347,-0.04742268041237113
2018-09-21,2929.669921875,1.2829723108041775,76.03305785123968,23.96694214876033,47.62886597938144,52.37113402061856,0.5206611570247934,-0.04742268041237113
2018-09-24,2919.3701171875,1.2749460929928533,75.6198347107438,24.380165289256198,47.62886597938144,52.37113402061856,0.512396694214876,-0.04742268041237113
2018-09-25,2915.56005859375,1.2719770696885129,75.20661157024794,24.793388429752067,47.62886597938144,52.37113402061856,0.5041322314049587,-0.04742268041237113
2018-09-26,2905.969970703125,1.2645039052378015,75.20661157024794,24.793388429752067,47.62886597938144,52.37113402061856,0.5041322314049587,-0.04742268041237113
2018-09-27,2914.0,1.27076137963887,75.0,25.0,47.62886597938144,52.37113402061856,0.5,-0.04742268041237113
2018-09-28,2913.97998046875,1.2707457792344767,74.58677685950413,25.413223140495866,47.83505154639175,52.164948453608254,0.49173553719008267,-0.04329896907216495
2018-10-01,2924.590087890625,1.279013803313891,74.79338842975206,25.206611570247933,47.83505154639175,52.164948453608254,0.49586776859504134,-0.04329896907216495
2018-10-02,2923.429931640625,1.278109740854438,74.79338842975206,25.206611570247933,47.62886597938144,52.37113402061856,0.49586776859504134,-0.04742268041237113
2018-10-03,2925.510009765625,1.2797306609206296,74.58677685950413,25.413223140495866,47.42268041237113,52.57731958762887,0.49173553719008267,-0.05154639175257732
2018-10-04,2901.610107421875,1.261106441559158,74.58677685950413,25.413223140495866,47.42268041237113,52.57731958762887,0.49173553719008267,-0.05154639175257732
2018-10-05,2885.570068359375,1.2486070931614148,73.34710743801654,26.65289256198347,46.8041237113402,53.1958762886598,0.4669421487603306,-0.06391752577319587
2018-10-08,2884.429931640625,1.2477186311063546,73.34710743801654,26.65289256198347,47.01030927835051,52.98969072164949,0.4669421487603306,-0.05979381443298969
2018-10-09,2880.340087890625,1.244531582638181,72.52066115702479,27.479338842975203,46.8041237113402,53.1958762886598,0.45041322314049587,-0.06391752577319587
2018-10-10,2785.679931640625,1.1707667827057575,70.45454545454545,29.545454545454547,47.21649484536082,52.78350515463918,0.4090909090909091,-0.05567010309278351
2018-10-11,2728.3701171875,1.1261075811496748,70.0413223140496,29.958677685950413,47.01030927835051,52.98969072164949,0.40082644628099173,-0.05979381443298969
2018-10-12,2767.1298828125,1.1563114860450434,69.21487603305785,30.785123966942145,47.01030927835051,52.98969072164949,0.384297520661157,-0.05979381443298969
2018-10-15,2750.7900390625,1.143578512079074,69.00826446280992,30.991735537190085,47.01030927835051,52.98969072164949,0.38016528925619836,-0.05979381443298969
2018-10-16,2809.919921875,1.189656018693075,69.00826446280992,30.991735537190085,47.21649484536082,52.78350515463918,0.38016528925619836,-0.05567010309278351
2018-10-17,2809.2099609375,1.1891027750836285,69.00826446280992,30.991735537190085,47.01030927835051,52.98969072164949,0.38016528925619836,-0.05979381443298969
2018-10-18,2768.780029296875,1.1575973779144553,68.80165289256198,31.198347107438018,47.42268041237113,52.57731958762887,0.3760330578512397,-0.05154639175257732
2018-10-19,2767.780029296875,1.1568181186901452,68.59504132231406,31.40495867768595,47.62886597938144,52.37113402061856,0.371900826446281,-0.04742268041237113
2018-10-22,2755.8798828125,1.1475448197715572,67.56198347107438,32.438016528925615,46.597938144329895,53.402061855670105,0.3512396694214876,-0.06804123711340206
2018-10-23,2740.68994140625,1.135707917814011,66.59793814432989,33.4020618556701,46.597938144329895,53.402061855670105,0.3319587628865979,-0.06804123711340206
2018-10-24,2656.10009765625,1.0697905017888956,62.68041237113402,37.31958762886598,48.45360824742268,51.546391752577314,0.2536082474226804,-0.030927835051546393
2018-10-25,2705.570068359375,1.1083404327856434,62.47422680412371,37.52577319587629,48.04123711340206,51.958762886597945,0.24948453608247423,-0.03917525773195876
2018-10-26,2658.68994140625,1.0718086614206044,62.2680412371134,37.7319587628866,48.24742268041237,51.75257731958764,0.24536082474226803,-0.03505154639175258
2018-10-29,2641.25,1.0582184262083612,61.23711340206186,38.76288659793815,47.83505154639175,52.164948453608254,0.22474226804123712,-0.04329896907216495
2018-10-30,2682.6298828125,1.090464081590862,61.23711340206186,38.76288659793815,48.24742268041237,51.75257731958764,0.22474226804123712,-0.03505154639175258
2018-10-31,2711.739990234375,1.1131484013200081,61.44329896907217,38.55670103092784,48.04123711340206,51.958762886597945,0.2288659793814433,-0.03917525773195876
2018-11-01,2740.3701171875,1.1354586918413925,61.44329896907217,38.55670103092784,48.24742268041237,51.75257731958764,0.2288659793814433,-0.03505154639175258
2018-11-02,2723.06005859375,1.1219696690088687,61.649484536082475,38.35051546391753,48.65979381443299,51.340206185567006,0.2329896907216495,-0.026804123711340205
2018-11-05,2738.31005859375,1.133853372179594,61.649484536082475,38.35051546391753,48.865979381443296,51.1340206185567,0.2329896907216495,-0.02268041237113402
2018-11-06,2755.449951171875,1.1472097915747774,61.44329896907217,38.55670103092784,49.072164948453604,50.92783505154639,0.2288659793814433,-0.018556701030927835
2018-11-07,2813.889892578125,1.1927496549837242,61.44329896907217,38.55670103092784,49.072164948453604,50.92783505154639,0.2288659793814433,-0.018556701030927835
2018-11-08,2806.830078125,1.187248229449211,61.855670103092784,38.144329896907216,48.865979381443296,51.1340206185567,0.23711340206185566,-0.02268041237113402
2018-11-09,2781.010009765625,1.1671277030078575,61.855670103092784,38.144329896907216,49.27835051546392,50.72164948453608,0.23711340206185566,-0.01443298969072165
2018-11-12,2726.219970703125,1.1244320596681079,61.855670103092784,38.144329896907216,49.27835051546392,50.72164948453608,0.23711340206185566,-0.01443298969072165
2018-11-13,2722.179931640625,1.1212838219620829,61.855670103092784,38.144329896907216,49.27835051546392,50.72164948453608,0.23711340206185566,-0.01443298969072165
2018-11-14,2701.580078125,1.1052311960906005,61.44329896907217,38.55670103092784,49.072164948453604,50.92783505154639,0.2288659793814433,-0.018556701030927835
2018-11-15,2730.199951171875,1.1275334961609542,61.649484536082475,38.35051546391753,49.072164948453604,50.92783505154639,0.2329896907216495,-0.018556701030927835
2018-11-16,2736.27001953125,1.1322636529221883,61.649484536082475,38.35051546391753,49.072164948453604,50.92783505154639,0.2329896907216495,-0.018556701030927835
2018-11-19,2690.72998046875,1.0967761574073052,61.649484536082475,38.35051546391753,50.72164948453608,49.27835051546392,0.2329896907216495,0.01443298969072165
2018-11-20,2641.889892578125,1.0587170684024323,61.23711340206186,38.76288659793815,51.75257731958764,48.24742268041237,0.22474226804123712,0.03505154639175258
2018-11-21,2649.929931640625,1.0649823430056968,61.23711340206186,38.76288659793815,51.75257731958764,48.24742268041237,0.22474226804123712,0.03505154639175258
2018-11-23,2632.56005859375,1.0514467092088284,61.03092783505155,38.96907216494846,52.57731958762887,47.42268041237113,0.22061855670103092,0.05154639175257732
2018-11-26,2673.449951171875,1.0833105351813708,61.03092783505155,38.96907216494846,52.164948453608254,47.83505154639175,0.22061855670103092,0.04329896907216495
2018-11-27,2682.169921875,1.0901056527874924,60.618556701030926,39.381443298969074,51.958762886597945,48.04123711340206,0.21237113402061855,0.03917525773195876
2018-11-28,2743.7900390625,1.1381236975089046,60.824742268041234,39.175257731958766,51.958762886597945,48.04123711340206,0.21649484536082475,0.03917525773195876
2018-11-29,2737.800048828125,1.133455942365242,60.618556701030926,39.381443298969074,52.164948453608254,47.83505154639175,0.21237113402061855,0.04329896907216495
2018-11-30,2760.169921875,1.1508878722836595,60.618556701030926,39.381443298969074,51.958762886597945,48.04123711340206,0.21237113402061855,0.03917525773195876
2018-12-03,2790.3701171875,1.1744216530568834,60.618556701030926,39.381443298969074,51.75257731958764,48.24742268041237,0.21237113402061855,0.03505154639175258
2018-12-04,2700.06005859375,1.1040467068497417,60.0,40.0,51.958762886597945,48.04123711340206,0.2,0.03917525773195876
2018-12-06,2695.949951171875,1.1008438677283414,59.79381443298969,40.20618556701031,52.164948453608254,47.83505154639175,0.1958762886597938,0.04329896907216495
2018-12-07,2633.080078125,1.0518519392253753,59.175257731958766,40.824742268041234,52.98969072164949,47.01030927835051,0.18350515463917524,0.05979381443298969
2018-12-10,2637.719970703125,1.055467618316686,57.73195876288659,42.2680412371134,52.78350515463918,47.21649484536082,0.15463917525773196,0.05567010309278351
2018-12-11,2636.780029296875,1.054735160305555,57.52577319587628,42.47422680412371,52.98969072164949,47.01030927835051,0.15051546391752577,0.05979381443298969
2018-12-12,2651.070068359375,1.0658708050607562,57.52577319587628,42.47422680412371,52.98969072164949,47.01030927835051,0.15051546391752577,0.05979381443298969
2018-12-13,2650.5400390625,1.0654577748420118,57.52577319587628,42.47422680412371,52.98969072164949,47.01030927835051,0.15051546391752577,0.05979381443298969
2018-12-14,2599.949951171875,1.0260349821945969,56.70103092783505,43.29896907216495,53.81443298969072,46.18556701030928,0.13402061855670103,0.07628865979381444
2018-12-17,2545.93994140625,0.9839471838796694,54.22680412371134,45.77319587628866,54.02061855670103,45.97938144329897,0.08453608247422681,0.08041237113402062
2018-12-18,2546.159912109375,0.9841185980791574,53.608247422680414,46.391752577319586,54.02061855670103,45.97938144329897,0.07216494845360824,0.08041237113402062
2018-12-19,2506.9599609375,0.9535716745359786,52.164948453608254,47.83505154639175,54.22680412371134,45.77319587628866,0.04329896907216495,0.08453608247422681
2018-12-20,2467.419921875,0.9227597343669542,49.48453608247423,50.51546391752577,54.63917525773196,45.36082474226804,-0.010309278350515464,0.09278350515463918
2018-12-21,2416.6201171875,0.8831735179710818,47.21649484536082,52.78350515463918,54.63917525773196,45.36082474226804,-0.05567010309278351,0.09278350515463918
2018-12-24,2351.10009765625,0.8321164383743944,43.91752577319588,56.08247422680412,54.22680412371134,45.77319587628866,-0.12164948453608247,0.08453608247422681
2018-12-26,2467.699951171875,0.9229779497796211,43.91752577319588,56.08247422680412,54.22680412371134,45.77319587628866,-0.12164948453608247,0.08453608247422681
2018-12-27,2488.830078125,0.9394437961186817,43.91752577319588,56.08247422680412,54.43298969072165,45.56701030927835,-0.12164948453608247,0.088659793814433
2018-12-28,2485.739990234375,0.937035816625984,43.91752577319588,56.08247422680412,54.63917525773196,45.36082474226804,-0.12164948453608247,0.09278350515463918
2018-12-31,2506.85009765625,0.9534860625606518,43.91752577319588,56.08247422680412,54.63917525773196,45.36082474226804,-0.12164948453608247,0.09278350515463918
2019-01-02,2510.030029296875,0.9559640536242835,43.91752577319588,56.08247422680412,54.43298969072165,45.56701030927835,-0.12164948453608247,0.088659793814433
2019-01-03,2447.889892578125,0.907540778886323,43.71134020618557,56.28865979381443,54.22680412371134,45.77319587628866,-0.12577319587628866,0.08453608247422681
2019-01-04,2531.93994140625,0.9730375547393315,43.71134020618557,56.28865979381443,54.22680412371134,45.77319587628866,-0.12577319587628866,0.08453608247422681
2019-01-07,2549.68994140625,0.9868694059708312,43.71134020618557,56.28865979381443,54.22680412371134,45.77319587628866,-0.12577319587628866,0.08453608247422681
2019-01-08,2574.409912109375,1.0061326711659104,43.71134020618557,56.28865979381443,54.43298969072165,45.56701030927835,-0.12577319587628866,0.088659793814433
2019-01-09,2584.9599609375,1.0143538940321455,43.71134020618557,56.28865979381443,54.43298969072165,45.56701030927835,-0.12577319587628866,0.088659793814433
2019-01-10,2596.639892578125,1.023455588502411,43.71134020618557,56.28865979381443,54.43298969072165,45.56701030927835,-0.12577319587628866,0.088659793814433
2019-01-11,2596.260009765625,1.0231595613166138,43.91752577319588,56.08247422680412,54.43298969072165,45.56701030927835,-0.12164948453608247,0.088659793814433
2019-01-14,2582.610107421875,1.0125227490043183,43.91752577319588,56.08247422680412,54.43298969072165,45.56701030927835,-0.12164948453608247,0.088659793814433
2019-01-15,2610.300048828125,1.0341003912657372,43.91752577319588,56.08247422680412,54.43298969072165,45.56701030927835,-0.12164948453608247,0.088659793814433
2019-01-16,2616.10009765625,1.0386201328165012,43.91752577319588,56.08247422680412,54.43298969072165,45.56701030927835,-0.12164948453608247,0.088659793814433
2019-01-17,2635.9599609375,1.0540961144719478,43.91752577319588,56.08247422680412,54.63917525773196,45.36082474226804,-0.12164948453608247,0.09278350515463918
2019-01-18,2670.7099609375,1.0811753725167148,44.123711340206185,55.876288659793815,54.63917525773196,45.36082474226804,-0.11752577319587629,0.09278350515463918
2019-01-22,2632.89990234375,1.0517115355858397,44.123711340206185,55.876288659793815,54.63917525773196,45.36082474226804,-0.11752577319587629,0.09278350515463918
2019-01-23,2638.699951171875,1.0562312771366034,44.329896907216494,55.670103092783506,54.84536082474227,45.154639175257735,-0.1134020618556701,0.09690721649484536
2019-01-24,2642.330078125,1.0590600870502422,44.53608247422681,55.4639175257732,54.84536082474227,45.154639175257735,-0.10927835051546392,0.09690721649484536
2019-01-25,2664.760009765625,1.0765388181818385,44.53608247422681,55.4639175257732,55.05154639175258,44.948453608247426,-0.10927835051546392,0.10103092783505155
2019-01-28,2643.85009765625,1.0602445762911001,44.74226804123712,55.25773195876289,55.349794238683124,44.650205761316876,-0.10515463917525773,0.10699588477366255
2019-01-29,2640.0,1.0572443521779733,44.948453608247426,55.05154639175258,55.349794238683124,44.650205761316876,-0.10103092783505155,0.10699588477366255
2019-01-30,2681.050048828125,1.089232981385659,45.56701030927835,54.43298969072165,55.349794238683124,44.650205761316876,-0.088659793814433,0.10699588477366255
2019-01-31,2704.10009765625,1.1071949445557676,46.18556701030928,53.81443298969072,55.144032921810705,44.8559670781893,-0.07628865979381444,0.102880658436214
2019-02-01,2706.530029296875,1.1090884912011671,46.597938144329895,53.402061855670105,55.144032921810705,44.8559670781893,-0.06804123711340206,0.102880658436214
2019-02-04,2724.8701171875,1.1233801738645899,46.597938144329895,53.402061855670105,55.144032921810705,44.8559670781893,-0.06804123711340206,0.102880658436214
2019-02-05,2737.699951171875,1.1333779403432778,46.8041237113402,53.1958762886598,55.144032921810705,44.8559670781893,-0.06391752577319587,0.102880658436214
2019-02-06,2731.610107421875,1.128632373426485,47.01030927835051,52.98969072164949,55.144032921810705,44.8559670781893,-0.05979381443298969,0.102880658436214
2019-02-07,2706.050048828125,1.1087144619934053,47.01030927835051,52.98969072164949,55.349794238683124,44.650205761316876,-0.05979381443298969,0.10699588477366255
2019-02-08,2707.8798828125,1.1101403770046852,47.01030927835051,52.98969072164949,55.349794238683124,44.650205761316876,-0.05979381443298969,0.10699588477366255
2019-02-11,2709.800048828125,1.111636684084567,47.21649484536082,52.78350515463918,55.349794238683124,44.650205761316876,-0.05567010309278351,0.10699588477366255
2019-02-12,2744.72998046875,1.138856155520036,47.42268041237113,52.57731958762887,55.349794238683124,44.650205761316876,-0.05154639175257732,0.10699588477366255
2019-02-13,2753.030029296875,1.145324045131575,47.62886597938144,52.37113402061856,55.55555555555556,44.44444444444444,-0.04742268041237113,0.1111111111111111
2019-02-14,2745.72998046875,1.1396354147443462,47.62886597938144,52.37113402061856,55.55555555555556,44.44444444444444,-0.04742268041237113,0.1111111111111111
2019-02-15,2775.60009765625,1.1629119790939213,48.24742268041237,51.75257731958764,55.76131687242798,44.23868312757202,-0.03505154639175258,0.11522633744855967
2019-02-19,2779.760009765625,1.16615362897747,48.24742268041237,51.75257731958764,55.76131687242798,44.23868312757202,-0.03505154639175258,0.11522633744855967
2019-02-20,2784.699951171875,1.1700031238858406,48.65979381443299,51.340206185567006,55.76131687242798,44.23868312757202,-0.026804123711340205,0.11522633744855967
2019-02-21,2774.8798828125,1.1623507450334443,48.65979381443299,51.340206185567006,55.96707818930041,44.03292181069959,-0.026804123711340205,0.11934156378600823
2019-02-22,2792.669921875,1.1762137970737299,49.69072164948454,50.30927835051546,55.96707818930041,44.03292181069959,-0.006185567010309278,0.11934156378600823
2019-02-25,2796.110107421875,1.1788945933944697,49.69072164948454,50.30927835051546,55.76131687242798,44.23868312757202,-0.006185567010309278,0.11522633744855967
2019-02-26,2793.89990234375,1.177172270699724,49.896907216494846,50.103092783505154,55.76131687242798,44.23868312757202,-0.002061855670103093,0.11522633744855967
2019-02-27,2792.3798828125,1.1759877814588666,50.103092783505154,49.896907216494846,55.76131687242798,44.23868312757202,0.002061855670103093,0.11522633744855967
2019-02-28,2784.489990234375,1.1698395098885492,50.30927835051546,49.69072164948454,55.55555555555556,44.44444444444444,0.006185567010309278,0.1111111111111111
2019-03-01,2803.68994140625,1.184801248945531,50.30927835051546,49.69072164948454,55.76131687242798,44.23868312757202,0.006185567010309278,0.11522633744855967
2019-03-04,2792.81005859375,1.1763229999044804,50.51546391752577,49.48453608247423,55.55555555555556,44.44444444444444,0.010309278350515464,0.1111111111111111
2019-03-05,2789.64990234375,1.1738604189964077,50.51546391752577,49.48453608247423,55.55555555555556,44.44444444444444,0.010309278350515464,0.1111111111111111
2019-03-06,2771.449951171875,1.159677939163735,50.51546391752577,49.48453608247423,55.349794238683124,44.650205761316876,0.010309278350515464,0.10699588477366255
2019-03-07,2748.929931640625,1.1421290062123712,50.72164948453608,49.27835051546392,55.55555555555556,44.44444444444444,0.01443298969072165,0.1111111111111111
2019-03-08,2743.070068359375,1.1375626536972625,50.72164948453608,49.27835051546392,55.55555555555556,44.44444444444444,0.01443298969072165,0.1111111111111111
2019-03-11,2783.300048828125,1.1689122370713405,50.72164948453608,49.27835051546392,55.76131687242798,44.23868312757202,0.01443298969072165,0.11522633744855967
2019-03-12,2791.52001953125,1.1753177250653075,50.92783505154639,49.072164948453604,55.76131687242798,44.23868312757202,0.018556701030927835,0.11522633744855967
2019-03-13,2810.919921875,1.1904352779173846,50.92783505154639,49.072164948453604,55.55555555555556,44.44444444444444,0.018556701030927835,0.1111111111111111
2019-03-14,2808.47998046875,1.1885339310697884,51.340206185567006,48.65979381443299,55.55555555555556,44.44444444444444,0.026804123711340205,0.1111111111111111
2019-03-15,2822.47998046875,1.1994435602101263,51.75257731958764,48.24742268041237,55.76131687242798,44.23868312757202,0.03505154639175258,0.11522633744855967
2019-03-18,2832.93994140625,1.2075945812565938,52.164948453608254,47.83505154639175,55.55555555555556,44.44444444444444,0.04329896907216495,0.1111111111111111
2019-03-19,2832.570068359375,1.2073063542729927,52.37113402061856,47.62886597938144,55.76131687242798,44.23868312757202,0.04742268041237113,0.11522633744855967
2019-03-20,2824.22998046875,1.2008072638526683,52.78350515463918,47.21649484536082,55.55555555555556,44.44444444444444,0.05567010309278351,0.1111111111111111
2019-03-21,2854.8798828125,1.2246914829782316,53.402061855670105,46.597938144329895,55.96707818930041,44.03292181069959,0.06804123711340206,0.11934156378600823
2019-03-22,2800.7099609375,1.1824790716769944,53.49794238683128,46.50205761316872,55.96707818930041,44.03292181069959,0.06995884773662552,0.11934156378600823
2019-03-25,2798.360107421875,1.1806479266491667,53.49794238683128,46.50205761316872,55.96707818930041,44.03292181069959,0.06995884773662552,0.11934156378600823
2019-03-26,2818.4599609375,1.196310922908494,53.29218106995884,46.70781893004115,55.76131687242798,44.23868312757202,0.06584362139917696,0.11522633744855967
2019-03-27,2805.3701171875,1.1861105414215323,53.70370370370371,46.2962962962963,55.55555555555556,44.44444444444444,0.07407407407407407,0.1111111111111111
2019-03-28,2815.43994140625,1.193957544831172,54.11522633744856,45.884773662551446,55.96707818930041,44.03292181069959,0.0823045267489712,0.11934156378600823
2019-03-29,2834.39990234375,1.208732269284273,54.11522633744856,45.884773662551446,55.96707818930041,44.03292181069959,0.0823045267489712,0.11934156378600823
2019-04-01,2867.18994140625,1.2342842096892062,54.52674897119342,45.47325102880658,56.37860082304527,43.62139917695473,0.09053497942386832,0.12757201646090535
2019-04-02,2867.239990234375,1.2343232107001882,54.52674897119342,45.47325102880658,56.17283950617284,43.82716049382716,0.09053497942386832,0.12345679012345678
2019-04-03,2873.39990234375,1.2391233790323568,54.93827160493827,45.06172839506173,56.17283950617284,43.82716049382716,0.09876543209876543,0.12345679012345678
2019-04-04,2879.389892578125,1.2437911341760195,55.55555555555556,44.44444444444444,56.17283950617284,43.82716049382716,0.1111111111111111,0.12345679012345678
2019-04-05,2892.739990234375,1.2541943209200896,55.55555555555556,44.44444444444444,56.17283950617284,43.82716049382716,0.1111111111111111,0.12345679012345678
2019-04-08,2895.77001953125,1.2565554991996084,55.55555555555556,44.44444444444444,56.17283950617284,43.82716049382716,0.1111111111111111,0.12345679012345678
2019-04-09,2878.199951171875,1.2428638613588112,55.55555555555556,44.44444444444444,56.37860082304527,43.62139917695473,0.1111111111111111,0.12757201646090535
2019-04-10,2888.2099609375,1.2506642538041057,55.55555555555556,44.44444444444444,56.37860082304527,43.62139917695473,0.1111111111111111,0.12757201646090535
2019-04-11,2888.320068359375,1.250750056028267,55.76131687242798,44.23868312757202,56.17283950617284,43.82716049382716,0.11522633744855967,0.12345679012345678
2019-04-12,2907.409912109375,1.265625992861088,57.407407407407405,42.592592592592595,55.96707818930041,44.03292181069959,0.14814814814814814,0.11934156378600823
2019-04-15,2905.580078125,1.2642000778498081,57.407407407407405,42.592592592592595,55.96707818930041,44.03292181069959,0.14814814814814814,0.11934156378600823
2019-04-16,2907.06005859375,1.2653533662818797,57.818930041152264,42.181069958847736,55.96707818930041,44.03292181069959,0.15637860082304528,0.11934156378600823
2019-04-17,2900.449951171875,1.260202379099705,57.818930041152264,42.181069958847736,55.96707818930041,44.03292181069959,0.15637860082304528,0.11934156378600823
2019-04-18,2905.030029296875,1.263771447226671,59.053497942386834,40.94650205761317,56.17283950617284,43.82716049382716,0.18106995884773663,0.12345679012345678
2019-04-22,2907.969970703125,1.2660624236864217,59.25925925925925,40.74074074074074,55.76131687242798,44.23868312757202,0.18518518518518517,0.11522633744855967
2019-04-23,2933.679931640625,1.2860971479036145,59.465020576131685,40.534979423868315,55.76131687242798,44.23868312757202,0.18930041152263374,0.11522633744855967
2019-04-24,2927.25,1.2810865643609755,59.465020576131685,40.534979423868315,55.76131687242798,44.23868312757202,0.18930041152263374,0.11522633744855967
2019-04-25,2926.169921875,1.280244903519094,59.67078189300411,40.32921810699588,55.55555555555556,44.44444444444444,0.1934156378600823,0.1111111111111111
2019-04-26,2939.8798828125,1.2909285170445686,60.36960985626283,39.630390143737166,55.55555555555556,44.44444444444444,0.20739219712525667,0.1111111111111111
2019-04-29,2943.030029296875,1.2933832977504447,60.78028747433265,39.21971252566735,55.144032921810705,44.8559670781893,0.21560574948665298,0.102880658436214
2019-04-30,2945.830078125,1.295565261628279,61.19096509240246,38.809034907597535,55.55555555555556,44.44444444444444,0.22381930184804927,0.1111111111111111
2019-05-01,2923.72998046875,1.2783435566714973,61.80698151950719,38.19301848049281,55.76131687242798,44.23868312757202,0.23613963039014374,0.11522633744855967
2019-05-02,2917.52001953125,1.2735043873283467,61.601642710472284,38.398357289527716,55.96707818930041,44.03292181069959,0.23203285420944558,0.11934156378600823
2019-05-03,2945.639892578125,1.2954170577865458,62.217659137576995,37.782340862423,56.17283950617284,43.82716049382716,0.24435318275154005,0.12345679012345678
2019-05-06,2932.469970703125,1.2851542746820122,62.422997946611915,37.57700205338809,56.37860082304527,43.62139917695473,0.24845995893223818,0.12757201646090535
2019-05-07,2884.050048828125,1.2474226039205565,62.422997946611915,37.57700205338809,56.37860082304527,43.62139917695473,0.24845995893223818,0.12757201646090535
2019-05-08,2879.419921875,1.2438145347826084,62.217659137576995,37.782340862423,56.5843621399177,43.415637860082306,0.24435318275154005,0.13168724279835392
2019-05-09,2870.719970703125,1.2370350175808795,62.01232032854209,37.98767967145791,56.79012345679012,43.20987654320987,0.2402464065708419,0.13580246913580246
2019-05-10,2881.39990234375,1.2453574528268354,62.217659137576995,37.782340862423,56.79012345679012,43.20987654320987,0.24435318275154005,0.13580246913580246
2019-05-13,2811.8701171875,1.1911757263795457,62.01232032854209,37.98767967145791,56.79012345679012,43.20987654320987,0.2402464065708419,0.13580246913580246
2019-05-14,2834.409912109375,1.2087400694864692,62.01232032854209,37.98767967145791,56.5843621399177,43.415637860082306,0.2402464065708419,0.13168724279835392
2019-05-15,2850.9599609375,1.221636847698564,62.01232032854209,37.98767967145791,56.5843621399177,43.415637860082306,0.2402464065708419,0.13168724279835392
2019-05-16,2876.320068359375,1.2413989453365484,62.217659137576995,37.782340862423,56.5843621399177,43.415637860082306,0.24435318275154005,0.13168724279835392
2019-05-17,2859.530029296875,1.2283151525205729,62.01232032854209,37.98767967145791,56.37860082304527,43.62139917695473,0.2402464065708419,0.12757201646090535
2019-05-20,2840.22998046875,1.213275411441626,62.01232032854209,37.98767967145791,56.5843621399177,43.415637860082306,0.2402464065708419,0.13168724279835392
2019-05-21,2864.360107421875,1.2320790354536157,62.422997946611915,37.57700205338809,56.5843621399177,43.415637860082306,0.24845995893223818,0.13168724279835392
2019-05-22,2856.27001953125,1.2257747598393691,62.422997946611915,37.57700205338809,56.5843621399177,43.415637860082306,0.24845995893223818,0.13168724279835392
2019-05-23,2822.239990234375,1.1992565456062452,62.217659137576995,37.782340862423,56.17283950617284,43.82716049382716,0.24435318275154005,0.12345679012345678
2019-05-24,2826.06005859375,1.2022333691127822,62.01232032854209,37.98767967145791,56.5843621399177,43.415637860082306,0.2402464065708419,0.13168724279835392
2019-05-28,2802.389892578125,1.1837881739041611,61.80698151950719,38.19301848049281,56.67351129363449,43.3264887063655,0.23613963039014374,0.13347022587268995
2019-05-29,2783.02001953125,1.1686940216586734,61.80698151950719,38.19301848049281,56.87885010266941,43.121149897330596,0.23613963039014374,0.1375770020533881
2019-05-30,2788.860107421875,1.1732449640182234,61.80698151950719,38.19301848049281,56.87885010266941,43.121149897330596,0.23613963039014374,0.1375770020533881
2019-05-31,2752.06005859375,1.1445681865138542,61.80698151950719,38.19301848049281,56.87885010266941,43.121149897330596,0.23613963039014374,0.1375770020533881
2019-06-03,2744.449951171875,1.1386379401073694,62.01232032854209,37.98767967145791,56.87885010266941,43.121149897330596,0.2402464065708419,0.1375770020533881
2019-06-04,2803.27001953125,1.184474020950948,62.217659137576995,37.782340862423,57.28952772073922,42.71047227926078,0.24435318275154005,0.1457905544147844
2019-06-05,2826.14990234375,1.2023033806837167,62.217659137576995,37.782340862423,57.28952772073922,42.71047227926078,0.24435318275154005,0.1457905544147844
2019-06-06,2843.489990234375,1.2158158041228297,63.244353182751546,36.75564681724846,57.70020533880903,42.299794661190965,0.2648870636550308,0.1540041067761807
2019-06-07,2873.340087890625,1.2390767680680117,63.860369609856264,36.139630390143736,57.90554414784395,42.09445585215606,0.27720739219712526,0.15811088295687886
2019-06-10,2886.72998046875,1.2495109653720338,64.27104722792608,35.728952772073924,57.70020533880903,42.299794661190965,0.28542094455852157,0.1540041067761807
2019-06-11,2885.719970703125,1.2487239059455275,64.27104722792608,35.728952772073924,57.70020533880903,42.299794661190965,0.28542094455852157,0.1540041067761807
2019-06-12,2879.840087890625,1.244141953026026,64.27104722792608,35.728952772073924,57.70020533880903,42.299794661190965,0.28542094455852157,0.1540041067761807
2019-06-13,2891.639892578125,1.2533370596738145,64.68172484599589,35.318275154004105,57.70020533880903,42.299794661190965,0.2936344969199179,0.1540041067761807
2019-06-14,2886.97998046875,1.249705780178111,64.68172484599589,35.318275154004105,57.70020533880903,42.299794661190965,0.2936344969199179,0.1540041067761807
2019-06-17,2889.669921875,1.251801941831784,64.68172484599589,35.318275154004105,57.70020533880903,42.299794661190965,0.2936344969199179,0.1540041067761807
2019-06-18,2917.75,1.2736836017300313,64.8870636550308,35.1129363449692,57.70020533880903,42.299794661190965,0.29774127310061604,0.1540041067761807
2019-06-19,2926.4599609375,1.2804709191339567,64.8870636550308,35.1129363449692,57.90554414784395,42.09445585215606,0.29774127310061604,0.15811088295687886
2019-06-20,2954.179931640625,1.3020719620019654,65.91375770020534,34.08624229979466,57.90554414784395,42.09445585215606,0.3182751540041068,0.15811088295687886
2019-06-21,2950.4599609375,1.2991731405173925,66.11909650924025,33.880903490759756,57.90554414784395,42.09445585215606,0.32238193018480493,0.15811088295687886
2019-06-24,2945.35009765625,1.2951912324205166,66.11909650924025,33.880903490759756,57.49486652977412,42.50513347022588,0.32238193018480493,0.14989733059548255
2019-06-25,2917.3798828125,1.2733951844975961,66.11909650924025,33.880903490759756,57.49486652977412,42.50513347022588,0.32238193018480493,0.14989733059548255
2019-06-26,2913.780029296875,1.2705899654393815,66.11909650924025,33.880903490759756,57.28952772073922,42.71047227926078,0.32238193018480493,0.1457905544147844
2019-06-27,2924.919921875,1.279270829488706,66.32443531827515,33.67556468172484,57.70020533880903,42.299794661190965,0.3264887063655031,0.1540041067761807
2019-06-28,2941.760009765625,1.292393623315664,66.52977412731006,33.47022587268994,57.90554414784395,42.09445585215606,0.33059548254620125,0.15811088295687886
2019-07-01,2964.330078125,1.3099815572780105,66.73511293634496,33.26488706365503,58.110882956878854,41.889117043121146,0.3347022587268994,0.162217659137577
2019-07-02,2973.010009765625,1.3167454740753466,66.73511293634496,33.26488706365503,58.110882956878854,41.889117043121146,0.3347022587268994,0.162217659137577
2019-07-03,2995.820068359375,1.3345204226415737,67.5564681724846,32.4435318275154,58.110882956878854,41.889117043121146,0.351129363449692,0.162217659137577
2019-07-05,2990.409912109375,1.3303045084788039,67.76180698151951,32.238193018480494,58.110882956878854,41.889117043121146,0.35523613963039014,0.162217659137577
2019-07-08,2975.949951171875,1.3190364505350969,67.96714579055441,32.03285420944558,58.31622176591375,41.68377823408625,0.3593429158110883,0.16632443531827515
2019-07-09,2979.6298828125,1.3219040712108834,67.96714579055441,32.03285420944558,58.31622176591375,41.68377823408625,0.3593429158110883,0.16632443531827515
2019-07-10,2993.070068359375,1.3323774597747216,68.17248459958932,31.82751540041068,58.31622176591375,41.68377823408625,0.36344969199178645,0.16632443531827515
2019-07-11,2999.909912109375,1.3377074711097467,68.37782340862422,31.622176591375773,58.31622176591375,41.68377823408625,0.3675564681724846,0.16632443531827515
2019-07-12,3013.77001953125,1.3485080876681685,68.58316221765914,31.416837782340863,58.31622176591375,41.68377823408625,0.37166324435318276,0.16632443531827515
2019-07-15,3014.300048828125,1.3489211178869125,68.58316221765914,31.416837782340863,58.52156057494866,41.478439425051334,0.37166324435318276,0.1704312114989733
2019-07-16,3004.0400390625,1.3409259106355407,68.58316221765914,31.416837782340863,58.31622176591375,41.68377823408625,0.37166324435318276,0.16632443531827515
2019-07-17,2984.419921875,1.3256367533351412,68.78850102669405,31.211498973305957,58.31622176591375,41.68377823408625,0.3757700205338809,0.16632443531827515
2019-07-18,2995.110107421875,1.3339671790321272,69.19917864476386,30.800821355236142,57.49486652977412,42.50513347022588,0.3839835728952772,0.14989733059548255
2019-07-19,2976.610107421875,1.3195508833823948,68.99383983572895,31.006160164271044,57.28952772073922,42.71047227926078,0.3798767967145791,0.1457905544147844
2019-07-22,2985.030029296875,1.326112185171457,69.19917864476386,30.800821355236142,57.08418891170432,42.91581108829568,0.3839835728952772,0.14168377823408623
2019-07-23,3005.469970703125,1.34204019805663,69.60985626283367,30.390143737166326,57.28952772073922,42.71047227926078,0.3921971252566735,0.1457905544147844
2019-07-24,3019.56005859375,1.3530200290167356,69.81519507186859,30.184804928131413,58.31622176591375,41.68377823408625,0.39630390143737165,0.16632443531827515
2019-07-25,3003.669921875,1.3406374934031056,69.81519507186859,30.184804928131413,57.90554414784395,42.09445585215606,0.39630390143737165,0.15811088295687886
2019-07-26,3025.860107421875,1.3579294001796547,70.02053388090349,29.97946611909651,57.90554414784395,42.09445585215606,0.4004106776180698,0.15811088295687886
2019-07-29,3020.969970703125,1.3541187160334323,70.02053388090349,29.97946611909651,58.31622176591375,41.68377823408625,0.4004106776180698,0.16632443531827515
2019-07-30,3013.179931640625,1.348048256236245,70.02053388090349,29.97946611909651,58.31622176591375,41.68377823408625,0.4004106776180698,0.16632443531827515
2019-07-31,2980.3798828125,1.3224885156291157,69.81519507186859,30.184804928131413,58.110882956878854,41.889117043121146,0.39630390143737165,0.162217659137577
2019-08-01,2953.56005859375,1.3015889202122866,69.60985626283367,30.390143737166326,58.52156057494866,41.478439425051334,0.3921971252566735,0.1704312114989733
2019-08-02,2932.050048828125,1.2848270466874285,69.81519507186859,30.184804928131413,58.72689938398358,41.27310061601643,0.39630390143737165,0.17453798767967146
2019-08-05,2844.739990234375,1.2167898781532163,69.40451745379876,30.59548254620123,59.13757700205339,40.86242299794661,0.38809034907597534,0.18275154004106775
2019-08-06,2881.77001953125,1.2456458700592696,69.19917864476386,30.800821355236142,59.13757700205339,40.86242299794661,0.3839835728952772,0.18275154004106775
2019-08-07,2883.97998046875,1.2473680025051808,69.19917864476386,30.800821355236142,59.34291581108829,40.6570841889117,0.3839835728952772,0.1868583162217659
2019-08-08,2938.090087890625,1.2895338028420733,69.60985626283367,30.390143737166326,59.54825462012321,40.4517453798768,0.3921971252566735,0.19096509240246407
2019-08-09,2918.64990234375,1.2743848589323759,69.60985626283367,30.390143737166326,58.932238193018485,41.067761806981515,0.3921971252566735,0.17864476386036962
2019-08-12,2882.699951171875,1.246370527868204,69.81519507186859,30.184804928131413,59.34291581108829,40.6570841889117,0.39630390143737165,0.1868583162217659
2019-08-13,2926.320068359375,1.2803619065520397,69.81519507186859,30.184804928131413,59.54825462012321,40.4517453798768,0.39630390143737165,0.19096509240246407
2019-08-14,2840.60009765625,1.2135638286740602,69.40451745379876,30.59548254620123,59.54825462012321,40.4517453798768,0.38809034907597534,0.19096509240246407
2019-08-15,2847.60009765625,1.2190186432442291,69.19917864476386,30.800821355236142,59.54825462012321,40.4517453798768,0.3839835728952772,0.19096509240246407
2019-08-16,2888.679931640625,1.25103048280967,69.19917864476386,30.800821355236142,59.54825462012321,40.4517453798768,0.3839835728952772,0.19096509240246407
2019-08-19,2923.64990234375,1.278281155053925,69.19917864476386,30.800821355236142,59.54825462012321,40.4517453798768,0.3839835728952772,0.19096509240246407
2019-08-20,2900.510009765625,1.2602491803128824,69.19917864476386,30.800821355236142,59.753593429158116,40.24640657084189,0.3839835728952772,0.19507186858316222
2019-08-21,2924.429931640625,1.2788890000787467,69.19917864476386,30.800821355236142,59.753593429158116,40.24640657084189,0.3839835728952772,0.19507186858316222
2019-08-22,2922.949951171875,1.2777357116466748,69.40451745379876,30.59548254620123,59.54825462012321,40.4517453798768,0.38809034907597534,0.19096509240246407
2019-08-23,2847.110107421875,1.2186368138342702,69.40451745379876,30.59548254620123,59.54825462012321,40.4517453798768,0.38809034907597534,0.19096509240246407
2019-08-26,2878.3798828125,1.243004074749512,69.40451745379876,30.59548254620123,59.54825462012321,40.4517453798768,0.38809034907597534,0.19096509240246407
2019-08-27,2869.159912109375,1.2358193275312352,69.40451745379876,30.59548254620123,59.54825462012321,40.4517453798768,0.38809034907597534,0.19096509240246407
2019-08-28,2887.93994140625,1.2504538385936343,69.40451745379876,30.59548254620123,59.54825462012321,40.4517453798768,0.38809034907597534,0.19096509240246407
2019-08-29,2924.580078125,1.2790060031116939,69.40451745379876,30.59548254620123,59.34291581108829,40.6570841889117,0.38809034907597534,0.1868583162217659
2019-08-30,2926.4599609375,1.2804709191339558,69.40451745379876,30.59548254620123,59.13757700205339,40.86242299794661,0.38809034907597534,0.18275154004106775
2019-09-03,2906.27001953125,1.26473772105486,69.40451745379876,30.59548254620123,59.13757700205339,40.86242299794661,0.38809034907597534,0.18275154004106775
2019-09-04,2937.780029296875,1.2892921868228169,69.60985626283367,30.390143737166326,59.34291581108829,40.6570841889117,0.3921971252566735,0.1868583162217659
2019-09-05,2976.0,1.319075451546079,70.02053388090349,29.97946611909651,59.753593429158116,40.24640657084189,0.4004106776180698,0.19507186858316222
2019-09-06,2978.7099609375,1.3211872136041447,70.4312114989733,29.568788501026695,59.54825462012321,40.4517453798768,0.4086242299794661,0.19096509240246407
2019-09-09,2978.429931640625,1.320968998191478,70.84188911704312,29.158110882956876,59.54825462012321,40.4517453798768,0.41683778234086244,0.19096509240246407
2019-09-10,2979.389892578125,1.3217170566070018,71.45790554414785,28.54209445585216,59.95893223819302,40.04106776180698,0.42915811088295686,0.19917864476386038
2019-09-11,3000.929931640625,1.3385023307384492,71.66324435318275,28.336755646817245,60.16427104722793,39.83572895277207,0.433264887063655,0.2032854209445585
2019-09-12,3009.570068359375,1.345235236975833,71.86858316221766,28.131416837782343,60.16427104722793,39.83572895277207,0.43737166324435317,0.2032854209445585
2019-09-13,3007.389892578125,1.343536314887677,71.86858316221766,28.131416837782343,60.16427104722793,39.83572895277207,0.43737166324435317,0.2032854209445585
2019-09-16,2997.9599609375,1.336187953672109,71.86858316221766,28.131416837782343,60.16427104722793,39.83572895277207,0.43737166324435317,0.2032854209445585
2019-09-17,3005.699951171875,1.3422194124583138,72.07392197125256,27.92607802874743,60.16427104722793,39.83572895277207,0.4414784394250513,0.2032854209445585
2019-09-18,3006.72998046875,1.3430220722892132,72.07392197125256,27.92607802874743,60.16427104722793,39.83572895277207,0.4414784394250513,0.2032854209445585
2019-09-19,3006.7900390625,1.3430688735023915,72.07392197125256,27.92607802874743,60.16427104722793,39.83572895277207,0.4414784394250513,0.2032854209445585
2019-09-20,2992.070068359375,1.331598200550411,72.07392197125256,27.92607802874743,60.16427104722793,39.83572895277207,0.4414784394250513,0.2032854209445585
2019-09-23,2991.780029296875,1.3313721849355478,72.07392197125256,27.92607802874743,60.16427104722793,39.83572895277207,0.4414784394250513,0.2032854209445585
2019-09-24,2966.60009765625,1.3117504909370994,72.07392197125256,27.92607802874743,60.16427104722793,39.83572895277207,0.4414784394250513,0.2032854209445585
2019-09-25,2984.8701171875,1.3259875721851473,72.07392197125256,27.92607802874743,60.16427104722793,39.83572895277207,0.4414784394250513,0.2032854209445585
2019-09-26,2977.6201171875,1.320337942808901,72.07392197125256,27.92607802874743,60.16427104722793,39.83572895277207,0.4414784394250513,0.2032854209445585
2019-09-27,2961.7900390625,1.3080022084084493,72.07392197125256,27.92607802874743,60.36960985626283,39.630390143737166,0.4414784394250513,0.20739219712525667
2019-09-30,2976.739990234375,1.3196520957621147,72.07392197125256,27.92607802874743,60.36960985626283,39.630390143737166,0.4414784394250513,0.20739219712525667
2019-10-01,2940.25,1.291216934277002,72.07392197125256,27.92607802874743,60.36960985626283,39.630390143737166,0.4414784394250513,0.20739219712525667
2019-10-02,2887.610107421875,1.2501968124188192,72.07392197125256,27.92607802874743,60.36960985626283,39.630390143737166,0.4414784394250513,0.20739219712525667
2019-10-03,2910.6298828125,1.268135184733504,72.07392197125256,27.92607802874743,60.36960985626283,39.630390143737166,0.4414784394250513,0.20739219712525667
2019-10-04,2952.010009765625,1.3003810303648393,72.27926078028747,27.720739219712527,60.36960985626283,39.630390143737166,0.4455852156057495,0.20739219712525667
2019-10-07,2938.7900390625,1.2900792462493236,72.27926078028747,27.720739219712527,60.36960985626283,39.630390143737166,0.4455852156057495,0.20739219712525667
2019-10-08,2893.06005859375,1.2544437371415413,72.27926078028747,27.720739219712527,60.36960985626283,39.630390143737166,0.4455852156057495,0.20739219712525667
2019-10-09,2919.39990234375,1.2749693033506087,72.27926078028747,27.720739219712527,60.36960985626283,39.630390143737166,0.4455852156057495,0.20739219712525667
2019-10-10,2938.1298828125,1.2895648134020252,72.27926078028747,27.720739219712527,60.36960985626283,39.630390143737166,0.4455852156057495,0.20739219712525667
2019-10-11,2970.27001953125,1.3146103114106906,72.48459958932239,27.51540041067762,60.36960985626283,39.630390143737166,0.44969199178644764,0.20739219712525667
2019-10-14,2966.14990234375,1.3113996720870937,72.68993839835728,27.31006160164271,60.36960985626283,39.630390143737166,0.4537987679671458,0.20739219712525667
2019-10-15,2995.679931640625,1.3344112198108236,72.8952772073922,27.104722792607806,60.16427104722793,39.83572895277207,0.45790554414784396,0.2032854209445585
2019-10-16,2989.68994140625,1.3297434646671613,72.8952772073922,27.104722792607806,60.16427104722793,39.83572895277207,0.45790554414784396,0.2032854209445585
2019-10-17,2997.949951171875,1.3361801534699138,73.1006160164271,26.899383983572893,59.95893223819302,40.04106776180698,0.4620123203285421,0.19917864476386038
2019-10-18,2986.199951171875,1.327023857584273,73.1006160164271,26.899383983572893,59.95893223819302,40.04106776180698,0.4620123203285421,0.19917864476386038
2019-10-21,3006.719970703125,1.3430142720870175,73.92197125256673,26.07802874743326,59.753593429158116,40.24640657084189,0.4784394250513347,0.19507186858316222
2019-10-22,2995.989990234375,1.33465283583008,74.12731006160165,25.87268993839836,59.753593429158116,40.24640657084189,0.48254620123203285,0.19507186858316222
2019-10-23,3004.52001953125,1.3412999398433025,74.33264887063655,25.667351129363446,59.753593429158116,40.24640657084189,0.486652977412731,0.19507186858316222
2019-10-24,3010.2900390625,1.3457962807874773,74.33264887063655,25.667351129363446,59.753593429158116,40.24640657084189,0.486652977412731,0.19507186858316222
2019-10-25,3022.550048828125,1.3553500064874693,74.53798767967146,25.46201232032854,59.95893223819302,40.04106776180698,0.49075975359342916,0.19917864476386038
2019-10-28,3039.419921875,1.3684960106721822,74.94866529774127,25.051334702258725,59.54825462012321,40.4517453798768,0.4989733059548255,0.19096509240246407
2019-10-29,3036.889892578125,1.366524462004818,75.15400410677618,24.84599589322382,59.54825462012321,40.4517453798768,0.5030800821355236,0.19096509240246407
2019-10-30,3046.77001953125,1.374223642070393,75.15400410677618,24.84599589322382,59.753593429158116,40.24640657084189,0.5030800821355236,0.19507186858316222
2019-10-31,3037.56005859375,1.3670466950543125,75.35934291581108,24.64065708418891,59.54825462012321,40.4517453798768,0.5071868583162218,0.19096509240246407
2019-11-01,3066.909912109375,1.3899178391385059,75.7700205338809,24.229979466119097,59.95893223819302,40.04106776180698,0.5154004106776181,0.19917864476386038
2019-11-04,3078.27001953125,1.3987703076361524,76.79671457905543,23.203285420944557,59.753593429158116,40.24640657084189,0.5359342915811088,0.19507186858316222
2019-11-05,3074.6201171875,1.3959260875669548,78.02874743326488,21.971252566735114,60.57494866529775,39.42505133470226,0.5605749486652978,0.21149897330595482
2019-11-06,3076.780029296875,1.3976092190018843,78.4394250513347,21.560574948665298,60.36960985626283,39.630390143737166,0.5687885010266941,0.20739219712525667
2019-11-07,3085.179931640625,1.4041549203865533,78.85010266940452,21.149897330595483,59.753593429158116,40.24640657084189,0.5770020533880903,0.19507186858316222
2019-11-08,3093.080078125,1.4103111824079013,79.05544147843942,20.944558521560573,59.95893223819302,40.04106776180698,0.5811088295687885,0.19917864476386038
2019-11-11,3087.010009765625,1.4055810256466672,79.05544147843942,20.944558521560573,59.95893223819302,40.04106776180698,0.5811088295687885,0.19917864476386038
2019-11-12,3091.840087890625,1.409344908579711,79.26078028747433,20.739219712525667,59.54825462012321,40.4517453798768,0.5852156057494866,0.19096509240246407
2019-11-13,3094.0400390625,1.4110592408234255,79.26078028747433,20.739219712525667,59.54825462012321,40.4517453798768,0.5852156057494866,0.19096509240246407
2019-11-14,3096.6298828125,1.4130774004551343,79.26078028747433,20.739219712525667,59.54825462012321,40.4517453798768,0.5852156057494866,0.19096509240246407
2019-11-15,3120.4599609375,1.4316472086500647,79.87679671457906,20.123203285420946,59.34291581108829,40.6570841889117,0.5975359342915811,0.1868583162217659
2019-11-18,3122.030029296875,1.4328706989019047,80.08213552361396,19.917864476386036,59.54825462012321,40.4517453798768,0.6016427104722792,0.19096509240246407
2019-11-19,3120.179931640625,1.4314289932373976,80.08213552361396,19.917864476386036,59.54825462012321,40.4517453798768,0.6016427104722792,0.19096509240246407
2019-11-20,3108.4599609375,1.4222960979583466,80.08213552361396,19.917864476386036,59.54825462012321,40.4517453798768,0.6016427104722792,0.19096509240246407
2019-11-21,3103.5400390625,1.4184622034543688,80.28747433264887,19.71252566735113,59.54825462012321,40.4517453798768,0.6057494866529775,0.19096509240246407
2019-11-22,3110.2900390625,1.42372220321846,80.28747433264887,19.71252566735113,59.753593429158116,40.24640657084189,0.6057494866529775,0.19507186858316222
2019-11-25,3133.639892578125,1.4419177919567945,80.69815195071868,19.301848049281315,59.13757700205339,40.86242299794661,0.6139630390143738,0.18275154004106775
2019-11-26,3140.52001953125,1.44727919434944,81.1088295687885,18.8911704312115,59.13757700205339,40.86242299794661,0.62217659137577,0.18275154004106775
2019-11-27,3153.6298828125,1.4574951762407946,81.1088295687885,18.8911704312115,58.932238193018485,41.067761806981515,0.62217659137577,0.17864476386036962
2019-11-29,3140.97998046875,1.4476376231528092,81.1088295687885,18.8911704312115,58.932238193018485,41.067761806981515,0.62217659137577,0.17864476386036962
2019-12-02,3113.8701171875,1.4265120121211168,81.1088295687885,18.8911704312115,58.72689938398358,41.27310061601643,0.62217659137577,0.17453798767967146
2019-12-03,3093.199951171875,1.410404594585425,81.1088295687885,18.8911704312115,58.72689938398358,41.27310061601643,0.62217659137577,0.17453798767967146
2019-12-04,3112.760009765625,1.4256469506726455,81.1088295687885,18.8911704312115,58.72689938398358,41.27310061601643,0.62217659137577,0.17453798767967146
2019-12-05,3117.429931640625,1.429286030370546,81.1088295687885,18.8911704312115,58.932238193018485,41.067761806981515,0.62217659137577,0.17864476386036962
2019-12-06,3145.909912109375,1.4514793178589835,81.51950718685832,18.480492813141684,59.13757700205339,40.86242299794661,0.6303901437371663,0.18275154004106775
2019-12-09,3135.9599609375,1.4437257266268673,81.72484599589322,18.275154004106774,59.34291581108829,40.6570841889117,0.6344969199178645,0.1868583162217659
2019-12-10,3132.52001953125,1.441045120554962,81.72484599589322,18.275154004106774,59.13757700205339,40.86242299794661,0.6344969199178645,0.18275154004106775
2019-12-11,3141.6298828125,1.4481440655490774,81.72484599589322,18.275154004106774,59.34291581108829,40.6570841889117,0.6344969199178645,0.1868583162217659
2019-12-12,3168.570068359375,1.4691374536410984,82.54620123203286,17.453798767967147,58.932238193018485,41.067761806981515,0.6509240246406571,0.17864476386036962
2019-12-13,3168.800048828125,1.4693166680427825,82.54620123203286,17.453798767967147,58.72689938398358,41.27310061601643,0.6509240246406571,0.17453798767967146
2019-12-16,3191.449951171875,1.4869668133738667,82.95687885010267,17.04312114989733,58.31622176591375,41.68377823408625,0.6591375770020534,0.16632443531827515
2019-12-17,3192.52001953125,1.4878006740135516,83.16221765913757,16.83778234086242,57.90554414784395,42.09445585215606,0.6632443531827515,0.15811088295687886
2019-12-18,3191.139892578125,1.4867251973546103,83.3675564681725,16.632443531827516,57.90554414784395,42.09445585215606,0.6673511293634496,0.15811088295687886
2019-12-19,3205.3701171875,1.4978142311454663,83.77823408624229,16.2217659137577,58.110882956878854,41.889117043121146,0.675564681724846,0.162217659137577
2019-12-20,3221.219970703125,1.5101653757014772,84.39425051334702,15.605749486652979,57.90554414784395,42.09445585215606,0.6878850102669405,0.15811088295687886
2019-12-23,3224.010009765625,1.5123395393771153,84.39425051334702,15.605749486652979,57.49486652977412,42.50513347022588,0.6878850102669405,0.14989733059548255
2019-12-24,3223.3798828125,1.5118485071364063,84.39425051334702,15.605749486652979,57.28952772073922,42.71047227926078,0.6878850102669405,0.1457905544147844
2019-12-26,3239.909912109375,1.5247296849441083,84.39425051334702,15.605749486652979,57.08418891170432,42.91581108829568,0.6878850102669405,0.14168377823408623
2019-12-27,3240.02001953125,1.524815487168269,84.39425051334702,15.605749486652979,56.87885010266941,43.121149897330596,0.6878850102669405,0.1375770020533881
2019-12-30,3221.2900390625,1.5102199771168525,84.39425051334702,15.605749486652979,56.87885010266941,43.121149897330596,0.6878850102669405,0.1375770020533881
2019-12-31,3230.780029296875,1.5176151395455992,84.39425051334702,15.605749486652979,56.87885010266941,43.121149897330596,0.6878850102669405,0.1375770020533881
2020-01-02,3257.85009765625,1.5387097400173402,84.39425051334702,15.605749486652979,56.67351129363449,43.3264887063655,0.6878850102669405,0.13347022587268995
2020-01-03,3234.85009765625,1.520786777858214,84.39425051334702,15.605749486652979,56.87885010266941,43.121149897330596,0.6878850102669405,0.1375770020533881
2020-01-06,3246.280029296875,1.5296936575224018,84.39425051334702,15.605749486652979,56.67351129363449,43.3264887063655,0.6878850102669405,0.13347022587268995
2020-01-07,3237.179931640625,1.5226023224816485,84.39425051334702,15.605749486652979,56.87885010266941,43.121149897330596,0.6878850102669405,0.1375770020533881
2020-01-08,3253.050048828125,1.5349692576908858,84.59958932238193,15.400410677618071,56.87885010266941,43.121149897330596,0.6919917864476386,0.1375770020533881
2020-01-09,3274.699951171875,1.5518401437976603,84.59958932238193,15.400410677618071,56.87885010266941,43.121149897330596,0.6919917864476386,0.1375770020533881
2020-01-10,3265.35009765625,1.5445541841996637,84.59958932238193,15.400410677618071,56.87885010266941,43.121149897330596,0.6919917864476386,0.1375770020533881
2020-01-13,3288.1298828125,1.5623055419104679,85.01026694045176,14.989733059548255,57.08418891170432,42.91581108829568,0.7002053388090349,0.14168377823408623
2020-01-14,3283.14990234375,1.558424846193312,85.01026694045176,14.989733059548255,57.28952772073922,42.71047227926078,0.7002053388090349,0.1457905544147844
2020-01-15,3289.2900390625,1.5632096043699217,85.21560574948666,14.784394250513348,57.28952772073922,42.71047227926078,0.704312114989733,0.1457905544147844
2020-01-16,3316.81005859375,1.5846548334428352,85.21560574948666,14.784394250513348,57.49486652977412,42.50513347022588,0.704312114989733,0.14989733059548255
2020-01-17,3329.6201171875,1.5946371897659648,85.21560574948666,14.784394250513348,57.70020533880903,42.299794661190965,0.704312114989733,0.1540041067761807
2020-01-21,3320.7900390625,1.587756269935682,85.01026694045176,14.989733059548255,57.70020533880903,42.299794661190965,0.7002053388090349,0.1540041067761807
2020-01-22,3321.75,1.5885043283512057,85.21560574948666,14.784394250513348,57.70020533880903,42.299794661190965,0.704312114989733,0.1540041067761807
2020-01-23,3325.5400390625,1.5914577512511534,85.01026694045176,14.989733059548255,57.70020533880903,42.299794661190965,0.7002053388090349,0.1540041067761807
2020-01-24,3295.469970703125,1.568025373106483,85.01026694045176,14.989733059548255,57.49486652977412,42.50513347022588,0.7002053388090349,0.14989733059548255
2020-01-27,3243.6298828125,1.5276285064286812,85.01026694045176,14.989733059548255,57.49486652977412,42.50513347022588,0.7002053388090349,0.14989733059548255
2020-01-28,3276.239990234375,1.5530402334429119,84.80492813141683,15.195071868583163,57.49486652977412,42.50513347022588,0.6960985626283368,0.14989733059548255
2020-01-29,3273.39990234375,1.5508270687562913,84.80492813141683,15.195071868583163,57.70020533880903,42.299794661190965,0.6960985626283368,0.1540041067761807
2020-01-30,3283.659912109375,1.5588222760076635,84.80492813141683,15.195071868583163,57.28952772073922,42.71047227926078,0.6960985626283368,0.1457905544147844
2020-01-31,3225.52001953125,1.5135162284157762,84.39425051334702,15.605749486652979,57.08418891170432,42.91581108829568,0.6878850102669405,0.14168377823408623
2020-02-03,3248.919921875,1.5317508181650932,84.39425051334702,15.605749486652979,56.262833675564686,43.737166324435314,0.6878850102669405,0.12525667351129363
2020-02-04,3297.590087890625,1.5696774939814597,84.59958932238193,15.400410677618071,56.262833675564686,43.737166324435314,0.6919917864476386,0.12525667351129363
2020-02-05,3334.68994140625,1.5985878970540548,84.80492813141683,15.195071868583163,56.262833675564686,43.737166324435314,0.6960985626283368,0.12525667351129363
2020-02-06,3345.780029296875,1.6072299503412308,85.21560574948666,14.784394250513348,55.441478439425055,44.558521560574945,0.704312114989733,0.10882956878850103
2020-02-07,3327.7099609375,1.5931486828882782,85.21560574948666,14.784394250513348,54.82546201232032,45.17453798767967,0.704312114989733,0.09650924024640657
2020-02-10,3352.090087890625,1.6121471217063457,85.21560574948666,14.784394250513348,55.03080082135524,44.969199178644764,0.704312114989733,0.10061601642710473
2020-02-11,3357.75,1.6165576604263587,85.01026694045176,14.989733059548255,55.23613963039015,44.76386036960985,0.7002053388090349,0.10472279260780287
2020-02-12,3379.449951171875,1.6334675475441158,85.01026694045176,14.989733059548255,54.82546201232032,45.17453798767967,0.7002053388090349,0.09650924024640657
2020-02-13,3373.93994140625,1.629173821608215,85.01026694045176,14.989733059548255,54.62012320328542,45.37987679671458,0.7002053388090349,0.09240246406570841
2020-02-14,3380.159912109375,1.6340207911535622,85.01026694045176,14.989733059548255,54.62012320328542,45.37987679671458,0.7002053388090349,0.09240246406570841
2020-02-18,3370.2900390625,1.6263296015390178,85.21560574948666,14.784394250513348,54.41478439425052,45.58521560574948,0.704312114989733,0.08829568788501027
2020-02-19,3386.14990234375,1.6386885462972245,85.21560574948666,14.784394250513348,54.20944558521561,45.790554414784395,0.704312114989733,0.08418891170431211
2020-02-20,3373.22998046875,1.6286205779987686,85.21560574948666,14.784394250513348,54.41478439425052,45.58521560574948,0.704312114989733,0.08829568788501027
2020-02-21,3337.75,1.600972475940162,85.21560574948666,14.784394250513348,54.41478439425052,45.58521560574948,0.704312114989733,0.08829568788501027
2020-02-24,3225.889892578125,1.5138044553993764,84.59958932238193,15.400410677618071,54.41478439425052,45.58521560574948,0.6919917864476386,0.08829568788501027
2020-02-25,3128.2099609375,1.437686467638465,84.18891170431212,15.811088295687886,54.00410677618069,45.9958932238193,0.6837782340862423,0.08008213552361396
2020-02-26,3116.389892578125,1.428475570337449,83.40163934426229,16.598360655737704,54.20944558521561,45.790554414784395,0.6680327868852459,0.08418891170431211
2020-02-27,2978.760009765625,1.3212262146151263,79.30327868852459,20.69672131147541,54.62012320328542,45.37987679671458,0.5860655737704918,0.09240246406570841
2020-02-28,2954.219970703125,1.3021031628107496,77.6639344262295,22.33606557377049,54.20944558521561,45.790554414784395,0.5532786885245902,0.08418891170431211
2020-03-02,3090.22998046875,1.4080902175190837,77.6639344262295,22.33606557377049,53.59342915811089,46.40657084188911,0.5532786885245902,0.07186858316221766
2020-03-03,3003.3701171875,1.340403867834878,76.84426229508196,23.15573770491803,53.59342915811089,46.40657084188911,0.5368852459016393,0.07186858316221766
2020-03-04,3130.1201171875,1.4391749745161495,76.63934426229508,23.36065573770492,53.798767967145785,46.201232032854215,0.5327868852459017,0.07597535934291581
2020-03-05,3023.93994140625,1.3564330930997706,73.97540983606558,26.024590163934423,52.772073921971256,47.227926078028744,0.47950819672131145,0.055441478439425054
2020-03-06,2972.3701171875,1.3162468318812728,71.92622950819673,28.07377049180328,51.84426229508197,48.15573770491803,0.4385245901639344,0.036885245901639344
2020-03-09,2746.56005859375,1.1402822607801482,58.19672131147541,41.80327868852459,52.04918032786885,47.950819672131146,0.16393442622950818,0.040983606557377046
2020-03-10,2882.22998046875,1.2460042988626374,58.19672131147541,41.80327868852459,52.254098360655746,47.74590163934426,0.16393442622950818,0.045081967213114756
2020-03-11,2741.3798828125,1.136245561019063,56.35245901639344,43.64754098360656,52.04918032786885,47.950819672131146,0.12704918032786885,0.040983606557377046
2020-03-12,2480.639892578125,0.9330615184824693,41.224489795918366,58.77551020408164,51.84426229508197,48.15573770491803,-0.17551020408163265,0.036885245901639344
2020-03-13,2711.02001953125,1.1125873575083634,41.0204081632653,58.97959183673469,50.61224489795918,49.38775510204081,-0.17959183673469387,0.012244897959183673
2020-03-16,2386.1298828125,0.8594137215829929,29.38775510204082,70.61224489795919,49.38775510204081,50.61224489795918,-0.4122448979591837,-0.012244897959183673
2020-03-17,2529.18994140625,0.9708945918724783,28.97959183673469,71.0204081632653,47.755102040816325,52.244897959183675,-0.4204081632653061,-0.044897959183673466
2020-03-18,2398.10009765625,0.8687416219169555,25.102040816326532,74.89795918367346,45.51020408163266,54.48979591836734,-0.49795918367346936,-0.08979591836734693
2020-03-19,2409.389892578125,0.8775392987503932,24.285714285714285,75.71428571428571,45.30612244897959,54.69387755102041,-0.5142857142857142,-0.09387755102040816
2020-03-20,2304.919921875,0.7961301104166045,19.591836734693878,80.40816326530611,45.30612244897959,54.69387755102041,-0.6081632653061224,-0.09387755102040816
2020-03-23,2237.39990234375,0.7435145123712976,16.122448979591837,83.87755102040816,44.89795918367347,55.10204081632652,-0.6775510204081633,-0.10204081632653061
2020-03-24,2447.330078125,0.9071045383098224,16.122448979591837,83.87755102040816,44.89795918367347,55.10204081632652,-0.6775510204081633,-0.10204081632653061
2020-03-25,2475.56005859375,0.9291030109921825,16.122448979591837,83.87755102040816,44.48979591836735,55.51020408163265,-0.6775510204081633,-0.11020408163265306
2020-03-26,2630.070068359375,1.0495063613502489,16.122448979591837,83.87755102040816,44.48979591836735,55.51020408163265,-0.6775510204081633,-0.11020408163265306
2020-03-27,2541.469970703125,0.9804639179768639,16.122448979591837,83.87755102040816,44.48979591836735,55.51020408163265,-0.6775510204081633,-0.11020408163265306
2020-03-30,2626.64990234375,1.0468411654339023,16.122448979591837,83.87755102040816,44.285714285714285,55.714285714285715,-0.6775510204081633,-0.11428571428571428
2020-03-31,2584.590087890625,1.0140656670485444,16.122448979591837,83.87755102040816,44.285714285714285,55.714285714285715,-0.6775510204081633,-0.11428571428571428
2020-04-01,2470.5,0.9251599136574546,16.122448979591837,83.87755102040816,44.285714285714285,55.714285714285715,-0.6775510204081633,-0.11428571428571428
2020-04-02,2526.89990234375,0.9691100578089957,16.122448979591837,83.87755102040816,44.08163265306123,55.91836734693878,-0.6775510204081633,-0.11836734693877551
2020-04-03,2488.64990234375,0.9393033924791443,15.918367346938775,84.08163265306122,44.285714285714285,55.714285714285715,-0.6816326530612244,-0.11428571428571428
2020-04-06,2663.679931640625,1.0756971573399552,15.918367346938775,84.08163265306122,44.285714285714285,55.714285714285715,-0.6816326530612244,-0.11428571428571428
2020-04-07,2659.409912109375,1.0723697052322456,15.918367346938775,84.08163265306122,44.285714285714285,55.714285714285715,-0.6816326530612244,-0.11428571428571428
2020-04-08,2749.97998046875,1.1429472664476612,16.122448979591837,83.87755102040816,44.48979591836735,55.51020408163265,-0.6775510204081633,-0.11020408163265306
2020-04-09,2789.820068359375,1.1739930224337454,16.3265306122449,83.6734693877551,44.69387755102041,55.306122448979586,-0.673469387755102,-0.10612244897959183
2020-04-13,2761.6298828125,1.1520255603113374,16.3265306122449,83.6734693877551,44.69387755102041,55.306122448979586,-0.673469387755102,-0.10612244897959183
2020-04-14,2846.06005859375,1.2178185535989772,16.53061224489796,83.46938775510205,44.69387755102041,55.306122448979586,-0.6693877551020408,-0.10612244897959183
2020-04-15,2783.360107421875,1.168959038284517,16.73469387755102,83.26530612244898,44.69387755102041,55.306122448979586,-0.6653061224489796,-0.10612244897959183
2020-04-16,2799.550048828125,1.1815751994663732,16.93877551020408,83.06122448979592,44.48979591836735,55.51020408163265,-0.6612244897959184,-0.11020408163265306
2020-04-17,2874.56005859375,1.240027441491807,17.346938775510203,82.6530612244898,44.285714285714285,55.714285714285715,-0.6530612244897959,-0.11428571428571428
2020-04-20,2823.159912109375,1.1999734032129812,17.551020408163264,82.44897959183673,44.08163265306123,55.91836734693878,-0.6489795918367347,-0.11836734693877551
2020-04-21,2736.56005859375,1.1324896685370498,17.551020408163264,82.44897959183673,44.08163265306123,55.91836734693878,-0.6489795918367347,-0.11836734693877551
2020-04-22,2799.31005859375,1.181388184862492,17.551020408163264,82.44897959183673,44.08163265306123,55.91836734693878,-0.6489795918367347,-0.11836734693877551
2020-04-23,2797.800048828125,1.1802114958238308,17.755102040816325,82.24489795918367,43.87755102040816,56.12244897959183,-0.6448979591836734,-0.12244897959183673
2020-04-24,2836.739990234375,1.2105558043587359,17.959183673469386,82.0408163265306,43.673469387755105,56.326530612244895,-0.6408163265306123,-0.12653061224489795
2020-04-27,2878.47998046875,1.2430820767714752,18.775510204081634,81.22448979591836,43.673469387755105,56.326530612244895,-0.6244897959183674,-0.12653061224489795
2020-04-28,2863.389892578125,1.2313229865870596,18.775510204081634,81.22448979591836,43.673469387755105,56.326530612244895,-0.6244897959183674,-0.12653061224489795
2020-04-29,2939.510009765625,1.2906402900609648,18.775510204081634,81.22448979591836,42.857142857142854,57.14285714285714,-0.6244897959183674,-0.14285714285714285
2020-04-30,2912.429931640625,1.2695378893870273,19.183673469387756,80.81632653061224,42.857142857142854,57.14285714285714,-0.6163265306122448,-0.14285714285714285
2020-05-01,2830.7099609375,1.2058568484062877,19.183673469387756,80.81632653061224,42.857142857142854,57.14285714285714,-0.6163265306122448,-0.14285714285714285
2020-05-04,2842.739990234375,1.2152313597045947,19.183673469387756,80.81632653061224,43.06122448979592,56.93877551020409,-0.6163265306122448,-0.13877551020408163
2020-05-05,2868.43994140625,1.235258283719591,20.0,80.0,43.26530612244898,56.734693877551024,-0.6,-0.1346938775510204
2020-05-06,2848.419921875,1.2196574988290014,20.0,80.0,42.44897959183673,57.55102040816327,-0.6,-0.1510204081632653
2020-05-07,2881.18994140625,1.2451938388295414,20.408163265306122,79.59183673469387,42.44897959183673,57.55102040816327,-0.5918367346938775,-0.1510204081632653
2020-05-08,2929.800048828125,1.2830737134327297,20.612244897959183,79.38775510204081,42.04081632653061,57.95918367346938,-0.5877551020408164,-0.15918367346938775
2020-05-11,2930.18994140625,1.2833775408207235,20.816326530612244,79.18367346938776,41.83673469387755,58.16326530612245,-0.5836734693877551,-0.16326530612244897
2020-05-12,2870.1201171875,1.236567576195592,20.816326530612244,79.18367346938776,41.63265306122449,58.36734693877551,-0.5836734693877551,-0.1673469387755102
2020-05-13,2820.0,1.1975110125537425,20.816326530612244,79.18367346938776,41.83673469387755,58.16326530612245,-0.5836734693877551,-0.16326530612244897
2020-05-14,2852.5,1.2228369373438124,21.020408163265305,78.9795918367347,41.83673469387755,58.16326530612245,-0.5795918367346938,-0.16326530612244897
2020-05-15,2863.699951171875,1.231564602606316,21.020408163265305,78.9795918367347,41.63265306122449,58.36734693877551,-0.5795918367346938,-0.1673469387755102
2020-05-18,2953.909912109375,1.3018615467914931,21.428571428571427,78.57142857142857,41.63265306122449,58.36734693877551,-0.5714285714285714,-0.1673469387755102
2020-05-19,2922.93994140625,1.2777279114444777,21.428571428571427,78.57142857142857,41.42857142857143,58.57142857142858,-0.5714285714285714,-0.17142857142857143
2020-05-20,2971.610107421875,1.3156545872608447,21.836734693877553,78.16326530612245,41.63265306122449,58.36734693877551,-0.563265306122449,-0.1673469387755102
2020-05-21,2948.510009765625,1.297653623079754,22.040816326530614,77.9591836734694,41.42857142857143,58.57142857142858,-0.5591836734693878,-0.17142857142857143
2020-05-22,2955.449951171875,1.3030616364367442,22.244897959183675,77.75510204081633,41.63265306122449,58.36734693877551,-0.5551020408163265,-0.1673469387755102
2020-05-26,2991.77001953125,1.3313643847333512,22.448979591836736,77.55102040816327,41.83673469387755,58.16326530612245,-0.5510204081632653,-0.16326530612244897
2020-05-27,3036.1298828125,1.3659322173843886,23.26530612244898,76.73469387755102,42.04081632653061,57.95918367346938,-0.5346938775510204,-0.15918367346938775
2020-05-28,3029.72998046875,1.3609450344483394,23.46938775510204,76.53061224489795,42.04081632653061,57.95918367346938,-0.5306122448979592,-0.15918367346938775
2020-05-29,3044.31005859375,1.3723066948184033,25.102040816326532,74.89795918367346,42.44897959183673,57.55102040816327,-0.49795918367346936,-0.1510204081632653
2020-06-01,3055.72998046875,1.381205774280395,25.71428571428571,74.28571428571429,42.44897959183673,57.55102040816327,-0.4857142857142857,-0.1510204081632653
2020-06-02,3080.820068359375,1.4007574567079089,26.53061224489796,73.46938775510205,42.44897959183673,57.55102040816327,-0.46938775510204084,-0.1510204081632653
2020-06-03,3122.8701171875,1.4335253451399046,26.73469387755102,73.26530612244898,42.6530612244898,57.3469387755102,-0.46530612244897956,-0.1469387755102041
2020-06-04,3112.35009765625,1.4253275228802584,26.73469387755102,73.26530612244898,42.857142857142854,57.14285714285714,-0.46530612244897956,-0.14285714285714285
2020-06-05,3193.929931640625,1.4888993610302474,27.755102040816325,72.24489795918367,42.857142857142854,57.14285714285714,-0.4448979591836735,-0.14285714285714285
2020-06-08,3232.389892578125,1.5188696403573907,28.367346938775512,71.63265306122449,43.06122448979592,56.93877551020409,-0.4326530612244898,-0.13877551020408163
2020-06-09,3207.179931640625,1.499224545752353,28.367346938775512,71.63265306122449,42.6530612244898,57.3469387755102,-0.4326530612244898,-0.1469387755102041
2020-06-10,3190.139892578125,1.4859459381302997,28.367346938775512,71.63265306122449,42.6530612244898,57.3469387755102,-0.4326530612244898,-0.1469387755102041
2020-06-11,3002.10009765625,1.3394141934000983,28.367346938775512,71.63265306122449,42.44897959183673,57.55102040816327,-0.4326530612244898,-0.1510204081632653
2020-06-12,3041.31005859375,1.3699689171454739,28.367346938775512,71.63265306122449,42.244897959183675,57.75510204081633,-0.4326530612244898,-0.15510204081632653
2020-06-15,3066.590087890625,1.3896686131658869,28.367346938775512,71.63265306122449,42.244897959183675,57.75510204081633,-0.4326530612244898,-0.15510204081632653
2020-06-16,3124.739990234375,1.4349824609599704,28.5132382892057,71.4867617107943,42.244897959183675,57.75510204081633,-0.42973523421588594,-0.15510204081632653
2020-06-17,3113.489990234375,1.4262157946864846,28.716904276985744,71.28309572301426,42.244897959183675,57.75510204081633,-0.4256619144602851,-0.15510204081632653
2020-06-18,3115.340087890625,1.4276575003509913,28.716904276985744,71.28309572301426,42.44897959183673,57.55102040816327,-0.4256619144602851,-0.1510204081632653
2020-06-19,3097.739990234375,1.4139424619036043,28.920570264765782,71.07942973523421,41.83673469387755,58.16326530612245,-0.4215885947046843,-0.16326530612244897
2020-06-22,3117.860107421875,1.4296212488161588,28.920570264765782,71.07942973523421,41.83673469387755,58.16326530612245,-0.4215885947046843,-0.16326530612244897
2020-06-23,3131.2900390625,1.4400866469289668,28.920570264765782,71.07942973523421,41.83673469387755,58.16326530612245,-0.4215885947046843,-0.16326530612244897
2020-06-24,3050.330078125,1.3769978505686553,28.920570264765782,71.07942973523421,41.83673469387755,58.16326530612245,-0.4215885947046843,-0.16326530612244897
2020-06-25,3083.760009765625,1.40304843316766,29.124236252545828,70.87576374745417,41.75152749490835,58.248472505091655,-0.4175152749490835,-0.164969450101833
2020-06-26,3009.050048828125,1.3448300069592851,29.124236252545828,70.87576374745417,41.75152749490835,58.248472505091655,-0.4175152749490835,-0.164969450101833
2020-06-29,3053.239990234375,1.3792654264218167,29.124236252545828,70.87576374745417,41.75152749490835,58.248472505091655,-0.4175152749490835,-0.164969450101833
2020-06-30,3100.2900390625,1.4159296109753612,29.327902240325866,70.67209775967413,41.75152749490835,58.248472505091655,-0.4134419551934827,-0.164969450101833
2020-07-01,3115.860107421875,1.4280627303675386,29.327902240325866,70.67209775967413,41.54786150712831,58.45213849287168,-0.4134419551934827,-0.1690427698574338
2020-07-02,3130.010009765625,1.4390891722919892,29.531568228105908,70.46843177189409,41.54786150712831,58.45213849287168,-0.4093686354378819,-0.1690427698574338
2020-07-06,3179.719970703125,1.4778261178926178,29.938900203665987,70.06109979633402,40.73319755600815,59.26680244399185,-0.40122199592668023,-0.18533604887983707
2020-07-07,3145.320068359375,1.4510196766758932,30.346232179226067,69.65376782077392,40.936863543788185,59.063136456211815,-0.39307535641547864,-0.18126272912423624
2020-07-08,3169.93994140625,1.4702049398490078,30.75356415478615,69.24643584521385,40.936863543788185,59.063136456211815,-0.384928716904277,-0.18126272912423624
2020-07-09,3152.050048828125,1.4562640760355916,30.75356415478615,69.24643584521385,40.936863543788185,59.063136456211815,-0.384928716904277,-0.18126272912423624
2020-07-10,3185.0400390625,1.48197183023562,30.75356415478615,69.24643584521385,40.73319755600815,59.26680244399185,-0.384928716904277,-0.18533604887983707
2020-07-13,3155.219970703125,1.458734266897027,30.75356415478615,69.24643584521385,40.73319755600815,59.26680244399185,-0.384928716904277,-0.18533604887983707
2020-07-14,3197.52001953125,1.4916969701351,31.160896130346234,68.83910386965377,40.73319755600815,59.26680244399185,-0.37678207739307534,-0.18533604887983707
2020-07-15,3226.56005859375,1.5143266884488709,31.771894093686353,68.22810590631364,40.73319755600815,59.26680244399185,-0.3645621181262729,-0.18533604887983707
2020-07-16,3215.570068359375,1.5057626371836594,31.975560081466398,68.0244399185336,40.73319755600815,59.26680244399185,-0.3604887983706721,-0.18533604887983707
2020-07-17,3224.72998046875,1.5129005831887574,32.586558044806516,67.41344195519349,40.936863543788185,59.063136456211815,-0.34826883910386963,-0.18126272912423624
2020-07-20,3251.840087890625,1.5340263844692843,32.9938900203666,67.0061099796334,40.936863543788185,59.063136456211815,-0.34012219959266804,-0.18126272912423624
2020-07-21,3257.300048828125,1.5382811093942026,33.604887983706725,66.39511201629328,40.936863543788185,59.063136456211815,-0.32790224032586557,-0.18126272912423624
2020-07-22,3276.02001953125,1.5528688192434226,34.419551934826885,65.58044806517312,40.936863543788185,59.063136456211815,-0.31160896130346233,-0.18126272912423624
2020-07-23,3235.659912109375,1.5214178332407906,35.03054989816701,64.96945010183299,41.14052953156823,58.85947046843177,-0.29938900203665986,-0.17718940936863545
2020-07-24,3215.6298828125,1.5058092481480045,35.234215885947044,64.76578411405295,41.34419551934827,58.65580448065173,-0.2953156822810591,-0.17311608961303462
2020-07-27,3239.409912109375,1.5243400553319524,36.04887983706721,63.951120162932796,41.34419551934827,58.65580448065173,-0.2790224032586558,-0.17311608961303462
2020-07-28,3218.43994140625,1.5079990122280353,36.252545824847246,63.747454175152754,41.34419551934827,58.65580448065173,-0.27494908350305497,-0.17311608961303462
2020-07-29,3258.43994140625,1.5391693812004288,37.88187372708758,62.11812627291242,41.34419551934827,58.65580448065173,-0.24236252545824846,-0.17311608961303462
2020-07-30,3246.219970703125,1.5296468563092223,38.289205702647656,61.710794297352344,41.54786150712831,58.45213849287168,-0.23421588594704684,-0.1690427698574338
2020-07-31,3271.1201171875,1.5490505251438376,38.69653767820774,61.30346232179226,41.54786150712831,58.45213849287168,-0.22606924643584522,-0.1690427698574338
2020-08-03,3294.610107421875,1.5673553167129222,38.69653767820774,61.30346232179226,41.54786150712831,58.45213849287168,-0.22606924643584522,-0.1690427698574338
2020-08-04,3306.510009765625,1.5766284253826752,38.90020366598778,61.099796334012225,41.34419551934827,58.65580448065173,-0.2219959266802444,-0.17311608961303462
2020-08-05,3327.77001953125,1.5931954841014555,39.307535641547865,60.692464358452135,41.34419551934827,58.65580448065173,-0.21384928716904278,-0.17311608961303462
2020-08-06,3349.159912109375,1.6098637551999557,39.91853360488798,60.08146639511202,41.05691056910569,58.94308943089431,-0.20162932790224034,-0.17886178861788618
2020-08-07,3351.280029296875,1.6115158760749333,41.14052953156823,58.85947046843177,41.05691056910569,58.94308943089431,-0.17718940936863545,-0.17886178861788618
2020-08-10,3360.469970703125,1.6186772226866206,41.75152749490835,58.248472505091655,41.66666666666667,58.333333333333336,-0.164969450101833,-0.16666666666666666
2020-08-11,3333.68994140625,1.597808637829743,41.75152749490835,58.248472505091655,41.66666666666667,58.333333333333336,-0.164969450101833,-0.16666666666666666
2020-08-12,3380.35009765625,1.634168994995294,42.56619144602851,57.43380855397149,41.86991869918699,58.13008130081301,-0.14867617107942974,-0.16260162601626016
2020-08-13,3373.429931640625,1.6287763917938625,42.76985743380855,57.23014256619145,41.86991869918699,58.13008130081301,-0.1446028513238289,-0.16260162601626016
2020-08-14,3372.85009765625,1.6283245508129705,42.76985743380855,57.23014256619145,41.86991869918699,58.13008130081301,-0.1446028513238289,-0.16260162601626016
2020-08-17,3381.989990234375,1.6354468964136752,42.973523421588595,57.0264765784114,41.86991869918699,58.13008130081301,-0.14052953156822812,-0.16260162601626016
2020-08-18,3389.780029296875,1.641517356210862,43.58452138492871,56.41547861507128,41.66666666666667,58.333333333333336,-0.12830957230142567,-0.16666666666666666
2020-08-19,3374.85009765625,1.6298830692615898,43.58452138492871,56.41547861507128,41.66666666666667,58.333333333333336,-0.12830957230142567,-0.16666666666666666
2020-08-20,3385.510009765625,1.6381899041031525,43.58452138492871,56.41547861507128,41.66666666666667,58.333333333333336,-0.12830957230142567,-0.16666666666666666
2020-08-21,3397.159912109375,1.6472681979668287,43.78818737270876,56.211812627291245,41.260162601626014,58.739837398373986,-0.12423625254582485,-0.17479674796747968
2020-08-24,3431.280029296875,1.6738566140197206,44.19551934826884,55.80448065173116,41.05691056910569,58.94308943089431,-0.11608961303462322,-0.17886178861788618
2020-08-25,3443.6201171875,1.683472741337284,44.39918533604888,55.60081466395111,40.853658536585364,59.14634146341463,-0.1120162932790224,-0.18292682926829268
2020-08-26,3478.72998046875,1.7108324261634555,44.602851323828915,55.397148676171085,40.243902439024396,59.756097560975604,-0.1079429735234216,-0.1951219512195122
2020-08-27,3484.550048828125,1.7153677681186124,44.806517311608964,55.193482688391036,40.243902439024396,59.756097560975604,-0.10386965376782077,-0.1951219512195122
2020-08-28,3508.010009765625,1.7336491590811076,45.824847250509166,54.17515274949084,40.040650406504064,59.959349593495936,-0.0835030549898167,-0.1991869918699187
2020-08-31,3500.31005859375,1.7276489011036888,45.824847250509166,54.17515274949084,40.040650406504064,59.959349593495936,-0.0835030549898167,-0.1991869918699187
2020-09-01,3526.64990234375,1.7481744673127562,46.02851323828921,53.97148676171079,39.63414634146341,60.36585365853659,-0.07942973523421588,-0.2073170731707317
2020-09-02,3580.840087890625,1.7904026692672206,48.472505091649694,51.5274949083503,39.83739837398374,60.16260162601627,-0.03054989816700611,-0.2032520325203252
2020-09-03,3455.06005859375,1.6923874212036694,48.472505091649694,51.5274949083503,39.83739837398374,60.16260162601627,-0.03054989816700611,-0.2032520325203252
2020-09-04,3426.9599609375,1.670490160901029,48.472505091649694,51.5274949083503,39.63414634146341,60.36585365853659,-0.03054989816700611,-0.2073170731707317
2020-09-08,3331.840087890625,1.5963671224140712,48.472505091649694,51.5274949083503,39.63414634146341,60.36585365853659,-0.03054989816700611,-0.2073170731707317
2020-09-09,3398.9599609375,1.6486709026203537,48.472505091649694,51.5274949083503,39.63414634146341,60.36585365853659,-0.03054989816700611,-0.2073170731707317
2020-09-10,3339.18994140625,1.6020945635634476,48.472505091649694,51.5274949083503,39.83739837398374,60.16260162601627,-0.03054989816700611,-0.2032520325203252
2020-09-11,3340.969970703125,1.6034816678125794,48.472505091649694,51.5274949083503,40.65040650406504,59.34959349593496,-0.03054989816700611,-0.18699186991869918
2020-09-14,3383.5400390625,1.6366547862611225,48.676171079429736,51.32382892057027,40.65040650406504,59.34959349593496,-0.026476578411405296,-0.18699186991869918
2020-09-15,3401.199951171875,1.6504164356728541,49.08350305498982,50.91649694501018,40.65040650406504,59.34959349593496,-0.018329938900203666,-0.18699186991869918
2020-09-16,3385.489990234375,1.6381743036987602,49.490835030549896,50.509164969450104,40.65040650406504,59.34959349593496,-0.010183299389002037,-0.18699186991869918
2020-09-17,3357.010009765625,1.615981016210323,49.490835030549896,50.509164969450104,41.05691056910569,58.94308943089431,-0.010183299389002037,-0.17886178861788618
2020-09-18,3319.469970703125,1.586727594489918,49.490835030549896,50.509164969450104,41.46341463414634,58.536585365853654,-0.010183299389002037,-0.17073170731707318
2020-09-21,3281.06005859375,1.5567963161737577,49.490835030549896,50.509164969450104,41.260162601626014,58.739837398373986,-0.010183299389002037,-0.17479674796747968
2020-09-22,3315.570068359375,1.5836885596146435,49.490835030549896,50.509164969450104,41.260162601626014,58.739837398373986,-0.010183299389002037,-0.17479674796747968
2020-09-23,3236.919921875,1.5223997074733746,49.490835030549896,50.509164969450104,41.46341463414634,58.536585365853654,-0.010183299389002037,-0.17073170731707318
2020-09-24,3246.590087890625,1.5299352735416578,49.490835030549896,50.509164969450104,41.46341463414634,58.536585365853654,-0.010183299389002037,-0.17073170731707318
2020-09-25,3298.4599609375,1.5703553505772159,49.490835030549896,50.509164969450104,41.46341463414634,58.536585365853654,-0.010183299389002037,-0.17073170731707318
2020-09-28,3351.60009765625,1.611765292296388,49.490835030549896,50.509164969450104,41.46341463414634,58.536585365853654,-0.010183299389002037,-0.17073170731707318
2020-09-29,3335.469970703125,1.5991957420788765,49.490835030549896,50.509164969450104,41.46341463414634,58.536585365853654,-0.010183299389002037,-0.17073170731707318
2020-09-30,3363.0,1.6206487713539866,49.490835030549896,50.509164969450104,41.46341463414634,58.536585365853654,-0.010183299389002037,-0.17073170731707318
2020-10-01,3380.800048828125,1.6345196235964687,49.490835030549896,50.509164969450104,41.46341463414634,58.536585365853654,-0.010183299389002037,-0.17073170731707318
2020-10-02,3348.419921875,1.6092871109839226,49.490835030549896,50.509164969450104,41.66666666666667,58.333333333333336,-0.010183299389002037,-0.16666666666666666
2020-10-05,3408.60009765625,1.6561830680820488,49.69450101832994,50.30549898167006,41.66666666666667,58.333333333333336,-0.006109979633401222,-0.16666666666666666
2020-10-06,3360.969970703125,1.6190668522987774,49.89816700610998,50.101832993890014,41.66666666666667,58.333333333333336,-0.002036659877800407,-0.16666666666666666
2020-10-07,3419.43994140625,1.664630116314314,50.509164969450104,49.490835030549896,41.260162601626014,58.739837398373986,0.010183299389002037,-0.17479674796747968
2020-10-08,3446.830078125,1.6859741330075075,51.829268292682926,48.170731707317074,41.46341463414634,58.536585365853654,0.036585365853658534,-0.17073170731707318
2020-10-09,3477.139892578125,1.709593335507225,52.4390243902439,47.5609756097561,42.073170731707314,57.92682926829268,0.04878048780487805,-0.15853658536585366
2020-10-12,3534.219970703125,1.7540735129104577,52.642276422764226,47.357723577235774,42.073170731707314,57.92682926829268,0.052845528455284556,-0.15853658536585366
2020-10-13,3511.929931640625,1.736703794360778,52.84552845528455,47.15447154471545,42.073170731707314,57.92682926829268,0.056910569105691054,-0.15853658536585366
2020-10-14,3488.669921875,1.7185782171933774,52.84552845528455,47.15447154471545,42.27642276422765,57.72357723577236,0.056910569105691054,-0.15447154471544716
2020-10-15,3483.340087890625,1.714424894897013,53.04878048780488,46.95121951219512,42.27642276422765,57.72357723577236,0.06097560975609756,-0.15447154471544716
2020-10-16,3483.81005859375,1.7147911239025788,53.04878048780488,46.95121951219512,42.68292682926829,57.3170731707317,0.06097560975609756,-0.14634146341463414
2020-10-19,3426.919921875,1.6704589600922448,52.84552845528455,47.15447154471545,42.68292682926829,57.3170731707317,0.056910569105691054,-0.14634146341463414
2020-10-20,3443.1201171875,1.6830831117251313,52.84552845528455,47.15447154471545,42.886178861788615,57.113821138211385,0.056910569105691054,-0.14227642276422764
2020-10-21,3435.56005859375,1.6771918663296286,53.04878048780488,46.95121951219512,42.886178861788615,57.113821138211385,0.06097560975609756,-0.14227642276422764
2020-10-22,3453.489990234375,1.6911639309518307,53.65853658536586,46.34146341463415,42.886178861788615,57.113821138211385,0.07317073170731707,-0.14227642276422764
2020-10-23,3465.389892578125,1.7004370396215842,53.86178861788618,46.138211382113816,42.886178861788615,57.113821138211385,0.07723577235772358,-0.14227642276422764
2020-10-26,3400.969970703125,1.6502372212711713,53.65853658536586,46.34146341463415,42.68292682926829,57.3170731707317,0.07317073170731707,-0.14634146341463414
2020-10-27,3390.679931640625,1.6422186134132097,53.65853658536586,46.34146341463415,42.68292682926829,57.3170731707317,0.07317073170731707,-0.14634146341463414
2020-10-28,3271.030029296875,1.5489803233240713,53.65853658536586,46.34146341463415,43.08943089430895,56.91056910569105,0.07317073170731707,-0.13821138211382114
2020-10-29,3310.110107421875,1.5794338346897265,53.65853658536586,46.34146341463415,42.68292682926829,57.3170731707317,0.07317073170731707,-0.14634146341463414
2020-10-30,3269.9599609375,1.5481464626843864,53.65853658536586,46.34146341463415,42.886178861788615,57.113821138211385,0.07317073170731707,-0.14227642276422764
2020-11-02,3310.239990234375,1.5795350470694465,53.65853658536586,46.34146341463415,43.08943089430895,56.91056910569105,0.07317073170731707,-0.13821138211382114
2020-11-03,3369.159912109375,1.625448939686156,54.0650406504065,45.9349593495935,42.886178861788615,57.113821138211385,0.08130081300813008,-0.14227642276422764
2020-11-04,3443.43994140625,1.6833323376977507,54.268292682926834,45.73170731707317,42.47967479674797,57.52032520325203,0.08536585365853659,-0.15040650406504066
2020-11-05,3510.449951171875,1.735550505928706,54.563894523326574,45.436105476673426,42.27642276422765,57.72357723577236,0.09127789046653144,-0.15447154471544716
2020-11-06,3509.43994140625,1.7347634465022002,54.76673427991886,45.233265720081135,42.59634888438134,57.40365111561866,0.09533468559837728,-0.14807302231237324
2020-11-09,3550.5,1.7667598759120824,57.200811359026375,42.799188640973625,43.00202839756592,56.99797160243407,0.1440162271805274,-0.13995943204868155
2020-11-10,3545.530029296875,1.7628869803971225,58.097165991902834,41.902834008097166,43.6105476673428,56.3894523326572,0.16194331983805668,-0.12778904665314403
2020-11-11,3572.659912109375,1.7840281918332082,58.2995951417004,41.70040485829959,43.6105476673428,56.3894523326572,0.1659919028340081,-0.12778904665314403
2020-11-12,3537.010009765625,1.7562476765860962,58.2995951417004,41.70040485829959,43.6105476673428,56.3894523326572,0.1659919028340081,-0.12778904665314403
2020-11-13,3585.14990234375,1.7937611319348847,58.502024291497975,41.497975708502025,43.6105476673428,56.3894523326572,0.1700404858299595,-0.12778904665314403
2020-11-16,3626.909912109375,1.8263030047520172,58.906882591093115,41.093117408906885,44.01622718052739,55.98377281947262,0.17813765182186234,-0.11967545638945233
2020-11-17,3609.530029296875,1.8127595707529522,59.10931174089069,40.89068825910931,43.81338742393509,56.18661257606491,0.18218623481781376,-0.12373225152129817
2020-11-18,3567.7900390625,1.7802332983402125,59.10931174089069,40.89068825910931,43.81338742393509,56.18661257606491,0.18218623481781376,-0.12373225152129817
2020-11-19,3581.8701171875,1.7912053290981218,59.311740890688256,40.688259109311744,43.81338742393509,56.18661257606491,0.1862348178137652,-0.12373225152129817
2020-11-20,3557.5400390625,1.7722458912910368,59.311740890688256,40.688259109311744,43.81338742393509,56.18661257606491,0.1862348178137652,-0.12373225152129817
2020-11-23,3577.590087890625,1.787870076788216,59.311740890688256,40.688259109311744,43.81338742393509,56.18661257606491,0.1862348178137652,-0.12373225152129817
2020-11-24,3635.409912109375,1.8329267081586504,61.336032388663966,38.663967611336034,43.40770791075051,56.5922920892495,0.22672064777327935,-0.13184584178498987
2020-11-25,3629.64990234375,1.8284381674166723,61.336032388663966,38.663967611336034,43.40770791075051,56.5922920892495,0.22672064777327935,-0.13184584178498987
2020-11-27,3638.35009765625,1.8352178748672352,61.336032388663966,38.663967611336034,43.40770791075051,56.5922920892495,0.22672064777327935,-0.13184584178498987
2020-11-30,3621.6298828125,1.822188493217801,61.336032388663966,38.663967611336034,43.40770791075051,56.5922920892495,0.22672064777327935,-0.13184584178498987
2020-12-01,3662.449951171875,1.853997908023802,61.336032388663966,38.663967611336034,43.40770791075051,56.5922920892495,0.22672064777327935,-0.13184584178498987
2020-12-02,3669.010009765625,1.859109894194995,61.74089068825911,38.25910931174089,43.40770791075051,56.5922920892495,0.23481781376518218,-0.13184584178498987
2020-12-03,3666.719970703125,1.857325360131512,62.145748987854255,37.85425101214575,43.40770791075051,56.5922920892495,0.242914979757085,-0.13184584178498987
2020-12-04,3699.1201171875,1.882573473148451,62.75303643724697,37.24696356275304,43.6105476673428,56.3894523326572,0.2550607287449393,-0.12778904665314403
2020-12-07,3691.9599609375,1.8769938553431391,62.75303643724697,37.24696356275304,43.40770791075051,56.5922920892495,0.2550607287449393,-0.13184584178498987
2020-12-08,3702.25,1.8850124632011007,62.955465587044536,37.044534412955464,43.40770791075051,56.5922920892495,0.2591093117408907,-0.13184584178498987
2020-12-09,3672.820068359375,1.862078917499336,62.955465587044536,37.044534412955464,43.40770791075051,56.5922920892495,0.2591093117408907,-0.13184584178498987
2020-12-10,3668.10009765625,1.8584008367904534,63.36032388663968,36.63967611336032,43.6105476673428,56.3894523326572,0.26720647773279355,-0.12778904665314403
2020-12-11,3663.4599609375,1.8547849674503087,63.36032388663968,36.63967611336032,43.81338742393509,56.18661257606491,0.26720647773279355,-0.12373225152129817
2020-12-14,3647.489990234375,1.8423402204679413,63.36032388663968,36.63967611336032,43.6105476673428,56.3894523326572,0.26720647773279355,-0.12778904665314403
2020-12-15,3694.6201171875,1.8790668066390577,63.76518218623482,36.23481781376518,43.6105476673428,56.3894523326572,0.27530364372469635,-0.12778904665314403
2020-12-16,3701.169921875,1.8841708023592196,64.17004048582996,35.82995951417004,43.6105476673428,56.3894523326572,0.2834008097165992,-0.12778904665314403
2020-12-17,3722.47998046875,1.9007768620889824,64.77732793522267,35.22267206477733,44.21906693711968,55.78093306288032,0.29554655870445345,-0.11561866125760649
2020-12-18,3709.409912109375,1.8905918907575794,64.97975708502024,35.020242914979754,44.01622718052739,55.98377281947262,0.29959514170040485,-0.11967545638945233
2020-12-21,3694.919921875,1.8793004322072835,64.97975708502024,35.020242914979754,44.21906693711968,55.78093306288032,0.29959514170040485,-0.11561866125760649
2020-12-22,3687.260009765625,1.8733313750386502,64.97975708502024,35.020242914979754,44.21906693711968,55.78093306288032,0.29959514170040485,-0.11561866125760649
2020-12-23,3690.010009765625,1.8754743379055023,64.97975708502024,35.020242914979754,44.21906693711968,55.78093306288032,0.29959514170040485,-0.11561866125760649
2020-12-24,3703.06005859375,1.8856437088325126,64.97975708502024,35.020242914979754,44.21906693711968,55.78093306288032,0.29959514170040485,-0.11561866125760649
2020-12-28,3735.360107421875,1.9108138198274878,65.18218623481782,34.81781376518219,44.21906693711968,55.78093306288032,0.30364372469635625,-0.11561866125760649
2020-12-29,3727.0400390625,1.9043303298115561,65.18218623481782,34.81781376518219,44.21906693711968,55.78093306288032,0.30364372469635625,-0.11561866125760649
2020-12-30,3732.0400390625,1.9082266259331058,65.18218623481782,34.81781376518219,44.21906693711968,55.78093306288032,0.30364372469635625,-0.11561866125760649
2020-12-31,3756.070068359375,1.9269522479231318,65.38461538461539,34.61538461538461,44.21906693711968,55.78093306288032,0.3076923076923077,-0.11561866125760649
2021-01-04,3700.64990234375,1.8837655723426732,65.38461538461539,34.61538461538461,44.42190669371197,55.57809330628803,0.3076923076923077,-0.11156186612576065
2021-01-05,3726.860107421875,1.904190116420855,65.58704453441295,34.41295546558704,44.827586206896555,55.172413793103445,0.3117408906882591,-0.10344827586206896
2021-01-06,3748.139892578125,1.9207725852951945,67.81376518218623,32.18623481781376,45.233265720081135,54.76673427991886,0.3562753036437247,-0.09533468559837728
2021-01-07,3803.7900390625,1.964138475277338,68.82591093117408,31.17408906882591,45.436105476673426,54.563894523326574,0.3765182186234818,-0.09127789046653144
2021-01-08,3824.679931640625,1.9804171167636837,69.23076923076923,30.76923076923077,45.63894523326572,54.361054766734284,0.38461538461538464,-0.0872210953346856
2021-01-11,3799.610107421875,1.9608812249893965,69.4331983805668,30.5668016194332,45.436105476673426,54.563894523326574,0.38866396761133604,-0.09127789046653144
2021-01-12,3801.18994140625,1.9621123251945987,70.44534412955466,29.554655870445345,45.74898785425101,54.25101214574899,0.4089068825910931,-0.08502024291497975
2021-01-13,3809.840087890625,1.9688530316341795,70.44534412955466,29.554655870445345,45.74898785425101,54.25101214574899,0.4089068825910931,-0.08502024291497975
2021-01-14,3795.5400390625,1.9577095866767822,71.05263157894737,28.947368421052634,45.74898785425101,54.25101214574899,0.42105263157894735,-0.08502024291497975
2021-01-15,3768.25,1.9364435720055533,71.05263157894737,28.947368421052634,45.74898785425101,54.25101214574899,0.42105263157894735,-0.08502024291497975
2021-01-19,3798.909912109375,1.9603355913333131,71.45748987854252,28.542510121457486,45.74898785425101,54.25101214574899,0.4291497975708502,-0.08502024291497975
2021-01-20,3851.85009765625,2.0015897192573897,71.45748987854252,28.542510121457486,45.74898785425101,54.25101214574899,0.4291497975708502,-0.08502024291497975
2021-01-21,3853.070068359375,2.0025403926811878,71.65991902834008,28.34008097165992,45.546558704453446,54.453441295546554,0.4331983805668016,-0.08906882591093117
2021-01-22,3841.469970703125,1.9935009095796605,71.65991902834008,28.34008097165992,45.546558704453446,54.453441295546554,0.4331983805668016,-0.08906882591093117
2021-01-25,3855.360107421875,2.004324926744671,71.86234817813765,28.13765182186235,45.34412955465587,54.655870445344135,0.43724696356275305,-0.0931174089068826
2021-01-26,3849.6201171875,1.9998519864070863,71.86234817813765,28.13765182186235,45.34412955465587,54.655870445344135,0.43724696356275305,-0.0931174089068826
2021-01-27,3750.77001953125,1.922822135984525,71.86234817813765,28.13765182186235,45.74898785425101,54.25101214574899,0.43724696356275305,-0.08502024291497975
2021-01-28,3787.3798828125,1.9513507096471616,71.86234817813765,28.13765182186235,45.74898785425101,54.25101214574899,0.43724696356275305,-0.08502024291497975
2021-01-29,3714.239990234375,1.8943557736906267,71.86234817813765,28.13765182186235,45.74898785425101,54.25101214574899,0.43724696356275305,-0.08502024291497975
2021-02-01,3773.860107421875,1.94081529996342,71.86234817813765,28.13765182186235,45.74898785425101,54.25101214574899,0.43724696356275305,-0.08502024291497975
2021-02-02,3826.31005859375,1.9816874082287042,72.06477732793523,27.93522267206478,45.546558704453446,54.453441295546554,0.44129554655870445,-0.08906882591093117
2021-02-03,3830.169921875,1.9846952422951931,72.06477732793523,27.93522267206478,45.74898785425101,54.25101214574899,0.44129554655870445,-0.08502024291497975
2021-02-04,3871.739990234375,2.0170891015194266,72.2672064777328,27.732793522267208,45.34412955465587,54.655870445344135,0.44534412955465585,-0.0931174089068826
2021-02-05,3886.830078125,2.028848191703842,72.67206477732793,27.327935222672068,45.34412955465587,54.655870445344135,0.4534412955465587,-0.0931174089068826
2021-02-08,3915.590087890625,2.051259694604947,73.07692307692307,26.923076923076923,45.1417004048583,54.8582995951417,0.46153846153846156,-0.09716599190283401
2021-02-09,3911.22998046875,2.047862040677469,73.27935222672065,26.720647773279353,45.34412955465587,54.655870445344135,0.46558704453441296,-0.0931174089068826
2021-02-10,3909.8798828125,2.046809964625117,73.48178137651821,26.518218623481783,45.546558704453446,54.453441295546554,0.46963562753036436,-0.08906882591093117
2021-02-11,3916.3798828125,2.0518751495831316,74.08906882591093,25.910931174089068,44.93927125506073,55.06072874493927,0.4817813765182186,-0.10121457489878542
2021-02-12,3934.830078125,2.0662526344707155,74.2914979757085,25.708502024291498,45.34412955465587,54.655870445344135,0.48582995951417,-0.0931174089068826
2021-02-16,3932.590087890625,2.064507101418215,74.49392712550608,25.506072874493928,45.546558704453446,54.453441295546554,0.4898785425101215,-0.08906882591093117
2021-02-17,3931.330078125,2.063525227185631,74.69635627530364,25.303643724696357,45.546558704453446,54.453441295546554,0.4939271255060729,-0.08906882591093117
2021-02-18,3913.969970703125,2.0499972033421248,75.10121457489879,24.898785425101213,45.546558704453446,54.453441295546554,0.5020242914979757,-0.08906882591093117
2021-02-19,3906.7099609375,2.0443397737636815,75.10121457489879,24.898785425101213,46.15384615384615,53.84615384615385,0.5020242914979757,-0.07692307692307693
2021-02-22,3876.5,2.020798383037095,78.74493927125506,21.25506072874494,47.16599190283401,52.834008097166,0.5748987854251012,-0.05668016194331984
2021-02-23,3881.3701171875,2.0245934667789247,80.5668016194332,19.4331983805668,47.77327935222672,52.226720647773284,0.611336032388664,-0.044534412955465584
2021-02-24,3925.429931640625,2.0589274836129023,83.19838056680162,16.801619433198383,48.38056680161944,51.61943319838057,0.6639676113360324,-0.032388663967611336
2021-02-25,3829.340087890625,1.9840485865082238,83.19838056680162,16.801619433198383,48.582995951417004,51.417004048582996,0.6639676113360324,-0.02834008097165992
2021-02-26,3811.14990234375,1.9698737166289138,83.19838056680162,16.801619433198383,48.38056680161944,51.61943319838057,0.6639676113360324,-0.032388663967611336
2021-03-01,3901.820068359375,2.040529279866294,83.40080971659918,16.599190283400812,48.987854251012145,51.012145748987855,0.6680161943319838,-0.020242914979757085
2021-03-02,3870.2900390625,2.0159592136939444,83.80566801619433,16.194331983805668,48.987854251012145,51.012145748987855,0.6761133603238867,-0.020242914979757085
2021-03-03,3819.719970703125,1.9765520214509222,84.81781376518218,15.182186234817813,50.607287449392715,49.392712550607285,0.6963562753036437,0.012145748987854251
2021-03-04,3768.469970703125,1.9366149862050435,85.02024291497976,14.979757085020243,50.607287449392715,49.392712550607285,0.7004048582995951,0.012145748987854251
2021-03-05,3841.93994140625,1.9938671385852271,86.23481781376519,13.765182186234817,51.821862348178136,48.178137651821864,0.7246963562753036,0.03643724696356275
2021-03-08,3821.35009765625,1.977822312915941,87.04453441295547,12.955465587044534,53.84615384615385,46.15384615384615,0.7408906882591093,0.07692307692307693
2021-03-09,3875.43994140625,2.0199723225996067,87.04453441295547,12.955465587044534,53.84615384615385,46.15384615384615,0.7408906882591093,0.07692307692307693
2021-03-10,3898.81005859375,2.038183701991168,87.65182186234817,12.348178137651821,54.04858299595142,45.95141700404859,0.7530364372469636,0.08097165991902834
2021-03-11,3939.340087890625,2.069767101182306,88.66396761133603,11.336032388663968,54.453441295546554,45.546558704453446,0.7732793522267206,0.08906882591093117
2021-03-12,3943.340087890625,2.0728841380795444,90.08097165991903,9.919028340080972,54.453441295546554,45.546558704453446,0.8016194331983806,0.08906882591093117
2021-03-15,3968.93994140625,2.092833060072576,91.29554655870446,8.704453441295547,54.8582995951417,45.1417004048583,0.8259109311740891,0.09716599190283401
2021-03-16,3962.7099609375,2.087978290325032,91.49797570850203,8.502024291497975,54.8582995951417,45.1417004048583,0.8299595141700404,0.09716599190283401
2021-03-17,3974.1201171875,2.0968697598336608,91.49797570850203,8.502024291497975,55.06072874493927,44.93927125506073,0.8299595141700404,0.10121457489878542
2021-03-18,3915.4599609375,2.051158291976392,91.49797570850203,8.502024291497975,55.465587044534416,44.534412955465584,0.8299595141700404,0.10931174089068826
2021-03-19,3913.10009765625,2.049319346746368,91.49797570850203,8.502024291497975,55.66801619433198,44.33198380566802,0.8299595141700404,0.11336032388663968
2021-03-22,3940.590087890625,2.0707411752126923,91.7004048582996,8.299595141700406,55.66801619433198,44.33198380566802,0.8340080971659919,0.11336032388663968
2021-03-23,3910.52001953125,2.0473087970680215,91.7004048582996,8.299595141700406,55.66801619433198,44.33198380566802,0.8340080971659919,0.11336032388663968
2021-03-24,3889.139892578125,2.0306481359228834,91.7004048582996,8.299595141700406,55.87044534412956,44.12955465587044,0.8340080971659919,0.11740890688259109
2021-03-25,3909.52001953125,2.046529537843711,91.90283400809717,8.097165991902834,55.66801619433198,44.33198380566802,0.8380566801619433,0.11336032388663968
2021-03-26,3974.5400390625,2.0971969878282435,92.12121212121212,7.878787878787878,55.66801619433198,44.33198380566802,0.8424242424242424,0.11336032388663968
2021-03-29,3971.090087890625,2.094508581554141,92.33870967741935,7.661290322580645,55.66801619433198,44.33198380566802,0.8467741935483871,0.11336032388663968
2021-03-30,3958.550048828125,2.0847366404414824,92.33870967741935,7.661290322580645,55.66801619433198,44.33198380566802,0.8467741935483871,0.11336032388663968
2021-03-31,3972.889892578125,2.0959110959588316,92.33870967741935,7.661290322580645,55.66801619433198,44.33198380566802,0.8467741935483871,0.11336032388663968
2021-04-01,4019.8701171875,2.1325208693458353,92.54032258064517,7.459677419354839,55.66801619433198,44.33198380566802,0.8508064516129032,0.11336032388663968
2021-04-05,4077.909912109375,2.177748914915757,92.94354838709677,7.056451612903227,55.66801619433198,44.33198380566802,0.8588709677419355,0.11336032388663968
2021-04-06,4073.93994140625,2.1746552786251074,93.14516129032258,6.854838709677419,55.465587044534416,44.534412955465584,0.8629032258064516,0.10931174089068826
2021-04-07,4079.949951171875,2.179338634173163,93.14516129032258,6.854838709677419,55.465587044534416,44.534412955465584,0.8629032258064516,0.10931174089068826
2021-04-08,4097.169921875,2.192757455185918,93.14516129032258,6.854838709677419,55.26315789473685,44.73684210526316,0.8629032258064516,0.10526315789473684
2021-04-09,4128.7998046875,2.217405333131398,93.14516129032258,6.854838709677419,55.26315789473685,44.73684210526316,0.8629032258064516,0.10526315789473684
2021-04-12,4127.990234375,2.216774467997655,93.14516129032258,6.854838709677419,55.26315789473685,44.73684210526316,0.8629032258064516,0.10526315789473684
2021-04-13,4141.58984375,2.2273720890501347,93.54838709677419,6.451612903225806,55.26315789473685,44.73684210526316,0.8709677419354839,0.10526315789473684
2021-04-14,4124.66015625,2.2141794739010767,93.54838709677419,6.451612903225806,55.26315789473685,44.73684210526316,0.8709677419354839,0.10526315789473684
2021-04-15,4170.419921875,2.2498381933666147,93.75,6.25,55.26315789473685,44.73684210526316,0.875,0.10526315789473684
2021-04-16,4185.47021484375,2.261566272991079,94.15322580645162,5.846774193548387,55.66801619433198,44.33198380566802,0.8830645161290323,0.11336032388663968
2021-04-19,4163.259765625,2.244258575561303,94.15322580645162,5.846774193548387,55.87044534412956,44.12955465587044,0.8830645161290323,0.11740890688259109
2021-04-20,4134.93994140625,2.2221900913080086,94.75806451612904,5.241935483870968,56.07287449392713,43.92712550607287,0.8951612903225806,0.1214574898785425
2021-04-21,4173.419921875,2.2521759710395446,95.16129032258065,4.838709677419355,56.07287449392713,43.92712550607287,0.9032258064516129,0.1214574898785425
2021-04-22,4134.97998046875,2.2222212921167945,95.16129032258065,4.838709677419355,56.2753036437247,43.7246963562753,0.9032258064516129,0.12550607287449392
2021-04-23,4180.169921875,2.2574359708036353,95.16129032258065,4.838709677419355,56.2753036437247,43.7246963562753,0.9032258064516129,0.12550607287449392
2021-04-26,4187.6201171875,2.2632416042238113,95.16129032258065,4.838709677419355,56.2753036437247,43.7246963562753,0.9032258064516129,0.12550607287449392
2021-04-27,4186.72021484375,2.2625403470214662,95.56451612903226,4.435483870967742,56.2753036437247,43.7246963562753,0.9112903225806451,0.12550607287449392
2021-04-28,4183.18017578125,2.2597817389275963,95.56451612903226,4.435483870967742,56.07287449392713,43.92712550607287,0.9112903225806451,0.1214574898785425
2021-04-29,4211.47021484375,2.2818270128231353,95.96774193548387,4.032258064516129,55.87044534412956,44.12955465587044,0.9193548387096774,0.11740890688259109
2021-04-30,4181.169921875,2.2582152300279463,95.96774193548387,4.032258064516129,55.87044534412956,44.12955465587044,0.9193548387096774,0.11740890688259109
2021-05-03,4192.66015625,2.2671691011541473,96.16935483870968,3.8306451612903225,55.87044534412956,44.12955465587044,0.9233870967741935,0.11740890688259109
2021-05-04,4164.66015625,2.245349842873471,95.96774193548387,4.032258064516129,56.68016194331984,43.31983805668016,0.9193548387096774,0.13360323886639677
2021-05-05,4167.58984375,2.247632828882191,95.96774193548387,4.032258064516129,57.08502024291497,42.91497975708502,0.9193548387096774,0.1417004048582996
2021-05-06,4201.6201171875,2.2741512333641496,95.96774193548387,4.032258064516129,56.2753036437247,43.7246963562753,0.9193548387096774,0.12550607287449392
2021-05-07,4232.60009765625,2.298292668913362,95.76612903225806,4.233870967741935,55.87044534412956,44.12955465587044,0.9153225806451613,0.11740890688259109
2021-05-10,4188.43017578125,2.2638728498552236,95.76612903225806,4.233870967741935,56.07287449392713,43.92712550607287,0.9153225806451613,0.1214574898785425
2021-05-11,4152.10009765625,2.2355623013564205,95.76612903225806,4.233870967741935,56.07287449392713,43.92712550607287,0.9153225806451613,0.1214574898785425
2021-05-12,4063.0400390625,2.1661614291796663,95.76612903225806,4.233870967741935,56.2753036437247,43.7246963562753,0.9153225806451613,0.12550607287449392
2021-05-13,4112.5,2.2047035599742175,95.76612903225806,4.233870967741935,56.2753036437247,43.7246963562753,0.9153225806451613,0.12550607287449392
2021-05-14,4173.85009765625,2.2525111894851597,95.96774193548387,4.032258064516129,56.07287449392713,43.92712550607287,0.9193548387096774,0.1214574898785425
2021-05-17,4163.2900390625,2.2442821664167276,95.96774193548387,4.032258064516129,56.68016194331984,43.31983805668016,0.9193548387096774,0.13360323886639677
2021-05-18,4127.830078125,2.2166496647625142,95.96774193548387,4.032258064516129,56.882591093117405,43.117408906882595,0.9193548387096774,0.13765182186234817
2021-05-19,4115.68017578125,2.207181741286683,95.96774193548387,4.032258064516129,56.882591093117405,43.117408906882595,0.9193548387096774,0.13765182186234817
2021-05-20,4159.1201171875,2.2410327163309818,95.96774193548387,4.032258064516129,56.882591093117405,43.117408906882595,0.9193548387096774,0.13765182186234817
2021-05-21,4155.85986328125,2.2384921334009444,95.96774193548387,4.032258064516129,56.882591093117405,43.117408906882595,0.9193548387096774,0.13765182186234817
2021-05-24,4197.0498046875,2.270589775190546,95.96774193548387,4.032258064516129,56.882591093117405,43.117408906882595,0.9193548387096774,0.13765182186234817
2021-05-25,4188.1298828125,2.2636388437893293,95.96774193548387,4.032258064516129,56.882591093117405,43.117408906882595,0.9193548387096774,0.13765182186234817
2021-05-26,4195.990234375,2.2697640952507254,95.76612903225806,4.233870967741935,56.68016194331984,43.31983805668016,0.9153225806451613,0.13360323886639677
2021-05-27,4200.8798828125,2.27357439889928,95.56451612903226,4.435483870967742,56.477732793522264,43.522267206477736,0.9112903225806451,0.12955465587044535
2021-05-28,4204.10986328125,2.2760913909738933,95.56451612903226,4.435483870967742,56.477732793522264,43.522267206477736,0.9112903225806451,0.12955465587044535
2021-06-01,4202.0400390625,2.2744784613587328,95.56451612903226,4.435483870967742,56.56565656565656,43.43434343434344,0.9112903225806451,0.13131313131313133
2021-06-02,4208.1201171875,2.2792164183221635,95.56451612903226,4.435483870967742,56.76767676767677,43.23232323232323,0.9112903225806451,0.13535353535353536
2021-06-03,4192.85009765625,2.267317114747045,95.56451612903226,4.435483870967742,56.56565656565656,43.43434343434344,0.9112903225806451,0.13131313131313133
2021-06-04,4229.89013671875,2.296180906855295,95.56451612903226,4.435483870967742,56.56565656565656,43.43434343434344,0.9112903225806451,0.13131313131313133
2021-06-07,4226.52001953125,2.2935547119499304,95.76612903225806,4.233870967741935,56.36363636363636,43.63636363636363,0.9153225806451613,0.12727272727272726
2021-06-08,4227.259765625,2.294131165917132,95.76612903225806,4.233870967741935,56.76767676767677,43.23232323232323,0.9153225806451613,0.13535353535353536
2021-06-09,4219.5498046875,2.288123107737517,95.76612903225806,4.233870967741935,56.96969696969697,43.03030303030303,0.9153225806451613,0.1393939393939394
2021-06-10,4239.18017578125,2.3034202554889465,95.76612903225806,4.233870967741935,56.76767676767677,43.23232323232323,0.9153225806451613,0.13535353535353536
2021-06-11,4247.43994140625,2.309856754042865,95.76612903225806,4.233870967741935,56.76767676767677,43.23232323232323,0.9153225806451613,0.13535353535353536
2021-06-14,4255.14990234375,2.3158648122224808,95.76612903225806,4.233870967741935,56.96969696969697,43.03030303030303,0.9153225806451613,0.1393939393939394
2021-06-15,4246.58984375,2.3091943076026684,95.76612903225806,4.233870967741935,56.96969696969697,43.03030303030303,0.9153225806451613,0.1393939393939394
2021-06-16,4223.7001953125,2.291357337916538,95.76612903225806,4.233870967741935,56.96969696969697,43.03030303030303,0.9153225806451613,0.1393939393939394
2021-06-17,4221.85986328125,2.2899232422053934,95.76612903225806,4.233870967741935,56.96969696969697,43.03030303030303,0.9153225806451613,0.1393939393939394
2021-06-18,4166.4501953125,2.2467447473247995,95.76612903225806,4.233870967741935,56.76767676767677,43.23232323232323,0.9153225806451613,0.13535353535353536
2021-06-21,4224.7900390625,2.2922066087117825,95.76612903225806,4.233870967741935,56.56565656565656,43.43434343434344,0.9153225806451613,0.13131313131313133
2021-06-22,4246.43994140625,2.3090774948185566,95.76612903225806,4.233870967741935,56.76767676767677,43.23232323232323,0.9153225806451613,0.13535353535353536
2021-06-23,4241.83984375,2.305492826287198,95.76612903225806,4.233870967741935,56.76767676767677,43.23232323232323,0.9153225806451613,0.13535353535353536
2021-06-24,4266.490234375,2.32470187056457,95.76612903225806,4.233870967741935,55.959595959595966,44.04040404040404,0.9153225806451613,0.1191919191919192
2021-06-25,4280.7001953125,2.3357751137021996,95.76612903225806,4.233870967741935,55.959595959595966,44.04040404040404,0.9153225806451613,0.1191919191919192
2021-06-28,4290.60986328125,2.343497313876696,95.76612903225806,4.233870967741935,55.959595959595966,44.04040404040404,0.9153225806451613,0.1191919191919192
2021-06-29,4291.7998046875,2.344424586693905,95.76612903225806,4.233870967741935,55.959595959595966,44.04040404040404,0.9153225806451613,0.1191919191919192
2021-06-30,4297.5,2.3488665164715385,95.76612903225806,4.233870967741935,55.959595959595966,44.04040404040404,0.9153225806451613,0.1191919191919192
2021-07-01,4319.93994140625,2.366353047805332,95.76612903225806,4.233870967741935,55.959595959595966,44.04040404040404,0.9153225806451613,0.1191919191919192
2021-07-02,4352.33984375,2.391600970573437,95.76612903225806,4.233870967741935,55.959595959595966,44.04040404040404,0.9153225806451613,0.1191919191919192
2021-07-06,4343.5400390625,2.3847436415985777,95.76612903225806,4.233870967741935,55.959595959595966,44.04040404040404,0.9153225806451613,0.1191919191919192
2021-07-07,4358.1298828125,2.396112911922005,95.76612903225806,4.233870967741935,55.959595959595966,44.04040404040404,0.9153225806451613,0.1191919191919192
2021-07-08,4320.81982421875,2.367038704603285,95.76612903225806,4.233870967741935,56.36363636363636,43.63636363636363,0.9153225806451613,0.12727272727272726
2021-07-09,4369.5498046875,2.405011991383997,95.76612903225806,4.233870967741935,56.56565656565656,43.43434343434344,0.9153225806451613,0.13131313131313133
2021-07-12,4384.6298828125,2.416763281366216,95.76612903225806,4.233870967741935,56.76767676767677,43.23232323232323,0.9153225806451613,0.13535353535353536
2021-07-13,4369.2099609375,2.4047471650069854,95.76612903225806,4.233870967741935,56.76767676767677,43.23232323232323,0.9153225806451613,0.13535353535353536
2021-07-14,4374.2998046875,2.408713472699468,95.76612903225806,4.233870967741935,56.96969696969697,43.03030303030303,0.9153225806451613,0.1393939393939394
2021-07-15,4360.02978515625,2.39759342834866,95.76612903225806,4.233870967741935,57.25806451612904,42.74193548387097,0.9153225806451613,0.14516129032258066
2021-07-16,4327.16015625,2.3719794668238237,95.76612903225806,4.233870967741935,57.25806451612904,42.74193548387097,0.9153225806451613,0.14516129032258066
2021-07-19,4258.490234375,2.318467796770094,95.76612903225806,4.233870967741935,57.056451612903224,42.943548387096776,0.9153225806451613,0.14112903225806453
2021-07-20,4323.06005859375,2.3687844279046204,95.76612903225806,4.233870967741935,57.056451612903224,42.943548387096776,0.9153225806451613,0.14112903225806453
2021-07-21,4358.68994140625,2.396549342747339,95.76612903225806,4.233870967741935,57.25806451612904,42.74193548387097,0.9153225806451613,0.14516129032258066
2021-07-22,4367.47998046875,2.4033990617688366,95.96774193548387,4.032258064516129,57.056451612903224,42.943548387096776,0.9193548387096774,0.14112903225806453
2021-07-23,4411.7900390625,2.4379280836577255,95.96774193548387,4.032258064516129,57.056451612903224,42.943548387096776,0.9193548387096774,0.14112903225806453
2021-07-26,4422.2998046875,2.4461179154663415,95.96774193548387,4.032258064516129,57.056451612903224,42.943548387096776,0.9193548387096774,0.14112903225806453
2021-07-27,4401.4599609375,2.4298782749909784,95.96774193548387,4.032258064516129,57.25806451612904,42.74193548387097,0.9193548387096774,0.14516129032258066
2021-07-28,4400.64013671875,2.4292394194062044,96.16935483870968,3.8306451612903225,57.25806451612904,42.74193548387097,0.9233870967741935,0.14516129032258066
2021-07-29,4419.14990234375,2.443663325009299,95.96774193548387,4.032258064516129,57.66129032258065,42.33870967741936,0.9193548387096774,0.1532258064516129
2021-07-30,4395.259765625,2.42504671560119,95.76612903225806,4.233870967741935,57.86290322580645,42.13709677419355,0.9153225806451613,0.15725806451612903
2021-08-02,4387.16015625,2.4187350202824147,95.76612903225806,4.233870967741935,57.86290322580645,42.13709677419355,0.9153225806451613,0.15725806451612903
2021-08-03,4423.14990234375,2.446780361906538,95.76612903225806,4.233870967741935,58.06451612903226,41.935483870967744,0.9153225806451613,0.16129032258064516
2021-08-04,4402.66015625,2.430813538259217,95.56451612903226,4.435483870967742,58.06451612903226,41.935483870967744,0.9112903225806451,0.16129032258064516
2021-08-05,4429.10009765625,2.4514171064902492,95.16129032258065,4.838709677419355,57.25806451612904,42.74193548387097,0.9032258064516129,0.14516129032258066
2021-08-06,4436.52001953125,2.4571991490550014,95.16129032258065,4.838709677419355,57.25806451612904,42.74193548387097,0.9032258064516129,0.14516129032258066
2021-08-09,4432.35009765625,2.453949698969256,94.95967741935483,5.040322580645161,57.25806451612904,42.74193548387097,0.8991935483870968,0.14516129032258066
2021-08-10,4436.75,2.4573783634566855,94.95967741935483,5.040322580645161,57.45967741935484,42.54032258064516,0.8991935483870968,0.14919354838709678
2021-08-11,4442.41015625,2.4617890924255335,94.95967741935483,5.040322580645161,57.45967741935484,42.54032258064516,0.8991935483870968,0.14919354838709678
2021-08-12,4460.830078125,2.476142986457693,94.95967741935483,5.040322580645161,57.66129032258065,42.33870967741936,0.8991935483870968,0.1532258064516129
2021-08-13,4468.0,2.481730214216368,95.36290322580645,4.637096774193548,57.45967741935484,42.54032258064516,0.907258064516129,0.14919354838709678
2021-08-16,4479.7099609375,2.490855309293223,95.36290322580645,4.637096774193548,57.45967741935484,42.54032258064516,0.907258064516129,0.14919354838709678
2021-08-17,4448.080078125,2.4662074313477427,95.56451612903226,4.435483870967742,57.66129032258065,42.33870967741936,0.9112903225806451,0.1532258064516129
2021-08-18,4400.27001953125,2.4289510021737684,95.36290322580645,4.637096774193548,57.66129032258065,42.33870967741936,0.907258064516129,0.1532258064516129
2021-08-19,4405.7998046875,2.433260138265228,95.36290322580645,4.637096774193548,57.056451612903224,42.943548387096776,0.907258064516129,0.14112903225806453
2021-08-20,4441.669921875,2.461212257960663,95.36290322580645,4.637096774193548,57.056451612903224,42.943548387096776,0.907258064516129,0.14112903225806453
2021-08-23,4479.52978515625,2.490714905653686,95.36290322580645,4.637096774193548,57.056451612903224,42.943548387096776,0.907258064516129,0.14112903225806453
2021-08-24,4486.22998046875,2.495936094655629,95.36290322580645,4.637096774193548,57.056451612903224,42.943548387096776,0.907258064516129,0.14112903225806453
2021-08-25,4496.18994140625,2.5036974860899415,95.36290322580645,4.637096774193548,57.056451612903224,42.943548387096776,0.907258064516129,0.14112903225806453
2021-08-26,4470.0,2.4832887326649873,95.36290322580645,4.637096774193548,57.056451612903224,42.943548387096776,0.907258064516129,0.14112903225806453
2021-08-27,4509.3701171875,2.5139682596455066,95.36290322580645,4.637096774193548,57.25806451612904,42.74193548387097,0.907258064516129,0.14516129032258066
2021-08-30,4528.7900390625,2.529101412901977,95.36290322580645,4.637096774193548,57.056451612903224,42.943548387096776,0.907258064516129,0.14112903225806453
2021-08-31,4522.68017578125,2.524340245580791,95.36290322580645,4.637096774193548,57.056451612903224,42.943548387096776,0.907258064516129,0.14112903225806453
2021-09-01,4524.08984375,2.525438742348653,95.36290322580645,4.637096774193548,57.056451612903224,42.943548387096776,0.907258064516129,0.14112903225806453
2021-09-02,4536.9501953125,2.535460289931599,95.56451612903226,4.435483870967742,57.056451612903224,42.943548387096776,0.9112903225806451,0.14112903225806453
2021-09-03,4535.43017578125,2.5342758006907418,95.36290322580645,4.637096774193548,56.653225806451616,43.346774193548384,0.907258064516129,0.13306451612903225
2021-09-07,4520.02978515625,2.5222749042382353,95.36290322580645,4.637096774193548,56.048387096774185,43.95161290322581,0.907258064516129,0.12096774193548387
2021-09-08,4514.06982421875,2.517630549701162,95.56451612903226,4.435483870967742,56.048387096774185,43.95161290322581,0.9112903225806451,0.12096774193548387
2021-09-09,4493.27978515625,2.5014297199879474,95.56451612903226,4.435483870967742,56.048387096774185,43.95161290322581,0.9112903225806451,0.12096774193548387
2021-09-10,4458.580078125,2.474389653202997,95.36290322580645,4.637096774193548,56.25,43.75,0.907258064516129,0.125
2021-09-13,4468.72998046875,2.4822990582302085,95.16129032258065,4.838709677419355,56.25,43.75,0.9032258064516129,0.125
2021-09-14,4443.0498046875,2.4622875443707706,95.16129032258065,4.838709677419355,56.25,43.75,0.9032258064516129,0.125
2021-09-15,4480.7001953125,2.491626958564171,95.36290322580645,4.637096774193548,56.25,43.75,0.907258064516129,0.125
2021-09-16,4473.75,2.4862109547561495,95.36290322580645,4.637096774193548,56.25,43.75,0.907258064516129,0.125
2021-09-17,4432.990234375,2.454448531412161,95.36290322580645,4.637096774193548,56.048387096774185,43.95161290322581,0.907258064516129,0.12096774193548387
2021-09-20,4357.72998046875,2.395801284331815,95.36290322580645,4.637096774193548,55.846774193548384,44.153225806451616,0.907258064516129,0.11693548387096774
2021-09-21,4354.18994140625,2.393042676237945,94.95967741935483,5.040322580645161,55.846774193548384,44.153225806451616,0.8991935483870968,0.11693548387096774
2021-09-22,4395.64013671875,2.425343123284656,94.75806451612904,5.241935483870968,55.846774193548384,44.153225806451616,0.8951612903225806,0.11693548387096774
2021-09-23,4448.97998046875,2.4669086885500895,94.75806451612904,5.241935483870968,55.846774193548384,44.153225806451616,0.8951612903225806,0.11693548387096774
2021-09-24,4455.47998046875,2.471973873508103,94.75806451612904,5.241935483870968,55.846774193548384,44.153225806451616,0.8951612903225806,0.11693548387096774
2021-09-27,4443.10986328125,2.46233434558395,94.75806451612904,5.241935483870968,55.846774193548384,44.153225806451616,0.8951612903225806,0.11693548387096774
2021-09-28,4352.6298828125,2.3918269861883026,94.55645161290323,5.443548387096774,55.846774193548384,44.153225806451616,0.8911290322580645,0.11693548387096774
2021-09-29,4359.4599609375,2.397149387569966,94.55645161290323,5.443548387096774,55.846774193548384,44.153225806451616,0.8911290322580645,0.11693548387096774
2021-09-30,4307.5400390625,2.356690309523426,94.35483870967742,5.64516129032258,55.846774193548384,44.153225806451616,0.8870967741935484,0.11693548387096774
2021-10-01,4357.0400390625,2.395263641126763,94.55645161290323,5.443548387096774,55.64516129032258,44.354838709677416,0.8911290322580645,0.11290322580645161
2021-10-04,4300.4599609375,2.351173093335686,94.55645161290323,5.443548387096774,55.443548387096776,44.556451612903224,0.8911290322580645,0.10887096774193548
2021-10-05,4345.72021484375,2.3864425636867366,94.55645161290323,5.443548387096774,55.04032258064516,44.95967741935484,0.8911290322580645,0.10080645161290322
2021-10-06,4363.5498046875,2.4003364360381396,94.35483870967742,5.64516129032258,55.24193548387096,44.75806451612903,0.8870967741935484,0.10483870967741936
2021-10-07,4399.759765625,2.428553382110586,94.35483870967742,5.64516129032258,55.24193548387096,44.75806451612903,0.8870967741935484,0.10483870967741936
2021-10-08,4391.33984375,2.421992080321524,94.35483870967742,5.64516129032258,55.64516129032258,44.354838709677416,0.8870967741935484,0.11290322580645161
2021-10-11,4361.18994140625,2.3984974908081154,93.95161290322581,6.048387096774194,55.846774193548384,44.153225806451616,0.8790322580645161,0.11693548387096774
2021-10-12,4350.64990234375,2.3902840681440765,93.95161290322581,6.048387096774194,55.846774193548384,44.153225806451616,0.8790322580645161,0.11693548387096774
2021-10-13,4363.7998046875,2.4005312508442174,93.95161290322581,6.048387096774194,55.443548387096776,44.556451612903224,0.8790322580645161,0.10887096774193548
2021-10-14,4438.259765625,2.4585548622465145,93.95161290322581,6.048387096774194,55.443548387096776,44.556451612903224,0.8790322580645161,0.10887096774193548
2021-10-15,4471.3701171875,2.4843564091217347,93.95161290322581,6.048387096774194,55.04032258064516,44.95967741935484,0.8790322580645161,0.10080645161290322
2021-10-18,4486.4599609375,2.4961153090573163,93.95161290322581,6.048387096774194,54.83870967741935,45.16129032258064,0.8790322580645161,0.0967741935483871
2021-10-19,4519.6298828125,2.521963276648047,93.95161290322581,6.048387096774194,54.83870967741935,45.16129032258064,0.8790322580645161,0.0967741935483871
2021-10-20,4536.18994140625,2.534867855062338,93.95161290322581,6.048387096774194,54.83870967741935,45.16129032258064,0.8790322580645161,0.0967741935483871
2021-10-21,4549.77978515625,2.5454578661614553,93.95161290322581,6.048387096774194,54.83870967741935,45.16129032258064,0.8790322580645161,0.0967741935483871
2021-10-22,4544.89990234375,2.5416551724662635,93.95161290322581,6.048387096774194,54.63709677419355,45.36290322580645,0.8790322580645161,0.09274193548387097
2021-10-25,4566.47998046875,2.558471647406497,93.95161290322581,6.048387096774194,54.43548387096774,45.564516129032256,0.8790322580645161,0.08870967741935484
2021-10-26,4574.7900390625,2.5649473372202314,93.95161290322581,6.048387096774194,54.43548387096774,45.564516129032256,0.8790322580645161,0.08870967741935484
2021-10-27,4551.68017578125,2.5469387630857776,93.95161290322581,6.048387096774194,53.62903225806451,46.37096774193548,0.8790322580645161,0.07258064516129033
2021-10-28,4596.419921875,2.581802622922613,94.15322580645162,5.846774193548387,53.83064516129033,46.16935483870967,0.8830645161290323,0.07661290322580645
2021-10-29,4605.3798828125,2.5887847551326164,94.15322580645162,5.846774193548387,53.62903225806451,46.37096774193548,0.8830645161290323,0.07258064516129033
2021-11-01,4613.669921875,2.5952448445419587,94.15322580645162,5.846774193548387,53.62903225806451,46.37096774193548,0.8830645161290323,0.07258064516129033
2021-11-02,4630.64990234375,2.6084766509508324,93.95161290322581,6.048387096774194,53.83064516129033,46.16935483870967,0.8790322580645161,0.07661290322580645
2021-11-03,4660.56982421875,2.631792026062556,93.95161290322581,6.048387096774194,53.83064516129033,46.16935483870967,0.8790322580645161,0.07661290322580645
2021-11-04,4680.06005859375,2.6469799709832356,93.75,6.25,53.0241935483871,46.975806451612904,0.875,0.06048387096774194
2021-11-05,4697.52978515625,2.660593416553234,93.75,6.25,52.82258064516129,47.17741935483871,0.875,0.056451612903225805
2021-11-08,4701.7001953125,2.663843247136648,93.54838709677419,6.451612903225806,52.62096774193549,47.37903225806452,0.8709677419354839,0.05241935483870968
2021-11-09,4685.25,2.6510242806976843,93.34677419354838,6.653225806451612,52.62096774193549,47.37903225806452,0.8669354838709677,0.05241935483870968
2021-11-10,4646.7099609375,2.6209915997529696,93.34677419354838,6.653225806451612,52.62096774193549,47.37903225806452,0.8669354838709677,0.05241935483870968
2021-11-11,4649.27001953125,2.622986549026923,93.14516129032258,6.854838709677419,52.62096774193549,47.37903225806452,0.8629032258064516,0.05241935483870968
2021-11-12,4682.85009765625,2.649154134658875,93.14516129032258,6.854838709677419,52.62096774193549,47.37903225806452,0.8629032258064516,0.05241935483870968
2021-11-15,4682.7998046875,2.649114943399059,93.34677419354838,6.653225806451612,52.62096774193549,47.37903225806452,0.8669354838709677,0.05241935483870968
2021-11-16,4700.89990234375,2.6632196114586004,93.34677419354838,6.653225806451612,52.41935483870967,47.58064516129033,0.8669354838709677,0.04838709677419355
2021-11-17,4688.669921875,2.653689286365198,93.34677419354838,6.653225806451612,52.21774193548387,47.78225806451613,0.8669354838709677,0.04435483870967742
2021-11-18,4704.5400390625,2.666056221574436,93.14516129032258,6.854838709677419,51.61290322580645,48.38709677419355,0.8629032258064516,0.03225806451612903
2021-11-19,4697.9599609375,2.66092863499885,93.14516129032258,6.854838709677419,51.41129032258065,48.58870967741936,0.8629032258064516,0.028225806451612902
2021-11-22,4682.93994140625,2.64922414622981,92.33870967741935,7.661290322580645,51.41129032258065,48.58870967741936,0.8467741935483871,0.028225806451612902
2021-11-23,4690.7001953125,2.655271395669241,92.33870967741935,7.661290322580645,51.61290322580645,48.38709677419355,0.8467741935483871,0.03225806451612903
2021-11-24,4701.4599609375,2.6636560422839337,92.33870967741935,7.661290322580645,51.41129032258065,48.58870967741936,0.8467741935483871,0.028225806451612902
2021-11-26,4594.6201171875,2.580400108517924,91.33064516129032,8.669354838709678,51.20967741935484,48.79032258064516,0.8266129032258065,0.024193548387096774
2021-11-29,4655.27001953125,2.6276621043727824,90.32258064516128,9.67741935483871,51.00806451612904,48.99193548387097,0.8064516129032258,0.020161290322580645
2021-11-30,4567.0,2.558876877423046,88.50806451612904,11.491935483870968,50.806451612903224,49.193548387096776,0.7701612903225806,0.016129032258064516
2021-12-01,4513.0400390625,2.5168280801191005,86.08870967741935,13.911290322580644,50.60483870967742,49.395161290322584,0.7217741935483871,0.012096774193548387
2021-12-02,4577.10009765625,2.5667474716881093,86.08870967741935,13.911290322580644,50.60483870967742,49.395161290322584,0.7217741935483871,0.012096774193548387
2021-12-03,4538.43017578125,2.5366135783636743,86.08870967741935,13.911290322580644,50.403225806451616,49.596774193548384,0.7217741935483871,0.008064516129032258
2021-12-06,4591.669921875,2.5781011416071435,86.29032258064517,13.709677419354838,50.806451612903224,49.193548387096776,0.7258064516129032,0.016129032258064516
2021-12-07,4686.75,2.6521931695341507,86.29032258064517,13.709677419354838,50.806451612903224,49.193548387096776,0.7258064516129032,0.016129032258064516
2021-12-08,4701.2099609375,2.6634612274778573,86.29032258064517,13.709677419354838,51.20967741935484,48.79032258064516,0.7258064516129032,0.024193548387096774
2021-12-09,4667.4501953125,2.637153618704038,86.29032258064517,13.709677419354838,51.20967741935484,48.79032258064516,0.7258064516129032,0.024193548387096774
2021-12-10,4712.02001953125,2.6718850653523676,86.29032258064517,13.709677419354838,51.20967741935484,48.79032258064516,0.7258064516129032,0.024193548387096774
2021-12-13,4668.97021484375,2.6383381079448958,86.08870967741935,13.911290322580644,51.00806451612904,48.99193548387097,0.7217741935483871,0.020161290322580645
2021-12-14,4634.08984375,2.611157257022741,86.08870967741935,13.911290322580644,51.00806451612904,48.99193548387097,0.7217741935483871,0.020161290322580645
2021-12-15,4709.85009765625,2.6701941337152415,86.08870967741935,13.911290322580644,50.806451612903224,49.193548387096776,0.7217741935483871,0.016129032258064516
2021-12-16,4668.669921875,2.6381041018790015,86.29032258064517,13.709677419354838,50.806451612903224,49.193548387096776,0.7258064516129032,0.016129032258064516
2021-12-17,4620.64013671875,2.600676448754373,86.29032258064517,13.709677419354838,50.806451612903224,49.193548387096776,0.7258064516129032,0.016129032258064516
2021-12-20,4568.02001953125,2.559671737051749,86.08870967741935,13.911290322580644,50.60483870967742,49.395161290322584,0.7217741935483871,0.012096774193548387
2021-12-21,4649.22998046875,2.622955348218137,86.08870967741935,13.911290322580644,50.60483870967742,49.395161290322584,0.7217741935483871,0.012096774193548387
2021-12-22,4696.56005859375,2.6598377481843487,86.08870967741935,13.911290322580644,50.60483870967742,49.395161290322584,0.7217741935483871,0.012096774193548387
2021-12-23,4725.7900390625,2.6826154800910187,86.08870967741935,13.911290322580644,50.60483870967742,49.395161290322584,0.7217741935483871,0.012096774193548387
2021-12-27,4791.18994140625,2.733578957261348,86.08870967741935,13.911290322580644,50.60483870967742,49.395161290322584,0.7217741935483871,0.012096774193548387
2021-12-28,4786.35009765625,2.7298074643749426,86.29032258064517,13.709677419354838,50.60483870967742,49.395161290322584,0.7258064516129032,0.012096774193548387
2021-12-29,4793.06005859375,2.7350362633302487,86.49193548387096,13.508064516129032,50.60483870967742,49.395161290322584,0.7298387096774194,0.012096774193548387
2021-12-30,4778.72998046875,2.723869417766262,86.49193548387096,13.508064516129032,50.60483870967742,49.395161290322584,0.7298387096774194,0.012096774193548387
2021-12-31,4766.18017578125,2.714089866700241,86.49193548387096,13.508064516129032,50.60483870967742,49.395161290322584,0.7298387096774194,0.012096774193548387
2022-01-03,4796.56005859375,2.7377636706153337,86.49193548387096,13.508064516129032,50.403225806451616,49.596774193548384,0.7298387096774194,0.008064516129032258
2022-01-04,4793.5400390625,2.7354102925380115,86.49193548387096,13.508064516129032,50.0,50.0,0.7298387096774194,0.0
2022-01-05,4700.580078125,2.662970385485982,86.69354838709677,13.306451612903224,50.0,50.0,0.7338709677419355,0.0
2022-01-06,4696.0498046875,2.6594401281211644,86.49193548387096,13.508064516129032,50.201612903225815,49.79838709677419,0.7298387096774194,0.004032258064516129
2022-01-07,4677.02978515625,2.6446186024548846,86.69354838709677,13.306451612903224,50.201612903225815,49.79838709677419,0.7338709677419355,0.004032258064516129
2022-01-10,4670.2900390625,2.6393665931418235,86.69354838709677,13.306451612903224,50.0,50.0,0.7338709677419355,0.0
2022-01-11,4713.06982421875,2.6727031353388244,86.69354838709677,13.306451612903224,49.79838709677419,50.201612903225815,0.7338709677419355,-0.004032258064516129
2022-01-12,4726.35009765625,2.6830519109163538,86.69354838709677,13.306451612903224,49.596774193548384,50.403225806451616,0.7338709677419355,-0.008064516129032258
2022-01-13,4659.02978515625,2.6305919364173085,86.69354838709677,13.306451612903224,48.99193548387097,51.00806451612904,0.7338709677419355,-0.020161290322580645
2022-01-14,4662.85009765625,2.6335689501726796,86.89516129032258,13.104838709677418,48.58870967741936,51.41129032258065,0.7379032258064516,-0.028225806451612902
2022-01-18,4577.10986328125,2.566755081641473,85.88709677419355,14.112903225806454,48.99193548387097,51.00806451612904,0.717741935483871,-0.020161290322580645
2022-01-19,4532.759765625,2.532194858943797,85.68548387096774,14.31451612903226,48.99193548387097,51.00806451612904,0.7137096774193549,-0.020161290322580645
2022-01-20,4482.72998046875,2.4932086873705495,85.68548387096774,14.31451612903226,49.395161290322584,50.60483870967742,0.7137096774193549,-0.012096774193548387
2022-01-21,4397.93994140625,2.4271352673015048,84.4758064516129,15.524193548387096,50.60483870967742,49.395161290322584,0.6895161290322581,0.012096774193548387
2022-01-24,4410.1298828125,2.436634391586122,84.4758064516129,15.524193548387096,50.60483870967742,49.395161290322584,0.6895161290322581,0.012096774193548387
2022-01-25,4356.4501953125,2.3948039999436777,84.07258064516128,15.92741935483871,51.61290322580645,48.38709677419355,0.6814516129032258,0.03225806451612903
2022-01-26,4349.93017578125,2.3897232145812706,83.46774193548387,16.532258064516128,51.81451612903226,48.185483870967744,0.6693548387096774,0.036290322580645164
2022-01-27,4326.509765625,2.371472643929893,83.06451612903226,16.93548387096774,51.41129032258065,48.58870967741936,0.6612903225806451,0.028225806451612902
2022-01-28,4431.85009765625,2.4535600693571067,83.06451612903226,16.93548387096774,51.41129032258065,48.58870967741936,0.6612903225806451,0.028225806451612902
2022-01-31,4515.5498046875,2.5187838381332397,83.06451612903226,16.93548387096774,51.41129032258065,48.58870967741936,0.6612903225806451,0.028225806451612902
2022-02-01,4546.5400390625,2.5429332641334823,83.06451612903226,16.93548387096774,51.20967741935484,48.79032258064516,0.6612903225806451,0.024193548387096774
2022-02-02,4589.3798828125,2.576316607543662,83.26612903225806,16.733870967741936,51.41129032258065,48.58870967741936,0.6653225806451613,0.028225806451612902
2022-02-03,4477.43994140625,2.4890863756341384,82.66129032258065,17.338709677419356,51.81451612903226,48.185483870967744,0.6532258064516129,0.036290322580645164
2022-02-04,4500.52978515625,2.5070793493641985,81.85483870967742,18.14516129032258,51.41129032258065,48.58870967741936,0.6370967741935484,0.028225806451612902
2022-02-07,4483.8701171875,2.494097149425611,81.65322580645162,18.346774193548388,51.61290322580645,48.38709677419355,0.6330645161290323,0.03225806451612903
2022-02-08,4521.5400390625,2.5234517835257355,81.65322580645162,18.346774193548388,51.61290322580645,48.38709677419355,0.6330645161290323,0.03225806451612903
2022-02-09,4587.18017578125,2.5746024655487814,81.65322580645162,18.346774193548388,51.81451612903226,48.185483870967744,0.6330645161290323,0.036290322580645164
2022-02-10,4504.080078125,2.5098459479090995,81.65322580645162,18.346774193548388,51.41129032258065,48.58870967741936,0.6330645161290323,0.028225806451612902
2022-02-11,4418.64013671875,2.4432660854437875,80.64516129032258,19.35483870967742,51.61290322580645,48.38709677419355,0.6129032258064516,0.03225806451612903
2022-02-14,4401.669921875,2.4300418889882756,80.64516129032258,19.35483870967742,51.61290322580645,48.38709677419355,0.6129032258064516,0.03225806451612903
2022-02-15,4471.06982421875,2.484122403055845,80.64516129032258,19.35483870967742,51.61290322580645,48.38709677419355,0.6129032258064516,0.03225806451612903
2022-02-16,4475.009765625,2.4871926387399057,80.84677419354838,19.153225806451612,51.81451612903226,48.185483870967744,0.6169354838709677,0.036290322580645164
2022-02-17,4380.259765625,2.4133578272365477,80.44354838709677,19.556451612903224,51.61290322580645,48.38709677419355,0.6088709677419355,0.03225806451612903
2022-02-18,4348.8701171875,2.388897154143783,80.24193548387096,19.758064516129032,51.61290322580645,48.38709677419355,0.6048387096774194,0.03225806451612903
2022-02-22,4304.759765625,2.354523755801155,80.04032258064517,19.959677419354836,51.81451612903226,48.185483870967744,0.6008064516129032,0.036290322580645164
2022-02-23,4225.5,2.292759852321238,79.43548387096774,20.56451612903226,52.62096774193549,47.37903225806452,0.5887096774193549,0.05241935483870968
2022-02-24,4288.7001953125,2.342009187496687,79.03225806451613,20.967741935483872,53.0241935483871,46.975806451612904,0.5806451612903226,0.06048387096774194
2022-02-25,4384.64990234375,2.4167788817706155,79.23387096774194,20.766129032258064,52.82258064516129,47.17741935483871,0.5846774193548387,0.056451612903225805
2022-02-28,4373.93994140625,2.4084330459180707,78.42741935483872,21.572580645161292,52.82258064516129,47.17741935483871,0.5685483870967742,0.056451612903225805
2022-03-01,4306.259765625,2.3556926446376196,77.82258064516128,22.177419354838708,52.016129032258064,47.983870967741936,0.5564516129032258,0.04032258064516129
2022-03-02,4386.5400390625,2.418251788243908,77.82258064516128,22.177419354838708,52.016129032258064,47.983870967741936,0.5564516129032258,0.04032258064516129
2022-03-03,4363.490234375,2.400290015322634,77.62096774193549,22.379032258064516,52.82258064516129,47.17741935483871,0.5524193548387096,0.056451612903225805
2022-03-04,4328.8701171875,2.373311969657587,77.21774193548387,22.782258064516128,53.62903225806451,46.37096774193548,0.5443548387096774,0.07258064516129033
2022-03-07,4201.08984375,2.273738012896581,72.83702213279678,27.16297786720322,54.43548387096774,45.564516129032256,0.4567404426559356,0.08870967741935484
2022-03-08,4170.7001953125,2.2500565990281265,72.03219315895373,27.96780684104628,54.43548387096774,45.564516129032256,0.44064386317907445,0.08870967741935484
2022-03-09,4277.8798828125,2.333577359171148,72.03219315895373,27.96780684104628,54.43548387096774,45.564516129032256,0.44064386317907445,0.08870967741935484
2022-03-10,4259.52001953125,2.3192702663521665,72.03219315895373,27.96780684104628,54.63709677419355,45.36290322580645,0.44064386317907445,0.09274193548387097
2022-03-11,4204.31005859375,2.2762473950178332,71.22736418511066,28.772635814889334,54.83870967741935,45.16129032258064,0.4245472837022133,0.0967741935483871
2022-03-14,4173.10986328125,2.251934355020299,70.4225352112676,29.577464788732392,55.24193548387096,44.75806451612903,0.4084507042253521,0.10483870967741936
2022-03-15,4262.4501953125,2.3215536328585538,70.4225352112676,29.577464788732392,55.24193548387096,44.75806451612903,0.4084507042253521,0.10483870967741936
2022-03-16,4357.85986328125,2.3959024967115417,70.4225352112676,29.577464788732392,55.24193548387096,44.75806451612903,0.4084507042253521,0.10483870967741936
2022-03-17,4411.669921875,2.4378344812313744,70.4225352112676,29.577464788732392,55.24193548387096,44.75806451612903,0.4084507042253521,0.10483870967741936
2022-03-18,4463.1201171875,2.4779275205211824,70.22132796780684,29.77867203219316,55.24193548387096,44.75806451612903,0.4044265593561368,0.10483870967741936
2022-03-21,4461.18017578125,2.4764158032857413,70.22132796780684,29.77867203219316,55.24193548387096,44.75806451612903,0.4044265593561368,0.10483870967741936
2022-03-22,4511.60986328125,2.5157136024491784,70.22132796780684,29.77867203219316,55.04032258064516,44.95967741935484,0.4044265593561368,0.10080645161290322
2022-03-23,4456.240234375,2.472566308377371,70.02012072434609,29.979879275653925,54.83870967741935,45.16129032258064,0.40040241448692154,0.0967741935483871
2022-03-24,4520.16015625,2.522376497115629,70.02012072434609,29.979879275653925,54.43548387096774,45.564516129032256,0.40040241448692154,0.08870967741935484
2022-03-25,4543.06005859375,2.5402214572527906,70.02012072434609,29.979879275653925,54.43548387096774,45.564516129032256,0.40040241448692154,0.08870967741935484
2022-03-28,4575.52001953125,2.5655161812340745,70.22132796780684,29.77867203219316,54.03225806451613,45.96774193548387,0.4044265593561368,0.08064516129032258
2022-03-29,4631.60009765625,2.6092170994129975,70.22132796780684,29.77867203219316,53.83064516129033,46.16935483870967,0.4044265593561368,0.07661290322580645
2022-03-30,4602.4501953125,2.586501769123899,70.22132796780684,29.77867203219316,53.62903225806451,46.37096774193548,0.4044265593561368,0.07258064516129033
2022-03-31,4530.41015625,2.5303639041648043,69.81891348088531,30.181086519114686,53.2258064516129,46.774193548387096,0.3963782696177062,0.06451612903225806
2022-04-01,4545.85986328125,2.5424032308817908,69.81891348088531,30.181086519114686,53.0241935483871,46.975806451612904,0.3963782696177062,0.06048387096774194
2022-04-04,4582.64013671875,2.571064598230601,69.81891348088531,30.181086519114686,52.41935483870967,47.58064516129033,0.3963782696177062,0.04838709677419355
2022-04-05,4525.1201171875,2.5262415924283923,69.81891348088531,30.181086519114686,52.21774193548387,47.78225806451613,0.3963782696177062,0.04435483870967742
2022-04-06,4481.14990234375,2.491977396916514,69.21529175050301,30.784708249496983,52.62096774193549,47.37903225806452,0.3843058350100604,0.05241935483870968
2022-04-07,4500.2099609375,2.5068301233915795,69.01408450704226,30.985915492957744,52.21774193548387,47.78225806451613,0.38028169014084506,0.04435483870967742
2022-04-08,4488.27978515625,2.497533423866403,69.21529175050301,30.784708249496983,52.21774193548387,47.78225806451613,0.3843058350100604,0.04435483870967742
2022-04-11,4412.52978515625,2.4385045376249326,69.01408450704226,30.985915492957744,52.21774193548387,47.78225806451613,0.38028169014084506,0.04435483870967742
2022-04-12,4397.4501953125,2.426753628140381,68.41046277665997,31.58953722334004,52.62096774193549,47.37903225806452,0.3682092555331992,0.05241935483870968
2022-04-13,4446.58984375,2.4650461524646463,68.41046277665997,31.58953722334004,52.82258064516129,47.17741935483871,0.3682092555331992,0.056451612903225805
2022-04-14,4392.58984375,2.422966154351915,67.80684104627767,32.19315895372233,52.41935483870967,47.58064516129033,0.3561368209255533,0.04838709677419355
2022-04-18,4391.68994140625,2.42226489714957,67.6056338028169,32.3943661971831,52.62096774193549,47.37903225806452,0.352112676056338,0.05241935483870968
2022-04-19,4462.2099609375,2.4772182728678067,67.6056338028169,32.3943661971831,52.62096774193549,47.37903225806452,0.352112676056338,0.05241935483870968
2022-04-20,4459.4501953125,2.4750677000475925,68.00804828973843,31.991951710261567,53.2258064516129,46.774193548387096,0.36016096579476864,0.06451612903225806
2022-04-21,4393.66015625,2.4238002052404344,67.6056338028169,32.3943661971831,53.62903225806451,46.37096774193548,0.352112676056338,0.07258064516129033
2022-04-22,4271.77978515625,2.3288238018033236,66.80080482897385,33.199195171026155,53.2258064516129,46.774193548387096,0.33601609657947684,0.06451612903225806
2022-04-25,4296.1201171875,2.3477912300614396,66.80080482897385,33.199195171026155,53.2258064516129,46.774193548387096,0.33601609657947684,0.06451612903225806
2022-04-26,4175.2001953125,2.2535632655375206,65.3923541247485,34.60764587525151,53.83064516129033,46.16935483870967,0.30784708249496984,0.07661290322580645
2022-04-27,4183.9599609375,2.260389393703594,64.38631790744466,35.61368209255533,54.233870967741936,45.766129032258064,0.28772635814889336,0.0846774193548387
2022-04-28,4287.5,2.341073924228448,64.1851106639839,35.8148893360161,53.83064516129033,46.16935483870967,0.2837022132796781,0.07661290322580645
2022-04-29,4131.93017578125,2.219844703681727,63.17907444668008,36.820925553319924,53.83064516129033,46.16935483870967,0.2635814889336016,0.07661290322580645
2022-05-02,4155.3798828125,2.238118104193192,62.776659959758554,37.223340040241446,54.03225806451613,45.96774193548387,0.25553319919517103,0.08064516129032258
2022-05-03,4175.47998046875,2.253781290701353,62.57545271629779,37.42454728370221,54.233870967741936,45.766129032258064,0.2515090543259557,0.0846774193548387
2022-05-04,4300.169921875,2.350947077720827,62.57545271629779,37.42454728370221,54.233870967741936,45.766129032258064,0.2515090543259557,0.0846774193548387
2022-05-05,4146.8701171875,2.2314867908331952,61.77062374245473,38.22937625754527,54.63709677419355,45.36290322580645,0.23541247484909456,0.09274193548387097
2022-05-06,4123.33984375,2.2131506082064902,61.3682092555332,38.6317907444668,55.24193548387096,44.75806451612903,0.22736418511066397,0.10483870967741936
2022-05-09,3991.239990234375,2.1102105788244603,55.33199195171026,44.668008048289735,54.929577464788736,45.07042253521127,0.10663983903420524,0.09859154929577464
2022-05-10,4001.050048828125,2.11785515747466,54.32595573440644,45.67404426559356,54.929577464788736,45.07042253521127,0.08651911468812877,0.09859154929577464
2022-05-11,3935.179931640625,2.0665252610499305,53.118712273641854,46.88128772635815,55.33199195171026,44.668008048289735,0.06237424547283702,0.10663983903420524
2022-05-12,3930.080078125,2.0625511531552507,52.91750503018109,47.08249496981891,55.73440643863179,44.26559356136821,0.05835010060362173,0.11468812877263582
2022-05-13,4023.889892578125,2.135653316398643,52.91750503018109,47.08249496981891,55.73440643863179,44.26559356136821,0.05835010060362173,0.11468812877263582
2022-05-16,4008.010009765625,2.123278771236043,52.91750503018109,47.08249496981891,56.13682092555332,43.86317907444668,0.05835010060362173,0.1227364185110664
2022-05-17,4088.85009765625,2.186274155418831,52.716297786720325,47.283702213279675,56.33802816901409,43.66197183098591,0.05432595573440644,0.1267605633802817
2022-05-18,3923.679931640625,2.057563779970367,51.10663983903421,48.89336016096579,56.33802816901409,43.66197183098591,0.022132796780684104,0.1267605633802817
2022-05-19,3900.7900390625,2.0397266200354016,50.30181086519114,49.69818913480885,56.13682092555332,43.86317907444668,0.006036217303822937,0.1227364185110664
2022-05-20,3901.360107421875,2.0401708510629315,49.69818913480885,50.30181086519114,56.33802816901409,43.66197183098591,-0.006036217303822937,0.1267605633802817
2022-05-23,3973.75,2.096581342601234,49.899396378269614,50.10060362173038,56.33802816901409,43.66197183098591,-0.002012072434607646,0.1267605633802817
2022-05-24,3941.47998046875,2.071434632212849,49.69818913480885,50.30181086519114,56.13682092555332,43.86317907444668,-0.006036217303822937,0.1227364185110664
2022-05-25,3978.72998046875,2.10046203831839,49.69818913480885,50.30181086519114,56.13682092555332,43.86317907444668,-0.006036217303822937,0.1227364185110664
2022-05-26,4057.840087890625,2.1621093192630285,49.69818913480885,50.30181086519114,56.13682092555332,43.86317907444668,-0.006036217303822937,0.1227364185110664
2022-05-27,4158.240234375,2.240347059533038,49.69818913480885,50.30181086519114,56.13682092555332,43.86317907444668,-0.006036217303822937,0.1227364185110664
2022-05-31,4132.14990234375,2.22001592763238,49.69818913480885,50.30181086519114,56.13682092555332,43.86317907444668,-0.006036217303822937,0.1227364185110664
2022-06-01,4101.22998046875,2.1959212932963466,49.69818913480885,50.30181086519114,56.13682092555332,43.86317907444668,-0.006036217303822937,0.1227364185110664
2022-06-02,4176.81982421875,2.254825376302673,49.69818913480885,50.30181086519114,55.93561368209256,44.06438631790744,-0.006036217303822937,0.11871227364185111
2022-06-03,4108.5400390625,2.201617723885771,49.69818913480885,50.30181086519114,55.93561368209256,44.06438631790744,-0.006036217303822937,0.11871227364185111
2022-06-06,4121.43017578125,2.211662481826472,49.49698189134809,50.50301810865191,55.73440643863179,44.26559356136821,-0.01006036217303823,0.11468812877263582
2022-06-07,4160.68017578125,2.242248406380633,49.49698189134809,50.50301810865191,55.93561368209256,44.06438631790744,-0.01006036217303823,0.11871227364185111
2022-06-08,4115.77001953125,2.2072517528576245,49.29577464788733,50.70422535211267,55.93561368209256,44.06438631790744,-0.014084507042253521,0.11871227364185111
2022-06-09,4017.820068359375,2.130923349886242,48.08853118712273,51.91146881287726,55.73440643863179,44.26559356136821,-0.03822937625754527,0.11468812877263582
2022-06-10,3900.860107421875,2.0397812214507764,46.478873239436616,53.52112676056338,56.13682092555332,43.86317907444668,-0.07042253521126761,0.1227364185110664
2022-06-13,3749.6298828125,1.9219336739294715,43.86317907444668,56.13682092555332,55.93561368209256,44.06438631790744,-0.1227364185110664,0.11871227364185111
2022-06-14,3735.47998046875,1.9109072320050213,43.05835010060362,56.941649899396374,55.73440643863179,44.26559356136821,-0.13883299798792756,0.11468812877263582
2022-06-15,3789.989990234375,1.9533846599321039,43.05835010060362,56.941649899396374,55.53319919517102,44.46680080482898,-0.13883299798792756,0.11066398390342053
2022-06-16,3666.77001953125,1.8573643611425052,40.04024144869216,59.95975855130785,55.33199195171026,44.668008048289735,-0.19919517102615694,0.10663983903420524
2022-06-17,3674.840087890625,1.8636530363523591,39.63782696177062,60.36217303822937,55.53319919517102,44.46680080482898,-0.20724346076458752,0.11066398390342053
2022-06-21,3764.7900390625,1.9337473655292627,39.63782696177062,60.36217303822937,55.33199195171026,44.668008048289735,-0.20724346076458752,0.10663983903420524
2022-06-22,3759.889892578125,1.9299288811808442,39.63782696177062,60.36217303822937,55.53319919517102,44.46680080482898,-0.20724346076458752,0.11066398390342053
2022-06-23,3795.72998046875,1.9578576002696888,39.2354124748491,60.7645875251509,55.33199195171026,44.668008048289735,-0.2152917505030181,0.10663983903420524
2022-06-24,3911.739990234375,2.048259470491827,39.2354124748491,60.7645875251509,55.33199195171026,44.668008048289735,-0.2152917505030181,0.10663983903420524
2022-06-27,3900.110107421875,2.039196777032544,39.2354124748491,60.7645875251509,55.53319919517102,44.46680080482898,-0.2152917505030181,0.11066398390342053
2022-06-28,3821.550048828125,1.9779781267110428,39.2354124748491,60.7645875251509,55.53319919517102,44.46680080482898,-0.2152917505030181,0.11066398390342053
2022-06-29,3818.830078125,1.97585856445078,39.2354124748491,60.7645875251509,55.53319919517102,44.46680080482898,-0.2152917505030181,0.11066398390342053
2022-06-30,3785.3798828125,1.949792191198548,39.2354124748491,60.7645875251509,55.53319919517102,44.46680080482898,-0.2152917505030181,0.11066398390342053
2022-07-01,3825.330078125,1.9809237494087935,39.2354124748491,60.7645875251509,55.53319919517102,44.46680080482898,-0.2152917505030181,0.11066398390342053
2022-07-05,3831.389892578125,1.985645915718997,39.2354124748491,60.7645875251509,55.53319919517102,44.46680080482898,-0.2152917505030181,0.11066398390342053
2022-07-06,3845.080078125,1.9963141190889133,39.03420523138833,60.96579476861167,55.53319919517102,44.46680080482898,-0.2193158953722334,0.11066398390342053
2022-07-07,3902.6201171875,2.0411527252955155,39.03420523138833,60.96579476861167,55.53319919517102,44.46680080482898,-0.2193158953722334,0.11066398390342053
2022-07-08,3899.3798828125,2.038627742769871,39.03420523138833,60.96579476861167,55.53319919517102,44.46680080482898,-0.2193158953722334,0.11066398390342053
2022-07-11,3854.429931640625,2.0036000786869104,39.03420523138833,60.96579476861167,55.13078470824949,44.8692152917505,-0.2193158953722334,0.10261569416498995
2022-07-12,3818.800048828125,1.9758351638441911,38.83299798792756,61.16700201207244,55.13078470824949,44.8692152917505,-0.22334004024144868,0.10261569416498995
2022-07-13,3801.780029296875,1.962572156626531,38.83299798792756,61.16700201207244,55.13078470824949,44.8692152917505,-0.22334004024144868,0.10261569416498995
2022-07-14,3790.3798828125,1.9536884873200986,38.83299798792756,61.16700201207244,55.13078470824949,44.8692152917505,-0.22334004024144868,0.10261569416498995
2022-07-15,3863.159912109375,2.0104029964952295,38.83299798792756,61.16700201207244,55.13078470824949,44.8692152917505,-0.22334004024144868,0.10261569416498995
2022-07-18,3830.85009765625,1.9852252755468927,38.83299798792756,61.16700201207244,55.13078470824949,44.8692152917505,-0.22334004024144868,0.10261569416498995
2022-07-19,3936.68994140625,2.0677019500885923,38.83299798792756,61.16700201207244,55.13078470824949,44.8692152917505,-0.22334004024144868,0.10261569416498995
2022-07-20,3959.89990234375,2.08578852624501,38.83299798792756,61.16700201207244,55.13078470824949,44.8692152917505,-0.22334004024144868,0.10261569416498995
2022-07-21,3998.949951171875,2.1162186370040765,39.03420523138833,60.96579476861167,55.13078470824949,44.8692152917505,-0.2193158953722334,0.10261569416498995
2022-07-22,3961.6298828125,2.0871366294831595,38.83299798792756,61.16700201207244,55.13078470824949,44.8692152917505,-0.22334004024144868,0.10261569416498995
2022-07-25,3966.840087890625,2.0911967298508345,38.83299798792756,61.16700201207244,54.929577464788736,45.07042253521127,-0.22334004024144868,0.09859154929577464
2022-07-26,3921.050048828125,2.0555144195298736,38.83299798792756,61.16700201207244,54.929577464788736,45.07042253521127,-0.22334004024144868,0.09859154929577464
2022-07-27,4023.610107421875,2.135435291234811,39.03420523138833,60.96579476861167,55.13078470824949,44.8692152917505,-0.2193158953722334,0.10261569416498995
2022-07-28,4072.429931640625,2.1734785895864572,39.2354124748491,60.7645875251509,55.33199195171026,44.668008048289735,-0.2152917505030181,0.10663983903420524
2022-07-29,4130.2900390625,2.218566612014512,39.2354124748491,60.7645875251509,55.53319919517102,44.46680080482898,-0.2152917505030181,0.11066398390342053
2022-08-01,4118.6298828125,2.209480327699805,39.2354124748491,60.7645875251509,55.33199195171026,44.668008048289735,-0.2152917505030181,0.10663983903420524
2022-08-02,4091.18994140625,2.1880975002444636,39.2354124748491,60.7645875251509,55.33199195171026,44.668008048289735,-0.2152917505030181,0.10663983903420524
2022-08-03,4155.169921875,2.2379544901959005,39.2354124748491,60.7645875251509,55.33199195171026,44.668008048289735,-0.2152917505030181,0.10663983903420524
2022-08-04,4151.93994140625,2.2354374981212866,39.2354124748491,60.7645875251509,55.33199195171026,44.668008048289735,-0.2152917505030181,0.10663983903420524
2022-08-05,4145.18994140625,2.2301774983571954,39.2354124748491,60.7645875251509,55.73440643863179,44.26559356136821,-0.2152917505030181,0.11468812877263582
2022-08-08,4140.06005859375,2.2261799898559262,39.2354124748491,60.7645875251509,55.73440643863179,44.26559356136821,-0.2152917505030181,0.11468812877263582
2022-08-09,4122.47021484375,2.2124729418595703,39.436619718309856,60.56338028169014,56.13682092555332,43.86317907444668,-0.2112676056338028,0.1227364185110664
2022-08-10,4210.240234375,2.2808685391971517,39.63782696177062,60.36217303822937,55.93561368209256,44.06438631790744,-0.20724346076458752,0.11871227364185111
2022-08-11,4207.27001953125,2.278553971881977,39.63782696177062,60.36217303822937,56.13682092555332,43.86317907444668,-0.20724346076458752,0.1227364185110664
2022-08-12,4280.14990234375,2.335346292830238,39.839034205231385,60.160965794768615,56.13682092555332,43.86317907444668,-0.20321931589537223,0.1227364185110664
2022-08-15,4297.14013671875,2.348586089690143,39.839034205231385,60.160965794768615,56.13682092555332,43.86317907444668,-0.20321931589537223,0.1227364185110664
2022-08-16,4305.2001953125,2.3548669646978,39.839034205231385,60.160965794768615,55.93561368209256,44.06438631790744,-0.20321931589537223,0.11871227364185111
2022-08-17,4274.0400390625,2.330585125509052,39.839034205231385,60.160965794768615,55.93561368209256,44.06438631790744,-0.20321931589537223,0.11871227364185111
2022-08-18,4283.740234375,2.3381440921839247,40.04024144869216,59.95975855130785,55.73440643863179,44.26559356136821,-0.19919517102615694,0.11468812877263582
2022-08-19,4228.47998046875,2.2950820295897754,40.04024144869216,59.95975855130785,55.93561368209256,44.06438631790744,-0.19919517102615694,0.11871227364185111
2022-08-22,4137.990234375,2.2245670602407652,40.04024144869216,59.95975855130785,55.93561368209256,44.06438631790744,-0.19919517102615694,0.11871227364185111
2022-08-23,4128.72998046875,2.217350921964869,40.04024144869216,59.95975855130785,55.93561368209256,44.06438631790744,-0.19919517102615694,0.11871227364185111
2022-08-24,4140.77001953125,2.226733233465373,40.04024144869216,59.95975855130785,55.93561368209256,44.06438631790744,-0.19919517102615694,0.11871227364185111
2022-08-25,4199.1201171875,2.2722030853033863,40.24144869215292,59.758551307847085,55.93561368209256,44.06438631790744,-0.19517102615694165,0.11871227364185111
2022-08-26,4057.659912109375,2.161968915623495,40.24144869215292,59.758551307847085,55.53319919517102,44.46680080482898,-0.19517102615694165,0.11066398390342053
2022-08-29,4030.610107421875,2.1408901058049814,40.04024144869216,59.95975855130785,55.53319919517102,44.46680080482898,-0.19919517102615694,0.11066398390342053
2022-08-30,3986.159912109375,2.106251881085342,39.436619718309856,60.56338028169014,55.53319919517102,44.46680080482898,-0.2112676056338028,0.11066398390342053
2022-08-31,3955.0,2.0819702321454274,39.436619718309856,60.56338028169014,55.33199195171026,44.668008048289735,-0.2112676056338028,0.10663983903420524
2022-09-01,3966.85009765625,2.091204530053033,39.436619718309856,60.56338028169014,55.73440643863179,44.26559356136821,-0.2112676056338028,0.11468812877263582
2022-09-02,3924.260009765625,2.0580158112000957,39.436619718309856,60.56338028169014,55.53319919517102,44.46680080482898,-0.2112676056338028,0.11066398390342053
2022-09-06,3908.18994140625,2.045493062195763,39.03420523138833,60.96579476861167,55.73440643863179,44.26559356136821,-0.2193158953722334,0.11468812877263582
2022-09-07,3979.8701171875,2.101350500373454,39.03420523138833,60.96579476861167,55.73440643863179,44.26559356136821,-0.2193158953722334,0.11468812877263582
2022-09-08,4006.179931640625,2.121852665975932,39.03420523138833,60.96579476861167,55.93561368209256,44.06438631790744,-0.2193158953722334,0.11871227364185111
2022-09-09,4067.360107421875,2.169527882298368,39.03420523138833,60.96579476861167,55.73440643863179,44.26559356136821,-0.2193158953722334,0.11468812877263582
2022-09-12,4110.41015625,2.203075029954674,39.03420523138833,60.96579476861167,55.73440643863179,44.26559356136821,-0.2193158953722334,0.11468812877263582
2022-09-13,3932.68994140625,2.0645849131913545,39.03420523138833,60.96579476861167,55.73440643863179,44.26559356136821,-0.2193158953722334,0.11468812877263582
2022-09-14,3946.010009765625,2.074964699328835,38.83299798792756,61.16700201207244,55.73440643863179,44.26559356136821,-0.22334004024144868,0.11468812877263582
2022-09-15,3901.35009765625,2.040163050860737,38.83299798792756,61.16700201207244,55.73440643863179,44.26559356136821,-0.22334004024144868,0.11468812877263582
2022-09-16,3873.330078125,2.0183281921756686,38.43058350100604,61.56941649899397,55.73440643863179,44.26559356136821,-0.23138832997987926,0.11468812877263582
2022-09-19,3899.889892578125,2.0390251725842243,38.43058350100604,61.56941649899397,55.73440643863179,44.26559356136821,-0.23138832997987926,0.11468812877263582
2022-09-20,3855.929931640625,2.0047689675233773,38.22937625754527,61.77062374245473,55.73440643863179,44.26559356136821,-0.23541247484909456,0.11468812877263582
2022-09-21,3789.929931640625,1.9533378587189278,37.02213279678068,62.97786720321932,55.33199195171026,44.668008048289735,-0.2595573440643863,0.10663983903420524
2022-09-22,3757.989990234375,1.9284483647541912,36.21730382293762,63.78269617706237,55.33199195171026,44.668008048289735,-0.27565392354124746,0.10663983903420524
2022-09-23,3693.22998046875,1.8779835297779321,35.8148893360161,64.1851106639839,55.13078470824949,44.8692152917505,-0.2837022132796781,0.10261569416498995
2022-09-26,3655.0400390625,1.8482236656612594,34.80885311871227,65.19114688128774,55.33199195171026,44.668008048289735,-0.3038229376257545,0.10663983903420524
2022-09-27,3647.2900390625,1.842184406672858,34.60764587525151,65.3923541247485,55.13078470824949,44.8692152917505,-0.30784708249496984,0.10261569416498995
2022-09-28,3719.0400390625,1.898096256017089,34.60764587525151,65.3923541247485,55.33199195171026,44.668008048289735,-0.30784708249496984,0.10663983903420524
2022-09-29,3640.469970703125,1.8368698054933912,33.400402414486926,66.59959758551308,55.73440643863179,44.26559356136821,-0.3319919517102616,0.11468812877263582
2022-09-30,3585.6201171875,1.794127551189297,32.796780684104625,67.20321931589537,56.33802816901409,43.66197183098591,-0.3440643863179074,0.1267605633802817
2022-10-03,3678.429931640625,1.8664504552083794,32.796780684104625,67.20321931589537,56.33802816901409,43.66197183098591,-0.3440643863179074,0.1267605633802817
2022-10-04,3790.929931640625,1.954117117943237,32.796780684104625,67.20321931589537,56.33802816901409,43.66197183098591,-0.3440643863179074,0.1267605633802817
2022-10-05,3783.280029296875,1.9481558609768004,32.796780684104625,67.20321931589537,55.93561368209256,44.06438631790744,-0.3440643863179074,0.11871227364185111
2022-10-06,3744.52001953125,1.9179517658325973,31.790744466800803,68.2092555331992,55.93561368209256,44.06438631790744,-0.3641851106639839,0.11871227364185111
2022-10-07,3639.659912109375,1.8362385598619801,31.388329979879277,68.61167002012073,55.93561368209256,44.06438631790744,-0.3722334004024145,0.11871227364185111
2022-10-10,3612.389892578125,1.814988145595144,31.18712273641851,68.81287726358148,55.73440643863179,44.26559356136821,-0.3762575452716298,0.11468812877263582
2022-10-11,3588.840087890625,1.7966367430617143,30.784708249496983,69.21529175050301,55.93561368209256,44.06438631790744,-0.3843058350100604,0.11871227364185111
2022-10-12,3577.030029296875,1.7874336459628948,30.181086519114686,69.81891348088531,55.93561368209256,44.06438631790744,-0.3963782696177062,0.11871227364185111
2022-10-13,3669.909912109375,1.859811151397352,30.181086519114686,69.81891348088531,55.73440643863179,44.26559356136821,-0.3963782696177062,0.11468812877263582
2022-10-14,3583.070068359375,1.7921404021175396,29.77867203219316,70.22132796780684,55.73440643863179,44.26559356136821,-0.4044265593561368,0.11468812877263582
2022-10-17,3677.949951171875,1.866076426000617,29.77867203219316,70.22132796780684,55.53319919517102,44.46680080482898,-0.4044265593561368,0.11066398390342053
2022-10-18,3719.97998046875,1.89882871402822,29.77867203219316,70.22132796780684,55.33199195171026,44.668008048289735,-0.4044265593561368,0.10663983903420524
2022-10-19,3695.159912109375,1.8794874468111762,29.77867203219316,70.22132796780684,55.33199195171026,44.668008048289735,-0.4044265593561368,0.10663983903420524
2022-10-20,3665.780029296875,1.8565929021203935,29.376257545271628,70.62374245472837,55.33199195171026,44.668008048289735,-0.4124748490945674,0.10663983903420524
2022-10-21,3752.75,1.9243650540287605,29.376257545271628,70.62374245472837,54.52716297786721,45.47283702213279,-0.4124748490945674,0.09054325955734406
2022-10-24,3797.340087890625,1.9591122913303165,29.376257545271628,70.62374245472837,54.52716297786721,45.47283702213279,-0.4124748490945674,0.09054325955734406
2022-10-25,3859.110107421875,2.007247148835842,29.376257545271628,70.62374245472837,54.72837022132797,45.271629778672036,-0.4124748490945674,0.09456740442655935
2022-10-26,3830.60009765625,1.985030460740815,29.577464788732392,70.4225352112676,54.929577464788736,45.07042253521127,-0.4084507042253521,0.09859154929577464
2022-10-27,3807.300048828125,1.966873682764629,29.77867203219316,70.22132796780684,54.52716297786721,45.47283702213279,-0.4044265593561368,0.09054325955734406
2022-10-28,3901.06005859375,2.039937035245873,30.58350100603622,69.41649899396378,54.52716297786721,45.47283702213279,-0.38832997987927564,0.09054325955734406
2022-10-31,3871.97998046875,2.017276116123316,30.58350100603622,69.41649899396378,54.72837022132797,45.271629778672036,-0.38832997987927564,0.09456740442655935
2022-11-01,3856.10009765625,2.0049015709607163,30.58350100603622,69.41649899396378,55.13078470824949,44.8692152917505,-0.38832997987927564,0.10261569416498995
2022-11-02,3759.68994140625,1.9297730673857507,30.58350100603622,69.41649899396378,55.53319919517102,44.46680080482898,-0.38832997987927564,0.11066398390342053
2022-11-03,3719.889892578125,1.8987585122084525,30.38229376257545,69.61770623742454,56.13682092555332,43.86317907444668,-0.39235412474849096,0.1227364185110664
2022-11-04,3770.550048828125,1.9382359062712422,30.181086519114686,69.81891348088531,56.941649899396374,43.05835010060362,-0.3963782696177062,0.13883299798792756
2022-11-07,3806.800048828125,1.9664840531524739,30.181086519114686,69.81891348088531,56.53923541247485,43.460764587525155,-0.3963782696177062,0.13078470824949698
2022-11-08,3828.110107421875,1.9830901128822367,30.181086519114686,69.81891348088531,56.53923541247485,43.460764587525155,-0.3963782696177062,0.13078470824949698
2022-11-09,3748.570068359375,1.921107803740819,30.38229376257545,69.61770623742454,56.74044265593562,43.25955734406438,-0.39235412474849096,0.13480885311871227
2022-11-10,3956.3701171875,2.083037908602171,31.58953722334004,68.41046277665997,56.74044265593562,43.25955734406438,-0.3682092555331992,0.13480885311871227
2022-11-11,3992.929931640625,2.1115274812538245,31.58953722334004,68.41046277665997,56.941649899396374,43.05835010060362,-0.3682092555331992,0.13883299798792756
2022-11-14,3957.25,2.0837235654001236,31.58953722334004,68.41046277665997,56.941649899396374,43.05835010060362,-0.3682092555331992,0.13883299798792756
2022-11-15,3991.72998046875,2.1105924082344205,31.58953722334004,68.41046277665997,57.14285714285714,42.857142857142854,-0.3682092555331992,0.14285714285714285
2022-11-16,3958.7900390625,2.0849236550453747,31.790744466800803,68.2092555331992,57.14285714285714,42.857142857142854,-0.3641851106639839,0.14285714285714285
2022-11-17,3946.56005859375,2.075393329951972,31.790744466800803,68.2092555331992,57.14285714285714,42.857142857142854,-0.3641851106639839,0.14285714285714285
2022-11-18,3965.340087890625,2.090027841014371,31.991951710261567,68.00804828973843,57.74647887323944,42.25352112676056,-0.36016096579476864,0.15492957746478872
2022-11-21,3949.93994140625,2.078027134810699,32.19315895372233,67.80684104627767,57.74647887323944,42.25352112676056,-0.3561368209255533,0.15492957746478872
2022-11-22,4003.580078125,2.1198267061420255,32.99798792756539,67.0020120724346,57.947686116700204,42.052313883299796,-0.34004024144869216,0.158953722334004
2022-11-23,4027.260009765625,2.1382795113040087,33.601609657947684,66.39839034205231,57.947686116700204,42.052313883299796,-0.32796780684104626,0.158953722334004
2022-11-25,4026.1201171875,2.137391239497782,33.601609657947684,66.39839034205231,57.947686116700204,42.052313883299796,-0.32796780684104626,0.158953722334004
2022-11-28,3963.93994140625,2.0889367639510357,33.601609657947684,66.39839034205231,58.14889336016097,41.85110663983904,-0.32796780684104626,0.16297786720321933
2022-11-29,3957.6298828125,2.08401959258592,33.601609657947684,66.39839034205231,58.35010060362173,41.649899396378274,-0.32796780684104626,0.16700201207243462
2022-11-30,4080.110107421875,2.179463437408317,34.60764587525151,65.3923541247485,58.35010060362173,41.649899396378274,-0.30784708249496984,0.16700201207243462
2022-12-01,4076.570068359375,2.176704829314447,34.60764587525151,65.3923541247485,58.752515090543255,41.24748490945674,-0.30784708249496984,0.1750503018108652
2022-12-02,4071.699951171875,2.1729097455726176,34.80885311871227,65.19114688128774,58.752515090543255,41.24748490945674,-0.3038229376257545,0.1750503018108652
2022-12-05,3998.840087890625,2.11613302502875,35.01006036217304,64.98993963782696,58.95372233400402,41.04627766599598,-0.29979879275653926,0.1790744466800805
2022-12-06,3941.260009765625,2.071263218013362,34.80885311871227,65.19114688128774,59.154929577464785,40.845070422535215,-0.3038229376257545,0.18309859154929578
2022-12-07,3933.919921875,2.065543386817348,34.80885311871227,65.19114688128774,59.356136820925556,40.643863179074444,-0.3038229376257545,0.18712273641851107
2022-12-08,3963.510009765625,2.088601735754256,34.80885311871227,65.19114688128774,59.356136820925556,40.643863179074444,-0.3038229376257545,0.18712273641851107
2022-12-09,3934.3798828125,2.0659018156207165,34.80885311871227,65.19114688128774,59.55734406438632,40.44265593561368,-0.3038229376257545,0.19114688128772636
2022-12-12,3990.56005859375,2.1096807358216036,35.01006036217304,64.98993963782696,59.55734406438632,40.44265593561368,-0.29979879275653926,0.19114688128772636
2022-12-13,4019.64990234375,2.1323492648975235,35.61368209255533,64.38631790744466,59.55734406438632,40.44265593561368,-0.28772635814889336,0.19114688128772636
2022-12-14,3995.320068359375,2.1133900173392726,35.61368209255533,64.38631790744466,59.356136820925556,40.643863179074444,-0.28772635814889336,0.18712273641851107
2022-12-15,3895.75,2.035799123105068,35.61368209255533,64.38631790744466,59.95975855130785,40.04024144869216,-0.28772635814889336,0.19919517102615694
2022-12-16,3852.360107421875,2.001987149071751,35.412474849094565,64.58752515090544,60.36217303822937,39.63782696177062,-0.2917505030181087,0.20724346076458752
2022-12-19,3817.659912109375,1.9749467017891318,35.412474849094565,64.58752515090544,60.36217303822937,39.63782696177062,-0.2917505030181087,0.20724346076458752
2022-12-20,3821.6201171875,1.9780327281264194,35.412474849094565,64.58752515090544,60.56338028169014,39.436619718309856,-0.2917505030181087,0.2112676056338028
2022-12-21,3878.43994140625,2.022310100272544,35.412474849094565,64.58752515090544,60.7645875251509,39.2354124748491,-0.2917505030181087,0.2152917505030181
2022-12-22,3822.389892578125,1.9786325827002105,35.412474849094565,64.58752515090544,60.96579476861167,39.03420523138833,-0.2917505030181087,0.2193158953722334
2022-12-23,3844.820068359375,1.9961115040806408,35.412474849094565,64.58752515090544,60.96579476861167,39.03420523138833,-0.2917505030181087,0.2193158953722334
2022-12-27,3829.25,1.9839783846884629,35.412474849094565,64.58752515090544,61.16700201207244,38.83299798792756,-0.2917505030181087,0.22334004024144868
2022-12-28,3783.219970703125,1.9481090597636213,35.01006036217304,64.98993963782696,61.3682092555332,38.6317907444668,-0.29979879275653926,0.22736418511066397
2022-12-29,3849.280029296875,1.9995869697812494,35.412474849094565,64.58752515090544,61.56941649899397,38.43058350100604,-0.2917505030181087,0.23138832997987926
2022-12-30,3839.5,1.991965791737639,35.412474849094565,64.58752515090544,61.56941649899397,38.43058350100604,-0.2917505030181087,0.23138832997987926
2023-01-03,3824.139892578125,1.9799962863427534,35.412474849094565,64.58752515090544,61.77062374245473,38.22937625754527,-0.2917505030181087,0.23541247484909456
2023-01-04,3852.969970703125,2.0024623906592325,35.412474849094565,64.58752515090544,62.37424547283702,37.62575452716298,-0.2917505030181087,0.24748490945674045
2023-01-05,3808.10009765625,1.9674971281938438,35.2112676056338,64.7887323943662,62.17303822937625,37.82696177062374,-0.29577464788732394,0.24346076458752516
2023-01-06,3895.080078125,2.0352770803044073,35.412474849094565,64.58752515090544,62.57545271629779,37.42454728370221,-0.2917505030181087,0.2515090543259557
2023-01-09,3892.090087890625,2.032947102833674,35.412474849094565,64.58752515090544,62.97786720321932,37.02213279678068,-0.2917505030181087,0.2595573440643863
2023-01-10,3919.25,2.054111714876349,35.8148893360161,64.1851106639839,63.17907444668008,36.820925553319924,-0.2837022132796781,0.2635814889336016
2023-01-11,3969.610107421875,2.0933552931220794,36.820925553319924,63.17907444668008,63.581488933601605,36.41851106639839,-0.2635814889336016,0.2716297786720322
2023-01-12,3983.169921875,2.1039219036146064,37.223340040241446,62.776659959758554,63.983903420523134,36.016096579476866,-0.25553319919517103,0.2796780684104628
2023-01-13,3999.090087890625,2.116327839834826,38.028169014084504,61.97183098591549,63.983903420523134,36.016096579476866,-0.23943661971830985,0.2796780684104628
2023-01-17,3990.969970703125,2.11000016361399,38.028169014084504,61.97183098591549,63.983903420523134,36.016096579476866,-0.23943661971830985,0.2796780684104628
2023-01-18,3928.860107421875,2.0616004797314527,38.028169014084504,61.97183098591549,64.38631790744466,35.61368209255533,-0.23943661971830985,0.28772635814889336
2023-01-19,3898.85009765625,2.038214902799961,38.028169014084504,61.97183098591549,64.38631790744466,35.61368209255533,-0.23943661971830985,0.28772635814889336
2023-01-20,3972.610107421875,2.0956930707950083,38.028169014084504,61.97183098591549,64.38631790744466,35.61368209255533,-0.23943661971830985,0.28772635814889336
2023-01-23,4019.81005859375,2.1324740681326655,38.6317907444668,61.3682092555332,64.38631790744466,35.61368209255533,-0.22736418511066397,0.28772635814889336
2023-01-24,4016.949951171875,2.1302453030416526,38.43058350100604,61.56941649899397,64.38631790744466,35.61368209255533,-0.23138832997987926,0.28772635814889336
2023-01-25,4016.219970703125,2.129676459027813,38.83299798792756,61.16700201207244,64.38631790744466,35.61368209255533,-0.22334004024144868,0.28772635814889336
2023-01-26,4060.429931640625,2.1641274788947373,39.03420523138833,60.96579476861167,64.1851106639839,35.8148893360161,-0.2193158953722334,0.2837022132796781
2023-01-27,4070.56005859375,2.17202147376639,39.63782696177062,60.36217303822937,64.38631790744466,35.61368209255533,-0.20724346076458752,0.28772635814889336
2023-01-30,4017.77001953125,2.13088434887526,39.63782696177062,60.36217303822937,64.38631790744466,35.61368209255533,-0.20724346076458752,0.28772635814889336
2023-01-31,4076.60009765625,2.1767282299210344,40.04024144869216,59.95975855130785,64.7887323943662,35.2112676056338,-0.19919517102615694,0.29577464788732394
2023-02-01,4119.2099609375,2.20993235892953,41.04627766599598,58.95372233400402,65.3923541247485,34.60764587525151,-0.1790744466800805,0.30784708249496984
2023-02-02,4179.759765625,2.257116352762423,42.6559356136821,57.3440643863179,65.3923541247485,34.60764587525151,-0.14688128772635814,0.30784708249496984
2023-02-03,4136.47998046875,2.2233901809532672,42.857142857142854,57.14285714285714,64.98993963782696,35.01006036217304,-0.14285714285714285,0.29979879275653926
2023-02-06,4111.080078125,2.203597072755331,42.857142857142854,57.14285714285714,64.7887323943662,35.2112676056338,-0.14285714285714285,0.29577464788732394
2023-02-07,4164.0,2.2448354100261803,43.05835010060362,56.941649899396374,64.7887323943662,35.2112676056338,-0.13883299798792756,0.29577464788732394
2023-02-08,4117.85986328125,2.208880282877178,43.25955734406438,56.74044265593562,64.98993963782696,35.01006036217304,-0.13480885311871227,0.29979879275653926
2023-02-09,4081.5,2.180546524020619,43.25955734406438,56.74044265593562,65.19114688128774,34.80885311871227,-0.13480885311871227,0.3038229376257545
2023-02-10,4090.4599609375,2.1875286562306226,43.25955734406438,56.74044265593562,65.19114688128774,34.80885311871227,-0.13480885311871227,0.3038229376257545
2023-02-13,4137.2900390625,2.224021426584679,43.460764587525155,56.53923541247485,65.3923541247485,34.60764587525151,-0.13078470824949698,0.30784708249496984
2023-02-14,4136.1298828125,2.223117364125226,43.86317907444668,56.13682092555332,65.19114688128774,34.80885311871227,-0.1227364185110664,0.3038229376257545
2023-02-15,4147.60009765625,2.2320556348470335,44.26559356136821,55.73440643863179,65.19114688128774,34.80885311871227,-0.11468812877263582,0.3038229376257545
2023-02-16,4090.409912109375,2.1874896552196397,44.26559356136821,55.73440643863179,65.19114688128774,34.80885311871227,-0.11468812877263582,0.3038229376257545
2023-02-17,4079.090087890625,2.178668577779613,44.26559356136821,55.73440643863179,65.19114688128774,34.80885311871227,-0.11468812877263582,0.3038229376257545
2023-02-21,3997.340087890625,2.1149641361922837,44.26559356136821,55.73440643863179,65.3923541247485,34.60764587525151,-0.11468812877263582,0.30784708249496984
2023-02-22,3991.050048828125,2.1100625652315617,44.26559356136821,55.73440643863179,65.3923541247485,34.60764587525151,-0.11468812877263582,0.30784708249496984
2023-02-23,4012.320068359375,2.1266374241525385,44.26559356136821,55.73440643863179,65.3923541247485,34.60764587525151,-0.11468812877263582,0.30784708249496984
2023-02-24,3970.0400390625,2.093690321318858,44.26559356136821,55.73440643863179,65.3923541247485,34.60764587525151,-0.11468812877263582,0.30784708249496984
2023-02-27,3982.239990234375,2.1031972458056707,44.26559356136821,55.73440643863179,65.59356136820925,34.40643863179074,-0.11468812877263582,0.3118712273641851
2023-02-28,3970.14990234375,2.0937759332941845,44.26559356136821,55.73440643863179,65.59356136820925,34.40643863179074,-0.11468812877263582,0.3118712273641851
2023-03-01,3951.389892578125,2.0791570226361786,44.26559356136821,55.73440643863179,65.99597585513078,34.00402414486921,-0.11468812877263582,0.3199195171026157
2023-03-02,3981.35009765625,2.1025037888055222,44.26559356136821,55.73440643863179,65.99597585513078,34.00402414486921,-0.11468812877263582,0.3199195171026157
2023-03-03,4045.639892578125,2.152602204527381,44.668008048289735,55.33199195171026,65.99597585513078,34.00402414486921,-0.10663983903420524,0.3199195171026157
2023-03-06,4048.419921875,2.154768568000823,44.668008048289735,55.33199195171026,65.99597585513078,34.00402414486921,-0.10663983903420524,0.3199195171026157
2023-03-07,3986.3701171875,2.1064156853314646,44.668008048289735,55.33199195171026,65.79476861167002,34.205231388329985,-0.10663983903420524,0.3158953722334004
2023-03-08,3992.010009765625,2.1108106236470854,44.668008048289735,55.33199195171026,65.3923541247485,34.60764587525151,-0.10663983903420524,0.30784708249496984
2023-03-09,3918.320068359375,2.0533870570674138,44.668008048289735,55.33199195171026,65.19114688128774,34.80885311871227,-0.10663983903420524,0.3038229376257545
2023-03-10,3861.590087890625,2.009179696492223,44.26559356136821,55.73440643863179,64.7887323943662,35.2112676056338,-0.11468812877263582,0.29577464788732394
2023-03-13,3855.760009765625,2.0046365543348696,44.06438631790744,55.93561368209256,63.983903420523134,36.016096579476866,-0.11871227364185111,0.2796780684104628
2023-03-14,3919.2900390625,2.054142915685134,44.06438631790744,55.93561368209256,64.1851106639839,35.8148893360161,-0.11871227364185111,0.2837022132796781
2023-03-15,3891.929931640625,2.0328222995985294,43.25955734406438,56.74044265593562,63.983903420523134,36.016096579476866,-0.13480885311871227,0.2796780684104628
2023-03-16,3960.280029296875,2.08608474367964,43.460764587525155,56.53923541247485,64.38631790744466,35.61368209255533,-0.13078470824949698,0.28772635814889336
2023-03-17,3916.639892578125,2.052077764591412,43.460764587525155,56.53923541247485,63.17907444668008,36.820925553319924,-0.13078470824949698,0.2635814889336016
2023-03-20,3951.570068359375,2.079297426275715,43.66197183098591,56.33802816901409,63.17907444668008,36.820925553319924,-0.1267605633802817,0.2635814889336016
2023-03-21,4002.8701171875,2.119273462532577,43.66197183098591,56.33802816901409,63.17907444668008,36.820925553319924,-0.1267605633802817,0.2635814889336016
2023-03-22,3936.969970703125,2.067920165501258,43.66197183098591,56.33802816901409,62.776659959758554,37.223340040241446,-0.1267605633802817,0.25553319919517103
2023-03-23,3948.719970703125,2.0770764613868984,43.460764587525155,56.53923541247485,62.37424547283702,37.62575452716298,-0.13078470824949698,0.24748490945674045
2023-03-24,3970.989990234375,2.0944305795321854,43.460764587525155,56.53923541247485,62.57545271629779,37.42454728370221,-0.13078470824949698,0.2515090543259557
2023-03-27,3977.530029296875,2.0995269652989843,43.460764587525155,56.53923541247485,62.57545271629779,37.42454728370221,-0.13078470824949698,0.2515090543259557
2023-03-28,3971.27001953125,2.0946487949448516,43.460764587525155,56.53923541247485,62.776659959758554,37.223340040241446,-0.13078470824949698,0.25553319919517103
2023-03-29,4027.81005859375,2.1387081419271436,43.460764587525155,56.53923541247485,62.776659959758554,37.223340040241446,-0.13078470824949698,0.25553319919517103
2023-03-30,4050.830078125,2.156646704490663,43.86317907444668,56.13682092555332,62.57545271629779,37.42454728370221,-0.1227364185110664,0.2515090543259557
2023-03-31,4109.31005859375,2.2022177687083957,44.26559356136821,55.73440643863179,62.57545271629779,37.42454728370221,-0.11468812877263582,0.2515090543259557
2023-04-03,4124.509765625,2.214062280619304,44.26559356136821,55.73440643863179,62.57545271629779,37.42454728370221,-0.11468812877263582,0.2515090543259557
2023-04-04,4100.60009765625,2.1954304513044702,44.26559356136821,55.73440643863179,62.776659959758554,37.223340040241446,-0.11468812877263582,0.25553319919517103
2023-04-05,4090.3798828125,2.1874662546130494,44.26559356136821,55.73440643863179,62.776659959758554,37.223340040241446,-0.11468812877263582,0.25553319919517103
2023-04-06,4105.02001953125,2.198874716196293,44.26559356136821,55.73440643863179,62.776659959758554,37.223340040241446,-0.11468812877263582,0.25553319919517103
2023-04-10,4109.10986328125,2.202061764664467,44.26559356136821,55.73440643863179,62.776659959758554,37.223340040241446,-0.11468812877263582,0.25553319919517103
2023-04-11,4108.93994140625,2.201929351475961,44.26559356136821,55.73440643863179,62.776659959758554,37.223340040241446,-0.11468812877263582,0.25553319919517103
2023-04-12,4091.949951171875,2.1886897448648903,44.46680080482898,55.53319919517102,62.57545271629779,37.42454728370221,-0.11066398390342053,0.2515090543259557
2023-04-13,4146.22021484375,2.230980348436926,44.8692152917505,55.13078470824949,62.57545271629779,37.42454728370221,-0.10261569416498995,0.2515090543259557
2023-04-14,4137.64013671875,2.2242942434127206,44.8692152917505,55.13078470824949,62.57545271629779,37.42454728370221,-0.10261569416498995,0.2515090543259557
2023-04-17,4151.31982421875,2.2349542660827715,45.47283702213279,54.52716297786721,62.57545271629779,37.42454728370221,-0.09054325955734406,0.2515090543259557
2023-04-18,4154.8701171875,2.237720864627672,45.47283702213279,54.52716297786721,62.57545271629779,37.42454728370221,-0.09054325955734406,0.2515090543259557
2023-04-19,4154.52001953125,2.23744804779963,45.67404426559356,54.32595573440644,62.57545271629779,37.42454728370221,-0.08651911468812877,0.2515090543259557
2023-04-20,4129.7900390625,2.2181769824023543,45.67404426559356,54.32595573440644,62.57545271629779,37.42454728370221,-0.08651911468812877,0.2515090543259557
2023-04-21,4133.52001953125,2.221083604089123,45.67404426559356,54.32595573440644,62.37424547283702,37.62575452716298,-0.08651911468812877,0.24748490945674045
2023-04-24,4137.0400390625,2.2238266117786005,45.87525150905433,54.12474849094567,62.57545271629779,37.42454728370221,-0.08249496981891348,0.2515090543259557
2023-04-25,4071.6298828125,2.17285514415724,45.87525150905433,54.12474849094567,62.37424547283702,37.62575452716298,-0.08249496981891348,0.24748490945674045
2023-04-26,4055.989990234375,2.1606676135985214,45.87525150905433,54.12474849094567,61.77062374245473,38.22937625754527,-0.08249496981891348,0.23541247484909456
2023-04-27,4135.35009765625,2.2225097093492376,45.87525150905433,54.12474849094567,61.56941649899397,38.43058350100604,-0.08249496981891348,0.23138832997987926
2023-04-28,4169.47998046875,2.2491057353554917,45.87525150905433,54.12474849094567,61.3682092555332,38.6317907444668,-0.08249496981891348,0.22736418511066397
2023-05-01,4167.8701171875,2.2478512345437,46.68008048289739,53.31991951710262,60.96579476861167,39.03420523138833,-0.06639839034205232,0.2193158953722334
2023-05-02,4119.580078125,2.210220776161964,46.478873239436616,53.52112676056338,60.36217303822937,39.63782696177062,-0.07042253521126761,0.20724346076458752
2023-05-03,4090.75,2.1877546718454846,46.68008048289739,53.31991951710262,59.95975855130785,40.04024144869216,-0.06639839034205232,0.19919517102615694
2023-05-04,4061.219970703125,2.164743124121755,46.68008048289739,53.31991951710262,59.55734406438632,40.44265593561368,-0.06639839034205232,0.19114688128772636
2023-05-05,4136.25,2.2232109665515827,47.48490945674044,52.51509054325956,59.758551307847085,40.24144869215292,-0.05030181086519115,0.19517102615694165
2023-05-08,4138.1201171875,2.2246682726204816,47.68611670020121,52.31388329979879,59.95975855130785,40.04024144869216,-0.04627766599597585,0.19919517102615694
2023-05-09,4119.169921875,2.209901158120743,47.88732394366197,52.112676056338024,59.95975855130785,40.04024144869216,-0.04225352112676056,0.19919517102615694
2023-05-10,4137.64013671875,2.2242942434127198,48.08853118712273,51.91146881287726,59.55734406438632,40.44265593561368,-0.03822937625754527,0.19114688128772636
2023-05-11,4130.6201171875,2.218823828438158,47.88732394366197,52.112676056338024,58.35010060362173,41.649899396378274,-0.04225352112676056,0.16700201207243462
2023-05-12,4124.080078125,2.2137274426713582,48.2897384305835,51.710261569416495,58.35010060362173,41.649899396378274,-0.03420523138832998,0.16700201207243462
2023-05-15,4136.27978515625,2.2232341769093376,48.49094567404427,51.50905432595574,58.35010060362173,41.649899396378274,-0.030181086519114688,0.16700201207243462
2023-05-16,4109.89990234375,2.202677409891484,48.49094567404427,51.50905432595574,57.14285714285714,42.857142857142854,-0.030181086519114688,0.14285714285714285
2023-05-17,4158.77001953125,2.240759899502946,48.692152917505034,51.30784708249497,56.33802816901409,43.66197183098591,-0.026156941649899398,0.1267605633802817
2023-05-18,4198.0498046875,2.2713690344148625,50.10060362173038,49.899396378269614,54.52716297786721,45.47283702213279,0.002012072434607646,0.09054325955734406
2023-05-19,4191.97998046875,2.2666390679024624,50.30181086519114,49.69818913480885,54.52716297786721,45.47283702213279,0.006036217303822937,0.09054325955734406
2023-05-22,4192.6298828125,2.2671455102987306,50.30181086519114,49.69818913480885,54.32595573440644,45.67404426559356,0.006036217303822937,0.08651911468812877
2023-05-23,4145.580078125,2.2304815159940192,50.30181086519114,49.69818913480885,54.52716297786721,45.47283702213279,0.006036217303822937,0.09054325955734406
2023-05-24,4115.240234375,2.2068389128877124,50.50301810865191,49.49698189134809,53.923541247484906,46.076458752515094,0.01006036217303823,0.07847082494969819
2023-05-25,4151.27978515625,2.2349230652739847,50.30181086519114,49.69818913480885,51.91146881287726,48.08853118712273,0.006036217303822937,0.03822937625754527
2023-05-26,4205.4501953125,2.27713585707289,50.30181086519114,49.69818913480885,51.30784708249497,48.692152917505034,0.006036217303822937,0.026156941649899398
2023-05-30,4205.52001953125,2.2771902682394316,50.50301810865191,49.49698189134809,50.905432595573444,49.094567404426556,0.01006036217303823,0.018108651911468814
2023-05-31,4179.830078125,2.257171144426632,50.10060362173038,49.899396378269614,50.30181086519114,49.69818913480885,0.002012072434607646,0.006036217303822937
2023-06-01,4221.02001953125,2.289268786216234,50.10060362173038,49.899396378269614,49.899396378269614,50.10060362173038,0.002012072434607646,-0.002012072434607646
2023-06-02,4282.3701171875,2.337076415727177,50.10060362173038,49.899396378269614,49.69818913480885,50.30181086519114,0.002012072434607646,-0.006036217303822937
2023-06-05,4273.7900390625,2.3303903107029713,50.30181086519114,49.69818913480885,49.49698189134809,50.50301810865191,0.006036217303822937,-0.01006036217303823
2023-06-06,4283.85009765625,2.3382297041592484,50.30181086519114,49.69818913480885,49.49698189134809,50.50301810865191,0.006036217303822937,-0.01006036217303823
2023-06-07,4267.52001953125,2.325504340146642,50.50301810865191,49.49698189134809,49.29577464788733,50.70422535211267,0.01006036217303823,-0.014084507042253521
2023-06-08,4293.93017578125,2.346084698019918,50.50301810865191,49.49698189134809,49.29577464788733,50.70422535211267,0.01006036217303823,-0.014084507042253521
2023-06-09,4298.85986328125,2.3499262024772576,50.905432595573444,49.094567404426556,49.094567404426556,50.905432595573444,0.018108651911468814,-0.018108651911468814
2023-06-12,4338.93017578125,2.3811513631138608,51.710261569416495,48.2897384305835,48.692152917505034,51.30784708249497,0.03420523138832998,-0.026156941649899398
2023-06-13,4369.009765625,2.4045911609630597,53.118712273641854,46.88128772635815,48.692152917505034,51.30784708249497,0.06237424547283702,-0.026156941649899398
2023-06-14,4372.58984375,2.407380969865716,52.91750503018109,47.08249496981891,48.2897384305835,51.710261569416495,0.05835010060362173,-0.03420523138832998
2023-06-15,4425.83984375,2.4488765235602146,54.12474849094567,45.87525150905433,47.68611670020121,52.31388329979879,0.08249496981891348,-0.04627766599597585
2023-06-16,4409.58984375,2.43621356116518,54.32595573440644,45.67404426559356,47.68611670020121,52.31388329979879,0.08651911468812877,-0.04627766599597585
2023-06-20,4388.7099609375,2.4199427198810306,54.32595573440644,45.67404426559356,47.48490945674044,52.51509054325956,0.08651911468812877,-0.05030181086519115
2023-06-21,4365.68994140625,2.402004157317511,54.52716297786721,45.47283702213279,47.48490945674044,52.51509054325956,0.09054325955734406,-0.05030181086519115
2023-06-22,4381.89013671875,2.4146283089503977,54.72837022132797,45.271629778672036,46.88128772635815,53.118712273641854,0.09456740442655935,-0.06237424547283702
2023-06-23,4348.330078125,2.388476323722839,54.52716297786721,45.47283702213279,46.68008048289739,53.31991951710262,0.09054325955734406,-0.06639839034205232
2023-06-26,4328.81982421875,2.3732727783977663,54.52716297786721,45.47283702213279,46.68008048289739,53.31991951710262,0.09054325955734406,-0.06639839034205232
2023-06-27,4378.41015625,2.4119165020697055,55.33199195171026,44.668008048289735,46.27766599597585,53.72233400402414,0.10663983903420524,-0.0744466800804829
2023-06-28,4376.85986328125,2.4107084219734243,55.13078470824949,44.8692152917505,46.076458752515094,53.923541247484906,0.10261569416498995,-0.07847082494969819
2023-06-29,4396.43994140625,2.425966378465038,55.33199195171026,44.668008048289735,46.076458752515094,53.923541247484906,0.10663983903420524,-0.07847082494969819
2023-06-30,4450.3798828125,2.4679995753645905,55.93561368209256,44.06438631790744,45.87525150905433,54.12474849094567,0.11871227364185111,-0.08249496981891348
2023-07-03,4455.58984375,2.472059485483431,55.93561368209256,44.06438631790744,45.87525150905433,54.12474849094567,0.11871227364185111,-0.08249496981891348
2023-07-05,4446.81982421875,2.4652253668663273,55.93561368209256,44.06438631790744,45.67404426559356,54.32595573440644,0.11871227364185111,-0.08651911468812877
2023-07-06,4411.58984375,2.437772079613798,55.93561368209256,44.06438631790744,45.47283702213279,54.52716297786721,0.11871227364185111,-0.09054325955734406
2023-07-07,4398.9501953125,2.427922516976843,56.33802816901409,43.66197183098591,45.67404426559356,54.32595573440644,0.1267605633802817,-0.08651911468812877
2023-07-10,4409.52978515625,2.436166759951999,56.53923541247485,43.460764587525155,45.67404426559356,54.32595573440644,0.13078470824949698,-0.08651911468812877
2023-07-11,4439.259765625,2.459334121470824,56.74044265593562,43.25955734406438,46.076458752515094,53.923541247484906,0.13480885311871227,-0.07847082494969819
2023-07-12,4472.16015625,2.4849720543487526,57.14285714285714,42.857142857142854,46.076458752515094,53.923541247484906,0.14285714285714285,-0.07847082494969819
2023-07-13,4510.0400390625,2.514490302446169,57.947686116700204,42.052313883299796,45.87525150905433,54.12474849094567,0.158953722334004,-0.08249496981891348
2023-07-14,4505.419921875,2.5108900335104165,57.947686116700204,42.052313883299796,45.07042253521127,54.929577464788736,0.158953722334004,-0.09859154929577464
2023-07-17,4522.7900390625,2.524425857556119,57.947686116700204,42.052313883299796,44.668008048289735,55.33199195171026,0.158953722334004,-0.10663983903420524
2023-07-18,4554.97998046875,2.5495101663269324,58.35010060362173,41.649899396378274,44.668008048289735,55.33199195171026,0.16700201207243462,-0.10663983903420524
2023-07-19,4565.72021484375,2.557879593034901,58.55130784708249,41.4486921529175,44.46680080482898,55.53319919517102,0.1710261569416499,-0.11066398390342053
2023-07-20,4534.8701171875,2.5338393698654094,58.63453815261044,41.365461847389554,44.26559356136821,55.73440643863179,0.17269076305220885,-0.11468812877263582
2023-07-21,4536.33984375,2.5349846678464503,58.835341365461844,41.164658634538156,44.26559356136821,55.73440643863179,0.17670682730923695,-0.11468812877263582
2023-07-24,4554.64013671875,2.5492453399499215,58.835341365461844,41.164658634538156,44.26559356136821,55.73440643863179,0.17670682730923695,-0.11468812877263582
2023-07-25,4567.4599609375,2.5592353062264137,59.23694779116466,40.76305220883534,44.06438631790744,55.93561368209256,0.18473895582329317,-0.11871227364185111
2023-07-26,4566.75,2.5586820626169673,59.63855421686747,40.36144578313253,43.66197183098591,56.33802816901409,0.1927710843373494,-0.1267605633802817
2023-07-27,4537.41015625,2.53581871873497,60.44176706827309,39.558232931726906,43.25955734406438,56.74044265593562,0.20883534136546184,-0.13480885311871227
2023-07-28,4582.22998046875,2.5707449801893767,60.44176706827309,39.558232931726906,43.05835010060362,56.941649899396374,0.20883534136546184,-0.13883299798792756
2023-07-31,4588.9599609375,2.575989379549075,60.8433734939759,39.1566265060241,42.857142857142854,57.14285714285714,0.21686746987951808,-0.14285714285714285
2023-08-01,4576.72998046875,2.566459054455672,61.24497991967871,38.75502008032129,42.857142857142854,57.14285714285714,0.2248995983935743,-0.14285714285714285
2023-08-02,4513.39013671875,2.517100896947141,61.24497991967871,38.75502008032129,43.05835010060362,56.941649899396374,0.2248995983935743,-0.13883299798792756
2023-08-03,4501.89013671875,2.508139415867578,61.44578313253012,38.55421686746988,43.05835010060362,56.941649899396374,0.2289156626506024,-0.13883299798792756
2023-08-04,4478.02978515625,2.489546016817224,61.64658634538153,38.35341365461847,43.05835010060362,56.941649899396374,0.23293172690763053,-0.13883299798792756
2023-08-07,4518.43994140625,2.521036003830839,61.64658634538153,38.35341365461847,42.857142857142854,57.14285714285714,0.23293172690763053,-0.14285714285714285
2023-08-08,4499.3798828125,2.506183277355773,61.24497991967871,38.75502008032129,42.857142857142854,57.14285714285714,0.2248995983935743,-0.14285714285714285
2023-08-09,4467.7099609375,2.481504198601507,61.44578313253012,38.55421686746988,42.857142857142854,57.14285714285714,0.2289156626506024,-0.14285714285714285
2023-08-10,4468.830078125,2.4823770602521744,61.44578313253012,38.55421686746988,42.857142857142854,57.14285714285714,0.2289156626506024,-0.14285714285714285
2023-08-11,4464.0498046875,2.478651988081279,61.44578313253012,38.55421686746988,42.857142857142854,57.14285714285714,0.2289156626506024,-0.14285714285714285
2023-08-14,4489.72021484375,2.498655891987354,61.64658634538153,38.35341365461847,42.6559356136821,57.3440643863179,0.23293172690763053,-0.14688128772635814
2023-08-15,4437.85986328125,2.458243234656324,61.24497991967871,38.75502008032129,42.6559356136821,57.3440643863179,0.2248995983935743,-0.14688128772635814
2023-08-16,4404.330078125,2.4321148402841892,61.044176706827315,38.95582329317269,42.45472837022133,57.54527162977867,0.22088353413654618,-0.15090543259557343
2023-08-17,4370.35986328125,2.40564323701541,61.044176706827315,38.95582329317269,42.45472837022133,57.54527162977867,0.22088353413654618,-0.15090543259557343
2023-08-18,4369.7099609375,2.405136794619142,60.8433734939759,39.1566265060241,42.45472837022133,57.54527162977867,0.21686746987951808,-0.15090543259557343
2023-08-21,4399.77001953125,2.4285613725616155,60.6425702811245,39.3574297188755,42.052313883299796,57.947686116700204,0.21285140562248997,-0.158953722334004
2023-08-22,4387.5498046875,2.4190386574215754,60.44176706827309,39.558232931726906,41.85110663983904,58.14889336016097,0.20883534136546184,-0.16297786720321933
2023-08-23,4436.009765625,2.4568015289918166,60.6425702811245,39.3574297188755,42.25352112676056,57.74647887323944,0.21285140562248997,-0.15492957746478872
2023-08-24,4376.31005859375,2.4102799815991203,60.6425702811245,39.3574297188755,42.25352112676056,57.74647887323944,0.21285140562248997,-0.15492957746478872
2023-08-25,4405.7099609375,2.4331901266942957,60.6425702811245,39.3574297188755,42.052313883299796,57.947686116700204,0.21285140562248997,-0.158953722334004
2023-08-28,4433.31005859375,2.4546977573847815,60.8433734939759,39.1566265060241,42.052313883299796,57.947686116700204,0.21686746987951808,-0.158953722334004
2023-08-29,4497.6298828125,2.5048195737132297,60.8433734939759,39.1566265060241,41.649899396378274,58.35010060362173,0.21686746987951808,-0.16700201207243462
2023-08-30,4514.8701171875,2.5182541853792118,60.8433734939759,39.1566265060241,41.24748490945674,58.752515090543255,0.21686746987951808,-0.1750503018108652
2023-08-31,4507.66015625,2.512635756811751,61.24497991967871,38.75502008032129,41.04627766599598,58.95372233400402,0.2248995983935743,-0.1790744466800805
2023-09-01,4515.77001953125,2.518955442581557,61.64658634538153,38.35341365461847,41.04627766599598,58.95372233400402,0.23293172690763053,-0.1790744466800805
2023-09-05,4496.830078125,2.504196318532849,61.64658634538153,38.35341365461847,40.643863179074444,59.356136820925556,0.23293172690763053,-0.18712273641851107
2023-09-06,4465.47998046875,2.4797664657512017,61.44578313253012,38.55421686746988,40.643863179074444,59.356136820925556,0.2289156626506024,-0.18712273641851107
2023-09-07,4451.14013671875,2.4685920102338526,61.44578313253012,38.55421686746988,41.04627766599598,58.95372233400402,0.2289156626506024,-0.1790744466800805
2023-09-08,4457.490234375,2.4735403824077533,61.24497991967871,38.75502008032129,41.04627766599598,58.95372233400402,0.2248995983935743,-0.1790744466800805
2023-09-11,4487.4599609375,2.496894568281625,61.044176706827315,38.95582329317269,40.845070422535215,59.154929577464785,0.22088353413654618,-0.18309859154929578
2023-09-12,4461.89990234375,2.4769766568485454,61.044176706827315,38.95582329317269,40.845070422535215,59.154929577464785,0.22088353413654618,-0.18309859154929578
2023-09-13,4467.43994140625,2.4812937833910356,61.044176706827315,38.95582329317269,40.845070422535215,59.154929577464785,0.22088353413654618,-0.18309859154929578
2023-09-14,4505.10009765625,2.510640807537798,61.044176706827315,38.95582329317269,40.845070422535215,59.154929577464785,0.22088353413654618,-0.18309859154929578
2023-09-15,4450.31982421875,2.467952774151411,61.044176706827315,38.95582329317269,40.845070422535215,59.154929577464785,0.22088353413654618,-0.18309859154929578
2023-09-18,4453.52978515625,2.470454165821632,61.044176706827315,38.95582329317269,40.845070422535215,59.154929577464785,0.22088353413654618,-0.18309859154929578
2023-09-19,4443.9501953125,2.4629891820707854,61.044176706827315,38.95582329317269,41.04627766599598,58.95372233400402,0.22088353413654618,-0.1790744466800805
2023-09-20,4402.2001953125,2.43045510945585,61.044176706827315,38.95582329317269,41.24748490945674,58.752515090543255,0.22088353413654618,-0.1750503018108652
2023-09-21,4330.0,2.3741924412616124,60.8433734939759,39.1566265060241,41.365461847389554,58.63453815261044,0.21686746987951808,-0.17269076305220885
2023-09-22,4320.06005859375,2.366446650231693,60.6425702811245,39.3574297188755,41.365461847389554,58.63453815261044,0.21285140562248997,-0.17269076305220885
2023-09-25,4337.43994140625,2.3799900842307573,60.6425702811245,39.3574297188755,41.365461847389554,58.63453815261044,0.21285140562248997,-0.17269076305220885
2023-09-26,4273.52978515625,2.330187505445862,60.44176706827309,39.558232931726906,41.164658634538156,58.835341365461844,0.20883534136546184,-0.17670682730923695
2023-09-27,4274.509765625,2.3309511642657785,60.44176706827309,39.558232931726906,41.164658634538156,58.835341365461844,0.20883534136546184,-0.17670682730923695
2023-09-28,4299.7001953125,2.3505810389640915,60.24096385542169,39.75903614457831,40.963855421686745,59.036144578313255,0.20481927710843373,-0.18072289156626506
2023-09-29,4288.0498046875,2.3415023646027477,60.24096385542169,39.75903614457831,40.963855421686745,59.036144578313255,0.20481927710843373,-0.18072289156626506
2023-10-02,4288.39013671875,2.341767571477427,59.43775100401606,40.562248995983936,40.562248995983936,59.43775100401606,0.18875502008032127,-0.18875502008032127
2023-10-03,4229.4501953125,2.295838078456325,58.835341365461844,41.164658634538156,40.76305220883534,59.23694779116466,0.17670682730923695,-0.18473895582329317
2023-10-04,4263.75,2.322566517651085,58.835341365461844,41.164658634538156,40.36144578313253,59.63855421686747,0.17670682730923695,-0.1927710843373494
2023-10-05,4258.18994140625,2.318233790704202,58.43373493975904,41.566265060240966,40.36144578313253,59.63855421686747,0.1686746987951807,-0.1927710843373494
2023-10-06,4308.5,2.3574383679389506,58.43373493975904,41.566265060240966,39.75903614457831,60.24096385542169,0.1686746987951807,-0.20481927710843373
2023-10-09,4335.66015625,2.37860317023046,58.63453815261044,41.365461847389554,39.3574297188755,60.6425702811245,0.17269076305220885,-0.21285140562248997
2023-10-10,4358.240234375,2.3961989043950025,58.63453815261044,41.365461847389554,39.3574297188755,60.6425702811245,0.17269076305220885,-0.21285140562248997
2023-10-11,4376.9501953125,2.4107788140420263,58.43373493975904,41.566265060240966,39.3574297188755,60.6425702811245,0.1686746987951807,-0.21285140562248997
2023-10-12,4349.60986328125,2.389473608110981,57.63052208835341,42.369477911646584,38.75502008032129,61.24497991967871,0.15261044176706828,-0.2248995983935743
2023-10-13,4327.77978515625,2.37246231836467,57.42971887550201,42.570281124497996,38.35341365461847,61.64658634538153,0.14859437751004015,-0.23293172690763053
2023-10-16,4373.6298828125,2.4081914298988094,57.42971887550201,42.570281124497996,38.55421686746988,61.44578313253012,0.14859437751004015,-0.2289156626506024
2023-10-17,4373.2001953125,2.407856591950864,57.63052208835341,42.369477911646584,38.95582329317269,61.044176706827315,0.15261044176706828,-0.22088353413654618
2023-10-18,4314.60009765625,2.362191925306773,57.22891566265061,42.77108433734939,38.95582329317269,61.044176706827315,0.14457831325301204,-0.22088353413654618
2023-10-19,4278.0,2.3336709615974995,56.62650602409639,43.373493975903614,38.95582329317269,61.044176706827315,0.13253012048192772,-0.22088353413654618
2023-10-20,4224.16015625,2.2917157667199115,56.024096385542165,43.97590361445783,38.95582329317269,61.044176706827315,0.12048192771084337,-0.22088353413654618
2023-10-23,4217.0400390625,2.2861673497233848,56.024096385542165,43.97590361445783,38.55421686746988,61.44578313253012,0.12048192771084337,-0.2289156626506024
2023-10-24,4247.68017578125,2.310043958895585,55.42168674698795,44.57831325301205,38.152610441767074,61.84738955823293,0.10843373493975904,-0.23694779116465864
2023-10-25,4186.77001953125,2.262579157783619,54.61847389558233,45.38152610441767,37.95180722891566,62.048192771084345,0.09236947791164658,-0.24096385542168675
2023-10-26,4137.22998046875,2.223974625371496,54.01606425702812,45.98393574297189,37.75100401606426,62.24899598393574,0.08032128514056225,-0.24497991967871485
2023-10-27,4117.3701171875,2.2084986437160503,53.41365461847389,46.58634538152611,37.75100401606426,62.24899598393574,0.06827309236947791,-0.24497991967871485
2023-10-30,4166.81982421875,2.2470327840595714,53.41365461847389,46.58634538152611,37.34939759036144,62.65060240963856,0.06827309236947791,-0.25301204819277107
2023-10-31,4193.7998046875,2.2680571827115443,53.41365461847389,46.58634538152611,37.148594377510044,62.85140562248996,0.06827309236947791,-0.2570281124497992
2023-11-01,4237.85986328125,2.302391389794356,53.6144578313253,46.3855421686747,37.34939759036144,62.65060240963856,0.07228915662650602,-0.25301204819277107
2023-11-02,4317.77978515625,2.3646697261215714,53.6144578313253,46.3855421686747,36.74698795180723,63.25301204819277,0.07228915662650602,-0.26506024096385544
2023-11-03,4358.33984375,2.396276525919298,53.81526104417671,46.1847389558233,36.74698795180723,63.25301204819277,0.07630522088353414,-0.26506024096385544
2023-11-06,4365.97998046875,2.4022301729323727,53.81526104417671,46.1847389558233,36.54618473895582,63.45381526104418,0.07630522088353414,-0.26907630522088355
2023-11-07,4378.3798828125,2.411892911214281,53.6144578313253,46.3855421686747,36.54618473895582,63.45381526104418,0.07228915662650602,-0.26907630522088355
2023-11-08,4382.77978515625,2.4153215757017104,53.6144578313253,46.3855421686747,36.34538152610442,63.65461847389559,0.07228915662650602,-0.27309236947791166
2023-11-09,4347.35009765625,2.3877126649029203,53.21285140562249,46.787148594377506,36.144578313253014,63.85542168674698,0.0642570281124498,-0.27710843373493976
2023-11-10,4415.240234375,2.440616680180663,53.41365461847389,46.58634538152611,36.144578313253014,63.85542168674698,0.06827309236947791,-0.27710843373493976
2023-11-13,4411.5498046875,2.4377408788050117,53.6144578313253,46.3855421686747,35.9437751004016,64.05622489959839,0.07228915662650602,-0.28112449799196787
2023-11-14,4495.7001953125,2.5033158469288193,53.6144578313253,46.3855421686747,35.7429718875502,64.2570281124498,0.07228915662650602,-0.285140562248996
2023-11-15,4502.8798828125,2.508910684640856,53.6144578313253,46.3855421686747,36.144578313253014,63.85542168674698,0.07228915662650602,-0.27710843373493976
2023-11-16,4508.240234375,2.513087788041478,53.6144578313253,46.3855421686747,35.9437751004016,64.05622489959839,0.07228915662650602,-0.28112449799196787
2023-11-17,4514.02001953125,2.517591738939014,53.81526104417671,46.1847389558233,36.144578313253014,63.85542168674698,0.07630522088353414,-0.27710843373493976
2023-11-20,4547.3798828125,2.543587720122643,53.81526104417671,46.1847389558233,36.144578313253014,63.85542168674698,0.07630522088353414,-0.27710843373493976
2023-11-21,4538.18994140625,2.5364263735109556,53.81526104417671,46.1847389558233,36.144578313253014,63.85542168674698,0.07630522088353414,-0.27710843373493976
2023-11-22,4556.6201171875,2.5507882579941463,54.01606425702812,45.98393574297189,35.9437751004016,64.05622489959839,0.08032128514056225,-0.28112449799196787
2023-11-24,4559.33984375,2.552907630005575,54.01606425702812,45.98393574297189,35.9437751004016,64.05622489959839,0.08032128514056225,-0.28112449799196787
2023-11-27,4550.43017578125,2.545964689055389,54.01606425702812,45.98393574297189,36.144578313253014,63.85542168674698,0.08032128514056225,-0.27710843373493976
2023-11-28,4554.89013671875,2.549440154755997,53.81526104417671,46.1847389558233,35.7429718875502,64.2570281124498,0.07630522088353414,-0.285140562248996
2023-11-29,4550.580078125,2.546081501839501,53.81526104417671,46.1847389558233,35.7429718875502,64.2570281124498,0.07630522088353414,-0.285140562248996
2023-11-30,4567.7998046875,2.559500132603423,54.21686746987952,45.78313253012048,35.7429718875502,64.2570281124498,0.08433734939759036,-0.285140562248996
2023-12-01,4594.6298828125,2.5804077184712826,54.81927710843374,45.18072289156627,35.7429718875502,64.2570281124498,0.0963855421686747,-0.285140562248996
2023-12-04,4569.77978515625,2.5610430506476494,55.22088353413655,44.77911646586345,35.7429718875502,64.2570281124498,0.10441767068273092,-0.285140562248996
2023-12-05,4567.18017578125,2.5590172810625784,55.22088353413655,44.77911646586345,35.7429718875502,64.2570281124498,0.10441767068273092,-0.285140562248996
2023-12-06,4549.33984375,2.5451150377624763,55.22088353413655,44.77911646586345,35.54216867469879,64.45783132530121,0.10441767068273092,-0.2891566265060241
2023-12-07,4585.58984375,2.573363184643708,55.62248995983936,44.377510040160644,35.140562248995984,64.85943775100401,0.11244979919678715,-0.2971887550200803
2023-12-08,4604.3701171875,2.5879978859549415,55.62248995983936,44.377510040160644,35.140562248995984,64.85943775100401,0.11244979919678715,-0.2971887550200803
2023-12-11,4622.43994140625,2.6020789631590593,55.82329317269076,44.17670682730924,35.140562248995984,64.85943775100401,0.11646586345381527,-0.2971887550200803
2023-12-12,4643.7001953125,2.6186462121266736,56.024096385542165,43.97590361445783,35.140562248995984,64.85943775100401,0.12048192771084337,-0.2971887550200803
2023-12-13,4707.08984375,2.6680431803973534,57.22891566265061,42.77108433734939,35.54216867469879,64.45783132530121,0.14457831325301204,-0.2891566265060241
2023-12-14,4719.5498046875,2.6777527198924402,58.43373493975904,41.566265060240966,35.7429718875502,64.2570281124498,0.1686746987951807,-0.285140562248996
2023-12-15,4719.18994140625,2.677472293111036,58.63453815261044,41.365461847389554,35.7429718875502,64.2570281124498,0.17269076305220885,-0.285140562248996
2023-12-18,4740.56005859375,2.6941251540539777,58.63453815261044,41.365461847389554,35.9437751004016,64.05622489959839,0.17269076305220885,-0.28112449799196787
2023-12-19,4768.3701171875,2.715796398741754,59.036144578313255,40.963855421686745,35.9437751004016,64.05622489959839,0.18072289156626506,-0.28112449799196787
2023-12-20,4698.35009765625,2.661232652635672,59.036144578313255,40.963855421686745,35.9437751004016,64.05622489959839,0.18072289156626506,-0.28112449799196787
2023-12-21,4746.75,2.698948722992735,59.036144578313255,40.963855421686745,36.144578313253014,63.85542168674698,0.18072289156626506,-0.27710843373493976
2023-12-22,4754.6298828125,2.7050891943608564,59.036144578313255,40.963855421686745,36.144578313253014,63.85542168674698,0.18072289156626506,-0.27710843373493976
2023-12-26,4774.75,2.720767981273411,59.23694779116466,40.76305220883534,35.9437751004016,64.05622489959839,0.18473895582329317,-0.28112449799196787
2023-12-27,4781.580078125,2.726090382655074,59.43775100401606,40.562248995983936,35.9437751004016,64.05622489959839,0.18875502008032127,-0.28112449799196787
2023-12-28,4783.35009765625,2.727469686702009,59.83935742971887,40.16064257028113,35.9437751004016,64.05622489959839,0.19678714859437751,-0.28112449799196787
2023-12-29,4769.830078125,2.7169340867694336,60.040160642570285,39.959839357429715,35.9437751004016,64.05622489959839,0.20080321285140562,-0.28112449799196787
2024-01-02,4742.830078125,2.6958940877130675,60.040160642570285,39.959839357429715,35.9437751004016,64.05622489959839,0.20080321285140562,-0.28112449799196787
2024-01-03,4704.81005859375,2.6662666367849006,60.040160642570285,39.959839357429715,35.7429718875502,64.2570281124498,0.20080321285140562,-0.285140562248996
2024-01-04,4688.68017578125,2.6536972768162235,60.44176706827309,39.558232931726906,35.7429718875502,64.2570281124498,0.20883534136546184,-0.285140562248996
2024-01-05,4697.240234375,2.660367781436036,60.8433734939759,39.1566265060241,35.7429718875502,64.2570281124498,0.21686746987951808,-0.285140562248996
2024-01-08,4763.5400390625,2.712032515808711,60.8433734939759,39.1566265060241,35.9437751004016,64.05622489959839,0.21686746987951808,-0.28112449799196787
2024-01-09,4756.5,2.706546500429756,61.044176706827315,38.95582329317269,35.9437751004016,64.05622489959839,0.22088353413654618,-0.28112449799196787
2024-01-10,4783.4501953125,2.727547688723974,61.24497991967871,38.75502008032129,35.7429718875502,64.2570281124498,0.2248995983935743,-0.285140562248996
2024-01-11,4780.240234375,2.7250462970537526,61.44578313253012,38.55421686746988,35.54216867469879,64.45783132530121,0.2289156626506024,-0.2891566265060241
2024-01-12,4783.830078125,2.7278437159097715,61.44578313253012,38.55421686746988,35.54216867469879,64.45783132530121,0.2289156626506024,-0.2891566265060241
2024-01-16,4765.97998046875,2.713933862656307,61.44578313253012,38.55421686746988,34.93975903614458,65.06024096385542,0.2289156626506024,-0.30120481927710846
2024-01-17,4739.2099609375,2.6930730780016265,61.044176706827315,38.95582329317269,34.93975903614458,65.06024096385542,0.22088353413654618,-0.30120481927710846
2024-01-18,4780.93994140625,2.7255915502121697,61.044176706827315,38.95582329317269,34.738955823293175,65.26104417670683,0.22088353413654618,-0.30522088353413657
2024-01-19,4839.81005859375,2.77146663206673,61.044176706827315,38.95582329317269,34.13654618473896,65.86345381526104,0.22088353413654618,-0.3172690763052209
2024-01-22,4850.43017578125,2.779742456348341,61.044176706827315,38.95582329317269,34.33734939759036,65.66265060240963,0.22088353413654618,-0.3132530120481928
2024-01-23,4864.60009765625,2.7907844986771853,61.044176706827315,38.95582329317269,34.33734939759036,65.66265060240963,0.22088353413654618,-0.3132530120481928
2024-01-24,4868.5498046875,2.7938623443146087,60.8433734939759,39.1566265060241,34.33734939759036,65.66265060240963,0.21686746987951808,-0.3132530120481928
2024-01-25,4894.16015625,2.8138194470075044,60.8433734939759,39.1566265060241,34.13654618473896,65.86345381526104,0.21686746987951808,-0.3172690763052209
2024-01-26,4890.97021484375,2.811333655741676,61.044176706827315,38.95582329317269,34.13654618473896,65.86345381526104,0.22088353413654618,-0.3172690763052209
2024-01-29,4927.93017578125,2.8401350462323545,61.044176706827315,38.95582329317269,34.13654618473896,65.86345381526104,0.22088353413654618,-0.3172690763052209
2024-01-30,4924.97021484375,2.83782846936821,61.44578313253012,38.55421686746988,34.13654618473896,65.86345381526104,0.2289156626506024,-0.3172690763052209
2024-01-31,4845.64990234375,2.7760173841774463,61.044176706827315,38.95582329317269,34.13654618473896,65.86345381526104,0.22088353413654618,-0.3172690763052209
2024-02-01,4906.18994140625,2.8231937680569774,61.64658634538153,38.35341365461847,34.13654618473896,65.86345381526104,0.23293172690763053,-0.3172690763052209
2024-02-02,4958.60986328125,2.8640424757156726,61.64658634538153,38.35341365461847,33.33333333333333,66.66666666666666,0.23293172690763053,-0.3333333333333333
2024-02-05,4942.81005859375,2.8517303321706446,61.64658634538153,38.35341365461847,32.93172690763052,67.06827309236948,0.23293172690763053,-0.3413654618473896
2024-02-06,4954.22998046875,2.8606294116326363,61.84738955823293,38.152610441767074,32.93172690763052,67.06827309236948,0.23694779116465864,-0.3413654618473896
2024-02-07,4995.06005859375,2.892446626640834,61.84738955823293,38.152610441767074,32.53012048192771,67.46987951807229,0.23694779116465864,-0.3493975903614458
2024-02-08,4997.91015625,2.8946675915296503,61.84738955823293,38.152610441767074,32.329317269076306,67.67068273092369,0.23694779116465864,-0.3534136546184739
2024-02-09,5026.60986328125,2.917032102968742,62.048192771084345,37.95180722891566,32.1285140562249,67.8714859437751,0.24096385542168675,-0.357429718875502
2024-02-12,5021.83984375,2.913315021248877,62.24899598393574,37.75100401606426,32.1285140562249,67.8714859437751,0.24497991967871485,-0.357429718875502
2024-02-13,4953.169921875,2.859803351195147,62.24899598393574,37.75100401606426,31.92771084337349,68.07228915662651,0.24497991967871485,-0.3614457831325301
2024-02-14,5000.6201171875,2.896779353587716,63.05220883534136,36.94779116465863,31.92771084337349,68.07228915662651,0.26104417670682734,-0.3614457831325301
2024-02-15,5029.72998046875,2.919463483068028,63.05220883534136,36.94779116465863,31.92771084337349,68.07228915662651,0.26104417670682734,-0.3614457831325301
2024-02-16,5005.56982421875,2.900636458449448,62.85140562248996,37.148594377510044,31.92771084337349,68.07228915662651,0.2570281124497992,-0.3614457831325301
2024-02-20,4975.509765625,2.8772118805069744,63.45381526104418,36.54618473895582,31.92771084337349,68.07228915662651,0.26907630522088355,-0.3614457831325301
2024-02-21,4981.7998046875,2.882113451467697,63.45381526104418,36.54618473895582,32.1285140562249,67.8714859437751,0.26907630522088355,-0.357429718875502
2024-02-22,5087.02978515625,2.9641148844219143,63.65461847389559,36.34538152610442,32.1285140562249,67.8714859437751,0.27309236947791166,-0.357429718875502
2024-02-23,5088.7998046875,2.9654941884688495,64.12825651302605,35.87174348697395,32.1285140562249,67.8714859437751,0.28256513026052105,-0.357429718875502
2024-02-26,5069.52978515625,2.9504778479964924,64.32865731462925,35.671342685370746,32.1285140562249,67.8714859437751,0.2865731462925852,-0.357429718875502
2024-02-27,5078.18017578125,2.9572187446849068,64.52905811623246,35.47094188376754,32.329317269076306,67.67068273092369,0.2905811623246493,-0.3534136546184739
2024-02-28,5069.759765625,2.9506570623981765,64.72945891783567,35.27054108216433,32.53012048192771,67.46987951807229,0.29458917835671344,-0.3493975903614458
2024-02-29,5096.27001953125,2.971315422293418,65.13026052104209,34.86973947895792,32.730923694779115,67.26907630522089,0.3026052104208417,-0.3453815261044177
2024-03-01,5137.080078125,3.0031170368972235,65.13026052104209,34.86973947895792,32.93172690763052,67.06827309236948,0.3026052104208417,-0.3413654618473896
2024-03-04,5130.9501953125,2.9983402691716448,66.13226452905812,33.86773547094188,32.730923694779115,67.26907630522089,0.3226452905811623,-0.3453815261044177
2024-03-05,5078.64990234375,2.957584783441639,66.93386773547094,33.06613226452906,32.730923694779115,67.26907630522089,0.33867735470941884,-0.3453815261044177
2024-03-06,5104.759765625,2.977931135249021,67.33466933867736,32.66533066132264,32.730923694779115,67.26907630522089,0.3466933867735471,-0.3453815261044177
2024-03-07,5157.35986328125,3.0189202465472524,67.73547094188376,32.26452905811623,32.93172690763052,67.06827309236948,0.35470941883767537,-0.3413654618473896
2024-03-08,5123.68994140625,2.9926826493443675,67.73547094188376,32.26452905811623,33.13253012048193,66.86746987951807,0.35470941883767537,-0.3373493975903614
2024-03-11,5117.93994140625,2.9882019088045855,67.73547094188376,32.26452905811623,33.13253012048193,66.86746987951807,0.35470941883767537,-0.3373493975903614
2024-03-12,5175.27001953125,3.0328769010138954,67.73547094188376,32.26452905811623,33.13253012048193,66.86746987951807,0.35470941883767537,-0.3373493975903614
2024-03-13,5165.31005859375,3.0251155095795825,67.73547094188376,32.26452905811623,33.13253012048193,66.86746987951807,0.35470941883767537,-0.3373493975903614
2024-03-14,5150.47998046875,3.01355903440344,67.73547094188376,32.26452905811623,32.93172690763052,67.06827309236948,0.35470941883767537,-0.3413654618473896
2024-03-15,5117.08984375,2.987539462364387,67.93587174348697,32.06412825651302,33.13253012048193,66.86746987951807,0.3587174348697395,-0.3373493975903614
2024-03-18,5149.419921875,3.012732973965951,68.13627254509018,31.863727454909817,33.13253012048193,66.86746987951807,0.3627254509018036,-0.3373493975903614
2024-03-19,5178.509765625,3.0354015030418697,68.33667334669339,31.663326653306612,33.13253012048193,66.86746987951807,0.3667334669338677,-0.3373493975903614
2024-03-20,5224.6201171875,3.0713334198331177,68.7374749498998,31.262525050100198,32.730923694779115,67.26907630522089,0.374749498997996,-0.3453815261044177
2024-03-21,5241.52978515625,3.0845104345777825,70.34068136272545,29.659318637274552,33.33333333333333,66.66666666666666,0.40681362725450904,-0.3333333333333333
2024-03-22,5234.18017578125,3.0787831836772392,70.34068136272545,29.659318637274552,33.13253012048193,66.86746987951807,0.40681362725450904,-0.3373493975903614
2024-03-25,5218.18994140625,3.0663226460416446,70.54108216432866,29.458917835671343,33.53413654618474,66.46586345381526,0.41082164328657317,-0.3293172690763052
2024-03-26,5203.580078125,3.0549377753138245,70.74148296593187,29.258517034068138,33.734939759036145,66.26506024096386,0.4148296593186373,-0.3253012048192771
2024-03-27,5248.490234375,3.089934428836834,71.14228456913828,28.857715430861724,33.734939759036145,66.26506024096386,0.4228456913827655,-0.3253012048192771
2024-03-28,5254.35009765625,3.094500781351943,71.34268537074149,28.65731462925852,33.93574297188755,66.06425702811245,0.42685370741482964,-0.321285140562249
2024-04-01,5243.77001953125,3.0862561578791183,71.5430861723447,28.45691382765531,33.93574297188755,66.06425702811245,0.4308617234468938,-0.321285140562249
2024-04-02,5205.81005859375,3.0566755081641306,71.9438877755511,28.0561122244489,33.93574297188755,66.06425702811245,0.43887775551102204,-0.321285140562249
2024-04-03,5211.490234375,3.061101837537371,71.9438877755511,28.0561122244489,33.93574297188755,66.06425702811245,0.43887775551102204,-0.321285140562249
2024-04-04,5147.2099609375,3.011010841520041,71.5430861723447,28.45691382765531,34.33734939759036,65.66265060240963,0.4308617234468938,-0.3132530120481928
2024-04-05,5204.33984375,3.0555298296854208,71.7434869739479,28.256513026052104,34.33734939759036,65.66265060240963,0.4348697394789579,-0.3132530120481928
2024-04-08,5202.39013671875,3.0540105024966175,71.9438877755511,28.0561122244489,34.33734939759036,65.66265060240963,0.43887775551102204,-0.3132530120481928
2024-04-09,5209.91015625,3.0598705470833334,72.34468937875751,27.655310621242485,34.53815261044177,65.46184738955823,0.4468937875751503,-0.3092369477911647
2024-04-10,5160.64013671875,3.021476429881681,72.14428857715431,27.85571142284569,34.33734939759036,65.66265060240963,0.44288577154308617,-0.3132530120481928
2024-04-11,5199.06005859375,3.051415508400038,71.7434869739479,28.256513026052104,34.13654618473896,65.86345381526104,0.4348697394789579,-0.3172690763052209
2024-04-12,5123.41015625,2.992464624180532,71.5430861723447,28.45691382765531,34.13654618473896,65.86345381526104,0.4308617234468938,-0.3172690763052209
2024-04-15,5061.81982421875,2.944469789816875,71.5430861723447,28.45691382765531,34.13654618473896,65.86345381526104,0.4308617234468938,-0.3172690763052209
2024-04-16,5051.41015625,2.9363579600302234,71.5430861723447,28.45691382765531,34.13654618473896,65.86345381526104,0.4308617234468938,-0.3172690763052209
2024-04-17,5022.2099609375,2.913603438481309,71.5430861723447,28.45691382765531,34.13654618473896,65.86345381526104,0.4308617234468938,-0.3172690763052209
2024-04-18,5011.1201171875,2.9049615754429667,71.5430861723447,28.45691382765531,34.33734939759036,65.66265060240963,0.4308617234468938,-0.3132530120481928
2024-04-19,4967.22998046875,2.870759781548661,71.34268537074149,28.65731462925852,34.738955823293175,65.26104417670683,0.42685370741482964,-0.30522088353413657
2024-04-22,5010.60009765625,2.904556345426418,71.7434869739479,28.256513026052104,34.93975903614458,65.06024096385542,0.4348697394789579,-0.30120481927710846
2024-04-23,5070.5498046875,2.951272707625192,71.5430861723447,28.45691382765531,34.93975903614458,65.06024096385542,0.4308617234468938,-0.30120481927710846
2024-04-24,5071.6298828125,2.952114368467073,71.9438877755511,28.0561122244489,34.93975903614458,65.06024096385542,0.43887775551102204,-0.30120481927710846
2024-04-25,5048.419921875,2.934027792310655,71.9438877755511,28.0561122244489,35.54216867469879,64.45783132530121,0.43887775551102204,-0.2891566265060241
2024-04-26,5099.9599609375,2.9741908431713973,71.7434869739479,28.256513026052104,35.34136546184739,64.65863453815261,0.4348697394789579,-0.2931726907630522
2024-04-29,5116.169921875,2.9868226047576463,71.7434869739479,28.256513026052104,35.140562248995984,64.85943775100401,0.4348697394789579,-0.2971887550200803
2024-04-30,5035.68994140625,2.9241078376050966,71.7434869739479,28.256513026052104,35.140562248995984,64.85943775100401,0.4348697394789579,-0.2971887550200803
2024-05-01,5018.39013671875,2.9106268052236035,71.9438877755511,28.0561122244489,35.34136546184739,64.65863453815261,0.43887775551102204,-0.2931726907630522
2024-05-02,5064.2001953125,2.946324715948958,72.34468937875751,27.655310621242485,35.140562248995984,64.85943775100401,0.4468937875751503,-0.2971887550200803
2024-05-03,5127.7900390625,2.995877688263567,73.14629258517033,26.853707414829657,35.140562248995984,64.85943775100401,0.46292585170340683,-0.2971887550200803
2024-05-06,5180.740234375,3.0371396163898403,73.54709418837675,26.452905811623246,34.86973947895792,65.13026052104209,0.4709418837675351,-0.3026052104208417
2024-05-07,5187.7001953125,3.0425632301512238,73.94789579158316,26.052104208416832,34.86973947895792,65.13026052104209,0.4789579158316633,-0.3026052104208417
2024-05-08,5187.669921875,3.0425396392958,74.14829659318637,25.851703406813627,34.46893787575151,65.53106212424849,0.48296593186372744,-0.3106212424849699
2024-05-09,5214.080078125,3.0631199971690766,74.34869739478958,25.651302605210418,34.46893787575151,65.53106212424849,0.48697394789579157,-0.3106212424849699
2024-05-10,5222.68017578125,3.0698217025976744,74.9498997995992,25.0501002004008,34.2685370741483,65.7314629258517,0.49899799599198397,-0.31462925851703405
2024-05-13,5221.419921875,3.0688396381162573,74.9498997995992,25.0501002004008,34.06813627254509,65.93186372745491,0.49899799599198397,-0.3186372745490982
2024-05-14,5246.68017578125,3.0885239239811115,75.35070140280561,24.649298597194388,34.06813627254509,65.93186372745491,0.5070140280561122,-0.3186372745490982
2024-05-15,5308.14990234375,3.1364247754207435,75.35070140280561,24.649298597194388,34.06813627254509,65.93186372745491,0.5070140280561122,-0.3186372745490982
2024-05-16,5297.10009765625,3.127814113191186,75.35070140280561,24.649298597194388,34.2685370741483,65.7314629258517,0.5070140280561122,-0.31462925851703405
2024-05-17,5303.27001953125,3.1326220817255512,75.95190380761522,24.04809619238477,34.46893787575151,65.53106212424849,0.5190380761523046,-0.3106212424849699
2024-05-20,5308.1298828125,3.1364091750163503,75.95190380761522,24.04809619238477,34.46893787575151,65.53106212424849,0.5190380761523046,-0.3106212424849699
2024-05-21,5321.41015625,3.146757950593879,76.55310621242485,23.446893787575153,34.46893787575151,65.53106212424849,0.531062124248497,-0.3106212424849699
2024-05-22,5307.009765625,3.135536313365683,76.55310621242485,23.446893787575153,34.66933867735471,65.33066132264528,0.531062124248497,-0.3066132264529058
2024-05-23,5267.83984375,3.105012790429094,76.15230460921843,23.847695390781563,34.66933867735471,65.33066132264528,0.5230460921843687,-0.3066132264529058
2024-05-24,5304.72021484375,3.133752159799868,76.15230460921843,23.847695390781563,34.66933867735471,65.33066132264528,0.5230460921843687,-0.3066132264529058
2024-05-28,5306.0400390625,3.1347806449967965,76.15230460921843,23.847695390781563,34.2685370741483,65.7314629258517,0.5230460921843687,-0.31462925851703405
2024-05-29,5266.9501953125,3.1043195236777787,76.15230460921843,23.847695390781563,34.2685370741483,65.7314629258517,0.5230460921843687,-0.31462925851703405
2024-05-30,5235.47998046875,3.079796068469774,76.15230460921843,23.847695390781563,34.2685370741483,65.7314629258517,0.5230460921843687,-0.31462925851703405
2024-05-31,5277.509765625,3.1125481662485432,76.75350701402806,23.246492985971944,34.2685370741483,65.7314629258517,0.5350701402805611,-0.31462925851703405
2024-06-03,5283.39990234375,3.1171381096190744,76.75350701402806,23.246492985971944,33.86773547094188,66.13226452905812,0.5350701402805611,-0.3226452905811623
2024-06-04,5291.33984375,3.123325382200375,76.75350701402806,23.246492985971944,33.86773547094188,66.13226452905812,0.5350701402805611,-0.3226452905811623
2024-06-05,5354.02978515625,3.1721770973126384,76.75350701402806,23.246492985971944,33.800000000000004,66.2,0.5350701402805611,-0.324
2024-06-06,5352.9599609375,3.171343426921787,76.75350701402806,23.246492985971944,33.6,66.4,0.5350701402805611,-0.328
2024-06-07,5346.990234375,3.166691462431351,76.75350701402806,23.246492985971944,33.4,66.60000000000001,0.5350701402805611,-0.332
2024-06-10,5360.7900390625,3.17744508752776,76.75350701402806,23.246492985971944,33.0,67.0,0.5350701402805611,-0.34
2024-06-11,5375.31982421875,3.188767556638008,76.75350701402806,23.246492985971944,32.800000000000004,67.2,0.5350701402805611,-0.344
2024-06-12,5421.02978515625,3.2243874653413975,76.55310621242485,23.446893787575153,32.6,67.4,0.531062124248497,-0.348
2024-06-13,5433.740234375,3.2342922001402297,76.55310621242485,23.446893787575153,32.4,67.60000000000001,0.531062124248497,-0.352
2024-06-14,5431.60009765625,3.2326244788608607,76.35270541082164,23.647294589178355,32.2,67.80000000000001,0.5270541082164328,-0.356
2024-06-17,5473.22998046875,3.265064949049438,76.35270541082164,23.647294589178355,32.2,67.80000000000001,0.5270541082164328,-0.356
2024-06-18,5487.02978515625,3.2758185741458465,76.55310621242485,23.446893787575153,32.2,67.80000000000001,0.531062124248497,-0.356
2024-06-20,5473.169921875,3.265018147836259,76.55310621242485,23.446893787575153,32.2,67.80000000000001,0.531062124248497,-0.356
2024-06-21,5464.6201171875,3.2583556336674775,76.55310621242485,23.446893787575153,32.2,67.80000000000001,0.531062124248497,-0.356
2024-06-24,5447.8701171875,3.2453030416602875,76.55310621242485,23.446893787575153,32.2,67.80000000000001,0.531062124248497,-0.356
2024-06-25,5469.2998046875,3.2620023233187396,76.35270541082164,23.647294589178355,31.6,68.4,0.5270541082164328,-0.368
2024-06-26,5477.89990234375,3.2687040287473375,76.35270541082164,23.647294589178355,31.4,68.60000000000001,0.5270541082164328,-0.372
2024-06-27,5482.8701171875,3.2725771145111313,76.35270541082164,23.647294589178355,31.4,68.60000000000001,0.5270541082164328,-0.372
2024-06-28,5460.47998046875,3.2551293939394874,76.35270541082164,23.647294589178355,31.4,68.60000000000001,0.5270541082164328,-0.372
2024-07-01,5475.08984375,3.2665142646673067,76.15230460921843,23.847695390781563,30.8,69.19999999999999,0.5230460921843687,-0.384
2024-07-02,5509.009765625,3.2929466766762694,75.95190380761522,24.04809619238477,30.8,69.19999999999999,0.5190380761523046,-0.384
2024-07-03,5537.02001953125,3.314773925407975,75.95190380761522,24.04809619238477,30.8,69.19999999999999,0.5190380761523046,-0.384
2024-07-05,5567.18994140625,3.3382841153257754,75.95190380761522,24.04809619238477,30.8,69.19999999999999,0.5190380761523046,-0.384
2024-07-08,5572.85009765625,3.3426948442946225,75.95190380761522,24.04809619238477,31.0,69.0,0.5190380761523046,-0.38
2024-07-09,5576.97998046875,3.345913093571583,75.35070140280561,24.649298597194388,30.8,69.19999999999999,0.5070140280561122,-0.384
2024-07-10,5633.91015625,3.3902764581907023,75.35070140280561,24.649298597194388,30.599999999999998,69.39999999999999,0.5070140280561122,-0.388
2024-07-11,5584.5400390625,3.351804338967085,75.35070140280561,24.649298597194388,30.599999999999998,69.39999999999999,0.5070140280561122,-0.388
2024-07-12,5615.35009765625,3.3758133613277916,75.55110220440882,24.448897795591183,30.8,69.19999999999999,0.5110220440881763,-0.384
2024-07-15,5631.22021484375,3.388180296537029,75.95190380761522,24.04809619238477,30.8,69.19999999999999,0.5190380761523046,-0.384
2024-07-16,5667.2001953125,3.4162180282077905,76.35270541082164,23.647294589178355,30.8,69.19999999999999,0.5270541082164328,-0.384
2024-07-17,5588.27001953125,3.354710960653853,76.95390781563127,23.04609218436874,30.8,69.19999999999999,0.5390781563126252,-0.384
2024-07-18,5544.58984375,3.320672780756839,76.95390781563127,23.04609218436874,30.8,69.19999999999999,0.5390781563126252,-0.384
2024-07-19,5505.0,3.2898220298256664,76.95390781563127,23.04609218436874,31.4,68.60000000000001,0.5390781563126252,-0.372
