Date,AUDUSD,USDCNY,EURCAD,EURCHF,EURGBP,EURHUF,EURJPY,EURSEK,EURUSD,GBPJPY,GBPUSD,USDHKD,USDIDR,USDINR,USDJPY,USDKRW,USDMXN,USDMYR,NZDUSD,USDPHP,USDSGD,USDTHB,USDTWD,USDCAD,USDZAR,USDBRL,USDRUB,local
2018-12-31,0.7044734358787537,6.877200126647949,1.5585600137710571,1.1252299547195435,0.9013299942016602,321.3819885253906,126.2490005493164,10.273099899291992,1.1439945697784424,140.02699279785156,1.269357681274414,7.830900192260742,14553.0,69.92250061035156,110.33000183105469,1116.300048828125,19.645370483398438,4.151000022888184,0.6707717776298523,52.51499938964844,1.3661500215530396,32.52399826049805,30.55299949645996,1.3622000217437744,14.415300369262695,3.8742001056671143,69.52120208740234,1
2019-01-01,0.7041757702827454,6.877600193023682,1.5642999410629272,1.132200002670288,0.9023000001907349,320.6029968261719,125.9800033569336,10.13640022277832,1.1493064165115356,139.60000610351562,1.2738043069839478,7.831999778747559,14460.0,69.70999908447266,109.62999725341797,1112.5,19.633699417114258,4.130000114440918,0.6724949479103088,52.4900016784668,1.3622000217437744,32.21200180053711,30.565000534057617,1.3394299745559692,14.125800132751465,3.880000114440918,69.17400360107422,1
2019-01-02,0.7047911882400513,6.877500057220459,1.5612000226974487,1.125499963760376,0.8985000252723694,320.85400390625,125.68900299072266,10.160929679870605,1.14617121219635,139.85800170898438,1.2754288911819458,7.833320140838623,14460.0,69.70999908447266,109.66799926757812,1113.800048828125,19.628299713134766,4.129499912261963,0.6713616847991943,52.470001220703125,1.3624000549316406,32.33300018310547,30.500999450683594,1.3625400066375732,14.387649536132812,3.8798999786376953,68.89250183105469,1
2019-01-03,0.6918978691101074,6.861100196838379,1.5426199436187744,1.1189899444580078,0.9040499925613403,322.2279968261719,121.60099792480469,10.229000091552734,1.1318106651306152,134.48399353027344,1.2521913051605225,7.835400104522705,14409.7001953125,69.95999908447266,107.44100189208984,1122.1800537109375,19.60770034790039,4.135000228881836,0.6633586883544922,52.54999923706055,1.3671000003814697,32.27000045776367,30.759000778198242,1.3631199598312378,14.558300018310547,3.78629994392395,69.02580261230469,1
2019-01-04,0.7006235718727112,6.871099948883057,1.535249948501587,1.124500036239624,0.9019100069999695,320.6629943847656,122.79399871826172,10.253399848937988,1.1391078233718872,136.14100646972656,1.2628813982009888,7.830900192260742,14375.400390625,70.30000305175781,107.80799865722656,1124.1199951171875,19.60449981689453,4.139999866485596,0.6688515543937683,52.56999969482422,1.3640999794006348,32.17599868774414,30.863000869750977,1.3478800058364868,14.309000015258789,3.7551000118255615,68.85910034179688,1
2019-01-07,0.7123776078224182,6.8684000968933105,1.5254199504852295,1.1247199773788452,0.8959299921989441,320.5719909667969,123.82099914550781,10.215789794921875,1.1410444974899292,138.18299865722656,1.2734960317611694,7.832600116729736,14267.0,69.5250015258789,108.52200317382812,1114.4000244140625,19.381900787353516,4.122000217437744,0.6743497252464294,52.380001068115234,1.3583999872207642,31.93000030517578,30.783000946044922,1.3369300365447998,13.98069953918457,3.6612000465393066,67.56600189208984,1
2019-01-08,0.7145919799804688,6.849999904632568,1.5263099670410156,1.1240500211715698,0.897849977016449,320.81201171875,124.66000366210938,10.205849647521973,1.1479737758636475,138.8560028076172,1.278608798980713,7.835299968719482,14083.0,69.80999755859375,108.61599731445312,1116.4000244140625,19.364620208740234,4.112299919128418,0.675369918346405,52.29499816894531,1.3552000522613525,31.927000045776367,30.80299949645996,1.3295999765396118,13.860699653625488,3.734100103378296,66.74829864501953,1
2019-01-09,0.7163323760032654,6.852200031280518,1.5177199840545654,1.1233999729156494,0.8993200063705444,321.364013671875,124.60900115966797,10.20580005645752,1.1456066370010376,138.54200744628906,1.2737879753112793,7.839099884033203,14138.0,70.33000183105469,108.7760009765625,1121.050048828125,19.327899932861328,4.114299774169922,0.6740497946739197,52.5,1.357100009918213,32.012001037597656,30.81599998474121,1.3246999979019165,13.94629955291748,3.712399959564209,66.8864974975586,1
2019-01-10,0.7175660133361816,6.8155999183654785,1.5263400077819824,1.1253399848937988,0.9025999903678894,320.9119873046875,125.01499938964844,10.241169929504395,1.1554949283599854,138.46299743652344,1.279967188835144,7.837299823760986,14130.0,70.55049896240234,108.18900299072266,1118.6700439453125,19.205900192260742,4.101500034332275,0.6791079044342041,52.20899963378906,1.3525999784469604,31.88800048828125,30.711000442504883,1.3211499452590942,13.843899726867676,3.680000066757202,66.65270233154297,1
2019-01-11,0.7187005877494812,6.787499904632568,1.523419976234436,1.1323200464248657,0.9022200107574463,320.89898681640625,124.61900329589844,10.237000465393066,1.151012897491455,138.08999633789062,1.2753963470458984,7.838200092315674,14048.0,70.72000122070312,108.2979965209961,1116.550048828125,19.13075065612793,4.09499979019165,0.6785181164741516,52.11399841308594,1.3514000177383423,31.90999984741211,30.77899932861328,1.3238999843597412,13.854559898376465,3.707900047302246,66.86720275878906,1
2019-01-14,0.7205129861831665,6.76200008392334,1.5203800201416016,1.1276999711990356,0.8917999863624573,320.8970031738281,124.29000091552734,10.240400314331055,1.146013617515564,139.35800170898438,1.2849836349487305,7.83922004699707,14038.0,70.37000274658203,108.45800018310547,1118.5999755859375,19.138900756835938,4.093500137329102,0.682174801826477,52.16999816894531,1.353309988975525,31.930999755859375,30.785999298095703,1.326740026473999,13.85669994354248,3.659600019454956,66.85220336914062,1
2019-01-15,0.7199423909187317,6.767099857330322,1.5231800079345703,1.1255099773406982,0.8909000158309937,321.41900634765625,124.18699645996094,10.260100364685059,1.1472889184951782,139.343994140625,1.2874983549118042,7.842400074005127,14117.0,71.08499908447266,108.25,1122.0,18.973600387573242,4.095300197601318,0.6826870441436768,52.095001220703125,1.3531099557876587,31.90999984741211,30.833999633789062,1.3276100158691406,13.762700080871582,3.697499990463257,66.98539733886719,1
2019-01-16,0.7207674384117126,6.750999927520752,1.513409972190857,1.1271400451660156,0.8866000175476074,322.80499267578125,123.9800033569336,10.230199813842773,1.1416828632354736,139.83900451660156,1.2872166633605957,7.843599796295166,14111.0,71.09249877929688,108.64399719238281,1122.4000244140625,18.971519470214844,4.103000164031982,0.6823609471321106,52.119998931884766,1.354599952697754,31.889999389648438,30.827999114990234,1.3259600400924683,13.720199584960938,3.716399908065796,67.01349639892578,1
2019-01-17,0.7173087000846863,6.75600004196167,1.5110100507736206,1.128350019454956,0.8844900131225586,321.02801513671875,124.2760009765625,10.24551010131836,1.1398088932037354,140.49000549316406,1.2885768413543701,7.842700004577637,14140.0,71.36499786376953,109.03700256347656,1118.77001953125,18.881099700927734,4.105500221252441,0.6773782968521118,52.04399871826172,1.3543000221252441,31.638999938964844,30.764999389648438,1.3258700370788574,13.678999900817871,3.734299898147583,66.31600189208984,1
2019-01-18,0.7190313339233398,6.775400161743164,1.5128099918365479,1.1322100162506104,0.8772000074386597,319.21099853515625,124.3479995727539,10.269929885864258,1.13926362991333,141.70799255371094,1.2983977794647217,7.8429999351501465,14173.0,71.03019714355469,109.15299987792969,1120.550048828125,18.995399475097656,4.110000133514404,0.6763291358947754,52.36000061035156,1.3549000024795532,31.684999465942383,30.82699966430664,1.3280199766159058,13.710399627685547,3.7488999366760254,66.3467025756836,1
2019-01-21,0.716383695602417,6.7778000831604,1.508870005607605,1.131250023841858,0.8843200206756592,317.60101318359375,124.62799835205078,10.25510025024414,1.1365574598312378,140.91900634765625,1.2853471040725708,7.844200134277344,14168.0,71.2300033569336,109.66100311279297,1125.7900390625,19.088699340820312,4.110000133514404,0.674040675163269,52.672000885009766,1.3581000566482544,31.75,30.85300064086914,1.3274999856948853,13.819000244140625,3.750200033187866,66.20490264892578,1
2019-01-22,0.7158913612365723,6.797299861907959,1.5113999843597412,1.1339000463485718,0.8819100260734558,317.322998046875,124.68099975585938,10.24746036529541,1.136932134628296,141.34500122070312,1.2891747951507568,7.845399856567383,14307.0,71.5,109.66999816894531,1132.3699951171875,19.147199630737305,4.121699810028076,0.6729927659034729,52.89500045776367,1.3588900566101074,31.79800033569336,30.875999450683594,1.3294999599456787,13.809800148010254,3.7513999938964844,66.3635025024414,1
2019-01-23,0.7122101187705994,6.807000160217285,1.5175000429153442,1.1329799890518188,0.876990020275116,317.843994140625,124.26000213623047,10.250300407409668,1.1364023685455322,141.68899536132812,1.2957731485366821,7.845930099487305,14208.0,71.2302017211914,109.3550033569336,1130.1500244140625,19.15239906311035,4.132500171661377,0.6752012372016907,52.84000015258789,1.3596999645233154,31.753000259399414,30.87700080871582,1.3356000185012817,13.954400062561035,3.812000036239624,66.4761962890625,1
2019-01-24,0.714796245098114,6.790999889373779,1.518399953842163,1.1323399543762207,0.8702999949455261,317.6839904785156,124.66000366210938,10.260000228881836,1.1388224363327026,143.2310028076172,1.308215618133545,7.845149993896484,14130.900390625,71.15730285644531,109.49199676513672,1125.3299560546875,19.022499084472656,4.134500026702881,0.6793893575668335,52.560001373291016,1.357699990272522,31.677000045776367,30.857999801635742,1.3341100215911865,13.807700157165527,3.7623000144958496,66.03710174560547,1
2019-01-25,0.7091192603111267,6.787600040435791,1.5100799798965454,1.126170039176941,0.8621199727058411,318.45599365234375,123.96900177001953,10.257479667663574,1.1313496828079224,143.78199768066406,1.3121638298034668,7.846199989318848,14189.0,70.98999786376953,109.59700012207031,1126.75,19.0132999420166,4.1407999992370605,0.6760091185569763,52.69599914550781,1.3603999614715576,31.6560001373291,30.874000549316406,1.3350499868392944,13.708100318908691,3.7697999477386475,65.73040008544922,1
2019-01-28,0.7179421186447144,6.746399879455566,1.5089199542999268,1.132599949836731,0.8639000058174133,317.30499267578125,124.85399627685547,10.318460464477539,1.1413049697875977,144.48800659179688,1.3208470344543457,7.845099925994873,14078.0,70.9749984741211,109.4000015258789,1118.010009765625,18.988849639892578,4.119999885559082,0.683947741985321,52.542999267578125,1.3529599905014038,31.51799964904785,30.70800018310547,1.322100043296814,13.603639602661133,3.7695999145507812,65.74629974365234,1
2019-01-29,0.7165992856025696,6.74429988861084,1.5155500173568726,1.133389949798584,0.8684700131416321,317.02801513671875,124.8499984741211,10.343700408935547,1.143000841140747,143.74000549316406,1.3160146474838257,7.845600128173828,14063.0,71.09010314941406,109.25399780273438,1119.699951171875,19.03754997253418,4.107500076293945,0.6833588480949402,52.388999938964844,1.3530000448226929,31.493999481201172,30.788000106811523,1.3260300159454346,13.65725040435791,3.7595999240875244,66.20980072021484,1
2019-01-30,0.7159220576286316,6.73199987411499,1.5169999599456787,1.1373399496078491,0.8743699789047241,316.9209899902344,125.11000061035156,10.36400032043457,1.1435366868972778,143.05999755859375,1.30804443359375,7.845900058746338,14074.0,71.62000274658203,109.41699981689453,1117.8699951171875,19.09086036682129,4.1020002365112305,0.6823004484176636,52.33100128173828,1.35207998752594,31.447999954223633,30.7810001373291,1.327139973640442,13.607999801635742,3.7184998989105225,65.96330261230469,1
2019-01-31,0.7254682779312134,6.7154998779296875,1.5089000463485718,1.1411999464035034,0.8754000067710876,315.27801513671875,125.16500091552734,10.376489639282227,1.1487650871276855,142.91000366210938,1.3117163181304932,7.842599868774414,14033.0,71.12000274658203,108.98100280761719,1109.0,19.10527992248535,4.0879998207092285,0.6899882555007935,52.02000045776367,1.3463000059127808,31.235000610351562,30.722999572753906,1.3141000270843506,13.327899932861328,3.6814000606536865,65.41439819335938,1
2019-02-01,0.7271669507026672,6.69980001449585,1.5025500059127808,1.137850046157837,0.873199999332428,315.5469970703125,124.58000183105469,10.348799705505371,1.1449507474899292,142.6820068359375,1.3109424114227295,7.846099853515625,13966.0,71.19999694824219,108.84400177001953,1111.550048828125,19.09309959411621,4.093999862670898,0.6914194822311401,52.01300048828125,1.3454999923706055,31.235000610351562,30.68600082397461,1.3125900030136108,13.248800277709961,3.6428000926971436,65.36329650878906,1
2019-02-04,0.7249003052711487,6.743800163269043,1.5,1.1402599811553955,0.8758999705314636,316.99700927734375,125.33999633789062,10.372989654541016,1.1455278396606445,143.10499572753906,1.3077365159988403,7.845300197601318,13933.0,71.45169830322266,109.43800354003906,1118.300048828125,19.086999893188477,4.0929999351501465,0.6898407340049744,52.36399841308594,1.350000023841858,31.27400016784668,30.76300048828125,1.3099000453948975,13.315299987792969,3.6572999954223633,65.45179748535156,1
2019-02-05,0.7214018106460571,6.743800163269043,1.4999300241470337,1.1411999464035034,0.877590000629425,316.9960021972656,125.75299835205078,10.414730072021484,1.1436283588409424,143.2899932861328,1.3031013011932373,7.845439910888672,13957.5,71.68499755859375,109.96099853515625,1121.0999755859375,19.09510040283203,4.084499835968018,0.687809944152832,52.380001068115234,1.3525999784469604,31.295000076293945,30.777000427246094,1.311650037765503,13.410200119018555,3.6670000553131104,65.54129791259766,1
2019-02-06,0.7243752479553223,6.734799861907959,1.4974900484085083,1.1405800580978394,0.8805099725723267,317.42401123046875,125.43199920654297,10.394240379333496,1.140992522239685,142.43899536132812,1.2957228422164917,7.845200061798096,13950.5,71.7699966430664,109.94100189208984,1118.699951171875,19.02440071105957,4.090000152587891,0.690212070941925,52.255001068115234,1.3507800102233887,31.214000701904297,30.729000091552734,1.312399983406067,13.364999771118164,3.668299913406372,65.60710144042969,1
2019-02-07,0.7109948396682739,6.743800163269043,1.5015599727630615,1.1390899419784546,0.8786299824714661,318.43701171875,124.9800033569336,10.454830169677734,1.1365960836410522,142.21800231933594,1.2934435606002808,7.846199989318848,13915.0,71.54049682617188,109.9739990234375,1121.6300048828125,19.10919952392578,4.084400177001953,0.6769701838493347,52.314998626708984,1.3551000356674194,31.207000732421875,30.78700065612793,1.3213000297546387,13.528030395507812,3.694700002670288,65.77749633789062,1
2019-02-08,0.709541916847229,6.743800163269043,1.5091300010681152,1.1365000009536743,0.8755999803543091,318.4410095214844,124.4540023803711,10.498950004577637,1.1338768005371094,142.1230010986328,1.2949174642562866,7.84689998626709,13966.0,71.58000183105469,109.75599670410156,1123.75,19.074180603027344,4.070000171661377,0.6747183203697205,52.150001525878906,1.3569999933242798,31.260000228881836,30.808000564575195,1.331089973449707,13.608599662780762,3.714900016784668,65.8936996459961,1
2019-02-11,0.7101768255233765,6.743800163269043,1.5032299757003784,1.1315499544143677,0.8752999901771545,318.70599365234375,124.3479995727539,10.497699737548828,1.1324259042739868,142.00999450683594,1.293677806854248,7.84660005569458,13958.0,71.1500015258789,109.80999755859375,1122.8800048828125,19.072370529174805,4.065999984741211,0.6760411262512207,52.119998931884766,1.3553999662399292,30.777999877929688,30.81999969482422,1.3273999691009521,13.607799530029297,3.728600025177002,65.40029907226562,1
2019-02-12,0.7063493728637695,6.791399955749512,1.5003199577331543,1.132390022277832,0.87677001953125,319.5509948730469,124.5199966430664,10.492989540100098,1.1279042959213257,142.0,1.2864052057266235,7.847099781036377,14033.0,71.2300033569336,110.4000015258789,1125.02001953125,19.288400650024414,4.070000171661377,0.673768162727356,52.09400177001953,1.3602999448776245,31.382999420166016,30.87700080871582,1.3300000429153442,13.781700134277344,3.755199909210205,65.77030181884766,1
2019-02-13,0.7104795575141907,6.7729997634887695,1.499269962310791,1.1403299570083618,0.8791199922561646,317.80999755859375,125.25599670410156,10.4862699508667,1.1334655284881592,142.47000122070312,1.2892080545425415,7.848020076751709,14012.7001953125,70.80999755859375,110.51499938964844,1120.300048828125,19.242700576782227,4.070000171661377,0.6741496920585632,51.97999954223633,1.3559000492095947,31.26099967956543,30.79199981689453,1.3228600025177002,13.750300407409668,3.7079999446868896,65.8301010131836,1
2019-02-14,0.7092198729515076,6.759399890899658,1.4935400485992432,1.1363999843597412,0.876230001449585,318.58099365234375,124.95099639892578,10.437800407409668,1.12649405002594,142.59100341796875,1.2856775522232056,7.8491997718811035,14151.0,70.86509704589844,110.9229965209961,1123.719970703125,19.413799285888672,4.064499855041504,0.6808093190193176,52.500999450683594,1.3589999675750732,31.350000381469727,30.851999282836914,1.325909972190857,14.039520263671875,3.753200054168701,66.51580047607422,1
2019-02-15,0.710328221321106,6.771200180053711,1.5013999938964844,1.1350799798965454,0.8824899792671204,318.13800048828125,124.8499984741211,10.492730140686035,1.1295350790023804,141.4550018310547,1.2798361778259277,7.847099781036377,14083.0,71.01000213623047,110.53800201416016,1128.300048828125,19.258459091186523,4.072500228881836,0.6832607984542847,52.137001037597656,1.3579000234603882,31.290000915527344,30.820999145507812,1.329699993133545,14.114899635314941,3.7219998836517334,66.6229019165039,1
2019-02-18,0.7145408987998962,6.77209997177124,1.4952000379562378,1.134600043296814,0.8751000165939331,317.6830139160156,124.9000015258789,10.474499702453613,1.1298030614852905,142.677001953125,1.290555715560913,7.847700119018555,14136.0,71.31999969482422,110.56400299072266,1125.31005859375,19.26112937927246,4.082300186157227,0.6865491271018982,52.41999816894531,1.3559999465942383,31.25200080871582,30.812000274658203,1.3238999843597412,14.080100059509277,3.6468000411987305,66.2052993774414,1
2019-02-19,0.7132158875465393,6.765699863433838,1.4970300197601318,1.1362700462341309,0.875249981880188,317.62701416015625,125.09300231933594,10.463629722595215,1.131196141242981,142.89999389648438,1.2924071550369263,7.847400188446045,14192.5,71.69999694824219,110.59100341796875,1124.280029296875,19.243200302124023,4.077300071716309,0.6856594681739807,52.18299865722656,1.3559999465942383,31.195999145507812,30.81800079345703,1.3234000205993652,14.074000358581543,3.7316999435424805,66.20269775390625,1
2019-02-20,0.7166917324066162,6.757699966430664,1.4975999593734741,1.1354700326919556,0.8682299852371216,317.0849914550781,125.39399719238281,10.554499626159668,1.1343011856079102,144.41000366210938,1.3061310052871704,7.8495001792907715,14096.5,71.5999984741211,110.5719985961914,1121.4200439453125,19.14109992980957,4.0782999992370605,0.6879944801330566,52.07600021362305,1.3524600267410278,31.12299919128418,30.77899932861328,1.320889949798584,14.03030014038086,3.7219998836517334,65.76570129394531,1
2019-02-21,0.7170000672340393,6.720300197601318,1.494339942932129,1.1348799467086792,0.8697100281715393,316.7430114746094,125.6719970703125,10.558850288391113,1.1346358060836792,144.48800659179688,1.30451238155365,7.848400115966797,14033.0,71.30000305175781,110.76499938964844,1121.719970703125,19.218170166015625,4.064000129699707,0.6858381032943726,51.84000015258789,1.351099967956543,31.100000381469727,30.79199981689453,1.3170000314712524,14.008700370788574,3.7239999771118164,65.62989807128906,1
2019-02-22,0.710883617401123,6.719099998474121,1.499709963798523,1.1349400281906128,0.8695099949836731,317.1289978027344,125.54000091552734,10.619810104370117,1.1343011856079102,144.3679962158203,1.3041380643844604,7.8471999168396,14120.0,71.18499755859375,110.70800018310547,1124.1500244140625,19.274200439453125,4.076499938964844,0.681430995464325,52.150001525878906,1.3530000448226929,31.207000732421875,30.798999786376953,1.322540044784546,14.010700225830078,3.7664999961853027,65.64990234375,1
2019-02-25,0.7159220576286316,6.713200092315674,1.489300012588501,1.1339999437332153,0.8680400252342224,317.6050109863281,125.63200378417969,10.581609725952148,1.1342240571975708,144.71400451660156,1.306557536125183,7.847499847412109,14051.0,71.03099822998047,110.77200317382812,1122.31005859375,19.128599166870117,4.076000213623047,0.686582088470459,51.939998626708984,1.3500499725341797,31.309999465942383,30.746999740600586,1.313099980354309,13.953969955444336,3.746299982070923,65.40450286865234,1
2019-02-26,0.7174115777015686,6.688399791717529,1.4984300136566162,1.136549949645996,0.8657199740409851,317.5719909667969,126.20600128173828,10.576970100402832,1.1367511749267578,145.76100158691406,1.31271493434906,7.848499774932861,14011.0,71.08999633789062,111.0459976196289,1117.199951171875,19.121000289916992,4.065000057220459,0.6885914206504822,51.939998626708984,1.3487999439239502,31.260000228881836,30.735000610351562,1.318519949913025,13.816399574279785,3.7504000663757324,65.56790161132812,1
2019-02-27,0.719398558139801,6.69920015335083,1.49931001663208,1.1389399766921997,0.8593299984931946,316.46600341796875,125.93000030517578,10.568349838256836,1.1393154859542847,146.56100463867188,1.3258028030395508,7.848800182342529,13960.0,70.94000244140625,110.55599975585938,1114.300048828125,19.18501091003418,4.066299915313721,0.6895790696144104,51.82699966430664,1.347350001335144,31.26099967956543,30.753000259399414,1.3162000179290771,13.828049659729004,3.7471001148223877,65.64810180664062,1
2019-02-28,0.7148473858833313,6.686200141906738,1.4958200454711914,1.1385799646377563,0.8544399738311768,315.8659973144531,126.15599822998047,10.543109893798828,1.1380189657211304,147.63600158691406,1.3318239450454712,7.848899841308594,14015.0,71.19000244140625,110.86199951171875,1115.0999755859375,19.16448974609375,4.064000129699707,0.6853587031364441,51.849998474121094,1.3479100465774536,31.429000854492188,30.777000427246094,1.3144999742507935,13.916600227355957,3.727299928665161,65.72579956054688,1
2019-03-01,0.7102777361869812,6.692999839782715,1.497189998626709,1.1342300176620483,0.8573799729347229,315.5249938964844,126.64600372314453,10.50629997253418,1.1373459100723267,147.70399475097656,1.3264886140823364,7.849699974060059,14194.0,70.81600189208984,111.35700225830078,1124.219970703125,19.262699127197266,4.064000129699707,0.6821980476379395,51.900001525878906,1.3513000011444092,31.540000915527344,30.825000762939453,1.3164299726486206,14.059200286865234,3.747499942779541,65.82559967041016,1
2019-03-04,0.7100305557250977,6.705399990081787,1.5110399723052979,1.1358699798583984,0.8592000007629395,315.5559997558594,127.30999755859375,10.526410102844238,1.1375917196273804,148.14999389648438,1.3239772319793701,7.848499774932861,14108.0,70.98999786376953,111.93800354003906,1126.81005859375,19.265199661254883,4.072000026702881,0.6822911500930786,51.87099838256836,1.3526999950408936,31.759000778198242,30.836999893188477,1.3283599615097046,14.173500061035156,3.721400022506714,65.82469940185547,1
2019-03-05,0.7092198729515076,6.706299781799316,1.5087000131607056,1.1325000524520874,0.8602399826049805,315.34698486328125,126.71900177001953,10.593660354614258,1.1337354183197021,147.2969970703125,1.3178529739379883,7.849699974060059,14205.0,70.9000015258789,111.7770004272461,1128.1500244140625,19.293420791625977,4.076499938964844,0.6823703050613403,51.65999984741211,1.3543000221252441,31.84000015258789,30.83799934387207,1.3311899900436401,14.1875,3.7741000652313232,65.65910339355469,1
2019-03-06,0.7087423801422119,6.706600189208984,1.5094499588012695,1.135599970817566,0.8592900037765503,315.22198486328125,126.46900177001953,10.518799781799316,1.1307101249694824,147.13999938964844,1.3156682252883911,7.850599765777588,14150.5,70.74250030517578,111.86599731445312,1126.199951171875,19.257400512695312,4.079699993133545,0.6800916790962219,52.150001525878906,1.3554999828338623,31.739999771118164,30.829999923706055,1.3353300094604492,14.166099548339844,3.774399995803833,65.78939819335938,1
2019-03-07,0.7034822702407837,6.710899829864502,1.5205999612808228,1.1361700296401978,0.858299970626831,315.1780090332031,126.28099822998047,10.509010314941406,1.1314009428024292,147.1269989013672,1.3182177543640137,7.849400043487549,14214.5,70.36499786376953,111.62300109863281,1127.0,19.349199295043945,4.085999965667725,0.6771397590637207,52.06700134277344,1.3567500114440918,31.80500030517578,30.82900047302246,1.3443000316619873,14.256099700927734,3.8368000984191895,65.92410278320312,1
2019-03-08,0.7023458480834961,6.714099884033203,1.5054399967193604,1.1319400072097778,0.855400025844574,315.9259948730469,125.01000213623047,10.584930419921875,1.1198333501815796,146.12899780273438,1.3092432022094727,7.849800109863281,14240.7998046875,70.48750305175781,111.63400268554688,1133.0699462890625,19.552799224853516,4.088600158691406,0.6764801144599915,52.2400016784668,1.3603299856185913,31.860000610351562,30.906999588012695,1.3444700241088867,14.500980377197266,3.86929988861084,66.25389862060547,1
2019-03-11,0.7039278745651245,6.720600128173828,1.5072100162506104,1.132099986076355,0.8647599816322327,315.22100830078125,124.73999786376953,10.581000328063965,1.1232421398162842,144.25900268554688,1.2988362312316895,7.849699974060059,14303.0,69.98690032958984,111.08000183105469,1134.06005859375,19.483200073242188,4.088500022888184,0.6806888580322266,52.250999450683594,1.3588999509811401,31.719999313354492,30.891000747680664,1.3417999744415283,14.411600112915039,3.8134000301361084,66.34970092773438,1
2019-03-12,0.7073386311531067,6.725500106811523,1.5080499649047852,1.1373599767684937,0.8499699831008911,315.27899169921875,125.35800170898438,10.54738998413086,1.1259232759475708,147.4739990234375,1.3248542547225952,7.8495001792907715,14283.0,69.79010009765625,111.34200286865234,1130.77001953125,19.39126968383789,4.086999893188477,0.6837139129638672,52.402000427246094,1.3569999933242798,31.652999877929688,30.91200065612793,1.339460015296936,14.29740047454834,3.8373000621795654,65.83110046386719,1
2019-03-13,0.7064142823219299,6.707600116729736,1.5077799558639526,1.1371099948883057,0.8638899922370911,314.8800048828125,125.62799835205078,10.57151985168457,1.1287446022033691,145.40499877929688,1.3066771030426025,7.8496198654174805,14258.0,69.84500122070312,111.30599975585938,1127.27001953125,19.330400466918945,4.078000068664551,0.6853821277618408,52.7599983215332,1.3557000160217285,31.64299964904785,30.886999130249023,1.3357000350952148,14.348799705505371,3.8115999698638916,65.58350372314453,1
2019-03-14,0.7087172269821167,6.706099987030029,1.506100058555603,1.1367000341415405,0.8528299927711487,314.26300048828125,125.98999786376953,10.529999732971191,1.133105993270874,147.71299743652344,1.3285682201385498,7.849599838256836,14258.0,69.72630310058594,111.19599914550781,1129.5899658203125,19.290050506591797,4.085999965667725,0.6858381032943726,52.51599884033203,1.3526099920272827,31.57200050354004,30.895999908447266,1.3294999599456787,14.407899856567383,3.8132998943328857,65.33769989013672,1
2019-03-15,0.706813633441925,6.7220001220703125,1.506700038909912,1.1347099542617798,0.8528599739074707,314.0710144042969,126.36000061035156,10.516839981079102,1.1308379173278809,148.156005859375,1.3258554935455322,7.849599838256836,14287.0,69.3373031616211,111.75299835205078,1135.4200439453125,19.298599243164062,4.0879998207092285,0.6837139129638672,52.83000183105469,1.355430006980896,31.770000457763672,30.913000106811523,1.3324700593948364,14.512399673461914,3.8405001163482666,65.44309997558594,1
2019-03-18,0.7082905769348145,6.712800025939941,1.5097999572753906,1.134619951248169,0.8511999845504761,314.08599853515625,126.2699966430664,10.456379890441895,1.1319772005081177,148.32899475097656,1.329716444015503,7.8495001792907715,14251.0,68.9530029296875,111.56099700927734,1132.72998046875,19.203399658203125,4.0854997634887695,0.684359610080719,52.63399887084961,1.352929949760437,31.674999237060547,30.888999938964844,1.3341000080108643,14.421299934387207,3.812999963760376,64.7957992553711,1
2019-03-19,0.7099751830101013,6.703100204467773,1.512030005455017,1.1349300146102905,0.8546900153160095,313.59100341796875,126.24800109863281,10.46084976196289,1.133619785308838,147.69700622558594,1.326435923576355,7.849520206451416,14251.0,68.61799621582031,111.37300109863281,1131.199951171875,19.056379318237305,4.074999809265137,0.6846032738685608,52.5260009765625,1.3512599468231201,31.639999389648438,30.764999389648438,1.3336999416351318,14.428500175476074,3.7899999618530273,64.33059692382812,1
2019-03-20,0.7089684009552002,6.710999965667725,1.5127899646759033,1.1340999603271484,0.8554999828338623,312.7250061035156,126.48999786376953,10.4443998336792,1.135486125946045,147.83799743652344,1.3271400928497314,7.851200103759766,14223.0,69.31749725341797,111.4010009765625,1129.719970703125,18.99449920654297,4.073999881744385,0.6855888962745667,52.689998626708984,1.3511600494384766,31.670000076293945,30.790000915527344,1.332200050354004,14.500619888305664,3.7876999378204346,64.3302001953125,1
2019-03-21,0.7135212421417236,6.693600177764893,1.5185400247573853,1.132449984550476,0.8653500080108643,313.14898681640625,126.45800018310547,10.425700187683105,1.1427918672561646,146.1199951171875,1.320533037185669,7.848899841308594,14055.0,68.82499694824219,110.66000366210938,1125.0,18.798999786376953,4.058499813079834,0.6918978691101074,52.68899917602539,1.3455699682235718,31.639999389648438,30.7450008392334,1.3286000490188599,14.221699714660645,3.774199962615967,63.80070114135742,1
2019-03-22,0.710782527923584,6.698200225830078,1.5199999809265137,1.128100037574768,0.8662999868392944,314.5010070800781,126.01000213623047,10.432000160217285,1.1375011205673218,145.48199462890625,1.313232183456421,7.847400188446045,14133.0,68.93000030517578,110.80599975585938,1127.77001953125,18.850000381469727,4.047299861907959,0.68822181224823,52.4379997253418,1.3485000133514404,31.729999542236328,30.792999267578125,1.3365000486373901,14.199399948120117,3.7909998893737793,63.79399871826172,1
2019-03-25,0.7083156108856201,6.717100143432617,1.5161000490188599,1.1226999759674072,0.8553000092506409,316.04998779296875,124.34200286865234,10.463299751281738,1.129586100578308,145.36500549316406,1.3206549882888794,7.8471999168396,14158.0,69.1604995727539,110.08100128173828,1135.1400146484375,19.116649627685547,4.0625,0.6877484321594238,52.62099838256836,1.3524999618530273,31.68000030517578,30.868000030517578,1.3424999713897705,14.47130012512207,3.9059998989105225,64.50129699707031,1
2019-03-26,0.7116121053695679,6.708399772644043,1.5152000188827515,1.1228599548339844,0.8561999797821045,315.70599365234375,124.5199966430664,10.44950008392334,1.131580114364624,145.447998046875,1.3215277194976807,7.847499847412109,14173.0,68.92340087890625,110.06800079345703,1133.8499755859375,19.015600204467773,4.065999984741211,0.6912713050842285,52.36000061035156,1.3497200012207031,31.509000778198242,30.81599998474121,1.3392000198364258,14.300399780273438,3.853600025177002,64.01950073242188,1
2019-03-27,0.713699460029602,6.714700222015381,1.5084199905395508,1.1204999685287476,0.8533400297164917,318.4200134277344,124.62000274658203,10.410400390625,1.127484679222107,146.02000427246094,1.321143627166748,7.848899841308594,14163.0,69.42749786376953,110.55400085449219,1133.9300537109375,19.08810043334961,4.0721001625061035,0.690817654132843,52.5,1.3515100479125977,31.6299991607666,30.839000701904297,1.3379100561141968,14.407099723815918,3.875,64.30690002441406,1
2019-03-28,0.7084510922431946,6.726200103759766,1.5084999799728394,1.119189977645874,0.855400025844574,319.58599853515625,124.30999755859375,10.433830261230469,1.1251758337020874,145.322998046875,1.3152703046798706,7.8495001792907715,14346.0,69.37000274658203,110.48999786376953,1138.5,19.363849639892578,4.0690999031066895,0.6798281073570251,52.849998474121094,1.3556900024414062,31.8700008392334,30.881999969482422,1.3411699533462524,14.599100112915039,3.9881999492645264,64.81559753417969,1
2019-03-29,0.7083156108856201,6.738100051879883,1.508139967918396,1.1172000169754028,0.8602100014686584,320.0989990234375,124.22000122070312,10.427200317382812,1.1230024099349976,144.42100524902344,1.30565345287323,7.849599838256836,14235.0,69.5,110.63700103759766,1134.3199462890625,19.345300674438477,4.075500011444092,0.6781821846961975,52.630001068115234,1.3561400175094604,31.791000366210938,30.85099983215332,1.3430500030517578,14.584600448608398,3.897700071334839,64.90869903564453,1
2019-04-01,0.7113893628120422,6.711100101470947,1.4980700016021729,1.1167999505996704,0.8618000149726868,320.77099609375,124.56999969482422,10.408300399780273,1.1223849058151245,144.53399658203125,1.3022867441177368,7.849599838256836,14233.0,69.43000030517578,110.99500274658203,1136.699951171875,19.32939910888672,4.081500053405762,0.6824122071266174,52.659000396728516,1.3542200326919556,31.719999313354492,30.839000701904297,1.3346999883651733,14.327099800109863,3.922499895095825,65.60220336914062,1
2019-04-02,0.710989773273468,6.7104997634887695,1.4914000034332275,1.1196999549865723,0.8573799729347229,321.20599365234375,124.87899780273438,10.404399871826172,1.1205737590789795,145.63299560546875,1.3068991899490356,7.850200176239014,14240.0,69.19529724121094,111.45099639892578,1132.6700439453125,19.159299850463867,4.078800201416016,0.6790249347686768,52.52000045776367,1.3551499843597412,31.70800018310547,30.816999435424805,1.3310999870300293,14.176799774169922,3.8485000133514404,65.21109771728516,1
2019-04-03,0.7058408260345459,6.722400188446045,1.4944700002670288,1.118190050125122,0.8533899784088135,320.8760070800781,124.68000030517578,10.448369979858398,1.1203854084014893,146.10400390625,1.312766671180725,7.848800182342529,14213.0,68.91020202636719,111.30500030517578,1136.3900146484375,19.216100692749023,4.088500022888184,0.6752285361289978,52.459999084472656,1.3555400371551514,31.756999969482422,30.82900047302246,1.3343000411987305,14.20259952545166,3.852299928665161,65.31659698486328,1
2019-04-04,0.7117488384246826,6.701399803161621,1.5003299713134766,1.121440052986145,0.8533899784088135,319.4440002441406,125.25499725341797,10.41250991821289,1.1246949434280396,146.76300048828125,1.3176966905593872,7.849299907684326,14210.0,68.8499984741211,111.3949966430664,1133.530029296875,19.217670440673828,4.076499938964844,0.6789788007736206,51.95199966430664,1.3527899980545044,31.729999542236328,30.788000106811523,1.3342000246047974,14.125699996948242,3.868299961090088,65.18280029296875,1
2019-04-05,0.7110353112220764,6.716599941253662,1.4998300075531006,1.12214994430542,0.8583300113677979,319.781005859375,125.31199645996094,10.417240142822266,1.1225864887237549,145.96400451660156,1.3077024221420288,7.8495001792907715,14151.0,68.97039794921875,111.65799713134766,1134.300048828125,19.146799087524414,4.078400135040283,0.6757989525794983,52.09700012207031,1.3547199964523315,31.76099967956543,30.792999267578125,1.3364700078964233,14.104399681091309,3.8559000492095947,65.39289855957031,1
2019-04-08,0.7101768255233765,6.716899871826172,1.4996999502182007,1.1217999458312988,0.8604999780654907,320.9580078125,125.31099700927734,10.425749778747559,1.121956706047058,145.63099670410156,1.3038150072097778,7.8491997718811035,14112.0,69.16000366210938,111.71099853515625,1136.68994140625,19.06130027770996,4.082499980926514,0.6731740236282349,52.060001373291016,1.3543000221252441,31.906999588012695,30.788999557495117,1.3371000289916992,14.096199989318848,3.874000072479248,65.3634033203125,1
2019-04-09,0.7121593952178955,6.715400218963623,1.498520016670227,1.1246000528335571,0.861739993095398,320.8280029296875,125.44999694824219,10.429730415344238,1.1256444454193115,145.5760040283203,1.306335687637329,7.847149848937988,14191.0,69.55249786376953,111.45600128173828,1141.1099853515625,18.98390007019043,4.0929999351501465,0.6739407777786255,52.220001220703125,1.3546600341796875,31.865999221801758,30.808000564575195,1.3313599824905396,14.117799758911133,3.8482000827789307,64.87419891357422,1
2019-04-10,0.7129108309745789,6.7108001708984375,1.5016000270843506,1.126099944114685,0.8627899885177612,321.9739990234375,125.16400146484375,10.424260139465332,1.126697063446045,145.05799865722656,1.305721640586853,7.841509819030762,14136.0,69.26180267333984,111.1050033569336,1140.0999755859375,18.913820266723633,4.0914998054504395,0.6752604842185974,51.88199996948242,1.3526999950408936,31.760000228881836,30.816999435424805,1.3327800035476685,14.075300216674805,3.8480000495910645,64.86250305175781,1
2019-04-11,0.7166917324066162,6.715400218963623,1.501710057258606,1.1300599575042725,0.8608499765396118,321.17999267578125,125.12000274658203,10.441729545593262,1.1276500225067139,145.3300018310547,1.3099292516708374,7.836130142211914,14177.0,69.14019775390625,110.98500061035156,1135.9000244140625,18.806400299072266,4.108099937438965,0.6768510341644287,51.73899841308594,1.351580023765564,31.739999771118164,30.83799934387207,1.331779956817627,13.893799781799316,3.8239998817443848,64.23919677734375,1
2019-04-12,0.7122507095336914,6.718500137329102,1.506369948387146,1.1291199922561646,0.8624299764633179,321.77301025390625,125.68900299072266,10.45186996459961,1.1260753870010376,145.72000122070312,1.3056023120880127,7.843100070953369,14138.0,69.43000030517578,111.62100219726562,1140.989990234375,18.8169002532959,4.125400066375732,0.6724587678909302,52.18000030517578,1.3558000326156616,31.849000930786133,30.851999282836914,1.3377900123596191,14.007800102233887,3.855799913406372,64.5687026977539,1
2019-04-15,0.7173087000846863,6.703199863433838,1.5069600343704224,1.133020043373108,0.8638799786567688,321.1189880371094,126.61000061035156,10.465200424194336,1.1305055618286133,146.5679931640625,1.3083868026733398,7.841909885406494,14086.0,69.16100311279297,112.02799987792969,1133.4300537109375,18.757579803466797,4.111999988555908,0.6768693327903748,51.659000396728516,1.3528200387954712,31.75,30.829999923706055,1.3332500457763672,13.952500343322754,3.8803000450134277,64.34760284423828,1
2019-04-16,0.7176175117492676,6.707699775695801,1.5113099813461304,1.134559988975525,0.8628000020980835,319.8810119628906,126.54900360107422,10.472299575805664,1.1304928064346313,146.61000061035156,1.3102725744247437,7.8402299880981445,14155.5,69.80999755859375,111.94300079345703,1133.199951171875,18.85930061340332,4.112800121307373,0.6767594218254089,51.483001708984375,1.3522000312805176,31.767000198364258,30.854000091552734,1.3367999792099,14.035400390625,3.8703999519348145,64.30870056152344,1
2019-04-17,0.7164915204048157,6.71120023727417,1.5075199604034424,1.1370500326156616,0.864799976348877,319.364013671875,126.33799743652344,10.448800086975098,1.128502607345581,146.03199768066406,1.3046314716339111,7.843400001525879,14079.0,69.88500213623047,111.99299621582031,1135.699951171875,18.865800857543945,4.130000114440918,0.6710193157196045,51.810001373291016,1.3544800281524658,31.808000564575195,30.863000869750977,1.3359299898147583,14.018899917602539,3.9038000106811523,64.01699829101562,1
2019-04-18,0.7174115777015686,6.68720006942749,1.5075000524520874,1.1416000127792358,0.866320013999939,319.16400146484375,126.54499816894531,10.439800262451172,1.129713773727417,146.02000427246094,1.3039339780807495,7.844590187072754,14078.0,69.4010009765625,112.03600311279297,1130.199951171875,18.802000045776367,4.133600234985352,0.6726487278938293,51.77000045776367,1.352560043334961,31.780000686645508,30.761999130249023,1.3348000049591064,13.962400436401367,3.9367001056671143,63.854400634765625,1
2019-04-19,0.714796245098114,6.708099842071533,1.502810001373291,1.1401699781417847,0.8646000027656555,319.6510009765625,125.82099914550781,10.45619010925293,1.1235954761505127,145.48899841308594,1.2994438409805298,7.845200061798096,14036.0,69.38099670410156,111.98899841308594,1136.1099853515625,18.787099838256836,4.1545000076293945,0.6687307953834534,51.685001373291016,1.3555099964141846,31.790000915527344,30.81999969482422,1.3375999927520752,14.038900375366211,3.9267001152038574,63.89609909057617,1
2019-04-22,0.715103030204773,6.703400135040283,1.5045299530029297,1.140589952468872,0.8654199838638306,319.77301025390625,125.8270034790039,10.463299751281738,1.1244546175003052,145.39199829101562,1.299376368522644,7.843090057373047,14036.0,69.36000061035156,111.91000366210938,1134.5,18.7677001953125,4.130000114440918,0.6686279773712158,51.672000885009766,1.354990005493164,31.81999969482422,30.80699920654297,1.338089942932129,14.074700355529785,3.934499979019165,63.98809814453125,1
2019-04-23,0.7137249112129211,6.708499908447266,1.5024199485778809,1.1432499885559082,0.8672999739646912,320.1159973144531,126.01200103759766,10.472820281982422,1.1258978843688965,145.28900146484375,1.2981449365615845,7.84660005569458,14061.5,70.0625,111.92900085449219,1140.0400390625,18.826099395751953,4.130000114440918,0.6683107018470764,52.11000061035156,1.3559999465942383,31.889999389648438,30.84000015258789,1.334529995918274,14.150099754333496,3.9340999126434326,63.78450012207031,1
2019-04-24,0.7096678018569946,6.724899768829346,1.5072100162506104,1.145009994506836,0.8674899935722351,320.37200927734375,125.55000305175781,10.501469612121582,1.122435212135315,144.73699951171875,1.2938116788864136,7.8425397872924805,14061.0,69.75800323486328,111.87699890136719,1142.0,18.903400421142578,4.125500202178955,0.6654378771781921,52.20000076293945,1.356819987297058,31.969999313354492,30.854000091552734,1.342769980430603,14.253199577331543,3.918299913406372,63.669700622558594,1
2019-04-25,0.7014589905738831,6.720900058746338,1.504870057106018,1.1380499601364136,0.8641999959945679,321.60198974609375,125.12699890136719,10.519889831542969,1.1153494119644165,144.6999969482422,1.2904890775680542,7.842700004577637,14154.0,70.0958023071289,112.12999725341797,1155.260009765625,19.068300247192383,4.130000114440918,0.6595479249954224,52.279998779296875,1.362339973449707,32.04499816894531,30.923999786376953,1.3493000268936157,14.437999725341797,3.9895999431610107,64.38710021972656,1
2019-04-26,0.7017790079116821,6.742099761962891,1.500599980354309,1.1359000205993652,0.863569974899292,321.8389892578125,124.29900360107422,10.612299919128418,1.113684892654419,143.88800048828125,1.289607048034668,7.843599796295166,14306.5,70.16000366210938,111.53900146484375,1159.0,19.022680282592773,4.1468000411987305,0.6633191108703613,52.04999923706055,1.362280011177063,32.05400085449219,30.92300033569336,1.3478000164031982,14.407500267028809,3.952699899673462,64.6093978881836,1
2019-04-29,0.7044287323951721,6.728799819946289,1.5008399486541748,1.136489987373352,0.8629500269889832,322.0140075683594,124.50199890136719,10.602899551391602,1.1150261163711548,144.1999969482422,1.2920230627059937,7.842840194702148,14165.0,69.84200286865234,111.59300231933594,1157.72998046875,18.928600311279297,4.130000114440918,0.6667200326919556,52.097999572753906,1.361549973487854,31.93000030517578,30.902000427246094,1.3459999561309814,14.35260009765625,3.9291999340057373,64.63150024414062,1
2019-04-30,0.7055171132087708,6.732399940490723,1.5048099756240845,1.1403800249099731,0.8648499846458435,322.8580017089844,124.97000122070312,10.632699966430664,1.1185182332992554,144.46499633789062,1.2932428121566772,7.844099998474121,14191.0,69.81179809570312,111.677001953125,1158.7900390625,18.99839973449707,4.13129997253418,0.6670224070549011,52.02000045776367,1.3605999946594238,31.899999618530273,30.892000198364258,1.3454699516296387,14.307499885559082,3.9442999362945557,64.43180084228516,1
2019-05-01,0.705129086971283,6.733799934387207,1.5011999607086182,1.1429200172424316,0.8599399924278259,323.55999755859375,124.98100280761719,10.644800186157227,1.121604323387146,145.29800415039062,1.3039849996566772,7.8454999923706055,14243.0,69.55599975585938,111.3949966430664,1163.260009765625,18.93815040588379,4.133999824523926,0.6656016707420349,51.76900100708008,1.3596999645233154,31.895000457763672,30.886999130249023,1.3387900590896606,14.28909969329834,3.9168999195098877,64.55879974365234,1
2019-05-02,0.7014589905738831,6.734000205993652,1.5046000480651855,1.1395000219345093,0.8579000234603882,324.1919860839844,124.87799835205078,10.680760383605957,1.1200841665267944,145.4770050048828,1.3053126335144043,7.844799995422363,14244.2998046875,69.63289642333984,111.4520034790039,1164.6700439453125,18.98270034790039,4.13040018081665,0.6627915501594543,51.79999923706055,1.3611600399017334,31.948999404907227,30.906999588012695,1.3438899517059326,14.435099601745605,3.919300079345703,64.7240982055664,1
2019-05-03,0.6995453238487244,6.73390007019043,1.5049200057983398,1.138890027999878,0.8571000099182129,323.8760070800781,124.59600067138672,10.700019836425781,1.1173559427261353,145.30799865722656,1.3033220767974854,7.842800140380859,14244.0,69.42440032958984,111.49500274658203,1166.1099853515625,19.11319923400879,4.132900238037109,0.6616294384002686,51.72999954223633,1.3627699613571167,32.0099983215332,30.889999389648438,1.3469200134277344,14.515800476074219,3.966200113296509,65.36599731445312,1
2019-05-06,0.69733065366745,6.73360013961792,1.5068700313568115,1.1368999481201172,0.8505300283432007,322.8580017089844,123.75599670410156,10.702239990234375,1.1185808181762695,145.47900390625,1.3150626420974731,7.844339847564697,14230.0,69.16799926757812,110.62300109863281,1163.3299560546875,19.057899475097656,4.14300012588501,0.6607595086097717,51.78499984741211,1.365820050239563,31.989999771118164,30.895000457763672,1.3472199440002441,14.45149040222168,3.9365999698638916,65.32689666748047,1
2019-05-07,0.6992518305778503,6.763599872589111,1.5058000087738037,1.1395399570465088,0.8550000190734863,323.42498779296875,124.11000061035156,10.711199760437012,1.1201846599578857,145.11500549316406,1.3099292516708374,7.846399784088135,14286.0,69.40029907226562,110.80500030517578,1168.050048828125,18.992599487304688,4.145100116729736,0.6607987880706787,51.84000015258789,1.3634699583053589,31.878999710083008,30.90999984741211,1.3448899984359741,14.452500343322754,3.9681999683380127,65.2791976928711,1
2019-05-08,0.7008494734764099,6.776000022888184,1.5069700479507446,1.140910029411316,0.8561999797821045,323.7489929199219,123.3759994506836,10.733099937438965,1.1191065311431885,144.05999755859375,1.3068820238113403,7.848400115966797,14346.2998046875,69.91000366210938,110.25700378417969,1171.300048828125,19.039939880371094,4.147799968719482,0.6596697568893433,51.94599914550781,1.3626999855041504,31.913000106811523,30.937000274658203,1.3468999862670898,14.427499771118164,3.9686999320983887,65.3667984008789,1
2019-05-09,0.6994963884353638,6.7820000648498535,1.5085699558258057,1.1425000429153442,0.860539972782135,323.89898681640625,123.20600128173828,10.76095962524414,1.1198333501815796,143.1580047607422,1.3012022972106934,7.848100185394287,14288.0,70.01000213623047,110.02799987792969,1172.18994140625,19.07069969177246,4.147299766540527,0.65845787525177,52.082000732421875,1.3619799613952637,31.780000686645508,30.94499969482422,1.3472299575805664,14.368300437927246,3.926300048828125,65.02449798583984,1
2019-05-10,0.6987094879150391,6.826499938964844,1.5105600357055664,1.1390999555587769,0.8622900247573853,323.81298828125,123.18199920654297,10.82699966430664,1.1222084760665894,142.83900451660156,1.3009653091430664,7.8480000495910645,14343.0,70.41000366210938,109.80699920654297,1179.18994140625,19.22551918029785,4.160200119018555,0.6587311625480652,52.29999923706055,1.3643100261688232,31.780000686645508,31.00200080871582,1.3465299606323242,14.331399917602539,3.9453999996185303,65.2020034790039,1
2019-05-13,0.6985093951225281,6.8231000900268555,1.5100200176239014,1.1353199481964111,0.8637999892234802,322.9649963378906,123.1989974975586,10.802499771118164,1.1236460208892822,142.62600708007812,1.3010668754577637,7.848199844360352,14318.0,69.92250061035156,109.65399932861328,1174.4200439453125,19.122900009155273,4.156000137329102,0.6591610312461853,52.25,1.363800048828125,31.59000015258789,30.937000274658203,1.343940019607544,14.19480037689209,3.959700107574463,65.143798828125,1
2019-05-14,0.6945891380310059,6.877299785614014,1.5138800144195557,1.1292099952697754,0.8664299845695496,323.6780090332031,122.5999984741211,10.816929817199707,1.1232547760009766,141.48300170898438,1.2963106632232666,7.848899841308594,14497.400390625,70.61699676513672,109.15399932861328,1187.1800537109375,19.20669937133789,4.158599853515625,0.6576784253120422,52.58000183105469,1.369979977607727,31.645999908447266,31.104999542236328,1.347599983215332,14.322999954223633,3.990499973297119,65.28939819335938,1
2019-05-15,0.6939143538475037,6.874899864196777,1.5080599784851074,1.1303000450134277,0.8680999875068665,324.052001953125,122.8740005493164,10.760910034179688,1.1204482316970825,141.54100036621094,1.2906556129455566,7.8491997718811035,14423.0,70.30699920654297,109.6709976196289,1186.9300537109375,19.143400192260742,4.168000221252441,0.6571295261383057,52.18899917602539,1.3689199686050415,31.5,31.138999938964844,1.3459999561309814,14.238800048828125,3.975100040435791,64.85859680175781,1
2019-05-16,0.6927126049995422,6.875199794769287,1.5062700510025024,1.1298400163650513,0.8722599744796753,324.3949890136719,122.66999816894531,10.762310028076172,1.1207244396209717,140.63600158691406,1.2847524881362915,7.84867000579834,14540.0,70.20919799804688,109.4749984741211,1186.0400390625,19.060800552368164,4.171000003814697,0.6563402414321899,52.474998474121094,1.3682899475097656,31.530000686645508,31.077999114990234,1.3441599607467651,14.20460033416748,3.9999001026153564,64.64440155029297,1
2019-05-17,0.6893223524093628,6.882800102233887,1.5040600299835205,1.1284300088882446,0.8730300068855286,324.2330017089844,122.75900268554688,10.773870468139648,1.1173559427261353,140.60000610351562,1.2797706127166748,7.8491997718811035,14569.5,70.23500061035156,109.87100219726562,1190.489990234375,19.099199295043945,4.164000034332275,0.6535306572914124,52.599998474121094,1.3724000453948975,31.631000518798828,31.18600082397461,1.3461999893188477,14.280019760131836,4.046199798583984,64.6272964477539,1
2019-05-20,0.690321683883667,6.917699813842773,1.5012999773025513,1.1283999681472778,0.8769199848175049,325.92498779296875,122.98999786376953,10.759400367736816,1.1165324449539185,140.23599243164062,1.2731555700302124,7.8491997718811035,14443.0,70.28150177001953,110.16000366210938,1193.8299560546875,19.130599975585938,4.173999786376953,0.6528011560440063,52.66999816894531,1.3764300346374512,31.80500030517578,31.365999221801758,1.344689965248108,14.419899940490723,4.097400188446045,64.68389892578125,1
2019-05-21,0.6920607089996338,6.911300182342529,1.4991999864578247,1.126099944114685,0.8773499727249146,326.1839904785156,122.91999816894531,10.788999557495117,1.1168566942214966,140.08999633789062,1.2729123830795288,7.8493499755859375,14448.0,70.12750244140625,110.06999969482422,1193.3299560546875,19.046300888061523,4.174099922180176,0.6540393233299255,52.5260009765625,1.3753000497817993,31.850000381469727,31.3799991607666,1.3427200317382812,14.373169898986816,4.094900131225586,64.46109771728516,1
2019-05-22,0.6920607089996338,6.911300182342529,1.4963799715042114,1.1286200284957886,0.8785099983215332,325.8580017089844,123.43800354003906,10.768899917602539,1.1168566942214966,140.4929962158203,1.2729123830795288,7.8493499755859375,14448.0,70.12750244140625,110.06999969482422,1193.3299560546875,19.046300888061523,4.174099922180176,0.6540393233299255,52.5260009765625,1.3753000497817993,31.850000381469727,31.3799991607666,1.3427200317382812,14.373169898986816,4.094900131225586,64.46109771728516,1
2019-05-23,0.6877579092979431,6.905399799346924,1.498769998550415,1.125599980354309,0.8808000087738037,325.97100830078125,122.93000030517578,10.74131965637207,1.1155484914779663,139.572998046875,1.2664159536361694,7.848999977111816,14518.0,69.97250366210938,110.22100067138672,1188.800048828125,18.982799530029297,4.1828999519348145,0.6495193243026733,52.2859992980957,1.3790099620819092,31.929000854492188,31.452999114990234,1.343649983406067,14.359700202941895,4.036799907684326,64.34559631347656,1
2019-05-24,0.689959704875946,6.9095001220703125,1.506500005722046,1.1218299865722656,0.8833000063896179,326.13800048828125,122.5260009765625,10.750980377197266,1.1184556484222412,138.7220001220703,1.2664639949798584,7.848569869995117,14453.0,69.94499969482422,109.55799865722656,1188.800048828125,19.030799865722656,4.189499855041504,0.6522603631019592,52.5,1.3783999681472778,31.8700008392334,31.513999938964844,1.3473600149154663,14.486040115356445,4.038700103759766,64.82659912109375,1
2019-05-27,0.6932889819145203,6.8993000984191895,1.5059200525283813,1.1228599548339844,0.8809000253677368,325.0379943847656,122.62300109863281,10.681500434875488,1.1209630966186523,139.19200134277344,1.2724751234054565,7.848340034484863,14386.0,69.36000061035156,109.4010009765625,1185.0,19.043109893798828,4.184000015258789,0.655750572681427,52.12699890136719,1.3744200468063354,31.809999465942383,31.47100067138672,1.343500018119812,14.418299674987793,4.021200180053711,64.43589782714844,1
2019-05-28,0.6919936537742615,6.897200107574463,1.5038000345230103,1.1237399578094482,0.8826900124549866,325.5589904785156,122.57499694824219,10.717100143432617,1.1193821430206299,138.86000061035156,1.2682307958602905,7.849299907684326,14445.0,69.72000122070312,109.50900268554688,1182.31005859375,19.05299949645996,4.184100151062012,0.6546516418457031,52.0359992980957,1.3748699426651,31.797000885009766,31.452999114990234,1.3437999486923218,14.427499771118164,4.042099952697754,64.3407974243164,1
2019-05-29,0.6926167011260986,6.90910005569458,1.5060700178146362,1.124899983406067,0.8822299838066101,326.8340148925781,122.11199951171875,10.703800201416016,1.1170687675476074,138.39100646972656,1.2659670114517212,7.8491997718811035,14468.0,69.875,109.34600067138672,1187.5799560546875,19.183210372924805,4.185999870300293,0.6545487642288208,52.31999969482422,1.3783999681472778,31.868999481201172,31.547000885009766,1.3487499952316284,14.698800086975098,4.023600101470947,64.63379669189453,1
2019-05-30,0.691840410232544,6.913400173187256,1.5048099756240845,1.122879981994629,0.8817800283432007,325.6390075683594,121.98699951171875,10.631230354309082,1.1137346029281616,138.3350067138672,1.2629451751708984,7.849110126495361,14393.0,69.81500244140625,109.54199981689453,1192.2099609375,19.135480880737305,4.192999839782715,0.6514403223991394,52.400001525878906,1.3805400133132935,31.81999969482422,31.615999221801758,1.351199984550476,14.62909984588623,3.973400115966797,64.9207992553711,1
2019-05-31,0.6906077861785889,6.900899887084961,1.505370020866394,1.1208399534225464,0.8827099800109863,324.3869934082031,121.71700286865234,10.611080169677734,1.1131147146224976,137.87899780273438,1.2609704732894897,7.8480000495910645,14401.0,69.9800033569336,109.35700225830078,1188.3800048828125,19.525039672851562,4.184000015258789,0.6506688594818115,52.154998779296875,1.3800100088119507,31.790000915527344,31.57699966430664,1.352489948272705,14.769000053405762,3.9800000190734863,65.21389770507812,1
2019-06-03,0.6929622888565063,6.904099941253662,1.51010000705719,1.1168500185012817,0.8840000033378601,324.4909973144531,120.91100311279297,10.598750114440918,1.1174057722091675,136.76100158691406,1.2639508247375488,7.837170124053955,14268.0,69.5696029663086,108.21199798583984,1187.8699951171875,19.61479949951172,4.189599990844727,0.6534196734428406,52.13999938964844,1.3741199970245361,31.530000686645508,31.52199935913086,1.352020025253296,14.599699974060059,3.9242000579833984,65.5551986694336,1
2019-06-04,0.6972042322158813,6.9028000831604,1.511299967765808,1.1161999702453613,0.8879899978637695,322.7430114746094,121.48200225830078,10.619000434875488,1.124631643295288,136.79100036621094,1.2664159536361694,7.836100101470947,14237.0,69.16190338134766,108.0270004272461,1178.3499755859375,19.80331039428711,4.178999900817871,0.6592783331871033,51.630001068115234,1.3663100004196167,31.31999969482422,31.375999450683594,1.3441499471664429,14.446100234985352,3.8840999603271484,65.3031005859375,1
2019-06-05,0.6991393566131592,6.907299995422363,1.5070199966430664,1.1168299913406372,0.8858299851417542,321.6080017089844,121.8239974975586,10.617509841918945,1.1254037618637085,137.49000549316406,1.2702767848968506,7.840799808502197,14260.0,69.55999755859375,108.25399780273438,1176.050048828125,19.566850662231445,4.165999889373779,0.660969078540802,51.70000076293945,1.3663899898529053,31.302000045776367,31.326000213623047,1.3390400409698486,14.627300262451172,3.853600025177002,65.12999725341797,1
2019-06-06,0.6971070170402527,6.908100128173828,1.5068000555038452,1.1163300275802612,0.8849999904632568,321.05999755859375,121.63999938964844,10.595100402832031,1.1229015588760376,137.43699645996094,1.2688584327697754,7.840479850769043,14280.0,69.625,108.3280029296875,1178.739990234375,19.74924087524414,4.172500133514404,0.6627344489097595,51.75,1.3662199974060059,31.364999771118164,31.298999786376953,1.3420000076293945,14.835200309753418,3.8794000148773193,65.27850341796875,1
2019-06-07,0.6975446939468384,6.908999919891357,1.5060499906539917,1.1177899837493896,0.8881000280380249,320.55999755859375,122.29100036621094,10.623510360717773,1.1276500225067139,137.68899536132812,1.269841194152832,7.840390205383301,14256.0,69.36000061035156,108.4540023803711,1177.0,19.674280166625977,4.146500110626221,0.6619009971618652,51.650001525878906,1.3643499612808228,31.31999969482422,31.270000457763672,1.3353999853134155,15.003700256347656,3.8784000873565674,65.03279876708984,1
2019-06-10,0.6995893716812134,6.90880012512207,1.5019400119781494,1.1206300258636475,0.8895000219345093,319.84100341796875,122.73999786376953,10.647109985351562,1.1320157051086426,137.94000244140625,1.2722970247268677,7.841670036315918,14268.0,69.34500122070312,108.4489974975586,1180.760009765625,19.27910041809082,4.145500183105469,0.665708065032959,51.90999984741211,1.3629000186920166,31.290000915527344,31.354000091552734,1.326889991760254,14.918499946594238,3.876499891281128,64.82839965820312,1
2019-06-11,0.6961122155189514,6.930099964141846,1.501230001449585,1.1195499897003174,0.8917700052261353,319.75,122.63400268554688,10.654939651489258,1.1318106651306152,137.50799560546875,1.2691160440444946,7.842599868774414,14276.0,69.52349853515625,108.35900115966797,1182.0999755859375,19.204439163208008,4.1605000495910645,0.6614194512367249,52.099998474121094,1.3655600547790527,31.329999923706055,31.38599967956543,1.3265199661254883,14.807900428771973,3.884500026702881,64.70120239257812,1
2019-06-12,0.6960880160331726,6.910399913787842,1.5044300556182861,1.1241600513458252,0.8903099894523621,320.7909851074219,122.88600158691406,10.701580047607422,1.1329518556594849,138.00999450683594,1.2724426984786987,7.836040019989014,14294.5,69.3864974975586,108.4739990234375,1177.97998046875,19.10610008239746,4.161099910736084,0.6584188938140869,51.81999969482422,1.3634099960327148,31.256000518798828,31.363000869750977,1.3280199766159058,14.653200149536133,3.85509991645813,64.55030059814453,1
2019-06-13,0.6930487751960754,6.916900157928467,1.5057599544525146,1.1233999729156494,0.8895999789237976,321.77801513671875,122.51599884033203,10.691499710083008,1.1295605897903442,137.69700622558594,1.2693415880203247,7.824100017547607,14262.0,69.69999694824219,108.48799896240234,1183.4300537109375,19.159799575805664,4.1570000648498535,0.6577087044715881,51.887001037597656,1.366529941558838,31.27199935913086,31.427000045776367,1.333299994468689,14.86139965057373,3.8659000396728516,64.77639770507812,1
2019-06-14,0.6913239359855652,6.92080020904541,1.5032800436019897,1.1208300590515137,0.8895699977874756,321.69000244140625,122.18000030517578,10.68910026550293,1.1280443668365479,137.33700561523438,1.268005609512329,7.82873010635376,14273.0,69.80000305175781,108.32099914550781,1181.0799560546875,19.181100845336914,4.160099983215332,0.6558710336685181,51.900001525878906,1.3664599657058716,31.200000762939453,31.468000411987305,1.3327300548553467,14.856109619140625,3.8482000827789307,64.51809692382812,1
2019-06-17,0.6878904104232788,6.924499988555908,1.5040700435638428,1.1202000379562378,0.890529990196228,322.02301025390625,121.77999877929688,10.634269714355469,1.1217050552368164,136.73800659179688,1.2596044540405273,7.828800201416016,14318.0,69.77050018310547,108.57599639892578,1185.8900146484375,19.131399154663086,4.164999961853027,0.6498908400535583,52.060001373291016,1.3707000017166138,31.219999313354492,31.493000030517578,1.34089994430542,14.791000366210938,3.8945000171661377,64.32820129394531,1
2019-06-18,0.6854009628295898,6.924900054931641,1.5052200555801392,1.1208000183105469,0.8949300050735474,322.0090026855469,121.83300018310547,10.633210182189941,1.1224603652954102,136.125,1.2541544437408447,7.833399772644043,14413.5,70.11250305175781,108.53900146484375,1185.3499755859375,19.166200637817383,4.176000118255615,0.6497599482536316,52.310001373291016,1.3702000379562378,31.339000701904297,31.47599983215332,1.340999960899353,14.795999526977539,3.88700008392334,64.29869842529297,1
2019-06-19,0.6880418062210083,6.902299880981445,1.4975500106811523,1.1205400228500366,0.8910899758338928,322.8909912109375,121.5780029296875,10.66819953918457,1.1198208332061768,136.427001953125,1.2566603422164917,7.83204984664917,14289.5,69.76499938964844,108.572998046875,1173.5799560546875,19.122840881347656,4.162099838256836,0.6534580588340759,51.694000244140625,1.366569995880127,31.21500015258789,31.264999389648438,1.337399959564209,14.510499954223633,3.859499931335449,63.957698822021484,1
2019-06-20,0.688548743724823,6.902699947357178,1.4904999732971191,1.1154999732971191,0.8878999948501587,323.177001953125,121.47200012207031,10.649100303649902,1.1238480806350708,136.79800415039062,1.2656625509262085,7.823599815368652,14280.0,69.87000274658203,108.11499786376953,1170.300048828125,19.007400512695312,4.17110013961792,0.6554583311080933,51.775001525878906,1.3622000217437744,31.17799949645996,31.110000610351562,1.3269699811935425,14.322199821472168,3.835400104522705,63.731998443603516,1
2019-06-21,0.6922379732131958,6.85099983215332,1.489009976387024,1.108049988746643,0.8887900114059448,322.7659912109375,121.16899871826172,10.62261962890625,1.1295605897903442,136.32200622558594,1.2707933187484741,7.813899993896484,14142.0,69.77999877929688,107.2770004272461,1157.2099609375,18.98889923095703,4.145500183105469,0.6584709286689758,51.380001068115234,1.3558800220489502,30.860000610351562,30.875,1.318310022354126,14.333900451660156,3.8376998901367188,62.8671989440918,1
2019-06-24,0.6944299936294556,6.868899822235107,1.5027400255203247,1.1104999780654907,0.892799973487854,323.8789978027344,122.16400146484375,10.632499694824219,1.1384724378585815,136.8179931640625,1.2750873565673828,7.813199996948242,14148.0,69.56990051269531,107.31199645996094,1158.31005859375,19.099069595336914,4.134399890899658,0.6597480773925781,51.44900131225586,1.3536900281906128,30.780000686645508,30.94499969482422,1.320039987564087,14.314279556274414,3.820499897003174,63.05699920654297,1
2019-06-25,0.696567952632904,6.876100063323975,1.502869963645935,1.107800006866455,0.8948400020599365,323.2349853515625,122.3489990234375,10.57800006866455,1.140029788017273,136.71499633789062,1.2739664316177368,7.808619976043701,14183.0,69.60250091552734,107.3270034790039,1152.469970703125,19.194900512695312,4.13700008392334,0.6624096035957336,51.35499954223633,1.3531299829483032,30.62299919128418,30.836000442504883,1.3180999755859375,14.353400230407715,3.8255999088287354,62.52989959716797,1
2019-06-26,0.6961848735809326,6.878799915313721,1.4975999593734741,1.1081000566482544,0.8956999778747559,323.0459899902344,121.80999755859375,10.553000450134277,1.1369967460632324,135.97999572753906,1.2690677642822266,7.810400009155273,14118.0,69.63749694824219,107.16600036621094,1155.7099609375,19.218000411987305,4.126500129699707,0.6633411049842834,51.27899932861328,1.354509949684143,30.729999542236328,30.969999313354492,1.3178399801254272,14.325200080871582,3.8454999923706055,62.8661003112793,1
2019-06-27,0.6986606121063232,6.8790998458862305,1.4925299882888794,1.111680030822754,0.8959100246429443,323.0979919433594,122.53500366210938,10.5306396484375,1.1374752521514893,136.7550048828125,1.269841194152832,7.810699939727783,14215.5,69.60250091552734,107.73799896240234,1152.5,19.136699676513672,4.135799884796143,0.66806960105896,51.19300079345703,1.354159951210022,30.739999771118164,30.924999237060547,1.3121000528335571,14.220100402832031,3.842900037765503,63.00559997558594,1
2019-06-28,0.7003781795501709,6.867099761962891,1.4889700412750244,1.1105799674987793,0.8970999717712402,323.3059997558594,122.51899719238281,10.539199829101562,1.1372941732406616,136.54600524902344,1.267748475074768,7.815400123596191,14184.5,69.32499694824219,107.74700164794922,1155.510009765625,19.172849655151367,4.139999866485596,0.6701918840408325,51.06999969482422,1.3530000448226929,30.746000289916992,30.888999938964844,1.3094300031661987,14.157899856567383,3.815999984741211,63.05739974975586,1
2019-07-01,0.702331006526947,6.865799903869629,1.487130045890808,1.1126999855041504,0.8949000239372253,322.62701416015625,123.125,10.55459976196289,1.1364928483963013,137.57000732421875,1.2694543600082397,7.811930179595947,14121.0,68.94049835205078,108.38200378417969,1155.5999755859375,19.136999130249023,4.124100208282471,0.6723185777664185,51.23500061035156,1.3518099784851074,30.610000610351562,30.878999710083008,1.3090399503707886,14.07040023803711,3.8494999408721924,62.95830154418945,1
2019-07-02,0.6964758634567261,6.850800037384033,1.4824399948120117,1.1141999959945679,0.8926100134849548,323.010986328125,122.31099700927734,10.560469627380371,1.1287446022033691,137.01800537109375,1.2644623517990112,7.812270164489746,14150.0,69.1675033569336,108.36599731445312,1159.75,19.099899291992188,4.13070011138916,0.6675121784210205,51.099998474121094,1.355299949645996,30.649999618530273,30.952999114990234,1.3131999969482422,14.129300117492676,3.839600086212158,62.90840148925781,1
2019-07-03,0.699594259262085,6.872000217437744,1.4785000085830688,1.1125999689102173,0.8962000012397766,322.5270080566406,121.69999694824219,10.531200408935547,1.1293054819107056,135.77999877929688,1.25982666015625,7.799409866333008,14196.0,69.0824966430664,107.80500030517578,1165.5799560546875,19.04400062561035,4.139999866485596,0.6678822040557861,51.064998626708984,1.3552000522613525,30.601999282836914,30.968000411987305,1.3095999956130981,14.074299812316895,3.843899965286255,63.27069854736328,1
2019-07-04,0.7031310796737671,6.880199909210205,1.4736100435256958,1.11257004737854,0.8969900012016296,321.9620056152344,121.62999725341797,10.499099731445312,1.1287955045700073,135.57000732421875,1.2582731246948242,7.796899795532227,14178.5,69.00749969482422,107.77899932861328,1168.8699951171875,19.003799438476562,4.1350998878479,0.6709157824516296,51.12799835205078,1.3558000326156616,30.645999908447266,31.055999755859375,1.305709958076477,14.052900314331055,3.825000047683716,63.28089904785156,1
2019-07-05,0.702538251876831,6.87060022354126,1.4725199937820435,1.1114000082015991,0.8967000246047974,322.7340087890625,121.66999816894531,10.516739845275879,1.128579020500183,135.63699340820312,1.2583048343658447,7.785130023956299,14150.0,68.73999786376953,107.80799865722656,1167.1300048828125,19.00383949279785,4.130000114440918,0.669178307056427,51.099998474121094,1.3553800582885742,30.641000747680664,31.01300048828125,1.3048399686813354,14.038470268249512,3.800800085067749,63.43170166015625,1
2019-07-08,0.6982752084732056,6.892600059509277,1.4679700136184692,1.1128000020980835,0.8963099718093872,323.7080078125,121.7699966430664,10.59119987487793,1.1227376461029053,135.86300659179688,1.2525520324707031,7.79640007019043,14076.0,68.44000244140625,108.4739990234375,1174.02001953125,18.99489974975586,4.132999897003174,0.6631079912185669,51.32899856567383,1.3595000505447388,30.780000686645508,31.16900062561035,1.3075599670410156,14.195199966430664,3.8190999031066895,63.72700119018555,1
2019-07-09,0.6973987221717834,6.880899906158447,1.4694199562072754,1.1150000095367432,0.8960800170898438,324.5039978027344,121.91000366210938,10.608400344848633,1.121604323387146,136.0500030517578,1.2516427040100098,7.798900127410889,14187.0,68.8499984741211,108.72100067138672,1179.8499755859375,18.933290481567383,4.132999897003174,0.6628003716468811,51.349998474121094,1.3594000339508057,30.799999237060547,31.15999984741211,1.3102099895477295,14.179499626159668,3.799099922180176,63.65409851074219,1
2019-07-10,0.6927126049995422,6.888299942016602,1.470770001411438,1.1132400035858154,0.899399995803833,325.2030029296875,122.04399871826172,10.608799934387207,1.120824933052063,135.7010040283203,1.2458575963974,7.808800220489502,14236.0,68.76499938964844,108.92400360107422,1181.47998046875,19.160459518432617,4.1392998695373535,0.6601400971412659,51.400001525878906,1.3616000413894653,30.829999923706055,31.128999710083008,1.3125,14.180800437927246,3.7990000247955322,63.813201904296875,1
2019-07-11,0.6961848735809326,6.872200012207031,1.4717600345611572,1.1124000549316406,0.9000999927520752,325.3819885253906,121.96399688720703,10.593000411987305,1.125885248184204,135.5050048828125,1.2508130073547363,7.816199779510498,14161.5,68.36759948730469,108.33399963378906,1175.530029296875,19.12849998474121,4.130099773406982,0.664548933506012,51.29999923706055,1.357300043106079,30.68000030517578,31.03499984741211,1.3072999715805054,13.974599838256836,3.7502999305725098,63.11600112915039,1
2019-07-12,0.6972576975822449,6.869200229644775,1.4701100587844849,1.1145000457763672,0.8982999920845032,325.5539855957031,122.177001953125,10.55270004272461,1.1252391338348389,135.98199462890625,1.2523481845855713,7.821899890899658,14124.0,68.66999816894531,108.58799743652344,1174.0799560546875,19.067289352416992,4.114999771118164,0.6663779020309448,51.178001403808594,1.3574299812316895,30.739999771118164,30.961000442504883,1.3067500591278076,13.95259952545166,3.7548000812530518,62.79570007324219,1
2019-07-15,0.7017790079116821,6.879799842834473,1.4689899682998657,1.1094000339508057,0.8965200185775757,325.27899169921875,121.54100036621094,10.556940078735352,1.1272051334381104,135.55999755859375,1.2571974992752075,7.825109958648682,14000.0,68.55030059814453,107.83200073242188,1176.4100341796875,18.987590789794922,4.110400199890137,0.6694919466972351,51.11000061035156,1.357699990272522,30.899999618530273,31.052000045776367,1.3033000230789185,13.957799911499023,3.7344000339508057,63.110198974609375,1
2019-07-16,0.7040022611618042,6.8769001960754395,1.4693000316619873,1.1083999872207642,0.8995800018310547,325.0450134277344,121.50399780273438,10.526969909667969,1.1261768341064453,135.05499267578125,1.251799464225769,7.826700210571289,13913.0,68.74749755859375,107.88899993896484,1178.4300537109375,18.965999603271484,4.100800037384033,0.6724406480789185,50.97800064086914,1.356160044670105,30.884000778198242,30.98200035095215,1.3047499656677246,13.900639533996582,3.753700017929077,62.646400451660156,1
2019-07-17,0.701655924320221,6.87529993057251,1.4672000408172607,1.1077100038528442,0.9034000039100647,325.6409912109375,121.31199645996094,10.523900032043457,1.1212271451950073,134.27999877929688,1.2412029504776,7.817019939422607,14008.5,68.8949966430664,108.20099639892578,1177.8800048828125,19.089599609375,4.105299949645996,0.670218825340271,50.827999114990234,1.3575999736785889,30.920000076293945,31.003000259399414,1.308650016784668,13.941300392150879,3.767199993133545,62.96379852294922,1
2019-07-18,0.7010164856910706,6.872799873352051,1.4654699563980103,1.1079000234603882,0.902899980545044,326.2170104980469,121.18099975585938,10.50879955291748,1.12296462059021,134.1840057373047,1.2434717416763306,7.813920021057129,14023.0,68.78600311279297,107.93699645996094,1178.68994140625,19.057899475097656,4.109099864959717,0.6733598709106445,50.91400146484375,1.3601000308990479,30.875,31.000999450683594,1.305299997329712,13.996700286865234,3.7618000507354736,62.902198791503906,1
2019-07-19,0.7067188024520874,6.8790998458862305,1.4679399728775024,1.106529951095581,0.897849977016449,325.4930114746094,120.94300079345703,10.490730285644531,1.1261515617370605,134.6929931640625,1.2541857957839966,7.814849853515625,13970.0,68.8499984741211,107.4010009765625,1170.77001953125,18.95669937133789,4.105100154876709,0.6777317523956299,50.900001525878906,1.3567500114440918,30.804000854492188,30.899999618530273,1.3035600185394287,13.862700462341309,3.717400074005127,62.85409927368164,1
2019-07-22,0.7043097019195557,6.881100177764893,1.4637999534606934,1.1024999618530273,0.8966000080108643,325.0459899902344,120.94000244140625,10.526399612426758,1.1218308210372925,134.86000061035156,1.2512825727462769,7.807700157165527,13941.0,68.83000183105469,107.80999755859375,1175.1099853515625,19.01259994506836,4.109099864959717,0.6760868430137634,51.06999969482422,1.360360026359558,30.8700008392334,31.031999588012695,1.3051999807357788,13.912400245666504,3.7458999156951904,62.976200103759766,1
2019-07-23,0.7031854391098022,6.880099773406982,1.471019983291626,1.1010099649429321,0.8982899785041809,324.9830017089844,120.91000366210938,10.551779747009277,1.1206114292144775,134.57000732421875,1.2474894523620605,7.809790134429932,13997.0,69.16000366210938,107.90399932861328,1174.760009765625,19.039199829101562,4.110499858856201,0.6739906668663025,51.04999923706055,1.3609000444412231,30.833999633789062,31.04400062561035,1.312600016593933,13.853099822998047,3.739799976348877,63.0010986328125,1
2019-07-24,0.6997410655021667,6.878300189971924,1.4651299715042114,1.0987999439239502,0.8966000080108643,325.5060119628906,120.69000244140625,10.563909530639648,1.1151255369186401,134.58999633789062,1.243904948234558,7.81003999710083,14039.0,69.0199966430664,108.23200225830078,1176.800048828125,19.168399810791016,4.115499973297119,0.6699494123458862,51.29999923706055,1.3656799793243408,30.899999618530273,31.010000228881836,1.3139100074768066,13.923700332641602,3.77239990234375,63.16510009765625,1
2019-07-25,0.697934091091156,6.871500015258789,1.464229941368103,1.097040057182312,0.8924000263214111,325.0580139160156,120.54399871826172,10.498419761657715,1.1142433881759644,135.06300354003906,1.2485953569412231,7.813350200653076,14027.5,69.18499755859375,108.18900299072266,1176.550048828125,19.058399200439453,4.116499900817871,0.6701694130897522,51.220001220703125,1.3641400337219238,30.899999618530273,31.091999053955078,1.3142800331115723,13.866900444030762,3.7713000774383545,63.24509811401367,1
2019-07-26,0.6952168941497803,6.871600151062012,1.4667199850082397,1.1045000553131104,0.8949000239372253,325.9320068359375,121.0999984741211,10.530449867248535,1.1146159172058105,135.2899932861328,1.2453454732894897,7.816080093383789,14052.7001953125,69.15049743652344,108.66600036621094,1182.3900146484375,19.026199340820312,4.11299991607666,0.6660494804382324,51.22800064086914,1.3673499822616577,30.969999313354492,31.011999130249023,1.3157999515533447,14.078499794006348,3.7751998901367188,63.15129852294922,1
2019-07-29,0.6906220316886902,6.878200054168701,1.4652999639511108,1.1053999662399292,0.8992000222206116,326.5060119628906,120.87999725341797,10.575499534606934,1.1132138967514038,134.4409942626953,1.2376697063446045,7.817800045013428,13997.0,68.87000274658203,108.63300323486328,1183.3499755859375,19.030960083007812,4.117000102996826,0.6637197732925415,51.111000061035156,1.3690999746322632,30.8700008392334,31.082000732421875,1.3169000148773193,14.242300033569336,3.7734999656677246,63.17660140991211,1
2019-07-30,0.6899406909942627,6.892399787902832,1.4668500423431396,1.1049699783325195,0.9119899868965149,327.5469970703125,121.3010025024414,10.565799713134766,1.1143054962158203,132.98199462890625,1.2217471599578857,7.821410179138184,14066.0,68.94999694824219,108.86599731445312,1181.8499755859375,19.04669952392578,4.1184000968933105,0.6630904078483582,51.040000915527344,1.3697999715805054,30.85300064086914,31.027000427246094,1.316349983215332,14.162839889526367,3.780100107192993,63.41419982910156,1
2019-07-31,0.6875215172767639,6.883600234985352,1.4669100046157837,1.1044800281524658,0.9174100160598755,327.1860046386719,121.1259994506836,10.670900344848633,1.1157974004745483,132.01800537109375,1.2161602973937988,7.823110103607178,14066.400390625,69.07749938964844,108.56199645996094,1180.6500244140625,19.055400848388672,4.122499942779541,0.6617783308029175,50.849998474121094,1.370270013809204,30.766000747680664,31.023000717163086,1.3147599697113037,14.178790092468262,3.789299964904785,63.49079895019531,1
2019-08-01,0.6846501231193542,6.883399963378906,1.4608099460601807,1.1005200147628784,0.9107999801635742,325.7279968261719,120.45999908447266,10.697179794311523,1.1071745157241821,132.24400329589844,1.215376853942871,7.827149868011475,14165.0,69.40499877929688,108.81999969482422,1186.31005859375,19.136499404907227,4.118100166320801,0.6552779078483582,50.90999984741211,1.3744499683380127,30.676000595092773,31.14699935913086,1.3193000555038452,14.330599784851074,3.8117001056671143,63.56460189819336,1
2019-08-02,0.6803507804870605,6.897799968719482,1.4638400077819824,1.096869945526123,0.9136899709701538,326.9549865722656,119.01699829101562,10.699509620666504,1.1078859567642212,130.24000549316406,1.2124298810958862,7.825300216674805,14329.0,69.29720306396484,107.43099975585938,1194.75,19.21030044555664,4.140500068664551,0.6554496884346008,51.29999923706055,1.3767000436782837,30.93000030517578,31.30699920654297,1.3213900327682495,14.6048002243042,3.8373000621795654,64.29989624023438,1
2019-08-05,0.6793016791343689,6.939199924468994,1.4665100574493408,1.0911999940872192,0.9141499996185303,326.9419860839844,118.37799835205078,10.696089744567871,1.1108025312423706,129.4810028076172,1.215214490890503,7.831180095672607,14173.0,69.65689849853516,106.5770034790039,1203.93994140625,19.338430404663086,4.154200077056885,0.6522731781005859,51.619998931884766,1.3767000436782837,30.75,31.450000762939453,1.320289969444275,14.727700233459473,3.8838999271392822,65.22650146484375,1
2019-08-06,0.6763520240783691,7.049699783325195,1.4856599569320679,1.0912699699401855,0.9247000217437744,326.73199462890625,118.72100067138672,10.762720108032227,1.1243788003921509,128.36700439453125,1.2158203125,7.843599796295166,14248.0,71.5199966430664,105.59300231933594,1216.6500244140625,19.680299758911133,4.176499843597412,0.6559914946556091,52.310001373291016,1.3852100372314453,30.816999435424805,31.694000244140625,1.3214099407196045,14.945899963378906,3.973099946975708,65.71990203857422,1
2019-08-07,0.6763017177581787,7.025599956512451,1.4876199960708618,1.0932999849319458,0.9206100106239319,324.489990234375,119.14199829101562,10.725700378417969,1.1206992864608765,129.38800048828125,1.2169743776321411,7.837699890136719,14258.0,71.2300033569336,106.33699798583984,1212.530029296875,19.595869064331055,4.190299987792969,0.6532403826713562,52.04999923706055,1.3804700374603271,30.714000701904297,31.427000045776367,1.328029990196228,14.927200317382812,3.958699941635132,65.25430297851562,1
2019-08-08,0.6758126616477966,7.059100151062012,1.4913400411605835,1.092170000076294,0.9225599765777588,325.5870056152344,118.9000015258789,10.788370132446289,1.1204355955123901,128.83999633789062,1.2143291234970093,7.8394999504089355,14274.5,71.16510009765625,106.12100219726562,1212.22998046875,19.632299423217773,4.203999996185303,0.6451280117034912,52.369998931884766,1.3825000524520874,30.79400062561035,31.42099952697754,1.3311500549316406,15.048500061035156,3.967400074005127,65.3292007446289,1
2019-08-09,0.6811710596084595,7.044300079345703,1.4797999858856201,1.0894900560379028,0.9211000204086304,323.87298583984375,118.44499969482422,10.732410430908203,1.1187183856964111,128.55799865722656,1.2143733501434326,7.84119987487793,14236.5,70.47090148925781,105.8740005493164,1207.030029296875,19.427650451660156,4.182600021362305,0.6485715508460999,51.959999084472656,1.3822599649429321,30.722000122070312,31.235000610351562,1.3228000402450562,15.038700103759766,3.91759991645813,65.07720184326172,1
2019-08-12,0.6776812076568604,7.061500072479248,1.4813599586486816,1.0887099504470825,0.9322500228881836,324.3800048828125,118.10099792480469,10.69137954711914,1.1208499670028687,126.66600036621094,1.2021976709365845,7.841800212860107,14183.0,71.03500366210938,105.38200378417969,1213.199951171875,19.425600051879883,4.182000160217285,0.6462787389755249,52.034000396728516,1.3876399993896484,30.770000457763672,31.365999221801758,1.3217400312423706,15.274999618530273,3.940200090408325,65.27880096435547,1
2019-08-13,0.6755889058113098,7.057199954986572,1.4845800399780273,1.0870699882507324,0.9284999966621399,323.89801025390625,118.16999816894531,10.719240188598633,1.1218308210372925,127.2300033569336,1.207875370979309,7.844799995422363,14241.0,71.58000183105469,105.35800170898438,1217.6300048828125,19.58449935913086,4.199399948120117,0.6448201537132263,52.055999755859375,1.3871999979019165,30.81999969482422,31.42799949645996,1.3236199617385864,15.287199974060059,3.9839000701904297,65.41259765625,1
2019-08-14,0.6797772645950317,7.0335001945495605,1.4763000011444092,1.090880036354065,0.9264500141143799,323.16400146484375,119.13400268554688,10.660920143127441,1.1177055835723877,128.5800018310547,1.2064181566238403,7.84499979019165,14232.7998046875,71.08000183105469,106.58999633789062,1204.72998046875,19.378740310668945,4.184999942779541,0.6462202668190002,51.928001403808594,1.3827999830245972,30.777999877929688,31.0939998626709,1.3212000131607056,15.132699966430664,3.962399959564209,64.88050079345703,1
2019-08-15,0.6754018664360046,7.023499965667725,1.4832500219345093,1.0846600532531738,0.9240000247955322,325.2229919433594,118.0,10.725749969482422,1.1143302917480469,127.69999694824219,1.2060399055480957,7.845160007476807,14238.0,71.63520050048828,105.91600036621094,1215.6400146484375,19.654659271240234,4.1875,0.6438900828361511,52.400001525878906,1.3890999555587769,30.829999923706055,31.357999801635742,1.3309999704360962,15.405200004577637,4.050300121307373,66.04650115966797,1
2019-08-16,0.6772773265838623,7.02400016784668,1.4795199632644653,1.0848000049591064,0.9188500046730042,325.510009765625,117.83999633789062,10.704899787902832,1.1113580465316772,128.25799560546875,1.209160566329956,7.84250020980835,14333.0,71.72000122070312,106.08300018310547,1211.5,19.598600387573242,4.189499855041504,0.6435089111328125,52.63600158691406,1.3889100551605225,30.84000015258789,31.22800064086914,1.3316899538040161,15.24590015411377,3.9900999069213867,66.05239868164062,1
2019-08-19,0.6786608695983887,7.041900157928467,1.4715299606323242,1.0862300395965576,0.9121999740600586,324.2869873046875,118.0510025024414,10.72050952911377,1.109385371208191,129.3699951171875,1.2161011695861816,7.843599796295166,14228.0,71.13200378417969,106.43000030517578,1207.489990234375,19.622299194335938,4.175099849700928,0.6426693797111511,52.36800003051758,1.3848999738693237,30.881000518798828,31.301000595092773,1.3266899585723877,15.285300254821777,4.0046000480651855,66.35820007324219,1
2019-08-20,0.6755843758583069,7.049799919128418,1.4771699905395508,1.087499976158142,0.9136000275611877,326.2229919433594,118.11000061035156,10.727999687194824,1.1083157062530518,129.25399780273438,1.2131506204605103,7.843900203704834,14337.2998046875,71.99500274658203,106.5739974975586,1210.530029296875,19.87310028076172,4.171199798583984,0.6404796242713928,52.448001861572266,1.3872599601745605,30.87299919128418,31.350000381469727,1.3327800035476685,15.447199821472168,4.073200225830078,66.9352035522461,1
2019-08-21,0.6775205135345459,7.059599876403809,1.4775999784469604,1.0852099657058716,0.9124199748039246,327.0669860839844,117.93299865722656,10.750450134277344,1.1097793579101562,129.24200439453125,1.2162343263626099,7.841650009155273,14326.099609375,71.80999755859375,106.27400207519531,1205.280029296875,19.750499725341797,4.178100109100342,0.6411406993865967,52.327999114990234,1.3847999572753906,30.790000915527344,31.312000274658203,1.3315000534057617,15.348699569702148,4.051700115203857,66.41940307617188,1
2019-08-22,0.678499698638916,7.062399864196777,1.4736499786376953,1.0891000032424927,0.9140899777412415,327.0350036621094,118.20999908447266,10.663599967956543,1.10907781124115,129.31399536132812,1.213224172592163,7.8429999351501465,14275.0,71.43779754638672,106.59700012207031,1201.3199462890625,19.671899795532227,4.172500133514404,0.6405287981033325,52.22999954223633,1.3836400508880615,30.77400016784668,31.281999588012695,1.3286000490188599,15.183899879455566,4.02400016784668,65.76629638671875,1
2019-08-23,0.6755843758583069,7.082699775695801,1.4735599756240845,1.090190052986145,0.904699981212616,327.781005859375,118.0,10.720589637756348,1.1084016561508179,130.4199981689453,1.2251899242401123,7.839900016784668,14228.0,71.92040252685547,106.46800231933594,1208.56005859375,19.799699783325195,4.1855998039245605,0.6388307213783264,52.34000015258789,1.3859299421310425,30.764999389648438,31.302000045776367,1.3295300006866455,15.214300155639648,4.067999839782715,65.52950286865234,1
2019-08-26,0.6708078384399414,7.09499979019165,1.4836100339889526,1.0839899778366089,0.9086599946022034,328.9119873046875,116.83200073242188,10.738089561462402,1.1143054962158203,128.5540008544922,1.2262415885925293,7.842899799346924,14206.0,71.50250244140625,104.85199737548828,1212.6500244140625,20.00429916381836,4.190000057220459,0.6362982988357544,52.44900131225586,1.3905999660491943,30.694000244140625,31.41900062561035,1.3313000202178955,15.34611988067627,4.126200199127197,66.24369812011719,1
2019-08-27,0.6769564151763916,7.150300025939941,1.4710899591445923,1.086859941482544,0.9082499742507935,328.90301513671875,117.64299774169922,10.73490047454834,1.1103708744049072,129.51800537109375,1.222195029258728,7.84499979019165,14253.7998046875,72.16000366210938,105.97799682617188,1210.72998046875,19.93589973449707,4.198400020599365,0.6386919617652893,52.2869987487793,1.38864004611969,30.600000381469727,31.374000549316406,1.325219988822937,15.268099784851074,4.151500225067139,66.09320068359375,1
2019-08-28,0.6754383444786072,7.161399841308594,1.473230004310608,1.0878700017929077,0.9027900099754333,329.2179870605469,117.26300048828125,10.723770141601562,1.109004020690918,129.875,1.2283201217651367,7.84660005569458,14343.7998046875,71.53500366210938,105.73799896240234,1210.760009765625,19.974000930786133,4.199999809265137,0.636448085308075,52.22800064086914,1.389009952545166,30.594999313354492,31.327999114990234,1.3285200595855713,15.319700241088867,4.122799873352051,66.41130065917969,1
2019-08-29,0.6739588975906372,7.155300140380859,1.4751399755477905,1.0878000259399414,0.9072399735450745,329.822998046875,117.58499908447266,10.773329734802246,1.1085859537124634,129.593994140625,1.2218515872955322,7.843140125274658,14311.2998046875,72.08499908447266,106.06999969482422,1211.3699951171875,20.139400482177734,4.211999893188477,0.6337296366691589,52.41999816894531,1.388350009918213,30.6200008392334,31.40399932861328,1.3307000398635864,15.396599769592285,4.167699813842773,66.74510192871094,1
2019-08-30,0.673582136631012,7.143599987030029,1.468999981880188,1.0903700590133667,0.9074900150299072,331.0780029296875,117.69999694824219,10.809980392456055,1.1061947345733643,129.69200134277344,1.218650221824646,7.845799922943115,14231.0,71.6801986694336,106.43800354003906,1207.1600341796875,20.120800018310547,4.2154998779296875,0.6317797899246216,52.04899978637695,1.3876800537109375,30.631999969482422,31.270999908447266,1.3280999660491943,15.311699867248535,4.168099880218506,66.49150085449219,1
2019-09-02,0.672766387462616,7.155700206756592,1.4636399745941162,1.0873899459838867,0.9039099812507629,331.02301025390625,116.6500015258789,10.787799835205078,1.0991789102554321,129.02000427246094,1.21592378616333,7.842299938201904,14178.0,71.72989654541016,106.12799835205078,1209.1500244140625,20.093799591064453,4.203000068664551,0.630079984664917,52.154998779296875,1.3889000415802002,30.615999221801758,31.33300018310547,1.3316999673843384,15.22029972076416,4.143899917602539,66.73799896240234,1
2019-09-03,0.6712490320205688,7.171000003814697,1.4618099927902222,1.0860999822616577,0.9085599780082703,331.1090087890625,116.44999694824219,10.7746000289917,1.0968520641326904,128.1179962158203,1.2066656351089478,7.8420000076293945,14265.0,71.96209716796875,106.19300079345703,1212.77001953125,20.12445068359375,4.219099998474121,0.6305209994316101,52.26599884033203,1.3914999961853027,30.6299991607666,31.361000061035156,1.333299994468689,15.234199523925781,4.1844000816345215,66.75679779052734,1
2019-09-04,0.6763977408409119,7.177999973297119,1.4634699821472168,1.0827800035476685,0.9072999954223633,329.5989990234375,116.12999725341797,10.772000312805176,1.0974539518356323,127.97000122070312,1.2090436220169067,7.843900203704834,14260.7001953125,72.45999908447266,105.86100006103516,1210.47998046875,19.9606990814209,4.206699848175049,0.6338903307914734,52.25,1.3902000188827515,30.59000015258789,31.35099983215332,1.3338299989700317,15.101499557495117,4.16510009765625,66.74569702148438,1
2019-09-05,0.6799945831298828,7.145100116729736,1.459280014038086,1.0822900533676147,0.9010000228881836,329.2030029296875,117.3270034790039,10.73840045928955,1.10349702835083,130.197998046875,1.2248897552490234,7.840700149536133,14146.0,71.95570373535156,106.32499694824219,1202.68994140625,19.685699462890625,4.190499782562256,0.6356592178344727,51.869998931884766,1.3837000131607056,30.527000427246094,31.167999267578125,1.3225300312042236,14.794300079345703,4.093200206756592,66.19120025634766,1
2019-09-06,0.6811803579330444,7.14769983291626,1.4593000411987305,1.0881999731063843,0.8952000141143799,329.4469909667969,118.13200378417969,10.683799743652344,1.1036310195922852,131.94000244140625,1.2323921918869019,7.837699890136719,14172.2998046875,72.22000122070312,107.0719985961914,1196.0,19.705699920654297,4.1890997886657715,0.637259304523468,51.79100036621094,1.3845000267028809,30.68000030517578,31.170000076293945,1.3229000568389893,14.863800048828125,4.105999946594238,66.16709899902344,1
2019-09-09,0.6846688985824585,7.114699840545654,1.4508999586105347,1.0891200304031372,0.8970900177955627,329.6130065917969,117.85199737548828,10.62279987335205,1.1020619869232178,131.3560028076172,1.2283051013946533,7.840000152587891,14088.0,71.66999816894531,106.94499969482422,1191.6199951171875,19.541139602661133,4.177999973297119,0.6427106857299805,51.816001892089844,1.3813899755477905,30.650999069213867,31.180999755859375,1.3167999982833862,14.789600372314453,4.061299800872803,65.75849914550781,1
2019-09-10,0.6865302920341492,7.121099948883057,1.4548200368881226,1.0963399410247803,0.8948900103569031,329.87701416015625,118.58200073242188,10.667960166931152,1.1048381328582764,132.49899291992188,1.2345373630523682,7.83843994140625,14024.0,72.09249877929688,107.33699798583984,1190.8599853515625,19.555500030517578,4.162799835205078,0.6428015828132629,51.849998474121094,1.380329966545105,30.6299991607666,31.174999237060547,1.316890001296997,14.758000373840332,4.093400001525879,65.51470184326172,1
2019-09-11,0.6858522295951843,7.111700057983398,1.4525599479675293,1.0956300497055054,0.8944200277328491,331.385986328125,118.89199829101562,10.693090438842773,1.1050333976745605,132.9149932861328,1.2354830503463745,7.839879989624023,14095.7998046875,71.85900115966797,107.5999984741211,1189.5,19.492000579833984,4.164000034332275,0.6418073177337646,51.91400146484375,1.3799099922180176,30.615999221801758,31.084999084472656,1.3145699501037598,14.655099868774414,4.079500198364258,65.31729888916016,1
2019-09-12,0.6873797178268433,7.115799903869629,1.451990008354187,1.0943399667739868,0.8928200006484985,331.8039855957031,118.95800018310547,10.65149974822998,1.1013457775115967,133.23199462890625,1.233471393585205,7.837900161743164,14106.400390625,71.56009674072266,108.02100372314453,1189.800048828125,19.499399185180664,4.176000118255615,0.6420587301254272,52.08000183105469,1.3777799606323242,30.562000274658203,31.03499984741211,1.3184499740600586,14.67609977722168,4.064199924468994,65.42160034179688,1
2019-09-13,0.6863889098167419,7.078400135040283,1.460569977760315,1.095080018043518,0.8966900110244751,332.2829895019531,119.60399627685547,10.649239540100098,1.1058276891708374,133.36599731445312,1.2329391241073608,7.825200080871582,13983.0,71.28500366210938,108.1760025024414,1180.75,19.428499221801758,4.16510009765625,0.6402294635772705,51.84000015258789,1.3754500150680542,30.479999542236328,30.7549991607666,1.3211499452590942,14.587699890136719,4.058899879455566,64.72859954833984,1
2019-09-16,0.6879944801330566,7.078400135040283,1.46465003490448,1.093690037727356,0.8867899775505066,331.20098876953125,119.41999816894531,10.635379791259766,1.1083402633666992,134.65699768066406,1.2497344017028809,7.824100017547607,13958.0,71.02069854736328,107.76499938964844,1178.719970703125,19.398099899291992,4.165999889373779,0.6385411024093628,51.930999755859375,1.373810052871704,30.472999572753906,30.915000915527344,1.3213000297546387,14.622099876403809,4.0854997634887695,63.899600982666016,1
2019-09-17,0.686294674873352,7.066400051116943,1.4567899703979492,1.0925300121307373,0.8853999972343445,331.7590026855469,119.00900268554688,10.625300407409668,1.100594401359558,134.3979949951172,1.2428536415100098,7.8190999031066895,14170.2998046875,71.74909973144531,108.16100311279297,1183.2900390625,19.422399520874023,4.161499977111816,0.6343004107475281,52.13600158691406,1.375540018081665,30.523000717163086,30.886999130249023,1.324079990386963,14.654199600219727,4.0792999267578125,63.968299865722656,1
2019-09-18,0.6866245269775391,7.09089994430542,1.4660199880599976,1.0992000102996826,0.8857799768447876,333.2959899902344,119.6969985961914,10.702549934387207,1.1074687242507935,135.1179962158203,1.2502655982971191,7.82289981842041,14126.7998046875,71.70999908447266,108.08699798583984,1185.6500244140625,19.352800369262695,4.184999942779541,0.6362010836601257,52.12799835205078,1.3737399578094482,30.5,30.849000930786133,1.3238999843597412,14.692500114440918,4.076000213623047,64.28810119628906,1
2019-09-19,0.6825705766677856,7.085000038146973,1.466439962387085,1.0995999574661255,0.8843799829483032,332.6549987792969,119.58200073242188,10.718700408935547,1.1031439304351807,135.197998046875,1.247053861618042,7.829060077667236,14126.0,71.5425033569336,108.42500305175781,1189.550048828125,19.396699905395508,4.182499885559082,0.6321112513542175,51.97800064086914,1.3763099908828735,30.540000915527344,30.961999893188477,1.3293999433517456,14.67650032043457,4.1072998046875,64.21089935302734,1
2019-09-20,0.6792786121368408,7.095600128173828,1.464269995689392,1.0965299606323242,0.8818699717521667,332.10198974609375,119.34600067138672,10.696599960327148,1.1048502922058105,135.30599975585938,1.2525050640106201,7.830480098724365,14158.0,71.71749877929688,108.04100036621094,1193.8599853515625,19.42919921875,4.187300205230713,0.6296594738960266,52.220001220703125,1.3786699771881104,30.527999877929688,30.864999771118164,1.3257299661636353,14.802399635314941,4.166600227355957,63.97919845581055,1
2019-09-23,0.6769014596939087,7.09060001373291,1.4619100093841553,1.0923099517822266,0.8835600018501282,333.4830017089844,118.61699676513672,10.68610954284668,1.1019041538238525,134.24000549316406,1.2471938133239746,7.839540004730225,14048.0,71.19159698486328,107.6520004272461,1193.1300048828125,19.418899536132812,4.172500133514404,0.6267313361167908,51.99300003051758,1.3765599727630615,30.479999542236328,30.98699951171875,1.3265999555587769,14.906399726867676,4.1483001708984375,63.95249938964844,1
2019-09-24,0.6775985956192017,7.117599964141846,1.4577699899673462,1.088089942932129,0.8841999769210815,334.8949890136719,118.29199981689453,10.669500350952148,1.0993722677230835,133.77499389648438,1.243456244468689,7.838600158691406,14078.0,70.78959655761719,107.61399841308594,1193.010009765625,19.47599983215332,4.175099849700928,0.6297784447669983,52.125999450683594,1.377369999885559,30.43600082397461,30.940000534057617,1.326069951057434,14.881799697875977,4.161499977111816,63.76890182495117,1
2019-09-25,0.6799483299255371,7.115499973297119,1.4582699537277222,1.0859999656677246,0.882099986076355,333.2799987792969,118.02999877929688,10.649499893188477,1.1016855239868164,133.7830047607422,1.2485953569412231,7.84060001373291,14177.2998046875,71.28500366210938,107.16300201416016,1193.93994140625,19.435699462890625,4.173099994659424,0.6318396925926208,52.25,1.3755899667739868,30.540000915527344,30.924999237060547,1.3240599632263184,14.851699829101562,4.1616997718811035,64.0000991821289,1
2019-09-26,0.6755387783050537,7.130799770355225,1.45169997215271,1.0852999687194824,0.8860999941825867,333.90899658203125,117.9469985961914,10.67411994934082,1.0952903032302856,133.08599853515625,1.2359564304351807,7.839099884033203,14211.2998046875,71.30999755859375,107.69200134277344,1197.8900146484375,19.566999435424805,4.189000129699707,0.6273998022079468,52.24800109863281,1.3783299922943115,30.579999923706055,30.94700050354004,1.325700044631958,14.9822998046875,4.14709997177124,64.1498031616211,1
2019-09-27,0.6754018664360046,7.1315999031066895,1.4492299556732178,1.085070013999939,0.8858799934387207,335.2569885253906,117.66999816894531,10.661789894104004,1.0922753810882568,132.8459930419922,1.2331976890563965,7.8383002281188965,14236.7998046875,71.21499633789062,107.75599670410156,1198.6300048828125,19.65703010559082,4.184999942779541,0.629830002784729,51.97800064086914,1.381790041923523,30.6299991607666,30.93000030517578,1.326799988746643,15.018099784851074,4.1691999435424805,64.21510314941406,1
2019-09-30,0.6760868430137634,7.121799945831299,1.4478000402450562,1.0844000577926636,0.8899999856948853,335.1059875488281,118.11000061035156,10.704299926757812,1.0942714214324951,132.67999267578125,1.2293167114257812,7.8402299880981445,14158.0,70.49870300292969,107.94400024414062,1201.9100341796875,19.678699493408203,4.190499782562256,0.6286382675170898,51.930999755859375,1.38100004196167,30.599000930786133,31.033000946044922,1.3235000371932983,15.121700286865234,4.157100200653076,64.62210083007812,1
2019-10-01,0.6753106117248535,7.147500038146973,1.4432300329208374,1.087399959564209,0.8870000243186951,334.5530090332031,117.77999877929688,10.727490425109863,1.0899657011032104,132.7899932861328,1.2289994955062866,7.838369846343994,14219.400390625,70.92250061035156,108.06900024414062,1198.0,19.734819412231445,4.184599876403809,0.626228928565979,51.834999084472656,1.3821899890899658,30.610000610351562,31.034000396728516,1.3242000341415405,15.136980056762695,4.154799938201904,64.82050323486328,1
2019-10-02,0.6708707809448242,7.14739990234375,1.4452500343322754,1.0854099988937378,0.889519989490509,335.14898681640625,117.80699920654297,10.79458999633789,1.0934937000274658,132.41700744628906,1.2292261123657227,7.842229843139648,14206.0,71.0999984741211,107.73699951171875,1201.68994140625,19.803800582885742,4.190000057220459,0.6244106888771057,52.0,1.385040044784546,30.610000610351562,31.02400016784668,1.3216999769210815,15.32229995727539,4.154600143432617,65.22969818115234,1
2019-10-03,0.6709608435630798,7.147600173950195,1.4605000019073486,1.0925999879837036,0.890749990940094,333.52301025390625,117.45500183105469,10.817500114440918,1.0963709354400635,131.8419952392578,1.230436086654663,7.842800140380859,14188.0,71.1416015625,107.16300201416016,1203.5699462890625,19.783700942993164,4.184999942779541,0.6266999244689941,51.986000061035156,1.3839600086212158,30.58300018310547,31.05500030517578,1.3328299522399902,15.266900062561035,4.1244001388549805,65.21649932861328,1
2019-10-04,0.6745316982269287,7.147500038146973,1.4636499881744385,1.095420002937317,0.8892199993133545,331.89599609375,117.23999786376953,10.816140174865723,1.0975382328033447,131.83799743652344,1.2342326641082764,7.8420000076293945,14166.0,71.0199966430664,106.82599639892578,1200.0799560546875,19.65304946899414,4.184500217437744,0.6303898096084595,51.678001403808594,1.3802800178527832,30.520000457763672,30.915000915527344,1.3336700201034546,15.120400428771973,4.082900047302246,65.07640075683594,1
2019-10-07,0.6764526963233948,7.14739990234375,1.4611999988555908,1.0917999744415283,0.8904299736022949,332.11199951171875,117.26000213623047,10.809809684753418,1.098659634590149,131.6719970703125,1.2334411144256592,7.841800212860107,14128.0,70.81500244140625,106.76399993896484,1191.3299560546875,19.52079963684082,4.182000160217285,0.6316680312156677,51.685001373291016,1.3794000148773193,30.420000076293945,30.847999572753906,1.3306299448013306,15.067000389099121,4.054599761962891,64.66439819335938,1
2019-10-08,0.6732510924339294,7.14739990234375,1.4594500064849854,1.0915000438690186,0.892799973487854,333.0369873046875,117.6709976196289,10.874190330505371,1.0972130298614502,131.78199768066406,1.2288031578063965,7.842700004577637,14239.5,71.36000061035156,107.2509994506836,1195.760009765625,19.570899963378906,4.190000057220459,0.6291682124137878,51.86000061035156,1.3809000253677368,30.469999313354492,30.785999298095703,1.33024001121521,15.1673002243042,4.105100154876709,64.94409942626953,1
2019-10-09,0.6728116869926453,7.143499851226807,1.459939956665039,1.0877000093460083,0.8968600034713745,333.5929870605469,117.22200012207031,10.892840385437012,1.0960105657577515,130.68699645996094,1.2219561338424683,7.844260215759277,14210.0,71.20999908447266,106.96099853515625,1198.3699951171875,19.625200271606445,4.190999984741211,0.6298617720603943,51.83000183105469,1.3825299739837646,30.388999938964844,30.739999771118164,1.3321399688720703,15.273650169372559,4.09089994430542,65.15540313720703,1
2019-10-10,0.6718172430992126,7.131400108337402,1.465019941329956,1.090809941291809,0.8994699716567993,333.8340148925781,117.73600006103516,10.924599647521973,1.0987803936004639,130.8780059814453,1.2212995290756226,7.844900131225586,14217.5,71.41000366210938,107.1780014038086,1196.780029296875,19.58489990234375,4.195000171661377,0.628788411617279,51.84000015258789,1.38155996799469,30.31100082397461,30.658000946044922,1.3335000276565552,15.201299667358398,4.10830020904541,65.01730346679688,1
2019-10-11,0.6763200163841248,7.115499973297119,1.4625999927520752,1.096750020980835,0.8855000138282776,331.7560119628906,118.77999877929688,10.829950332641602,1.1011033058166504,134.11000061035156,1.2433171272277832,7.842329978942871,14145.0,70.9800033569336,107.87999725341797,1188.81005859375,19.43470001220703,4.186500072479248,0.632611095905304,51.59000015258789,1.375,30.40999984741211,30.5,1.3285900354385376,15.016400337219238,4.108399868011475,64.3927001953125,1
2019-10-14,0.679638683795929,7.087200164794922,1.4555000066757202,1.1007000207901,0.8737999796867371,331.47601318359375,119.61000061035156,10.82133960723877,1.1030004024505615,136.8419952392578,1.261899709701538,7.843200206756592,14121.0,70.91400146484375,108.45899963378906,1182.489990234375,19.3080997467041,4.179999828338623,0.6328593492507935,51.49599838256836,1.3717999458312988,30.3799991607666,30.625999450683594,1.3199000358581543,14.772899627685547,4.108500003814697,64.2396011352539,1
2019-10-15,0.6775398254394531,7.0665998458862305,1.4581999778747559,1.100000023841858,0.8742300271987915,331.3340148925781,119.50800323486328,10.82229995727539,1.1029006242752075,136.66700744628906,1.2611771821975708,7.844659805297852,14168.5,71.45249938964844,108.38800048828125,1182.300048828125,19.269350051879883,4.185500144958496,0.6306005120277405,51.52799987792969,1.3689600229263306,30.389999389648438,30.5939998626709,1.3223999738693237,14.804100036621094,4.123700141906738,64.25240325927734,1
2019-10-16,0.6753197908401489,7.0808000564575195,1.4569200277328491,1.1017500162124634,0.8646900057792664,331.7860107421875,120.06900024414062,10.8193998336792,1.1034727096557617,138.83200073242188,1.2760635614395142,7.845200061798096,14216.0,71.76000213623047,108.81700134277344,1183.9300537109375,19.230649948120117,4.189000129699707,0.6295484900474548,51.599998474121094,1.3711299896240234,30.429000854492188,30.481000900268555,1.320199966430664,14.868900299072266,4.178599834442139,64.2781982421875,1
2019-10-17,0.6756391525268555,7.092700004577637,1.4620800018310547,1.101199984550476,0.8636999726295471,332.2349853515625,120.36000061035156,10.823599815368652,1.107493281364441,139.33399963378906,1.2823801040649414,7.844799995422363,14224.0,71.62000274658203,108.677001953125,1184.8299560546875,19.194900512695312,4.1880998611450195,0.6288082003593445,51.529998779296875,1.3707300424575806,30.360000610351562,30.510000228881836,1.3200000524520874,14.928899765014648,4.148600101470947,64.08270263671875,1
2019-10-18,0.6825472712516785,7.076399803161621,1.4609999656677246,1.0985499620437622,0.8645099997520447,330.89801025390625,120.80000305175781,10.797200202941895,1.1127183437347412,139.69000244140625,1.286860466003418,7.843999862670898,14184.5,71.42250061035156,108.58100128173828,1177.27001953125,19.179800033569336,4.177000045776367,0.6354814767837524,51.12799835205078,1.3647099733352661,30.30500030517578,30.60700035095215,1.31358003616333,14.818900108337402,4.161099910736084,64.06490325927734,1
2019-10-21,0.6847720146179199,7.080699920654297,1.464400053024292,1.0986599922180176,0.8647099733352661,330.39300537109375,120.93099975585938,10.776470184326172,1.1155734062194824,139.83599853515625,1.2900229692459106,7.842700004577637,14138.0,71.02999877929688,108.40799713134766,1178.0799560546875,19.117700576782227,4.183000087738037,0.6385998129844666,51.25,1.3634999990463257,30.299999237060547,30.53700065612793,1.3131999969482422,14.752300262451172,4.111100196838379,63.890201568603516,1
2019-10-22,0.6870585680007935,7.066299915313721,1.458940029144287,1.0994700193405151,0.8596199750900269,329.7409973144531,121.0979995727539,10.743430137634277,1.1151753664016724,140.85400390625,1.297168254852295,7.842140197753906,14102.5,71.1050033569336,108.60099792480469,1171.4000244140625,19.12179946899414,4.179999828338623,0.6411982774734497,51.04999923706055,1.3611799478530884,30.263317108154297,30.518999099731445,1.3086600303649902,14.754500389099121,4.1247639656066895,63.725101470947266,1
2019-10-23,0.6861298680305481,7.076200008392334,1.457170009613037,1.1009900569915771,0.863610029220581,328.7640075683594,120.7249984741211,10.732810020446777,1.112928867340088,139.7429962158203,1.2884771823883057,7.842329978942871,14042.5,71.07499694824219,108.48300170898438,1171.260009765625,19.140689849853516,4.185999870300293,0.6411818265914917,51.18000030517578,1.3624000549316406,30.280000686645508,30.459999084472656,1.309399962425232,14.577799797058105,4.078400135040283,63.6526985168457,1
2019-10-24,0.6850300431251526,7.064599990844727,1.455430030822754,1.1025500297546387,0.8615400195121765,327.7640075683594,120.94000244140625,10.731590270996094,1.1132385730743408,140.35699462890625,1.2923235893249512,7.841300010681152,13987.0,70.71499633789062,108.64199829101562,1169.699951171875,19.101600646972656,4.184800148010254,0.6421700119972229,51.0,1.361799955368042,30.270000457763672,30.573999404907227,1.3072999715805054,14.639189720153809,4.033100128173828,63.90380096435547,1
2019-10-25,0.6816632747650146,7.0680999755859375,1.4512900114059448,1.1018999814987183,0.8648099899291992,329.06201171875,120.59159851074219,10.719099998474121,1.1103955507278442,139.4199981689453,1.2840267419815063,7.8383002281188965,14089.5,71.19000244140625,108.60600280761719,1174.25,19.117900848388672,4.182499885559082,0.6377795338630676,51.20000076293945,1.3636399507522583,30.250892639160156,30.493000030517578,1.3070600032806396,14.67650032043457,4.039299964904785,64.03479766845703,1
2019-10-28,0.682400107383728,7.064700126647949,1.4480500221252441,1.1021000146865845,0.8639799952507019,328.2909851074219,120.5,10.726799964904785,1.1084262132644653,139.4770050048828,1.283202886581421,7.837100028991699,14028.0,70.83000183105469,108.73400115966797,1170.8199462890625,19.0393009185791,4.183499813079834,0.6358693838119507,51.20000076293945,1.3631399869918823,30.15999984741211,30.562000274658203,1.3063000440597534,14.619799613952637,4.002900123596191,63.82569885253906,1
2019-10-29,0.6839599013328552,7.06689977645874,1.4489799737930298,1.1040199995040894,0.863099992275238,327.77899169921875,120.93599700927734,10.76990032196045,1.1099148988723755,140.08299255371094,1.2857435941696167,7.838799953460693,14018.0,70.73500061035156,108.96399688720703,1166.760009765625,19.110200881958008,4.181099891662598,0.6353886127471924,51.14099884033203,1.3621799945831299,30.219999313354492,30.527000427246094,1.3055599927902222,14.565099716186523,3.988800048828125,63.68349838256836,1
2019-10-30,0.6855888962745667,7.064899921417236,1.454300045967102,1.1046299934387207,0.8637199997901917,329.6199951171875,120.9800033569336,10.778249740600586,1.1114816665649414,140.052001953125,1.2866700887680054,7.839640140533447,14018.0,70.88459777832031,108.8740005493164,1165.75,19.107200622558594,4.180600166320801,0.6352109909057617,51.06999969482422,1.3619999885559082,30.239999771118164,30.39900016784668,1.308899998664856,14.619999885559082,3.9967000484466553,63.94179916381836,1
2019-10-31,0.6897883415222168,7.0543999671936035,1.4678000211715698,1.1030299663543701,0.8643800020217896,329.0459899902344,121.3219985961914,10.757060050964355,1.1154489517211914,140.3419952392578,1.290172815322876,7.839320182800293,14060.0,70.98999786376953,108.78900146484375,1163.699951171875,19.092920303344727,4.175099849700928,0.6409598588943481,50.87799835205078,1.360700011253357,30.18268394470215,30.21500015258789,1.316540002822876,14.970999717712402,3.9862000942230225,63.75080108642578,1
2019-11-01,0.6892986297607422,7.0381999015808105,1.4690300226211548,1.1005300283432007,0.8621799945831299,328.3609924316406,120.49600219726562,10.764510154724121,1.1157102584838867,139.73199462890625,1.2939623594284058,7.836699962615967,14123.5,70.97000122070312,107.99600219726562,1168.550048828125,19.238800048828125,4.176300048828125,0.6414985060691833,50.75,1.360610008239746,30.15999984741211,30.483999252319336,1.3167500495910645,15.093400001525879,4.015999794006348,64.09130096435547,1
2019-11-04,0.6917997598648071,7.036399841308594,1.4673099517822266,1.1007100343704224,0.8630499839782715,327.7460021972656,120.83699798583984,10.67294979095459,1.1166571378707886,139.9969940185547,1.2937614917755127,7.836999893188477,14014.0,70.51210021972656,108.22000122070312,1163.800048828125,19.084999084472656,4.1620001792907715,0.6435089111328125,50.47999954223633,1.3566999435424805,30.15999984741211,30.434999465942383,1.3140000104904175,14.840399742126465,3.9893999099731445,63.40169906616211,1
2019-11-05,0.6890279054641724,7.029399871826172,1.4631199836730957,1.0998799800872803,0.8631500005722046,329.0299987792969,120.947998046875,10.702119827270508,1.1128545999526978,140.08399963378906,1.2891582250595093,7.836599826812744,14058.0,71.0,108.69400024414062,1161.81005859375,19.16790008544922,4.147600173950195,0.6402294635772705,50.47800064086914,1.357800006866455,30.21104621887207,30.32699966430664,1.3151600360870361,14.768799781799316,4.010799884796143,63.449100494384766,1
2019-11-06,0.6890848875045776,7.008800029754639,1.4565999507904053,1.0990999937057495,0.8597000241279602,330.8139953613281,120.86900329589844,10.6875,1.107419729232788,140.5749969482422,1.288062334060669,7.832399845123291,14028.5,70.8949966430664,109.14600372314453,1155.199951171875,19.186800003051758,4.127999782562256,0.637421727180481,50.27362060546875,1.3582199811935425,30.219919204711914,30.309999465942383,1.3150999546051025,14.746800422668457,3.992000102996826,63.44779968261719,1
2019-11-07,0.6877300143241882,6.997200012207031,1.4596199989318848,1.0987000465393066,0.8609799742698669,331.5660095214844,120.56500244140625,10.646389961242676,1.1070396900177002,140.01400756835938,1.2856775522232056,7.826469898223877,14008.0,71.0,108.91300201416016,1160.0799560546875,19.150699615478516,4.134500026702881,0.6366385221481323,50.47584915161133,1.3603500127792358,30.290000915527344,30.371000289916992,1.318560004234314,14.804900169372559,4.082300186157227,63.81549835205078,1
2019-11-08,0.6860997080802917,6.997200012207031,1.4560099840164185,1.099370002746582,0.862060010433197,332.2669982910156,120.77300262451172,10.639869689941406,1.1019697189331055,140.08099365234375,1.2779992818832397,7.8256001472473145,14013.0,71.37650299072266,109.27400207519531,1158.5999755859375,19.121599197387695,4.134500026702881,0.6380997896194458,50.54999923706055,1.3573299646377563,30.413747787475586,30.246999740600586,1.3227100372314453,14.71500015258789,4.0995001792907715,63.74409866333008,1
2019-11-11,0.6858004927635193,6.994999885559082,1.4577800035476685,1.09906005859375,0.8613200187683105,333.4630126953125,120.38973999023438,10.693639755249023,1.102244257926941,139.74400329589844,1.2796396017074585,7.828239917755127,14014.0390625,71.37650299072266,109.22599792480469,1158.5999755859375,19.109500885009766,4.130499839782715,0.6332681179046631,50.52000045776367,1.359910011291504,30.351221084594727,30.381000518798828,1.3225200176239014,14.853460311889648,4.133399963378906,63.8025016784668,1
2019-11-12,0.6850253343582153,7.0096001625061035,1.4602899551391602,1.0957000255584717,0.858299970626831,333.760009765625,120.31300354003906,10.697070121765137,1.1035456657409668,140.13400268554688,1.2858428955078125,7.825610160827637,13997.2001953125,71.5739974975586,109.04199981689453,1163.9000244140625,19.111499786376953,4.140999794006348,0.6364886164665222,50.70000076293945,1.3603299856185913,30.340686798095703,30.41200065612793,1.323199987411499,14.882499694824219,4.151299953460693,63.835601806640625,1
2019-11-13,0.6843999624252319,7.006800174713135,1.4576200246810913,1.0930700302124023,0.8567900061607361,334.44500732421875,120.02400207519531,10.69262981414795,1.1012367010116577,140.0659942626953,1.285214900970459,7.828700065612793,13852.7470703125,71.77999877929688,108.99299621582031,1164.949951171875,19.2987003326416,4.139999866485596,0.6336613297462463,50.65331268310547,1.3624299764633179,30.332000732421875,30.3799991607666,1.3236700296401978,14.926300048828125,4.167900085449219,64.22820281982422,1
2019-11-14,0.6839500665664673,7.022600173950195,1.4589500427246094,1.0894999504089355,0.8565000295639038,333.60699462890625,119.7699966430664,10.706399917602539,1.1013215780258179,139.8300018310547,1.2853800058364868,7.828100204467773,13871.640625,72.1415023803711,108.7979965209961,1169.8599853515625,19.365219116210938,4.151000022888184,0.6415314674377441,50.77799987792969,1.3621900081634521,30.23604393005371,30.458999633789062,1.3251899480819702,14.898500442504883,4.168600082397461,64.28150177001953,1
2019-11-15,0.6788313388824463,7.019800186157227,1.460070013999939,1.0895899534225464,0.8554400205612183,333.8999938964844,119.55799865722656,10.66405963897705,1.1020498275756836,139.7449951171875,1.2881784439086914,7.827899932861328,14078.0,71.95580291748047,108.49199676513672,1167.52001953125,19.312700271606445,4.159999847412109,0.6381784081459045,50.577999114990234,1.3616600036621094,30.200000762939453,30.430999755859375,1.3249800205230713,14.820050239562988,4.194300174713135,63.89289855957031,1
2019-11-18,0.6815982460975647,7.007299900054932,1.4612499475479126,1.093250036239624,0.8555200099945068,334.2380065917969,120.15399932861328,10.644800186157227,1.105509877204895,140.42999267578125,1.2921231985092163,7.826459884643555,13840.302734375,71.70580291748047,108.6989974975586,1162.3299560546875,19.19879913330078,4.1504998207092285,0.6401802897453308,50.45469665527344,1.3601200580596924,30.232221603393555,30.489999771118164,1.3222399950027466,14.707209587097168,4.194799900054932,63.70330047607422,1
2019-11-19,0.680522084236145,7.025000095367432,1.4619100093841553,1.0952999591827393,0.854889988899231,335.0419921875,120.30000305175781,10.669329643249512,1.1072357892990112,140.6909942626953,1.2950851917266846,7.826920032501221,14139.0,71.93509674072266,108.66200256347656,1165.68994140625,19.317190170288086,4.1529998779296875,0.6397216320037842,50.62799835205078,1.3600000143051147,30.190000534057617,30.43899917602539,1.320680022239685,14.80739974975586,4.216400146484375,63.85580062866211,1
2019-11-20,0.6824899911880493,7.026800155639648,1.4701900482177734,1.0971100330352783,0.8568000197410583,332.4200134277344,120.13899993896484,10.67039966583252,1.1080001592636108,140.197998046875,1.2929502725601196,7.827300071716309,14083.0,71.85099792480469,108.44499969482422,1165.8199462890625,19.358539581298828,4.155099868774414,0.6431405544281006,50.78400802612305,1.361240029335022,30.183000564575195,30.434999465942383,1.3271299600601196,14.755999565124512,4.191699981689453,63.837398529052734,1
2019-11-21,0.6798997521400452,7.034999847412109,1.4733999967575073,1.0973000526428223,0.8571000099182129,333.19500732421875,120.18000030517578,10.671689987182617,1.1078859567642212,140.19000244140625,1.2927078008651733,7.826200008392334,14035.2783203125,71.76820373535156,108.47799682617188,1168.260009765625,19.46969985961914,4.163000106811523,0.6410995721817017,50.784854888916016,1.3620100021362305,30.183000564575195,30.447999954223633,1.330199956893921,14.782999992370605,4.195000171661377,63.787899017333984,1
2019-11-22,0.6789419054985046,7.028200149536133,1.469349980354309,1.0986000299453735,0.8565000295639038,334.21600341796875,120.1500015258789,10.641500473022461,1.1065863370895386,140.25,1.2919896841049194,7.820199966430664,14070.0,71.7405014038086,108.58499908447266,1175.22998046875,19.386850357055664,4.166999816894531,0.6406999230384827,50.834999084472656,1.3624000549316406,30.209999084472656,30.44700050354004,1.3278000354766846,14.673100471496582,4.191699981689453,63.66999816894531,1
2019-11-25,0.6792001724243164,7.038300037384033,1.4651999473571777,1.0994999408721924,0.8576599955558777,333.9339904785156,119.83000183105469,10.608400344848633,1.1022562980651855,139.6999969482422,1.2853471040725708,7.825200080871582,14083.01171875,71.78260040283203,108.7300033569336,1179.489990234375,19.344999313354492,4.170000076293945,0.6409311294555664,50.89500045776367,1.3641899824142456,30.209102630615234,30.55900001525879,1.3295700550079346,14.699399948120117,4.195000171661377,63.79790115356445,1
2019-11-26,0.677639901638031,7.0355000495910645,1.46465003490448,1.0973000526428223,0.8536800146102905,335.58099365234375,120.00299835205078,10.611499786376953,1.1014429330825806,140.55499267578125,1.289723515510559,7.825590133666992,14063.748046875,71.67949676513672,108.99199676513672,1172.4100341796875,19.44515037536621,4.176000118255615,0.6415109038352966,50.79999923706055,1.3648099899291992,30.19935417175293,30.451000213623047,1.3303099870681763,14.75730037689209,4.225399971008301,63.898101806640625,1
2019-11-27,0.6789000034332275,7.03249979019165,1.4625500440597534,1.0995099544525146,0.8571000099182129,335.6470031738281,120.24700164794922,10.564920425415039,1.1022562980651855,140.29800415039062,1.2860909700393677,7.828499794006348,14078.0,71.42839813232422,109.09700012207031,1172.5999755859375,19.507299423217773,4.16949987411499,0.6426982879638672,50.83000183105469,1.3645000457763672,30.183067321777344,30.440000534057617,1.3269000053405762,14.779199600219727,4.231800079345703,63.94070053100586,1
2019-11-28,0.6767200231552124,7.027900218963623,1.4615999460220337,1.0986900329589844,0.851069986820221,335.9599914550781,120.35199737548828,10.538399696350098,1.1004853248596191,141.3699951171875,1.2929919958114624,7.827360153198242,14087.1298828125,71.22810363769531,109.36699676513672,1175.3599853515625,19.554649353027344,4.16949987411499,0.6413010954856873,50.79999923706055,1.3657900094985962,30.234878540039062,30.461999893188477,1.3285599946975708,14.759400367736816,4.262700080871582,63.958099365234375,1
2019-11-29,0.6769000291824341,7.03439998626709,1.4622100591659546,1.0993800163269043,0.8526999950408936,335.5790100097656,120.58499908447266,10.516949653625488,1.101176142692566,141.3939971923828,1.29128897190094,7.827099800109863,13868.66015625,71.54740142822266,109.51200103759766,1177.010009765625,19.4914493560791,4.171999931335449,0.6420091986656189,50.75,1.3655600547790527,30.219999313354492,30.423999786376953,1.327970027923584,14.700699806213379,4.188000202178955,64.05619812011719,1
2019-12-02,0.6764801144599915,7.031499862670898,1.4636800289154053,1.1019500494003296,0.8532800078392029,334.2489929199219,120.68599700927734,10.546059608459473,1.1019041538238525,141.4239959716797,1.29128897190094,7.8282999992370605,13868.345703125,71.7229995727539,109.53500366210938,1181.469970703125,19.53594970703125,4.175000190734863,0.6432108879089355,50.71813201904297,1.3673900365829468,30.184003829956055,30.52899932861328,1.3283900022506714,14.648770332336426,4.236100196838379,64.29199981689453,1
2019-12-03,0.6818817257881165,7.038300037384033,1.473389983177185,1.0980700254440308,0.8558300137519836,331.8630065917969,120.75399780273438,10.565699577331543,1.1079105138778687,141.0659942626953,1.294062852859497,7.8282999992370605,14123.2763671875,71.625,109.02200317382812,1183.7900390625,19.573999404907227,4.176300048828125,0.6498781442642212,50.87799835205078,1.3662999868392944,30.266984939575195,30.43400001525879,1.330299973487854,14.546090126037598,4.222300052642822,64.17160034179688,1
2019-12-04,0.6848700046539307,7.060200214385986,1.4729499816894531,1.094099998474121,0.8525500297546387,331.3219909667969,120.4000015258789,10.55210018157959,1.1085245609283447,141.1999969482422,1.2997816801071167,7.829699993133545,14098.0,71.95999908447266,108.65299987792969,1187.6300048828125,19.54949951171875,4.172999858856201,0.6518301367759705,51.077999114990234,1.3634999990463257,30.24287223815918,30.44499969482422,1.3291900157928467,14.632599830627441,4.203999996185303,64.09120178222656,1
2019-12-05,0.684960126876831,7.048900127410889,1.4620399475097656,1.0951999425888062,0.8453599810600281,330.85400390625,120.5999984741211,10.526459693908691,1.108303427696228,142.66600036621094,1.311131477355957,7.828800201416016,13994.884765625,71.4801025390625,108.83200073242188,1189.4599609375,19.431100845336914,4.173500061035156,0.6550204157829285,50.86000061035156,1.3623000383377075,30.280000686645508,30.468000411987305,1.3192700147628784,14.580300331115723,4.206099987030029,63.859100341796875,1
2019-12-06,0.6833000183105469,7.043799877166748,1.4631199836730957,1.0963000059127808,0.8438799977302551,330.47100830078125,120.73999786376953,10.53600025177002,1.1105434894561768,143.07400512695312,1.3158414363861084,7.828700065612793,14058.0,71.38500213623047,108.73799896240234,1187.97998046875,19.363000869750977,4.166999816894531,0.6544117331504822,50.79100036621094,1.3605200052261353,30.360000610351562,30.413999557495117,1.3176000118255615,14.624899864196777,4.184599876403809,63.67580032348633,1
2019-12-09,0.683531641960144,7.034299850463867,1.4651999473571777,1.095270037651062,0.8415399789810181,330.5690002441406,120.12200164794922,10.504070281982422,1.105888843536377,142.7169952392578,1.3139568567276,7.828959941864014,14022.3798828125,71.28679656982422,108.62699890136719,1186.1099853515625,19.254749298095703,4.1579999923706055,0.6559183597564697,50.733001708984375,1.3605400323867798,30.325328826904297,30.422000885009766,1.3249800205230713,14.611289978027344,4.118899822235107,63.630001068115234,1
2019-12-10,0.6827998757362366,7.0381999015808105,1.4645400047302246,1.092919945716858,0.8416299819946289,331.2860107421875,120.13700103759766,10.54419994354248,1.106499433517456,142.70399475097656,1.314578652381897,7.828350067138672,14004.6005859375,70.96019744873047,108.58200073242188,1188.6800537109375,19.229999542236328,4.158999919891357,0.6548788547515869,50.81999969482422,1.3594000339508057,30.304370880126953,30.39699935913086,1.3237099647521973,14.66670036315918,4.14109992980957,63.51430130004883,1
2019-12-11,0.6811400055885315,7.033299922943115,1.467900037765503,1.0920300483703613,0.8446999788284302,330.59698486328125,120.64399719238281,10.530389785766602,1.1092746257781982,142.80599975585938,1.3131287097930908,7.826700210571289,14021.0,71.01000213623047,108.76399993896484,1189.0699462890625,19.249900817871094,4.159999847412109,0.6545016765594482,50.779998779296875,1.358299970626831,30.29921531677246,30.45199966430664,1.323099970817566,14.774069786071777,4.144599914550781,63.485198974609375,1
2019-12-12,0.687049150466919,7.037799835205078,1.4664700031280518,1.0937700271606445,0.8433600068092346,329.8890075683594,120.84400177001953,10.444899559020996,1.1135857105255127,143.27200317382812,1.3200099468231201,7.80866003036499,13976.61328125,70.72930145263672,108.54900360107422,1187.9300537109375,19.101299285888672,4.1620001792907715,0.6580800414085388,50.64449691772461,1.356600046157837,30.229999542236328,30.344999313354492,1.317270040512085,14.676199913024902,4.123700141906738,63.30400085449219,1
2019-12-13,0.6927126049995422,7.019499778747559,1.4712200164794922,1.1018099784851074,0.8300399780273438,329.1780090332031,122.38300323486328,10.446999549865723,1.1186057329177856,147.41900634765625,1.347527265548706,7.805500030517578,13933.3564453125,70.55989837646484,109.41300201416016,1169.5899658203125,18.98200035095215,4.157599925994873,0.6620499491691589,50.428001403808594,1.3515000343322754,30.149999618530273,30.187000274658203,1.315269947052002,14.412699699401855,4.087247848510742,62.674800872802734,1
2019-12-16,0.6874789595603943,6.97189998626709,1.4666199684143066,1.0945199728012085,0.8330299854278564,329.0069885253906,121.69400024414062,10.434829711914062,1.1124460697174072,146.0709991455078,1.335327386856079,7.7987799644470215,13968.525390625,70.68900299072266,109.4000015258789,1172.530029296875,19.03420066833496,4.131999969482422,0.6592696905136108,50.51499938964844,1.3546299934387207,30.187999725341797,30.219999313354492,1.3183399438858032,14.523099899291992,4.0858001708984375,62.86399841308594,1
2019-12-17,0.6874316930770874,6.981599807739258,1.465880036354065,1.0950000286102295,0.8390499949455261,328.5249938964844,122.03600311279297,10.43397045135498,1.1136974096298218,145.42300415039062,1.3272457122802734,7.792660236358643,14022.5,70.92050170898438,109.57599639892578,1167.4599609375,18.936189651489258,4.139999866485596,0.6593601107597351,50.54800033569336,1.355299949645996,30.210025787353516,30.097000122070312,1.3163000345230103,14.378339767456055,4.0619001388549805,62.439998626708984,1
2019-12-18,0.6852600574493408,6.996200084686279,1.467270016670227,1.0927200317382812,0.8497899770736694,329.84698486328125,122.12000274658203,10.456609725952148,1.115138053894043,143.68800354003906,1.3122154474258423,7.7870001792907715,14024.0,71.21499633789062,109.51599884033203,1162.780029296875,18.91754913330078,4.138999938964844,0.6569180488586426,50.55799865722656,1.3552900552749634,30.222265243530273,30.01799964904785,1.3159199953079224,14.387330055236816,4.070199966430664,62.40879821777344,1
2019-12-19,0.6854700446128845,7.004000186920166,1.4576300382614136,1.0893900394439697,0.8493000268936157,330.4469909667969,121.77100372314453,10.471420288085938,1.1115927696228027,143.3515625,1.3087291717529297,7.788099765777588,13966.919921875,70.98989868164062,109.5510025024414,1164.3599853515625,18.975500106811523,4.13700008392334,0.6584492325782776,50.514137268066406,1.3547999858856201,30.21299934387207,30.03499984741211,1.3113900423049927,14.294989585876465,4.059662818908691,62.61280059814453,1
2019-12-20,0.6893000602722168,7.009399890899658,1.4596799612045288,1.0880999565124512,0.8544999957084656,330.27398681640625,121.66000366210938,10.463600158691406,1.1125946044921875,142.36000061035156,1.3017443418502808,7.794400215148926,13978.15625,71.22270202636719,109.38300323486328,1161.06005859375,18.909000396728516,4.138999938964844,0.6612619757652283,50.619998931884766,1.3543000221252441,30.200000762939453,30.14900016784668,1.3122999668121338,14.213899612426758,4.06879997253418,62.3218994140625,1
2019-12-23,0.6903898119926453,7.00570011138916,1.4564599990844727,1.0883699655532837,0.8519499897956848,330.25299072265625,121.31099700927734,10.417989730834961,1.1079840660095215,142.38099670410156,1.3005423545837402,7.796850204467773,13957.5810546875,71.02400207519531,109.4990005493164,1159.300048828125,18.941299438476562,4.137499809265137,0.6607507467269897,50.757999420166016,1.3548099994659424,30.18899917602539,30.125,1.3146400451660156,14.261500358581543,4.079899787902832,62.222599029541016,1
2019-12-24,0.6925197839736938,7.0117998123168945,1.4582600593566895,1.0886600017547607,0.8569899797439575,331.1300048828125,121.3010025024414,10.459970474243164,1.109385371208191,141.53811645507812,1.2944984436035156,7.786900043487549,13955.626953125,71.21070098876953,109.38200378417969,1161.5699462890625,18.934499740600586,4.139999866485596,0.6634599566459656,50.76222610473633,1.355530023574829,30.149999618530273,30.138999938964844,1.3148200511932373,14.19909954071045,4.081999778747559,62.292198181152344,1
2019-12-25,0.6921852231025696,7.006400108337402,1.458899974822998,1.0865000486373901,0.8569999933242798,331.0950012207031,121.2300033569336,10.419320106506348,1.1090162992477417,141.39999389648438,1.2934937477111816,7.788099765777588,13961.0,71.45999908447266,109.38300323486328,1162.22998046875,18.96269989013672,4.133999824523926,0.6642999649047852,50.810001373291016,1.3550000190734863,30.149999618530273,30.0,1.3164000511169434,14.149510383605957,4.082799911499023,61.91999816894531,1
2019-12-26,0.6924728155136108,6.98829984664917,1.4592499732971191,1.086840033531189,0.8553000092506409,331.2909851074219,121.34200286865234,10.426300048828125,1.1095454692840576,141.85899353027344,1.2973533868789673,7.788599967956543,13991.0,71.54000091552734,109.36900329589844,1159.75,18.95210075378418,4.133999824523926,0.6647000312805176,50.79199981689453,1.3547199964523315,30.155000686645508,29.899999618530273,1.315500020980835,14.150850296020508,4.083000183105469,61.81169891357422,1
2019-12-27,0.6946374177932739,6.996300220489502,1.4552500247955322,1.08951997756958,0.8537999987602234,330.87799072265625,121.68000030517578,10.441300392150879,1.110111951828003,142.46299743652344,1.3002209663391113,7.787899971008301,13977.5,71.30030059814453,109.54199981689453,1161.199951171875,18.928499221801758,4.130000114440918,0.6672716736793518,50.68199920654297,1.3533999919891357,30.15999984741211,30.076000213623047,1.3107999563217163,14.131170272827148,4.054699897766113,62.17599868774414,1
2019-12-30,0.6982996463775635,6.994800090789795,1.4617999792099,1.0887399911880493,0.8540599942207336,330.6470031738281,122.39700317382812,10.427729606628418,1.1182304620742798,143.2480010986328,1.3091918230056763,7.787330150604248,13953.841796875,71.31300354003906,109.4280014038086,1160.6800537109375,18.827899932861328,4.125,0.6706413626670837,50.619998931884766,1.3521300554275513,30.141000747680664,30.08300018310547,1.3073400259017944,14.05088996887207,4.022299766540527,62.05120086669922,1
2019-12-31,0.7001398801803589,6.9857001304626465,1.4630199670791626,1.085279941558838,0.8542600274085999,330.6789855957031,121.98999786376953,10.467869758605957,1.120229721069336,142.76400756835938,1.3113033771514893,7.788099765777588,13919.0,71.31099700927734,108.87300109863281,1156.3499755859375,18.917699813842773,4.10699987411499,0.6734777688980103,50.75199890136719,1.3481800556182861,29.969999313354492,30.073999404907227,1.3060599565505981,14.098589897155762,4.015710830688477,61.971099853515625,1
2020-01-01,0.7017002105712891,6.962299823760986,1.4570000171661377,1.0872000455856323,0.8461999893188477,330.52398681640625,121.97000122070312,10.287489891052246,1.1220825910568237,144.4199981689453,1.326259970664978,7.786499977111816,13690.3720703125,71.27580261230469,108.68099975585938,1153.75,18.917400360107422,4.0879998207092285,0.6785798072814941,50.70000076293945,1.3344999551773071,29.68000030517578,29.898000717163086,1.3001999855041504,13.99590015411377,4.016786098480225,62.02830123901367,1
2020-01-02,0.7019514441490173,6.962200164794922,1.4555100202560425,1.0856200456619263,0.8465700149536133,330.5060119628906,121.9729995727539,10.482629776000977,1.1220825910568237,144.04800415039062,1.3250298500061035,7.792500019073486,13689.2314453125,71.0250015258789,108.71299743652344,1153.969970703125,18.898799896240234,4.0879998207092285,0.6737182140350342,50.70000076293945,1.3451900482177734,30.059999465942383,29.8439998626709,1.2972999811172485,14.002920150756836,4.016300201416016,61.83000183105469,1
2020-01-03,0.6985191702842712,6.963399887084961,1.450279951095581,1.0851199626922607,0.8495000004768372,328.6579895019531,121.24500274658203,10.459879875183105,1.1171437501907349,142.70799255371094,1.3152703046798706,7.788300037384033,13884.7861328125,71.41500091552734,108.54299926757812,1157.1500244140625,18.830299377441406,4.085000038146973,0.6700212359428406,50.60359573364258,1.3468999862670898,30.139999389648438,29.899999618530273,1.29830002784729,14.07800006866455,4.023399829864502,61.69419860839844,1
2020-01-06,0.694420337677002,6.9644999504089355,1.4495799541473389,1.0842499732971191,0.8532900214195251,329.385986328125,120.5009994506836,10.502240180969238,1.1161960363388062,141.2010040283203,1.308010220527649,7.781499862670898,13934.31640625,71.73100280761719,107.96399688720703,1165.8499755859375,18.944759368896484,4.099999904632568,0.665530800819397,51.06700134277344,1.3497799634933472,30.143999099731445,30.03499984741211,1.2986600399017334,14.318249702453613,4.057000160217285,62.029998779296875,1
2020-01-07,0.693731427192688,6.9745001792907715,1.4513299465179443,1.084280014038086,0.8499799966812134,329.4219970703125,121.36000061035156,10.523509979248047,1.1197994947433472,142.7729949951172,1.317002534866333,7.770400047302246,13926.5,71.78700256347656,108.40599822998047,1167.4200439453125,18.841449737548828,4.099999904632568,0.6669512391090393,51.165000915527344,1.3491699695587158,30.139999389648438,30.047000885009766,1.2963900566101074,14.202699661254883,4.060400009155273,61.775001525878906,1
2020-01-08,0.6860399842262268,6.944399833679199,1.4502999782562256,1.0806200504302979,0.8505300283432007,331.3489990234375,120.48500061035156,10.56112003326416,1.1154738664627075,141.63900756835938,1.31137216091156,7.777299880981445,13867.236328125,72.16000366210938,108.01599884033203,1166.4599609375,18.96419906616211,4.089399814605713,0.6631211638450623,50.98500061035156,1.3513100147247314,30.290000915527344,29.985000610351562,1.3003100156784058,14.355199813842773,4.066199779510498,61.93090057373047,1
2020-01-09,0.6873801350593567,6.945199966430664,1.4483000040054321,1.0815900564193726,0.8478999733924866,330.71099853515625,121.16899871826172,10.502820014953613,1.1113210916519165,142.875,1.3105130195617676,7.776199817657471,13886.939453125,71.41190338134766,109.03099822998047,1161.260009765625,18.81399917602539,4.098999977111816,0.6654289960861206,50.44340515136719,1.3499000072479248,30.34000015258789,30.010000228881836,1.3036500215530396,14.156490325927734,4.06279993057251,61.26190185546875,1
2020-01-10,0.6853210926055908,6.951700210571289,1.451069951057434,1.0810199975967407,0.8499500155448914,332.4700012207031,121.65399932861328,10.537199974060059,1.1111111640930176,143.11000061035156,1.3070186376571655,7.766479969024658,13827.560546875,71.19429779052734,109.50700378417969,1157.81005859375,18.834800720214844,4.0879998207092285,0.6607987880706787,50.650001525878906,1.3510500192642212,30.260000228881836,29.94300079345703,1.306249976158142,14.212900161743164,4.092100143432617,61.2661018371582,1
2020-01-13,0.6900601387023926,6.909299850463867,1.452370047569275,1.0817999839782715,0.8521299958229065,333.4880065917969,121.79199981689453,10.561039924621582,1.1116669178009033,142.91200256347656,1.3045634031295776,7.7665300369262695,13522.4345703125,70.9530029296875,109.56600189208984,1156.9300537109375,18.79762077331543,4.074100017547607,0.6637682318687439,50.396583557128906,1.3482999801635742,30.211999893188477,29.961999893188477,1.3065400123596191,14.33014965057373,4.070499897003174,61.005001068115234,1
2020-01-14,0.6898902058601379,6.8927001953125,1.4537899494171143,1.0809999704360962,0.8573200106620789,333.33099365234375,122.47599792480469,10.53855037689209,1.1135733127593994,142.8470001220703,1.2988194227218628,7.771500110626221,13665.3046875,70.71890258789062,109.99199676513672,1153.93994140625,18.79010009765625,4.058000087738037,0.6626817584037781,50.47999954223633,1.3464000225067139,30.200000762939453,29.874000549316406,1.3055599927902222,14.378399848937988,4.1458001136779785,61.1879997253418,1
2020-01-15,0.6896551251411438,6.900300025939941,1.4538999795913696,1.076200008392334,0.8545200228691101,332.2330017089844,122.24199676513672,10.52869987487793,1.113089919090271,143.04600524902344,1.3022528886795044,7.776609897613525,13668.0400390625,70.84510040283203,109.85399627685547,1157.050048828125,18.793800354003906,4.071499824523926,0.660969078540802,50.54999923706055,1.347830057144165,30.270000457763672,29.826000213623047,1.3065500259399414,14.3996000289917,4.13129997253418,61.4025993347168,1
2020-01-16,0.6907795071601868,6.889800071716309,1.454200029373169,1.0747699737548828,0.8550999760627747,332.656005859375,122.54299926757812,10.548379898071289,1.1154004335403442,143.28700256347656,1.3041210174560547,7.771500110626221,13665.0966796875,70.71800231933594,109.88300323486328,1156.780029296875,18.782699584960938,4.070000171661377,0.6619185209274292,50.76599884033203,1.3456000089645386,30.275999069213867,29.933000564575195,1.3037999868392944,14.378700256347656,4.174200057983398,61.344398498535156,1
2020-01-17,0.6901001930236816,6.8780999183654785,1.452280044555664,1.074620008468628,0.8514000177383423,334.3110046386719,122.69499969482422,10.564599990844727,1.1139578819274902,144.0570068359375,1.3078734874725342,7.771599769592285,13623.0,70.94560241699219,110.17500305175781,1158.77001953125,18.76300048828125,4.061999797821045,0.6638211011886597,50.84000015258789,1.34660005569458,30.350000381469727,29.89900016784668,1.3039000034332275,14.401769638061523,4.183599948883057,61.57749938964844,1
2020-01-20,0.6881791353225708,6.858699798583984,1.4489599466323853,1.0740900039672852,0.8529000282287598,335.8599853515625,122.22899627685547,10.555700302124023,1.1094592809677124,143.30999755859375,1.3007283210754395,7.767829895019531,13456.98828125,71.03469848632812,110.18000030517578,1160.3599853515625,18.656299591064453,4.052599906921387,0.6619710922241211,50.81999969482422,1.3473700284957886,30.389999389648438,29.950000762939453,1.3063600063323975,14.477490425109863,4.161600112915039,61.56740188598633,1
2020-01-21,0.6876397132873535,6.865799903869629,1.4470000267028809,1.0744800567626953,0.8532000184059143,334.385009765625,122.2509994506836,10.558300018310547,1.109693169593811,143.26199340820312,1.3005592823028564,7.769199848175049,13615.0,71.03099822998047,110.1729965209961,1157.5699462890625,18.65369987487793,4.057000160217285,0.6608904600143433,50.880001068115234,1.3466999530792236,30.329999923706055,29.891000747680664,1.3045400381088257,14.491800308227539,4.188499927520752,61.568599700927734,1
2020-01-22,0.684689998626709,6.904799938201904,1.448699951171875,1.073889970779419,0.8496900200843811,333.8320007324219,121.83799743652344,10.547599792480469,1.108561396598816,143.3860626220703,1.3048017024993896,7.770199775695801,13651.0,71.16999816894531,109.90799713134766,1168.739990234375,18.7593994140625,4.0690999031066895,0.6595305800437927,51.0,1.3498899936676025,30.389999389648438,30.04199981689453,1.3073500394821167,14.481900215148926,4.210899829864502,61.85969924926758,1
2020-01-23,0.6842987537384033,6.905700206756592,1.457800030708313,1.0733799934387207,0.8440999984741211,335.83599853515625,121.75,10.536080360412598,1.1096439361572266,144.21499633789062,1.3144749402999878,7.770899772644043,13626.38671875,71.0781021118164,109.72799682617188,1163.72998046875,18.700410842895508,4.062600135803223,0.659639298915863,50.98500061035156,1.3481999635696411,30.375999450683594,29.91900062561035,1.3138999938964844,14.329000473022461,4.181300163269043,61.87799835205078,1
2020-01-24,0.6839804649353027,6.9355998039245605,1.4513499736785889,1.0719000101089478,0.8425899744033813,336.52801513671875,121.10199737548828,10.535269737243652,1.1055220365524292,143.71499633789062,1.311991572380066,7.772299766540527,13609.1884765625,71.32099914550781,109.552001953125,1167.5999755859375,18.74920082092285,4.072000026702881,0.6614719033241272,50.974998474121094,1.3508000373840332,30.5,29.975000381469727,1.3127000331878662,14.36769962310791,4.169099807739258,61.892799377441406,1
2020-01-27,0.680188775062561,6.935699939727783,1.450819969177246,1.0693999528884888,0.8440200090408325,335.97198486328125,119.94999694824219,10.559300422668457,1.1025358438491821,142.10299682617188,1.3061821460723877,7.774439811706543,13711.9736328125,71.32499694824219,108.802001953125,1169.1500244140625,18.862499237060547,4.063000202178955,0.6572720408439636,50.72999954223633,1.3543599843978882,30.632999420166016,30.020000457763672,1.3158999681472778,14.449359893798828,4.1595001220703125,62.13100051879883,1
2020-01-28,0.6761700510978699,6.935699939727783,1.4531999826431274,1.068600058555603,0.8437100052833557,336.9309997558594,120.02100372314453,10.601699829101562,1.101976990699768,142.23899841308594,1.3060115575790405,7.777100086212158,13213.240234375,71.44000244140625,108.91999816894531,1176.72998046875,18.892000198364258,4.064499855041504,0.6545788049697876,50.847999572753906,1.3575299978256226,30.708999633789062,30.094999313354492,1.3187700510025024,14.580300331115723,4.206099987030029,62.89390182495117,1
2020-01-29,0.6764206886291504,6.935699939727783,1.4509199857711792,1.0724400281906128,0.8462399840354919,337.7149963378906,120.28700256347656,10.587949752807617,1.1022562980651855,142.12899780273438,1.3024563789367676,7.775440216064453,13634.0,71.23040008544922,109.13200378417969,1174.280029296875,18.724050521850586,4.083499908447266,0.6540094017982483,50.7130012512207,1.357100009918213,30.780000686645508,30.0049991607666,1.3164000511169434,14.542799949645996,4.193399906158447,62.21329879760742,1
2020-01-30,0.6752194762229919,6.935699939727783,1.4536099433898926,1.0716999769210815,0.8457499742507935,337.3760070800781,120.03399658203125,10.59119987487793,1.1016855239868164,141.91099548339844,1.3022021055221558,7.7729902267456055,13614.0146484375,71.30000305175781,108.98699951171875,1178.0799560546875,18.681900024414062,4.078100204467773,0.6527202129364014,50.83000183105469,1.3601000308990479,30.969999313354492,30.090999603271484,1.319700002670288,14.591699600219727,4.228899955749512,62.51649856567383,1
2020-01-31,0.6708257794380188,6.935699939727783,1.4566999673843384,1.0690499544143677,0.8427299857139587,336.875,120.06300354003906,10.635899543762207,1.1029127836227417,142.46099853515625,1.3089004755020142,7.767499923706055,13643.1806640625,71.63999938964844,108.87699890136719,1187.1199951171875,18.780799865722656,4.084000110626221,0.6485421061515808,50.83880615234375,1.3623499870300293,31.1200008392334,30.204999923706055,1.3211300373077393,14.74020004272461,4.242199897766113,63.19609832763672,1
2020-02-03,0.66936194896698,6.935699939727783,1.4682600498199463,1.068269968032837,0.8412500023841858,336.8299865722656,120.17500305175781,10.681699752807617,1.1089794635772705,142.84271240234375,1.31816565990448,7.765689849853516,13633.126953125,71.49649810791016,108.37200164794922,1194.8699951171875,18.866409301757812,4.093599796295166,0.6459489464759827,50.76300048828125,1.3641599416732788,31.163999557495117,30.34600067138672,1.3240400552749634,14.99740982055664,4.282599925994873,63.89030075073242,1
2020-02-04,0.6690497994422913,7.020599842071533,1.4706699848175049,1.0683200359344482,0.8508999943733215,336.9700012207031,120.1510009765625,10.668600082397461,1.1062926054000854,141.15199279785156,1.2997479438781738,7.765999794006348,13735.5,71.31410217285156,108.61199951171875,1189.3599853515625,18.81439971923828,4.113500118255615,0.6461117267608643,50.86000061035156,1.3698300123214722,31.06999969482422,30.239999771118164,1.3293999433517456,14.866399765014648,4.246799945831299,63.653099060058594,1
2020-02-05,0.6731785535812378,6.997499942779541,1.46697998046875,1.0705599784851074,0.8475800156593323,335.468994140625,120.88200378417969,10.58650016784668,1.1047282218933105,142.61000061035156,1.3032711744308472,7.76639986038208,13702.4072265625,71.0999984741211,109.4469985961914,1182.47998046875,18.671289443969727,4.107999801635742,0.6493801474571228,50.75,1.371000051498413,30.989999771118164,30.027999877929688,1.3282400369644165,14.76749038696289,4.253699779510498,62.92620086669922,1
2020-02-06,0.6751797795295715,6.972799777984619,1.4612499475479126,1.0706000328063965,0.8464000225067139,336.58099365234375,120.79299926757812,10.54170036315918,1.1002310514450073,142.69000244140625,1.2997140884399414,7.763400077819824,13668.267578125,71.18000030517578,109.81400299072266,1183.4599609375,18.587600708007812,4.117599964141846,0.6481889486312866,50.755001068115234,1.3803000450134277,30.989999771118164,29.951000213623047,1.3284300565719604,14.741999626159668,4.23360013961792,62.83879852294922,1
2020-02-07,0.6733997464179993,6.969799995422363,1.4588299989700317,1.0702999830245972,0.8492000102996826,337.57501220703125,120.73999786376953,10.565299987792969,1.0982975959777832,142.16329956054688,1.2930254936218262,7.76347017288208,13698.0,71.47000122070312,109.96800231933594,1184.25,18.639699935913086,4.119999885559082,0.6463000178337097,50.66999816894531,1.3860900402069092,31.15999984741211,30.030000686645508,1.3284000158309937,14.903329849243164,4.280799865722656,63.27000045776367,1
2020-02-10,0.6672316193580627,7.0005998611450195,1.4572199583053589,1.069290041923523,0.8493099808692932,338.06500244140625,120.0459976196289,10.575050354003906,1.0949305295944214,141.3280029296875,1.2891582250595093,7.7657999992370605,13675.853515625,71.5155029296875,109.6449966430664,1191.0899658203125,18.800249099731445,4.139100074768066,0.6399590373039246,50.849998474121094,1.3912999629974365,31.357999801635742,30.177000045776367,1.3309600353240967,15.071000099182129,4.320400238037109,64.12930297851562,1
2020-02-11,0.6690099835395813,6.983500003814697,1.4524999856948853,1.066390037536621,0.8446599841117859,337.989990234375,119.76300048828125,10.536709785461426,1.0913456678390503,141.75999450683594,1.2918227910995483,7.766200065612793,13691.58984375,71.27999877929688,109.76599884033203,1185.6300048828125,18.702699661254883,4.145100116729736,0.6388592720031738,50.79999923706055,1.3888499736785889,31.27899932861328,30.025999069213867,1.3316999673843384,14.953499794006348,4.320974826812744,64.07830047607422,1
2020-02-12,0.6720998883247375,6.964900016784668,1.4511100053787231,1.0652999877929688,0.8426799774169922,338.4880065917969,119.93000030517578,10.512900352478027,1.091941475868225,142.30499267578125,1.2956557273864746,7.765200138092041,13657.5537109375,71.27529907226562,109.84300231933594,1180.719970703125,18.642000198364258,4.1305999755859375,0.6406519412994385,50.52299880981445,1.3860399723052979,31.190000534057617,29.948999404907227,1.3290400505065918,14.791600227355957,4.327530860900879,63.32429885864258,1
2020-02-13,0.6713197827339172,6.9710001945495605,1.4416099786758423,1.063099980354309,0.8392900228500366,339.6579895019531,119.45999908447266,10.481209754943848,1.0875948667526245,142.3179931640625,1.295756459236145,7.768899917602539,13500.7373046875,71.29620361328125,109.84600067138672,1177.9599609375,18.640399932861328,4.139999866485596,0.6447120904922485,50.650001525878906,1.3881100416183472,31.190000534057617,29.90999984741211,1.3256100416183472,14.865500450134277,4.354499816894531,63.198001861572266,1
2020-02-14,0.6721997857093811,6.976399898529053,1.437809944152832,1.0613000392913818,0.8309000134468079,337.25,118.98999786376953,10.500109672546387,1.0845986604690552,143.16000366210938,1.3046824932098389,7.766600131988525,13695.400390625,71.26850128173828,109.75800323486328,1183.469970703125,18.59510040283203,4.139500141143799,0.6443091630935669,50.34196090698242,1.3899999856948853,31.149999618530273,29.985000610351562,1.326390027999878,14.904959678649902,4.346766948699951,63.634498596191406,1
2020-02-17,0.6725989580154419,6.986100196838379,1.4356199502944946,1.0642199516296387,0.8305000066757202,335.4800109863281,119.0250015258789,10.524069786071777,1.0841753482818604,143.28900146484375,1.3052955865859985,7.7672600746154785,13681.2900390625,71.51480102539062,109.79100036621094,1182.1800537109375,18.542999267578125,4.138999938964844,0.6446580290794373,50.41709518432617,1.3903299570083618,31.148000717163086,30.014999389648438,1.3245199918746948,14.881400108337402,4.296999931335449,63.52510070800781,1
2020-02-18,0.6711999773979187,6.979300022125244,1.434000015258789,1.0627800226211548,0.8331300020217896,335.2770080566406,119.01899719238281,10.499899864196777,1.0840108394622803,142.8300018310547,1.3008975982666016,7.7677998542785645,13649.2412109375,71.34919738769531,109.83000183105469,1183.81005859375,18.549999237060547,4.142499923706055,0.6438984274864197,50.54100036621094,1.388700008392334,31.18000030517578,30.016000747680664,1.3235000371932983,14.975700378417969,4.326499938964844,63.46549987792969,1
2020-02-19,0.6696000099182129,6.996200084686279,1.430690050125122,1.0613600015640259,0.830299973487854,335.3450012207031,118.65799713134766,10.555089950561523,1.079540491104126,142.88699340820312,1.3002209663391113,7.768599987030029,13768.0,71.57499694824219,109.91899871826172,1189.9300537109375,18.58894920349121,4.152500152587891,0.6394516229629517,50.65999984741211,1.3913999795913696,31.170000076293945,30.05500030517578,1.325369954109192,15.00160026550293,4.354800224304199,63.865699768066406,1
2020-02-20,0.6684000492095947,6.997200012207031,1.4290900230407715,1.0634000301361084,0.8363000154495239,336.6919860839844,120.22000122070312,10.567259788513184,1.081009864807129,143.74000549316406,1.2928247451782227,7.773009777069092,13762.0,71.82749938964844,111.20999908447266,1191.3699951171875,18.550100326538086,4.1605000495910645,0.6389816999435425,50.56999969482422,1.3942699432373047,31.209999084472656,30.17099952697754,1.3220399618148804,14.9822998046875,4.363999843597412,63.52069854736328,1
2020-02-21,0.6613800525665283,7.02239990234375,1.430340051651001,1.061269998550415,0.8373900055885315,337.9570007324219,120.77999877929688,10.583419799804688,1.078799843788147,144.21499633789062,1.2883278131484985,7.780700206756592,13703.482421875,72.11000061035156,111.9540023803711,1204.4000244140625,18.847400665283203,4.178100109100342,0.6332480907440186,50.665000915527344,1.40146005153656,31.469999313354492,30.225000381469727,1.3259799480438232,15.113900184631348,4.392300128936768,64.1261978149414,1
2020-02-24,0.6606900691986084,7.026199817657471,1.4364099502563477,1.0608899593353271,0.836679995059967,336.89300537109375,120.91000366210938,10.560460090637207,1.0839051008224487,144.49400329589844,1.29537034034729,7.791940212249756,13771.486328125,71.88680267333984,111.55699920654297,1205.77001953125,19.007709503173828,4.186600208282471,0.6323310732841492,50.75204849243164,1.4017800092697144,31.68199920654297,30.386999130249023,1.3252999782562256,15.059989929199219,4.389800071716309,64.0541000366211,1
2020-02-25,0.6612007021903992,7.02839994430542,1.44159996509552,1.062980055809021,0.8391000032424927,337.9100036621094,120.26699829101562,10.554800033569336,1.0849199295043945,143.28399658203125,1.292657732963562,7.7921600341796875,13879.9296875,72.04669952392578,110.85700225830078,1217.6500244140625,19.03660011291504,4.222499847412109,0.6344292163848877,50.92239761352539,1.3987300395965576,31.649999618530273,30.341999053955078,1.3287400007247925,15.11340045928955,4.386600017547607,65.32369995117188,1
2020-02-26,0.6605198383331299,7.036399841308594,1.444640040397644,1.0618000030517578,0.8366199731826782,338.32598876953125,119.97000122070312,10.570500373840332,1.0881996154785156,143.3939971923828,1.3003394603729248,7.789649963378906,14056.5,71.87000274658203,110.28600311279297,1214.550048828125,19.059999465942383,4.23199987411499,0.6321592330932617,51.150001525878906,1.3983800411224365,31.729999542236328,30.413000106811523,1.3279199600219727,15.214980125427246,4.3867998123168945,65.27839660644531,1
2020-02-27,0.6546516418457031,7.03980016708374,1.452620029449463,1.0627399682998657,0.8433200120925903,339.0769958496094,120.13300323486328,10.59457015991211,1.0885894298553467,142.42999267578125,1.2906889915466309,7.792520046234131,13931.0,71.66339874267578,110.36299896240234,1211.3599853515625,19.286619186401367,4.222599983215332,0.6286817193031311,51.130001068115234,1.3973900079727173,31.84000015258789,30.20800018310547,1.334529995918274,15.270000457763672,4.449100017547607,65.45130157470703,1
2020-02-28,0.6580203175544739,7.003499984741211,1.4721100330352783,1.065310001373291,0.8531500101089478,338.8800048828125,120.58899688720703,10.62615966796875,1.0997228622436523,141.3280029296875,1.2888922691345215,7.794600009918213,14316.0,71.93000030517578,109.66000366210938,1211.31005859375,19.458969116210938,4.208499908447266,0.6311696767807007,50.95000076293945,1.3947299718856812,31.649999618530273,30.19300079345703,1.3386199474334717,15.470000267028809,4.484799861907959,66.26909637451172,1
2020-03-02,0.6516313552856445,6.990900039672852,1.4815599918365479,1.0653200149536133,0.8628399968147278,337.7380065917969,119.01100158691406,10.628049850463867,1.1051311492919922,137.91099548339844,1.2807048559188843,7.793079853057861,13971.9619140625,72.1500015258789,107.6969985961914,1200.0999755859375,19.82309913635254,4.210999965667725,0.6229403614997864,50.82790756225586,1.3923399448394775,31.475000381469727,30.124000549316406,1.3407100439071655,15.758399963378906,4.441299915313721,67.13099670410156,1
2020-03-03,0.6547498106956482,6.999800205230713,1.4846400022506714,1.0677399635314941,0.8727499842643738,336.9729919433594,120.89099884033203,10.623120307922363,1.1144047975540161,138.4929962158203,1.2767152786254883,7.780900001525879,14220.0,72.82499694824219,108.48699951171875,1188.280029296875,19.405000686645508,4.200099945068359,0.6265585422515869,50.584999084472656,1.3887799978256226,31.43199920654297,29.80500030517578,1.332509994506836,15.39490032196045,4.472400188446045,66.25569915771484,1
2020-03-04,0.6582195162773132,6.960999965667725,1.4951399564743042,1.068060040473938,0.8716999888420105,335.6659851074219,119.64299774169922,10.568470001220703,1.118067979812622,137.22000122070312,1.2820841073989868,7.770100116729736,14199.5,73.34200286865234,107.03700256347656,1186.3399658203125,19.43160057067871,4.2108001708984375,0.6269199252128601,50.70000076293945,1.3873499631881714,31.40999984741211,29.770000457763672,1.3377599716186523,15.399399757385254,4.513199806213379,66.17960357666016,1
2020-03-05,0.6626901030540466,6.965400218963623,1.4908100366592407,1.065659999847412,0.8652700185775757,335.5419921875,119.94100189208984,10.545299530029297,1.113908290863037,138.6009979248047,1.2874983549118042,7.771749973297119,14256.0,74.0425033569336,107.677001953125,1183.6800537109375,19.517200469970703,4.177999973297119,0.6300284266471863,50.6150016784668,1.383370041847229,31.329999923706055,29.75,1.3384599685668945,15.254500389099121,4.583399772644043,66.19200134277344,1
2020-03-06,0.6615506410598755,6.935999870300293,1.5032299757003784,1.0615299940109253,0.8666200041770935,336.14599609375,119.24600219726562,10.593700408935547,1.1223849058151245,137.58299255371094,1.295068383216858,7.7707200050354,14309.599609375,73.8551025390625,106.24800109863281,1187.469970703125,19.81450080871582,4.158999919891357,0.6313091516494751,50.45798110961914,1.3832000494003296,31.57200050354004,29.884000778198242,1.3393800258636475,15.586000442504883,4.606200218200684,67.53939819335938,1
2020-03-09,0.6613581776618958,6.931099891662598,1.5508899688720703,1.0559099912643433,0.869159996509552,335.4410095214844,118.33200073242188,10.681529998779297,1.1386020183563232,136.1179962158203,1.3099292516708374,7.7692999839782715,14251.5390625,73.99530029296875,103.93800354003906,1187.699951171875,21.0575008392334,4.170100212097168,0.6329394578933716,50.560001373291016,1.3765699863433838,31.371000289916992,29.900999069213867,1.362220048904419,16.064929962158203,4.589799880981445,72.05000305175781,1
2020-03-10,0.6597998738288879,6.9456000328063965,1.556689977645874,1.0580400228500366,0.871749997138977,335.31298828125,117.51699829101562,10.789139747619629,1.1397960186004639,134.78900146484375,1.3075313568115234,7.770999908447266,14094.818359375,74.40599822998047,103.11199951171875,1199.9599609375,20.81222915649414,4.215000152587891,0.6341515779495239,50.446189880371094,1.3858699798583984,31.44099998474121,29.985000610351562,1.3658000230789185,16.051010131835938,4.722899913787842,74.64099884033203,1
2020-03-11,0.6499098539352417,6.955599784851074,1.5540200471878052,1.0602099895477295,0.8766599893569946,334.6419982910156,118.83000183105469,10.764749526977539,1.1316505670547485,135.56500244140625,1.2909722328186035,7.768199920654297,14272.900390625,74.20500183105469,105.0260009765625,1184.699951171875,20.789400100708008,4.232500076293945,0.6268099546432495,50.53499984741211,1.3918299674987793,31.440000534057617,29.739999771118164,1.3731800317764282,15.945699691772461,4.642099857330322,71.05020141601562,1
2020-03-12,0.647939920425415,6.95959997177124,1.5509300231933594,1.0573300123214722,0.8784499764442444,336.4590148925781,117.73300170898438,10.729209899902344,1.1261515617370605,133.99200439453125,1.2818212509155273,7.768499851226807,14526.0,74.76000213623047,104.55000305175781,1189.3900146484375,21.41659927368164,4.244999885559082,0.6264290809631348,50.599998474121094,1.3960700035095215,31.5,30.069000244140625,1.3773000240325928,16.24839973449707,4.813799858093262,73.11499786376953,1
2020-03-13,0.6274116039276123,7.028600215911865,1.5592399835586548,1.0564500093460083,0.8897299766540527,337.6789855957031,116.98400115966797,10.89490032196045,1.1184931993484497,131.46192932128906,1.257023572921753,7.776599884033203,14850.0,75.30000305175781,104.61000061035156,1209.969970703125,21.967199325561523,4.269999980926514,0.6114487648010254,51.04499816894531,1.4100099802017212,31.719999313354492,29.947999954223633,1.394279956817627,16.561800003051758,4.790200233459473,74.89810180664062,1
2020-03-16,0.6177682876586914,7.007199764251709,1.5386799573898315,1.0557700395584106,0.8993200063705444,338.07598876953125,119.00257873535156,10.80562973022461,1.115536093711853,132.25399780273438,1.2399870157241821,7.7632598876953125,14635.0224609375,73.90399932861328,106.68800354003906,1210.800048828125,21.808610916137695,4.276000022888184,0.6050997972488403,51.025001525878906,1.4126399755477905,31.60700035095215,30.10700035095215,1.3797800540924072,16.247159957885742,4.85260009765625,73.23799896240234,1
2020-03-17,0.6099420189857483,6.992700099945068,1.5635499954223633,1.0575499534606934,0.9099000096321106,344.1700134277344,118.49199676513672,10.915399551391602,1.1163206100463867,130.20599365234375,1.2266627550125122,7.765699863433838,15192.0,75.15499877929688,106.17500305175781,1232.0400390625,22.600990295410156,4.306099891662598,0.6044706702232361,52.22999954223633,1.4225200414657593,32.15999984741211,30.236000061035156,1.4010599851608276,16.598499298095703,4.999000072479248,74.3563003540039,1
2020-03-18,0.5992200374603271,7.006199836730957,1.5682200193405151,1.056920051574707,0.9086099863052368,346.7909851074219,118.25399780273438,10.876540184020996,1.101552128791809,130.1300048828125,1.2121652364730835,7.7621002197265625,14955.7880859375,74.01239776611328,107.37699890136719,1237.989990234375,22.960599899291992,4.348499774932861,0.5949299931526184,51.59114074707031,1.429569959640503,32.189998626708984,30.030000686645508,1.4239200353622437,16.52429962158203,5.009699821472168,75.29750061035156,1
2020-03-19,0.5809798836708069,7.04640007019043,1.583150029182434,1.0594099760055542,0.9424999952316284,352.7510070800781,118.76799774169922,11.188429832458496,1.0961546897888184,125.96199798583984,1.1625338792800903,7.763500213623047,15474.5,74.98200225830078,108.36000061035156,1255.3499755859375,23.64971923828125,4.370999813079834,0.5730692148208618,52.097999572753906,1.438920021057129,32.48699951171875,30.125,1.4444999694824219,17.092529296875,5.103961944580078,80.91999816894531,1
2020-03-20,0.5742902159690857,7.107699871063232,1.5447200536727905,1.0534499883651733,0.9269700050354004,356.69000244140625,118.59100341796875,11.107839584350586,1.0657345056533813,127.86299896240234,1.149438500404358,7.761730194091797,15908.0,75.15969848632812,111.29100036621094,1256.8800048828125,24.0457706451416,4.412600040435791,0.5684757828712463,52.45500183105469,1.4530099630355835,32.566001892089844,30.320999145507812,1.4498200416564941,17.341989517211914,5.094200134277344,78.9655990600586,1
2020-03-23,0.5753309726715088,7.094799995422363,1.546090006828308,1.0532699823379517,0.919920027256012,349.59698486328125,118.10900115966797,11.161089897155762,1.0694386959075928,128.35000610351562,1.162304162979126,7.758769989013672,15766.2470703125,75.62210083007812,110.46199798583984,1253.949951171875,24.7462100982666,4.392000198364258,0.5626100301742554,50.83833694458008,1.4551299810409546,32.79899978637695,30.268999099731445,1.4459400177001953,17.672449111938477,5.045499801635742,79.83869934082031,1
2020-03-24,0.5876600742340088,7.091300010681152,1.5583399534225464,1.0566799640655518,0.9282600283622742,350.5320129394531,119.29199981689453,11.076350212097168,1.0764610767364502,128.46299743652344,1.1595547199249268,7.75600004196167,16504.80078125,76.50599670410156,110.8270034790039,1262.9300537109375,25.336200714111328,4.440000057220459,0.574418842792511,51.15999984741211,1.4563000202178955,32.779998779296875,30.215999603271484,1.4476900100708008,17.755199432373047,5.14169979095459,79.44280242919922,1
2020-03-25,0.597550094127655,7.061999797821045,1.5598700046539307,1.058709979057312,0.916159987449646,354.2239990234375,120.03600311279297,10.924579620361328,1.080263614654541,131.00399780273438,1.1792036294937134,7.75275993347168,16216.5,77.26000213623047,111.12000274658203,1228.5999755859375,24.768699645996094,4.427999973297119,0.5829713940620422,51.880001068115234,1.4459999799728394,32.74800109863281,30.145000457763672,1.4438999891281128,17.495100021362305,5.098100185394287,78.26319885253906,1
2020-03-26,0.5908098220825195,7.113500118255615,1.548069953918457,1.0628999471664429,0.9187600016593933,352.1319885253906,120.72200012207031,10.982099533081055,1.0889569520950317,131.36500549316406,1.1851149797439575,7.752600193023682,16447.720703125,75.84549713134766,110.8759994506836,1231.0799560546875,24.008100509643555,4.387499809265137,0.5812196135520935,50.902008056640625,1.4493999481201172,32.76100158691406,30.253000259399414,1.4217100143432617,17.276399612426758,5.033699989318848,78.32849884033203,1
2020-03-27,0.60791015625,7.0731000900268555,1.5507400035858154,1.0624699592590332,0.905460000038147,354.85101318359375,120.53399658203125,10.98073959350586,1.1048258543014526,133.06399536132812,1.2200626134872437,7.752200126647949,16218.63671875,74.72560119628906,109.10900115966797,1212.18994140625,23.23710060119629,4.329999923706055,0.5979001522064209,51.45000076293945,1.4308500289916992,32.599998474121094,30.131000518798828,1.4037400484085083,17.299400329589844,5.022600173950195,77.44029998779297,1
2020-03-30,0.618058443069458,7.095300197601318,1.56427001953125,1.0585999488830566,0.8943600058555603,356.43798828125,119.63099670410156,11.048480033874512,1.113908290863037,133.7259979248047,1.245319128036499,7.750999927520752,16005.3349609375,75.46499633789062,107.41300201416016,1211.6300048828125,23.594600677490234,4.320000171661377,0.6058292984962463,51.078651428222656,1.4292000532150269,32.50699996948242,30.16699981689453,1.4046900272369385,17.901840209960938,5.104629039764404,78.6520004272461,1
2020-03-31,0.6168993711471558,7.0991997718811035,1.5637999773025513,1.0586999654769897,0.8914200067520142,358.1659851074219,119.1500015258789,11.054840087890625,1.1030466556549072,133.63600158691406,1.2371643781661987,7.754000186920166,16346.9619140625,75.4000015258789,108.03500366210938,1222.699951171875,23.83300018310547,4.330999851226807,0.6009796261787415,51.380001068115234,1.4237600564956665,32.63999938964844,30.030000686645508,1.417870044708252,17.920900344848633,5.192699909210205,79.58920288085938,1
2020-04-01,0.6136998534202576,7.081399917602539,1.5523300170898438,1.0601099729537964,0.8886100053787231,360.6440124511719,118.54399871826172,10.91277027130127,1.102657437324524,133.35299682617188,1.2408487796783447,7.751820087432861,16277.943359375,75.32499694824219,107.50800323486328,1216.6600341796875,23.750999450683594,4.309999942779541,0.5951389074325562,50.72999954223633,1.4217000007629395,32.654998779296875,30.229999542236328,1.4077999591827393,17.742300033569336,5.203499794006348,78.41419982910156,1
2020-04-02,0.6091395616531372,7.099299907684326,1.55007004737854,1.058210015296936,0.8845000267028809,362.6659851074219,117.48999786376953,10.980799674987793,1.0953621864318848,132.78799438476562,1.238236665725708,7.7519001960754395,16412.80859375,77.56999969482422,107.25700378417969,1234.72998046875,24.215530395507812,4.355100154876709,0.5936902165412903,51.470001220703125,1.434399962425232,33.08000183105469,30.218000411987305,1.4151400327682495,18.1294002532959,5.248199939727783,78.66619873046875,1
2020-04-03,0.6063215136528015,7.083199977874756,1.5325000286102295,1.0567500591278076,0.875029981136322,362.9209899902344,117.13999938964844,10.933549880981445,1.0847399234771729,133.83099365234375,1.2394952774047852,7.751550197601318,16441.263671875,77.13999938964844,108.0009994506836,1226.8499755859375,24.235300064086914,4.355500221252441,0.5914394855499268,51.16999816894531,1.4303799867630005,32.91999816894531,30.08099937438965,1.4129300117492676,18.471900939941406,5.255300045013428,77.09950256347656,1
2020-04-06,0.5994700789451599,7.091300010681152,1.5400899648666382,1.05594003200531,0.8842700123786926,364.6239929199219,117.447998046875,10.996549606323242,1.0806955099105835,132.7779998779297,1.2220158576965332,7.752699851989746,16418.0,76.2300033569336,108.69300079345703,1235.800048828125,25.261999130249023,4.355999946594238,0.5854012370109558,50.88999938964844,1.4392000436782837,32.970001220703125,30.25,1.4251999855041504,19.248600006103516,5.348499774932861,77.09750366210938,1
2020-04-07,0.6117599606513977,7.091300010681152,1.5241299867630005,1.0562900304794312,0.8823599815368652,363.0780029296875,117.85800170898438,10.908499717712402,1.0803803205490112,133.5279998779297,1.2240501642227173,7.751500129699707,16364.6484375,75.96489715576172,109.11499786376953,1223.0999755859375,24.542400360107422,4.361000061035156,0.5950610041618347,50.49074172973633,1.430999994277954,32.790000915527344,30.079999923706055,1.4112299680709839,18.58686065673828,5.285299777984619,75.95559692382812,1
2020-04-08,0.6152199506759644,7.0447998046875,1.5268100500106812,1.0559600591659546,0.8829200267791748,357.3370056152344,118.36699676513672,10.933629989624023,1.0895144939422607,134.03700256347656,1.2338672876358032,7.752150058746338,16225.0,76.66000366210938,108.6510009765625,1215.31005859375,24.31159019470215,4.335000038146973,0.5962993502616882,50.6349983215332,1.4250099658966064,32.74599838256836,30.097000122070312,1.4013999700546265,18.23189926147461,5.221700191497803,75.53510284423828,1
2020-04-09,0.6235308051109314,7.064899921417236,1.5205999612808228,1.0555000305175781,0.8765000104904175,357.8320007324219,118.2969970703125,10.925780296325684,1.0863661766052246,134.93499755859375,1.23931086063385,7.751609802246094,16159.376953125,75.95899963378906,108.9219970703125,1214.75,23.984500885009766,4.34250020980835,0.6016702651977539,50.6349983215332,1.4250999689102173,32.73699951171875,30.066999435424805,1.40038001537323,18.20050048828125,5.123499870300293,75.04810333251953,1
2020-04-10,0.6332600712776184,7.042200088500977,1.5280100107192993,1.056480050086975,0.8768699765205383,352.4419860839844,118.59200286865234,10.863539695739746,1.0927408933639526,135.1300048828125,1.2454850673675537,7.752799987792969,15811.9677734375,76.6500015258789,108.56099700927734,1209.510009765625,23.67639923095703,4.317500114440918,0.6077216863632202,50.584999084472656,1.4168100357055664,32.68000030517578,30.066999435424805,1.39860999584198,18.031099319458008,5.105800151824951,74.26380157470703,1
2020-04-13,0.6335208415985107,7.035099983215332,1.5269800424575806,1.055840015411377,0.8772500157356262,352.5929870605469,118.4280014038086,10.862680435180664,1.0932666063308716,134.97000122070312,1.2461059093475342,7.751699924468994,15800.0,76.16649627685547,108.33599853515625,1211.0400390625,23.446800231933594,4.305500030517578,0.6075407862663269,50.51100158691406,1.4142999649047852,32.68000030517578,30.025999069213867,1.39683997631073,18.027040481567383,5.105500221252441,73.66329956054688,1
2020-04-14,0.6401106119155884,7.051599979400635,1.5150599479675293,1.0556299686431885,0.871999979019165,352.9360046386719,117.53700256347656,10.910099983215332,1.0922993421554565,134.76199340820312,1.2523951530456543,7.752399921417236,15751.0,76.91000366210938,107.62300109863281,1213.9000244140625,23.5851993560791,4.326099872589111,0.6102696061134338,50.6349983215332,1.4147499799728394,32.709999084472656,29.850000381469727,1.3873100280761719,18.096799850463867,5.198500156402588,73.60289764404297,1
2020-04-15,0.6434298753738403,7.048299789428711,1.5247600078582764,1.0544999837875366,0.869949996471405,351.3489990234375,117.6500015258789,10.898859977722168,1.098538875579834,135.21200561523438,1.26262629032135,7.751399993896484,15578.3466796875,75.93099975585938,107.10399627685547,1212.3800048828125,23.36199951171875,4.329999923706055,0.6101199388504028,50.45403289794922,1.4132100343704224,32.63999938964844,30.020999908447266,1.3880900144577026,18.290300369262695,5.1620001792907715,73.0154037475586,1
2020-04-16,0.6308901309967041,7.066500186920166,1.5391000509262085,1.05239999294281,0.8708000183105469,351.4549865722656,117.33699798583984,10.95121955871582,1.0905101299285889,134.71800231933594,1.252097249031067,7.751100063323975,15887.5,77.2125015258789,107.60900115966797,1222.550048828125,24.239200592041016,4.3404998779296875,0.5995994806289673,50.8129997253418,1.4249000549316406,32.69900131225586,29.905000686645508,1.411910057067871,18.656200408935547,5.236999988555908,74.81849670410156,1
2020-04-17,0.6358600854873657,7.078800201416016,1.5240999460220337,1.0521999597549438,0.8695999979972839,350.7019958496094,117.19999694824219,10.85990047454834,1.0858471393585205,134.77000427246094,1.2487823963165283,7.750810146331787,15568.3388671875,77.56999969482422,107.94499969482422,1226.6400146484375,23.76020050048828,4.372000217437744,0.5998692512512207,50.893001556396484,1.4238300323486328,32.599998474121094,29.937000274658203,1.4039499759674072,18.662059783935547,5.230899810791016,74.19740295410156,1
2020-04-20,0.6340188980102539,7.072199821472168,1.526610016822815,1.0515999794006348,0.8701599836349487,351.9639892578125,116.9990005493164,10.850720405578613,1.0866966247558594,134.4290008544922,1.248751163482666,7.7507500648498535,15423.0,76.55999755859375,107.66999816894531,1215.260009765625,24.026649475097656,4.367499828338623,0.601550817489624,50.84000015258789,1.4235999584197998,32.44499969482422,30.03499984741211,1.4048000574111938,18.798799514770508,5.232699871063232,74.06510162353516,1
2020-04-21,0.6345701217651367,7.072400093078613,1.5350199937820435,1.0514999628067017,0.873199999332428,352.09600830078125,116.94999694824219,10.881349563598633,1.0864840745925903,133.9429931640625,1.2442762851715088,7.75029993057251,15377.080078125,77.20999908447266,107.66899871826172,1218.0999755859375,24.010719299316406,4.372000217437744,0.6045108437538147,50.90999984741211,1.4209400415420532,32.47999954223633,30.030000686645508,1.4129199981689453,18.77429962158203,5.315400123596191,75.4092025756836,1
2020-04-22,0.6293998956680298,7.070799827575684,1.5399999618530273,1.0527000427246094,0.8826000094413757,353.1929931640625,116.93199920654297,10.958999633789062,1.0856467485427856,132.4720001220703,1.2298610210418701,7.749919891357422,15394.6787109375,76.96939849853516,107.72100067138672,1230.8499755859375,24.368600845336914,4.39300012588501,0.5964096188545227,50.792999267578125,1.430799961090088,32.50400161743164,30.09600067138672,1.4189000129699707,18.956199645996094,5.315000057220459,76.92009735107422,1
2020-04-23,0.6298998594284058,7.083099842071533,1.5324000120162964,1.0512399673461914,0.8769000172615051,356.552001953125,116.4800033569336,10.928799629211426,1.080964207649231,132.84100341796875,1.2323921918869019,7.750229835510254,15408.6220703125,76.4000015258789,107.81300354003906,1231.3800048828125,24.479299545288086,4.367199897766113,0.5924205780029297,50.533660888671875,1.4285500049591064,32.36199951171875,30.054000854492188,1.4183800220489502,18.984609603881836,5.456900119781494,75.93009948730469,1
2020-04-24,0.6376798748970032,7.065199851989746,1.5152000188827515,1.0519100427627563,0.8722000122070312,356.9110107421875,116.0009994506836,10.8443603515625,1.077702283859253,132.96600341796875,1.235223650932312,7.7505998611450195,15665.0,76.42250061035156,107.66699981689453,1232.449951171875,24.766550064086914,4.357800006866455,0.6005717515945435,50.61000061035156,1.4240000247955322,32.35200119018555,29.854999542236328,1.406499981880188,19.1018009185791,5.533100128173828,74.91500091552734,1
2020-04-27,0.6397543549537659,7.080900192260742,1.5264999866485596,1.0535000562667847,0.8749899864196777,355.5360107421875,116.31999969482422,10.856410026550293,1.08236825466156,132.92575073242188,1.2366595268249512,7.750500202178955,15348.744140625,76.27149963378906,107.49500274658203,1229.5,24.98579978942871,4.35699987411499,0.6021702289581299,50.790000915527344,1.4232800006866455,32.43000030517578,30.07900047302246,1.4107999801635742,19.020299911499023,5.5725998878479,74.59329986572266,1
2020-04-28,0.6449116468429565,7.085299968719482,1.519279956817627,1.055999994277954,0.8713099956512451,354.6369934082031,116.13500213623047,10.829680442810059,1.0824854373931885,133.25799560546875,1.2422668933868408,7.750470161437988,15312.3857421875,76.1863021850586,107.28299713134766,1220.8699951171875,24.74970054626465,4.355500221252441,0.6024604439735413,50.47390365600586,1.4201099872589111,32.4900016784668,29.913000106811523,1.4036200046539307,18.801469802856445,5.652599811553955,74.46499633789062,1
2020-04-29,0.6502699255943298,7.078100204467773,1.5147199630737305,1.05485999584198,0.8711100220680237,357.1159973144531,115.63200378417969,10.697420120239258,1.0836584568023682,132.73300170898438,1.2435646057128906,7.75029993057251,15364.5947265625,76.46499633789062,106.74099731445312,1220.4000244140625,24.283599853515625,4.359000205993652,0.607810378074646,50.59299850463867,1.4164299964904785,32.41299819946289,29.80500030517578,1.398300051689148,18.58839988708496,5.497399806976318,74.14739990234375,1
2020-04-30,0.6555013060569763,7.075399875640869,1.5090399980545044,1.0593700408935547,0.8720800280570984,353.8760070800781,115.95999908447266,10.70263957977295,1.087725043296814,132.94400024414062,1.2471472024917603,7.75,15234.63671875,75.25849914550781,106.61000061035156,1210.7900390625,23.742000579833984,4.3414998054504395,0.6142000555992126,50.3849983215332,1.4105000495910645,32.40299987792969,29.6299991607666,1.38742995262146,18.144899368286133,5.334799766540527,73.06539916992188,1
2020-05-01,0.6495501399040222,7.061299800872803,1.5270999670028687,1.0577800273895264,0.8698700070381165,352.1719970703125,117.41100311279297,10.684900283813477,1.094546914100647,134.94900512695312,1.2581465244293213,7.7516398429870605,15249.0,75.72000122070312,107.28500366210938,1212.9599609375,24.21430015563965,4.293000221252441,0.6120288372039795,50.4630012512207,1.4108999967575073,32.42300033569336,29.584999084472656,1.3952900171279907,18.534469604492188,5.486000061035156,74.3385009765625,1
2020-05-04,0.6376819014549255,7.061500072479248,1.549049973487854,1.0548700094223022,0.8799300193786621,352.35699462890625,116.97200012207031,10.859689712524414,1.0959625244140625,132.9149932861328,1.2454230785369873,7.752130031585693,14671.0,75.60050201416016,106.73799896240234,1223.780029296875,24.834489822387695,4.295599937438965,0.6016412973403931,50.560001373291016,1.419600009918213,32.47999954223633,29.89299964904785,1.4134999513626099,18.914209365844727,5.4770002365112305,75.42749786376953,1
2020-05-05,0.642611563205719,7.061500072479248,1.535580039024353,1.0526000261306763,0.8760600090026855,353.4939880371094,116.33100128173828,10.746319770812988,1.0904293060302734,132.76300048828125,1.244555115699768,7.7530999183654785,15044.0,75.8499984741211,106.6969985961914,1222.449951171875,24.090200424194336,4.315000057220459,0.605029821395874,50.49983596801758,1.4158999919891357,32.38600158691406,29.610000610351562,1.408370018005371,18.454500198364258,5.540599822998047,74.72489929199219,1
2020-05-06,0.6436000466346741,7.061500072479248,1.5219099521636963,1.0541900396347046,0.8710100054740906,349.9169921875,115.37799835205078,10.641850471496582,1.0838581323623657,132.4499969482422,1.2444202899932861,7.753049850463867,15335.0,76.16999816894531,106.4520034790039,1221.25,23.973499298095703,4.300000190734863,0.6053100228309631,50.67300033569336,1.4163199663162231,32.358001708984375,29.625,1.4042199850082397,18.472200393676758,5.578100204467773,73.69860076904297,1
2020-05-07,0.6390756368637085,7.103600025177002,1.5291099548339844,1.0530400276184082,0.8760200142860413,350.3800048828125,114.67500305175781,10.634099960327148,1.0798553228378296,130.8489990234375,1.232559323310852,7.751999855041504,14998.33203125,76.15129852294922,106.19100189208984,1228.530029296875,24.427499771118164,4.322000026702881,0.6006998419761658,50.803001403808594,1.422379970550537,32.43299865722656,29.996999740600586,1.416290044784546,18.811880111694336,5.715199947357178,74.46499633789062,1
2020-05-08,0.6503299474716187,7.083799839019775,1.5137900114059448,1.054360032081604,0.8755900263786316,350.3999938964844,115.26300048828125,10.627169609069824,1.0837171077728271,131.61599731445312,1.237593173980713,7.750800132751465,15227.0,76.08000183105469,106.35900115966797,1218.6300048828125,24.02206039428711,4.322000026702881,0.6095698475837708,50.584999084472656,1.4129999876022339,32.36399841308594,29.780000686645508,1.3969500064849854,18.521900177001953,5.828719139099121,73.88870239257812,1
2020-05-11,0.653710126876831,7.0731000900268555,1.5089000463485718,1.0525000095367432,0.8727999925613403,349.0950012207031,115.88700103759766,10.597840309143066,1.0839520692825317,132.72999572753906,1.2417423725128174,7.751070022583008,14721.3984375,75.5250015258789,106.91899871826172,1218.699951171875,23.625099182128906,4.331500053405762,0.6143185496330261,50.48500061035156,1.4130500555038452,32.20000076293945,29.84000015258789,1.3924100399017334,18.320199966430664,5.4770002365112305,73.39340209960938,1
2020-05-12,0.6484664082527161,7.0980000495910645,1.5152000188827515,1.0515300035476685,0.8766000270843506,349.7950134277344,116.26599884033203,10.665610313415527,1.080940842628479,132.63099670410156,1.2333498001098633,7.750510215759277,14848.7001953125,76.30999755859375,107.56600189208984,1222.4000244140625,23.920089721679688,4.331500053405762,0.6077697277069092,50.393001556396484,1.417449951171875,32.16999816894531,29.892000198364258,1.4018000364303589,18.40180015563965,5.8171000480651855,73.62139892578125,1
2020-05-13,0.6455298662185669,7.082099914550781,1.5272799730300903,1.0519499778747559,0.8851400017738342,350.76800537109375,116.20899963378906,10.60515022277832,1.0846810340881348,131.2729949951172,1.2254902124404907,7.750500202178955,14994.0,75.68000030517578,107.13800048828125,1225.6500244140625,24.363279342651367,4.326000213623047,0.6069986820220947,50.23500061035156,1.4189900159835815,32.13399887084961,29.788000106811523,1.4080899953842163,18.406700134277344,5.884799957275391,73.60269927978516,1
2020-05-14,0.6454944014549255,7.091300010681152,1.524590015411377,1.0517499446868896,0.8839700222015381,353.50299072265625,115.70800018310547,10.6141996383667,1.08236825466156,130.88099670410156,1.224155068397522,7.750800132751465,14846.873046875,75.42620086669922,106.93299865722656,1226.550048828125,24.185699462890625,4.328000068664551,0.5999088287353516,50.16981887817383,1.4189000129699707,32.060001373291016,29.892000198364258,1.4089000225067139,18.467500686645508,5.88640022277832,73.94779968261719,1
2020-05-15,0.6471235156059265,7.094699859619141,1.5164799690246582,1.0516999959945679,0.883400022983551,353.7449951171875,116.03099822998047,10.582300186157227,1.0806955099105835,131.32000732421875,1.2233912944793701,7.750860214233398,14810.1201171875,75.48500061035156,107.36499786376953,1225.4599609375,23.851299285888672,4.3379998207092285,0.6013012528419495,50.53499984741211,1.4220000505447388,32.07400131225586,29.875999450683594,1.4033000469207764,18.42300033569336,5.8094000816345215,73.50969696044922,1
2020-05-18,0.6425785422325134,7.101200103759766,1.5240999460220337,1.0514600276947021,0.8951500058174133,354.2569885253906,115.98500061035156,10.669890403747559,1.0821340084075928,129.55299377441406,1.2085760831832886,7.750699996948242,14853.0,75.81999969482422,107.20800018310547,1232.0899658203125,23.934009552001953,4.3491997718811035,0.5936691164970398,50.724998474121094,1.4262200593948364,32.04999923706055,29.95400047302246,1.40910005569458,18.567100524902344,5.855199813842773,73.5969009399414,1
2020-05-19,0.652600109577179,7.10860013961792,1.5214300155639648,1.0606499910354614,0.8946099877357483,352.5950012207031,117.2030029296875,10.586689949035645,1.0915124416351318,130.97000122070312,1.2200031280517578,7.751100063323975,14878.0,75.60009765625,107.38099670410156,1224.199951171875,23.731300354003906,4.35260009765625,0.6040598750114441,50.893001556396484,1.417799949645996,32.02399826049805,29.940000534057617,1.3939000368118286,18.336000442504883,5.718999862670898,72.69059753417969,1
2020-05-20,0.6540094017982483,7.098199844360352,1.5225000381469727,1.0612399578094482,0.891480028629303,349.614990234375,117.7969970703125,10.577329635620117,1.0927767753601074,132.11399841308594,1.2255953550338745,7.750400066375732,14748.447265625,76.0,107.80999755859375,1224.3199462890625,23.665359497070312,4.346099853515625,0.6086501479148865,50.685001373291016,1.417330026626587,31.920000076293945,29.844999313354492,1.3938000202178955,18.32270050048828,5.755199909210205,72.49189758300781,1
2020-05-21,0.65923011302948,7.09250020980835,1.526710033416748,1.0592999458312988,0.8970999717712402,349.3909912109375,118.14148712158203,10.521880149841309,1.0982975959777832,131.6300048828125,1.2236906290054321,7.75,14771.0,75.77999877929688,107.59100341796875,1226.550048828125,23.195499420166016,4.3460001945495605,0.614809513092041,50.650001525878906,1.4134199619293213,31.81999969482422,29.8799991607666,1.3904500007629395,17.917390823364258,5.690499782562256,71.21170043945312,1
2020-05-22,0.6566894054412842,7.114299774169922,1.5264999866485596,1.0627000331878662,0.8957700133323669,347.7130126953125,117.83000183105469,10.52970027923584,1.0952903032302856,131.54299926757812,1.2223445177078247,7.754300117492676,14826.0,75.625,107.63099670410156,1233.3900146484375,22.870180130004883,4.343999862670898,0.6123398542404175,50.779998779296875,1.4171899557113647,31.829999923706055,29.875999450683594,1.394700050354004,17.571300506591797,5.5524001121521,70.90480041503906,1
2020-05-25,0.6545788049697876,7.12939977645874,1.5250999927520752,1.0593700408935547,0.895110011100769,349.80999755859375,117.51000213623047,10.531999588012695,1.0907801389694214,131.27000427246094,1.218605637550354,7.756760120391846,14703.0,75.98500061035156,107.73500061035156,1239.550048828125,22.663789749145508,4.361000061035156,0.6105006337165833,50.81700134277344,1.42385995388031,31.8700008392334,30.06800079345703,1.3985899686813354,17.557899475097656,5.52869987487793,71.57440185546875,1
2020-05-26,0.6547399163246155,7.135700225830078,1.5230000019073486,1.0587999820709229,0.8933799862861633,350.60101318359375,117.38600158691406,10.542960166931152,1.0902997255325317,131.3780059814453,1.220137119293213,7.754380226135254,14501.7578125,76.11000061035156,107.68699645996094,1240.02001953125,22.545499801635742,4.361000061035156,0.6106609106063843,50.79999923706055,1.4237600564956665,31.940000534057617,30.038000106811523,1.3971799612045288,17.63520050048828,5.443399906158447,71.6187973022461,1
2020-05-27,0.6646699905395508,7.134099960327148,1.5130900144577026,1.059939980506897,0.8901000022888184,347.41400146484375,118.01000213623047,10.553000450134277,1.0981770753860474,132.55099487304688,1.23350191116333,7.7532501220703125,14850.0,75.81999969482422,107.49099731445312,1230.8699951171875,22.211999893188477,4.361000061035156,0.6198398470878601,50.54999923706055,1.4166300296783447,31.860000610351562,29.975000381469727,1.378250002861023,17.380800247192383,5.343999862670898,70.7594985961914,1
2020-05-28,0.6620806455612183,7.1682000160217285,1.51528000831604,1.0663700103759766,0.8981900215148926,348.2650146484375,118.75299835205078,10.566189765930176,1.1016855239868164,132.197998046875,1.2264822721481323,7.753379821777344,14888.5,76.12999725341797,107.7979965209961,1238.300048828125,22.31138038635254,4.3480000495910645,0.618739128112793,50.709999084472656,1.4194300174713135,31.90399932861328,30.024999618530273,1.375480055809021,17.34111976623535,5.27269983291626,71.02230072021484,1
2020-05-29,0.6633498668670654,7.145199775695801,1.5255000591278076,1.0681300163269043,0.8991100192070007,349.36199951171875,119.22000122070312,10.542730331420898,1.1079105138778687,132.61399841308594,1.2321492433547974,7.752699851989746,14825.0,75.95999908447266,107.64299774169922,1237.97998046875,22.19890022277832,4.3480000495910645,0.6199781894683838,50.6349983215332,1.4170000553131104,31.854999542236328,29.90999984741211,1.3774000406265259,17.4773006439209,5.403600215911865,70.50489807128906,1
2020-06-01,0.6659784913063049,7.136300086975098,1.5317100286483765,1.0679999589920044,0.9003700017929077,346.3609924316406,119.74299621582031,10.478489875793457,1.1118524074554443,132.9499969482422,1.2347996234893799,7.752970218658447,14603.0,75.51319885253906,107.70800018310547,1230.469970703125,22.182300567626953,4.3420000076293945,0.6199012994766235,50.53900146484375,1.4117200374603271,31.489999771118164,29.944000244140625,1.3777999877929688,17.563499450683594,5.334799766540527,70.16010284423828,1
2020-06-02,0.6786000728607178,7.126699924468994,1.5111000537872314,1.069309949874878,0.8909500241279602,344.5320129394531,119.62999725341797,10.425999641418457,1.1125946044921875,134.27999877929688,1.248704433441162,7.751399993896484,14573.5,75.7300033569336,107.5479965209961,1222.989990234375,22.042400360107422,4.311999797821045,0.6281801462173462,50.41999816894531,1.4083399772644043,31.65999984741211,29.83300018310547,1.3582500219345093,17.38256072998047,5.366499900817871,69.07640075683594,1
2020-06-03,0.6914199590682983,7.099899768829346,1.5112600326538086,1.0755000114440918,0.8890500068664551,345.4570007324219,121.71800231933594,10.428589820861816,1.118943691253662,136.85000610351562,1.2581465244293213,7.750500202178955,14343.8232421875,75.06580352783203,108.80899810791016,1219.1400146484375,21.723800659179688,4.272500038146973,0.6385492086410522,50.05319595336914,1.3996599912643433,31.549999237060547,29.8710994720459,1.3509999513626099,17.1514892578125,5.1992998123168945,68.66010284423828,1
2020-06-04,0.6929046511650085,7.114699840545654,1.5156899690628052,1.0801000595092773,0.8933600187301636,344.7950134277344,122.46299743652344,10.436090469360352,1.1235954761505127,137.0399932861328,1.2575136423110962,7.75,14130.0,75.54499816894531,108.9990005493164,1215.8199462890625,21.720800399780273,4.254499912261963,0.6428387761116028,49.89500045776367,1.3971500396728516,31.559999465942383,29.857999801635742,1.3493800163269043,16.89539909362793,5.061600208282471,68.49749755859375,1
2020-06-05,0.6939899921417236,7.1092000007629395,1.5305800437927246,1.083340048789978,0.8989899754524231,344.36700439453125,123.73200225830078,10.426190376281738,1.1337867975234985,137.60800170898438,1.2609069347381592,7.750100135803223,14085.447265625,75.49089813232422,109.1500015258789,1215.3800048828125,21.90247917175293,4.270500183105469,0.6463789939880371,49.900001525878906,1.3973400592803955,31.503000259399414,29.845199584960938,1.350160002708435,16.875200271606445,5.117199897766113,69.02729797363281,1
2020-06-08,0.700239896774292,7.080999851226807,1.5159200429916382,1.0879499912261963,0.8894400000572205,343.3949890136719,124.1036605834961,10.359100341796875,1.1319515705108643,139.49000549316406,1.2725722789764404,7.750120162963867,13863.0,75.5177001953125,109.63400268554688,1201.1099853515625,21.474899291992188,4.264999866485596,0.6537613868713379,49.73099899291992,1.391129970550537,31.440000534057617,29.71299934387207,1.3392800092697144,16.750999450683594,4.959499835968018,68.13680267333984,1
2020-06-09,0.7024494409561157,7.070300102233887,1.5115100145339966,1.082200050354004,0.8876799941062927,343.4729919433594,122.55599975585938,10.385930061340332,1.1305567026138306,138.04800415039062,1.2735283374786377,7.751500129699707,14070.7998046875,75.625,108.40899658203125,1195.72998046875,21.472999572753906,4.257500171661377,0.6567497253417969,49.827999114990234,1.3873000144958496,31.39900016784668,29.649999618530273,1.3367999792099,16.65060043334961,4.821599960327148,68.0905990600586,1
2020-06-10,0.6942998170852661,7.076300144195557,1.5205999612808228,1.0777100324630737,0.891480028629303,343.95599365234375,122.1449966430664,10.438799858093262,1.1332215070724487,137.00100708007812,1.2711325883865356,7.750999927520752,13852.103515625,75.50980377197266,107.7969970703125,1197.300048828125,21.88743019104004,4.2729997634887695,0.6497303247451782,49.826171875,1.3902499675750732,31.33099937438965,29.594999313354492,1.3422000408172607,16.583599090576172,4.898399829864502,68.5863037109375,1
2020-06-11,0.6968300938606262,7.059999942779541,1.5261800289154053,1.0724899768829346,0.8941400051116943,343.3389892578125,121.58399963378906,10.456000328063965,1.1365444660186768,135.95899963378906,1.2710679769515991,7.749899864196777,13947.443359375,75.875,106.98100280761719,1189.739990234375,21.976980209350586,4.249000072479248,0.6510586142539978,49.814998626708984,1.3850899934768677,31.107999801635742,29.55299949645996,1.3428399562835693,16.491500854492188,4.9721999168396,68.41739654541016,1
2020-06-12,0.6830880641937256,7.0640997886657715,1.5394200086593628,1.0657999515533447,0.8977000117301941,345.6289978027344,120.55899810791016,10.538100242614746,1.1288082599639893,134.2899932861328,1.257703423500061,7.750199794769287,14475.0,76.38999938964844,106.8030014038086,1204.760009765625,22.854660034179688,4.247000217437744,0.6413010954856873,50.290870666503906,1.3939199447631836,31.09000015258789,29.524999618530273,1.3637900352478027,17.1998291015625,4.974999904632568,70.06759643554688,1
2020-06-15,0.6825007200241089,7.082399845123291,1.5343400239944458,1.0704699754714966,0.8994500041007996,346.53399658203125,120.73699951171875,10.510199546813965,1.1252011060714722,134.22000122070312,1.2508755922317505,7.75,14118.0,75.95680236816406,107.31099700927734,1202.6099853515625,22.488540649414062,4.26800012588501,0.6417208313941956,50.29100036621094,1.3942999839782715,31.010000228881836,29.62809944152832,1.3637100458145142,17.173349380493164,5.047800064086914,69.50640106201172,1
2020-06-16,0.695820152759552,7.090799808502197,1.5343300104141235,1.0758999586105347,0.8970000147819519,345.7799987792969,121.81999969482422,10.502829551696777,1.1337740421295166,135.77000427246094,1.2637752294540405,7.750010013580322,13988.119140625,75.97799682617188,107.46399688720703,1206.9000244140625,22.155460357666016,4.276500225067139,0.6499203443527222,50.23500061035156,1.3891700506210327,30.965999603271484,29.479999542236328,1.3533899784088135,17.089750289916992,5.153206825256348,69.57250213623047,1
2020-06-17,0.6895315051078796,7.085999965667725,1.5246000289916992,1.0715399980545044,0.895110011100769,345.10101318359375,121.0009994506836,10.542969703674316,1.1265701055526733,135.14500427246094,1.258510708808899,7.749800205230713,14275.0,76.65499877929688,107.41000366210938,1211.1500244140625,22.26922035217285,4.275000095367432,0.6460198760032654,49.970001220703125,1.3936500549316406,31.094999313354492,29.485000610351562,1.353350043296814,17.166000366210938,5.243599891662598,69.58689880371094,1
2020-06-18,0.6875702142715454,7.084499835968018,1.5262399911880493,1.0665299892425537,0.895579993724823,344.40899658203125,120.17582702636719,10.48915958404541,1.1242902278900146,134.16200256347656,1.2552721500396729,7.749899864196777,14102.7353515625,76.55000305175781,106.89399719238281,1214.3499755859375,22.341400146484375,4.2779998779296875,0.6446402072906494,50.150001525878906,1.393839955329895,31.110000610351562,29.489999771118164,1.3575799465179443,17.181020736694336,5.22790002822876,69.72799682617188,1
2020-06-19,0.6857205629348755,7.088399887084961,1.5231000185012817,1.0667200088500977,0.9018999934196472,345.88299560546875,119.91400146484375,10.532349586486816,1.1211000680923462,132.94000244140625,1.2426837682724,7.75,13997.6923828125,76.40039825439453,107.00599670410156,1211.3599853515625,22.67639923095703,4.2754998207092285,0.642937958240509,50.16999816894531,1.3939100503921509,31.079999923706055,29.5939998626709,1.3592400550842285,17.370399475097656,5.377200126647949,69.92019653320312,1
2020-06-22,0.6822911500930786,7.071300029754639,1.5220799446105957,1.0644500255584717,0.9051399827003479,345.75299072265625,119.40399932861328,10.576589584350586,1.1177555322647095,131.8990020751953,1.234811782836914,7.750010013580322,14093.0,76.2520980834961,106.83100128173828,1210.8900146484375,22.64150047302246,4.264999866485596,0.6402007341384888,50.05699920654297,1.3980900049209595,31.0,29.583999633789062,1.3617000579833984,17.38610076904297,5.309999942779541,69.64710235595703,1
2020-06-23,0.6931601762771606,7.067399978637695,1.5229500532150269,1.0679199695587158,0.902209997177124,346.7279968261719,120.58300018310547,10.540769577026367,1.1279679536819458,133.62399291992188,1.250156283378601,7.75,14080.134765625,75.78980255126953,106.90299987792969,1208.0,22.399099349975586,4.270500183105469,0.649599552154541,50.13999938964844,1.3908900022506714,30.950000762939453,29.434999465942383,1.3501800298690796,17.255800247192383,5.2519001960754395,69.091796875,1
2020-06-24,0.6940299272537231,7.057400226593018,1.5319099426269531,1.068519949913025,0.9031400084495544,348.97698974609375,120.4010009765625,10.501199722290039,1.1312345266342163,133.28799438476562,1.2524893283843994,7.750100135803223,14113.177734375,75.60780334472656,106.43199920654297,1207.949951171875,22.389150619506836,4.276000022888184,0.6500301957130432,50.04499816894531,1.3904199600219727,30.8700008392334,29.54800033569336,1.3542200326919556,17.18670082092285,5.151000022888184,68.72429656982422,1
2020-06-25,0.685678243637085,7.077199935913086,1.534980058670044,1.0667500495910645,0.9062899947166443,351.4320068359375,120.42900085449219,10.546979904174805,1.1250872611999512,132.85400390625,1.2412954568862915,7.7505998611450195,14289.2998046875,75.97000122070312,107.04399871826172,1205.25,22.790279388427734,4.276000022888184,0.6404016613960266,50.11000061035156,1.393630027770996,30.86199951171875,29.395000457763672,1.3643800020217896,17.392499923706055,5.34660005569458,69.4905014038086,1
2020-06-26,0.6888190507888794,7.077199935913086,1.5293999910354614,1.0637799501419067,0.9029399752616882,353.6860046386719,120.19999694824219,10.456379890441895,1.1222084760665894,133.10000610351562,1.2425447702407837,7.751500129699707,14376.2001953125,75.53980255126953,107.15499877929688,1201.52001953125,22.679399490356445,4.276500225067139,0.6430785655975342,49.974998474121094,1.3911000490188599,30.8700008392334,29.3799991607666,1.3634999990463257,17.127300262451172,5.359499931335449,69.05829620361328,1
2020-06-29,0.6861910820007324,7.077199935913086,1.5350600481033325,1.063599944114685,0.9093000292778015,354.9119873046875,120.3280029296875,10.476300239562988,1.1225864887237549,132.31700134277344,1.2342174053192139,7.75,14213.0,75.61979675292969,107.21800231933594,1202.6300048828125,23.05470085144043,4.28849983215332,0.6419391632080078,49.96900177001953,1.3933099508285522,30.899999618530273,29.52199935913086,1.3678300380706787,17.298900604248047,5.480899810791016,69.72429656982422,1
2020-06-30,0.6871907711029053,7.079599857330322,1.5359400510787964,1.0693999528884888,0.9135599732398987,356.0710144042969,121.00399780273438,10.48328971862793,1.1247202157974243,132.43099975585938,1.2310571670532227,7.750199794769287,14470.2001953125,75.69999694824219,107.58999633789062,1198.489990234375,23.056570053100586,4.28249979019165,0.6427395939826965,49.685001373291016,1.393339991569519,30.875,29.411500930786133,1.3656599521636963,17.219200134277344,5.402100086212158,69.9729995727539,1
2020-07-01,0.69020015001297,7.0644001960754395,1.5248600244522095,1.063599944114685,0.9065999984741211,354.3559875488281,121.31199645996094,10.469300270080566,1.1235954761505127,133.78550720214844,1.2389271259307861,7.7505998611450195,14194.05078125,75.75,107.98899841308594,1198.3900146484375,23.004499435424805,4.2820000648498535,0.6451113224029541,49.69713592529297,1.3936599493026733,30.889999389648438,29.395999908447266,1.3574199676513672,17.341920852661133,5.461699962615967,71.15070343017578,1
2020-07-02,0.6913239359855652,7.070099830627441,1.5292799472808838,1.0640300512313843,0.9025999903678894,352.364990234375,120.8010025024414,10.474249839782715,1.1251378059387207,133.81900024414062,1.2464786767959595,7.750500202178955,14187.8583984375,75.45490264892578,107.36599731445312,1200.699951171875,22.711599349975586,4.283999919891357,0.6479201316833496,49.6902961730957,1.3935999870300293,31.02199935913086,29.42770004272461,1.3590999841690063,17.0393009185791,5.316199779510498,70.85870361328125,1
2020-07-03,0.6919199228286743,7.065499782562256,1.5249099731445312,1.0625900030136108,0.901390016078949,351.0580139160156,120.79900360107422,10.467499732971191,1.1237848997116089,133.99099731445312,1.2466403245925903,7.750199794769287,14298.779296875,74.72100067138672,107.49700164794922,1198.1700439453125,22.477819442749023,4.2829999923706055,0.65091872215271,49.54499816894531,1.395050048828125,31.09000015258789,29.432100296020508,1.356969952583313,16.955299377441406,5.35890007019043,70.58830261230469,1
2020-07-06,0.694840133190155,7.065400123596191,1.5233999490737915,1.0627000331878662,0.9014899730682373,353.010986328125,120.98999786376953,10.463800430297852,1.1247202157974243,134.19700622558594,1.247551679611206,7.7501301765441895,14503.0,74.6792984008789,107.5790023803711,1198.5,22.38545036315918,4.284999847412109,0.6538383364677429,49.46699905395508,1.3938100337982178,31.110000610351562,29.451000213623047,1.3549100160598755,17.041669845581055,5.311399936676025,71.33110046386719,1
2020-07-07,0.6976999044418335,7.017300128936768,1.5315699577331543,1.0653899908065796,0.9052900075912476,351.99200439453125,121.4540023803711,10.45044994354248,1.1312856674194336,134.13499450683594,1.249547004699707,7.750699996948242,14206.5087890625,74.60759735107422,107.35900115966797,1190.9300537109375,22.31100082397461,4.275000095367432,0.6558882594108582,49.30500030517578,1.3919099569320679,31.049999237060547,29.40410041809082,1.3538899421691895,16.979650497436523,5.354300022125244,71.78800201416016,1
2020-07-08,0.6942322850227356,7.012899875640869,1.5335999727249146,1.0622999668121338,0.8988999724388123,354.114990234375,121.29399871826172,10.43589973449707,1.1275228261947632,134.91200256347656,1.2542802095413208,7.750500202178955,14483.5,75.125,107.5780029296875,1195.699951171875,22.792699813842773,4.2729997634887695,0.6549388766288757,49.51499938964844,1.3953700065612793,31.200000762939453,29.479000091552734,1.3603999614715576,17.16214942932129,5.377799987792969,71.41000366210938,1
2020-07-09,0.6989096999168396,7.003499984741211,1.5324900150299072,1.0636999607086182,0.8987799882888794,354.6409912109375,121.61000061035156,10.395000457763672,1.1339154243469238,135.2899932861328,1.2613521814346313,7.750120162963867,14349.5654296875,74.93990325927734,107.28299713134766,1192.02001953125,22.67180061340332,4.267000198364258,0.6574016809463501,49.54999923706055,1.3907999992370605,31.170000076293945,29.340200424194336,1.3517199754714966,16.90169906616211,5.342599868774414,71.2041015625,1
2020-07-10,0.695894181728363,6.993100166320801,1.5329500436782837,1.0614500045776367,0.8954300284385681,353.0480041503906,121.04399871826172,10.410380363464355,1.1287955045700073,135.1300048828125,1.2605094909667969,7.750120162963867,14545.7001953125,75.33999633789062,107.23600006103516,1195.77001953125,22.60260009765625,4.261000156402588,0.6569395661354065,49.45000076293945,1.391800045967102,31.260000228881836,29.329999923706055,1.3580000400543213,16.824970245361328,5.337800025939941,70.74440002441406,1
2020-07-13,0.6950284838676453,6.992000102996826,1.5378600358963013,1.0636999607086182,0.8956000208854675,353.1440124511719,120.91223907470703,10.397100448608398,1.1310042142868042,134.98800659179688,1.2627506256103516,7.751440048217773,14428.0,75.15850067138672,106.91000366210938,1199.52001953125,22.488399505615234,4.264500141143799,0.6574997901916504,49.430999755859375,1.3909000158309937,31.329999923706055,29.46299934387207,1.3597999811172485,16.807449340820312,5.326900005340576,70.69750213623047,1
2020-07-14,0.6940106749534607,6.996399879455566,1.544119954109192,1.06850004196167,0.9038199782371521,355.0790100097656,121.70500183105469,10.417710304260254,1.134549617767334,134.63800048828125,1.255177617073059,7.750800132751465,14584.0,75.44999694824219,107.2760009765625,1203.780029296875,22.709800720214844,4.262499809265137,0.6538383364677429,49.435001373291016,1.389799952507019,31.389999389648438,29.45599937438965,1.3610399961471558,16.78580093383789,5.401500225067139,70.77159881591797,1
2020-07-15,0.6988999247550964,6.995800018310547,1.551650047302246,1.0719300508499146,0.9077699780464172,354.8909912109375,122.36900329589844,10.352350234985352,1.1410704851150513,134.78399658203125,1.25692880153656,7.750899791717529,14715.400390625,75.57499694824219,107.24500274658203,1203.97998046875,22.395999908447266,4.26800012588501,0.654360294342041,49.415000915527344,1.3906099796295166,31.510000228881836,29.387699127197266,1.3599400520324707,16.683500289916992,5.366799831390381,70.95809936523438,1
2020-07-16,0.7009181976318359,6.987800121307373,1.542080044746399,1.0776000022888184,0.9066900014877319,353.39300537109375,122.0199966430664,10.351799964904785,1.1417193412780762,134.58999633789062,1.2591001987457275,7.752200126647949,14561.171875,75.1249008178711,106.91699981689453,1200.469970703125,22.318199157714844,4.260000228881836,0.6573001742362976,49.5,1.3892699480056763,31.530000686645508,29.476999282836914,1.3506900072097778,16.572799682617188,5.366948127746582,71.00430297851562,1
2020-07-17,0.6978002190589905,6.9882001876831055,1.5453599691390991,1.07669997215271,0.9067000150680542,353.6830139160156,122.16600036621094,10.300000190734863,1.139211654663086,134.718994140625,1.2559500932693481,7.753699779510498,14552.2099609375,75.17449951171875,107.27799987792969,1204.22998046875,22.411680221557617,4.265500068664551,0.6542105078697205,49.54499816894531,1.3918700218200684,31.700000762939453,29.36389923095703,1.3568899631500244,16.72599983215332,5.330699920654297,71.54840087890625,1
2020-07-20,0.7004998922348022,6.991199970245361,1.5531200170516968,1.0736000537872314,0.9101499915122986,352.8160095214844,122.52899932861328,10.329010009765625,1.1442956924438477,134.61199951171875,1.2571184635162354,7.752799987792969,14688.0,74.89730072021484,107.08999633789062,1202.530029296875,22.492469787597656,4.262499809265137,0.6562497615814209,49.36899948120117,1.389359951019287,31.639999389648438,29.45400047302246,1.3574800491333008,16.66029930114746,5.385300159454346,71.82530212402344,1
2020-07-21,0.7025925517082214,6.9822998046875,1.5492000579833984,1.075600028038025,0.9047999978065491,351.8160095214844,122.8239974975586,10.26218032836914,1.1458691358566284,135.7100067138672,1.266175389289856,7.751800060272217,14949.2998046875,74.98999786376953,107.19599914550781,1200.030029296875,22.488540649414062,4.257999897003174,0.6581414937973022,49.36000061035156,1.388200044631958,31.740999221801758,29.44700050354004,1.352489948272705,16.61693000793457,5.327700138092041,71.4906997680664,1
2020-07-22,0.7135599255561829,6.979700088500977,1.5510200262069702,1.075569987297058,0.9059500098228455,349.9989929199219,123.21299743652344,10.227100372314453,1.15340256690979,135.99000549316406,1.2730745077133179,7.750790119171143,14626.8623046875,74.7699966430664,106.83200073242188,1192.739990234375,22.29680061340332,4.258999824523926,0.6646903157234192,49.369998931884766,1.3829699754714966,31.510000228881836,29.402000427246094,1.3447799682617188,16.383899688720703,5.1697998046875,70.69709777832031,1
2020-07-23,0.7140816450119019,6.998700141906738,1.551759958267212,1.0752700567245483,0.9085100293159485,347.7850036621094,123.95500183105469,10.258600234985352,1.1568717956542969,136.4149932861328,1.2729934453964233,7.752799987792969,14630.0,74.81999969482422,107.17500305175781,1197.22998046875,22.37017059326172,4.250500202178955,0.6657390594482422,49.400001525878906,1.3854999542236328,31.621000289916992,29.431699752807617,1.3417199850082397,16.47974967956543,5.118100166320801,71.12989807128906,1
2020-07-24,0.7100104689598083,7.0030999183654785,1.554260015487671,1.073099970817566,0.9108099937438965,346.14898681640625,123.88999938964844,10.25631046295166,1.1596084833145142,136.0030059814453,1.2730745077133179,7.7515997886657715,14578.904296875,74.80729675292969,106.83799743652344,1200.93994140625,22.478200912475586,4.254000186920166,0.663561224937439,49.47999954223633,1.3854999542236328,31.709999084472656,29.426700592041016,1.3403799533843994,16.634199142456055,5.210599899291992,71.30490112304688,1
2020-07-27,0.7098188996315002,7.01609992980957,1.5628999471664429,1.073140025138855,0.910610020160675,345.8169860839844,123.49800109863281,10.296239852905273,1.1652567386627197,135.60699462890625,1.2795906066894531,7.750879764556885,14603.0,74.75980377197266,105.99299621582031,1200.489990234375,22.287200927734375,4.260000228881836,0.6644695401191711,49.32500076293945,1.381700038909912,31.600000381469727,29.451000213623047,1.3416800498962402,16.66230010986328,5.229100227355957,71.70999908447266,1
2020-07-28,0.7159000635147095,6.993199825286865,1.5698299407958984,1.0821599960327148,0.9130300283432007,345.8240051269531,123.89099884033203,10.259599685668945,1.1769275665283203,135.63999938964844,1.2889753580093384,7.751200199127197,14614.5,75.0,105.26100158691406,1195.9200439453125,21.936100006103516,4.25,0.6688382029533386,49.150001525878906,1.3780100345611572,31.440000534057617,29.18000030517578,1.3338899612426758,16.388399124145508,5.141421794891357,71.54010009765625,1
2020-07-29,0.71602463722229,6.99970006942749,1.5678499937057495,1.075600028038025,0.9066799879074097,346.6659851074219,123.1719970703125,10.281700134277344,1.171879529953003,135.8280029296875,1.292373776435852,7.750199794769287,14633.5,75.08999633789062,105.10700225830078,1199.3699951171875,21.933399200439453,4.249000072479248,0.6660600900650024,49.185001373291016,1.378600001335144,31.459999084472656,29.312000274658203,1.3379600048065186,16.47089958190918,5.152299880981445,72.4740982055664,1
2020-07-30,0.7171697616577148,7.00029993057251,1.5718799829483032,1.0749900341033936,0.9075700044631958,345.0799865722656,123.75,10.286279678344727,1.1782865524291992,136.3509979248047,1.298246145248413,7.750120162963867,14458.3447265625,74.8311996459961,105.03199768066406,1190.72998046875,21.97249984741211,4.240499973297119,0.6656593084335327,49.03499984741211,1.3746299743652344,31.422000885009766,29.259000778198242,1.3342000246047974,16.548179626464844,5.168799877166748,72.47579956054688,1
2020-07-31,0.7203676700592041,7.007299900054932,1.5920000076293945,1.0786800384521484,0.904990017414093,344.7699890136719,124.26000213623047,10.305299758911133,1.1872254610061646,137.3000030517578,1.311785101890564,7.749899864196777,14486.6689453125,74.98999786376953,104.68299865722656,1189.56005859375,21.995399475097656,4.236999988555908,0.6696891784667969,49.084999084472656,1.3712400197982788,31.309999465942383,29.15999984741211,1.3412799835205078,16.725099563598633,5.153900146484375,73.32150268554688,1
2020-08-03,0.7146890163421631,6.9741997718811035,1.5784000158309937,1.076200008392334,0.8992300033569336,344.02899169921875,124.72599792480469,10.33965015411377,1.1782310009002686,138.68600463867188,1.3101695775985718,7.75,14593.0,74.91780090332031,105.86599731445312,1193.3900146484375,22.26059913635254,4.236999988555908,0.6637109518051147,49.106998443603516,1.3741999864578247,31.260000228881836,29.309999465942383,1.3397200107574463,17.022380828857422,5.221199989318848,74.3550033569336,1
2020-08-04,0.7117944359779358,6.979400157928467,1.5753300189971924,1.0791800022125244,0.8992999792098999,344.22900390625,124.7020034790039,10.262829780578613,1.1763322353363037,138.63999938964844,1.3078734874725342,7.750699996948242,14540.9208984375,75.33000183105469,106.02999877929688,1191.760009765625,22.625699996948242,4.222499847412109,0.6615402102470398,49.189998626708984,1.3762799501419067,31.209999084472656,29.24799919128418,1.339400053024292,17.18600082397461,5.318699836730957,73.03669738769531,1
2020-08-05,0.7177102565765381,6.972700119018555,1.570889949798584,1.0781400203704834,0.9028400182723999,345.9079895019531,124.78099822998047,10.285590171813965,1.181544303894043,138.19200134277344,1.3086093664169312,7.750199794769287,14720.0,75.25,105.61399841308594,1192.25,22.628400802612305,4.218999862670898,0.664548933506012,48.98500061035156,1.372040033340454,31.010000228881836,29.264999389648438,1.3295799493789673,17.35236930847168,5.290200233459473,73.38890075683594,1
2020-08-06,0.7199097275733948,6.934599876403809,1.574869990348816,1.0780600309371948,0.904420018196106,344.6090087890625,125.31400299072266,10.256429672241211,1.187281847000122,138.54100036621094,1.3126804828643799,7.751100063323975,14307.642578125,74.8822021484375,105.5530014038086,1185.1800537109375,22.371639251708984,4.192500114440918,0.664818525314331,49.071998596191406,1.3693499565124512,31.02400016784668,29.33810043334961,1.3264800310134888,17.324199676513672,5.290900230407715,72.81439971923828,1
2020-08-07,0.7230997681617737,6.952400207519531,1.581470012664795,1.0805799961090088,0.9037500023841858,346.010009765625,125.37300109863281,10.316499710083008,1.1876484155654907,138.69900512695312,1.3138015270233154,7.750400066375732,14568.45703125,74.8998031616211,105.58100128173828,1183.1700439453125,22.402849197387695,4.185999870300293,0.6684491634368896,48.73500061035156,1.369189977645874,31.079999923706055,29.36910057067871,1.3318400382995605,17.417200088500977,5.331299781799316,73.16230010986328,1
2020-08-10,0.7157120108604431,6.9670000076293945,1.5770000219345093,1.075260043144226,0.9026399850845337,345.9049987792969,124.69999694824219,10.307000160217285,1.1782727241516113,138.14599609375,1.3052273988723755,7.749959945678711,14618.0,75.0248031616211,105.8499984741211,1188.1500244140625,22.404619216918945,4.184999942779541,0.6601095795631409,49.09400177001953,1.3727799654006958,31.200000762939453,29.42099952697754,1.3386800289154053,17.668550491333008,5.43720006942749,73.71499633789062,1
2020-08-11,0.7158001661300659,6.9608001708984375,1.5674200057983398,1.0745199918746948,0.8975399732589722,344.4649963378906,124.37999725341797,10.277199745178223,1.1737778186798096,138.57000732421875,1.3077194690704346,7.749929904937744,14823.7998046875,75.0999984741211,105.99199676513672,1185.18994140625,22.45709991455078,4.192999839782715,0.6593479514122009,49.119998931884766,1.3738000392913818,31.100000381469727,29.312999725341797,1.3353999853134155,17.65690040588379,5.480500221252441,73.5260009765625,1
2020-08-12,0.7145199775695801,6.945300102233887,1.5621000528335571,1.0765800476074219,0.8992499709129333,344.5769958496094,125.01399993896484,10.283129692077637,1.1736538410186768,139.0019989013672,1.3050740957260132,7.749899864196777,14858.5,74.9000015258789,106.52100372314453,1184.97998046875,22.411399841308594,4.192500114440918,0.6569395661354065,49.005001068115234,1.3735899925231934,31.139999389648438,29.31800079345703,1.3310500383377075,17.491300582885742,5.38040018081665,73.06490325927734,1
2020-08-13,0.7164863348007202,6.936200141906738,1.5618900060653687,1.0753400325775146,0.9039300084114075,344.9630126953125,125.99099731445312,10.233779907226562,1.179380178451538,139.3300018310547,1.3048017024993896,7.750999927520752,14670.8095703125,74.77210235595703,106.8219985961914,1182.75,22.340900421142578,4.190999984741211,0.6576480865478516,48.939998626708984,1.3711999654769897,31.06999969482422,29.296199798583984,1.3243600130081177,17.451099395751953,5.434999942779541,73.7780990600586,1
2020-08-14,0.7148800492286682,6.943600177764893,1.562059998512268,1.0748900175094604,0.9039999842643738,344.97698974609375,126.41699981689453,10.261039733886719,1.1816558837890625,139.822998046875,1.3070528507232666,7.749579906463623,14673.4970703125,75.02999877929688,106.98600006103516,1184.1199951171875,22.153900146484375,4.189000129699707,0.6547288298606873,48.74590301513672,1.3727799654006958,31.03499984741211,29.338899612426758,1.3219599723815918,17.408199310302734,5.367000102996826,72.91449737548828,1
2020-08-17,0.7192589044570923,6.949399948120117,1.5706900358200073,1.076949954032898,0.9043999910354614,345.87701416015625,126.2699966430664,10.280799865722656,1.1852554082870483,139.63699340820312,1.3107001781463623,7.750589847564697,14788.0,74.90280151367188,106.55400085449219,1186.0400390625,21.933500289916992,4.188000202178955,0.6543817520141602,48.654998779296875,1.3700300455093384,31.09000015258789,29.381999969482422,1.3252400159835815,17.362699508666992,5.42080020904541,72.95719909667969,1
2020-08-18,0.7218131422996521,6.93179988861084,1.569949984550476,1.0764700174331665,0.9059000015258789,348.6319885253906,125.87300109863281,10.308879852294922,1.1876484155654907,138.92300415039062,1.3107877969741821,7.750199794769287,14969.400390625,75.0,105.99500274658203,1183.0999755859375,22.142200469970703,4.189000129699707,0.6554712057113647,48.6349983215332,1.3677899837493896,31.149999618530273,29.3356990814209,1.3221800327301025,17.499500274658203,5.508299827575684,73.63020324707031,1
2020-08-19,0.7257947325706482,6.92080020904541,1.5719900131225586,1.0782999992370605,0.9014000296592712,348.4460144042969,125.70999908447266,10.308150291442871,1.1947859525680542,139.45599365234375,1.325398564338684,7.750199794769287,14598.072265625,74.79499816894531,105.2239990234375,1183.6400146484375,22.13129997253418,4.180500030517578,0.6610389947891235,48.584999084472656,1.3636800050735474,31.149999618530273,29.354700088500977,1.3152300119400024,17.307470321655273,5.465400218963623,73.0459976196289,1
2020-08-20,0.7188039422035217,6.9191999435424805,1.56482994556427,1.0834300518035889,0.9034000039100647,348.6159973144531,125.63700103759766,10.298330307006836,1.1843500137329102,139.02999877929688,1.311079978942871,7.750800132751465,14694.197265625,74.966796875,106.0790023803711,1181.2099609375,22.174789428710938,4.170000076293945,0.6561594009399414,48.69499969482422,1.3694000244140625,31.299999237060547,29.416000366210938,1.32122004032135,17.250099182128906,5.556399822235107,73.25659942626953,1
2020-08-21,0.7206116914749146,6.91480016708374,1.563099980354309,1.0765999555587769,0.8977000117301941,348.18701171875,125.4229965209961,10.320699691772461,1.1873664855957031,139.67799377441406,1.3220343589782715,7.7505998611450195,14543.412109375,74.9999008178711,105.66500091552734,1184.2900390625,22.088300704956055,4.170000076293945,0.6542105078697205,48.6349983215332,1.3664300441741943,31.399999618530273,29.320999145507812,1.3172399997711182,17.243749618530273,5.5559000968933105,73.8687973022461,1
2020-08-24,0.7161374688148499,6.918499946594238,1.5548800230026245,1.0758899450302124,0.9009600281715393,349.7869873046875,124.90499877929688,10.368410110473633,1.1798018217086792,138.6199951171875,1.3094146251678467,7.749989986419678,14764.0,74.92179870605469,105.87699890136719,1191.199951171875,21.95966911315918,4.177499771118164,0.6538811326026917,48.70399856567383,1.3716200590133667,31.540000915527344,29.392000198364258,1.3179899454116821,17.140199661254883,5.618599891662598,74.7300033569336,1
2020-08-25,0.7168900370597839,6.918900012969971,1.558899998664856,1.0754799842834473,0.902239978313446,351.5570068359375,125.01100158691406,10.363180160522461,1.1794538497924805,138.5330047607422,1.307138204574585,7.750500202178955,14629.400390625,74.4000015258789,105.99299621582031,1188.25,21.972999572753906,4.172999858856201,0.6529998183250427,48.53499984741211,1.3703900575637817,31.503999710083008,29.290000915527344,1.3217600584030151,16.9593505859375,5.610599994659424,74.5999984741211,1
2020-08-26,0.7199320793151855,6.911900043487549,1.5580099821090698,1.0744999647140503,0.8998000025749207,352.364990234375,125.91999816894531,10.356410026550293,1.183501958847046,139.88999938964844,1.3152183294296265,7.75029993057251,14607.7001953125,74.45249938964844,106.40499877929688,1186.4599609375,21.894699096679688,4.166999816894531,0.6552993655204773,48.56999969482422,1.3679699897766113,31.43000030517578,29.290000915527344,1.3163000345230103,16.81631088256836,5.507400035858154,75.30889892578125,1
2020-08-27,0.7245011925697327,6.884900093078613,1.5553799867630005,1.0743399858474731,0.8955000042915344,355.2909851074219,125.3239974975586,10.305800437927246,1.1842728853225708,139.90499877929688,1.3219819068908691,7.750699996948242,14447.3828125,74.24009704589844,105.85600280761719,1183.8499755859375,21.930870056152344,4.166999816894531,0.6633411049842834,48.56800079345703,1.3651299476623535,31.233999252319336,29.281700134277344,1.3137999773025513,16.853300094604492,5.6072001457214355,75.5873031616211,1
2020-08-28,0.7269898653030396,6.889200210571289,1.5508500337600708,1.0743999481201172,0.8950999975204468,355.83599853515625,126.03199768066406,10.311829566955566,1.1819632053375244,140.7050018310547,1.3199577331542969,7.750100135803223,14446.00390625,73.77449798583984,106.63700103759766,1186.5799560546875,22.13290023803711,4.170000076293945,0.6645312905311584,48.494998931884766,1.365630030632019,31.264999389648438,29.323200225830078,1.3121600151062012,17.033599853515625,5.568699836730957,74.98410034179688,1
2020-08-31,0.7373000383377075,6.8643999099731445,1.5588500499725342,1.0768500566482544,0.8922899961471558,353.5450134277344,125.77300262451172,10.26449966430664,1.1918240785598755,140.93800354003906,1.3356484174728394,7.750349998474121,14618.0,73.12830352783203,105.53500366210938,1179.5899658203125,21.749900817871094,4.163000106811523,0.6745316982269287,48.35100173950195,1.3574999570846558,31.09000015258789,29.331499099731445,1.3080300092697144,16.570859909057617,5.389999866485596,74.13020324707031,1
2020-09-01,0.738099992275238,6.847700119018555,1.555899977684021,1.0788999795913696,0.8932899832725525,354.968994140625,126.54000091552734,10.323309898376465,1.193901538848877,141.65899658203125,1.3364516496658325,7.749969959259033,14599.7001953125,73.66999816894531,106.00399780273438,1187.0400390625,21.91254997253418,4.168000221252441,0.6732601523399353,48.36000061035156,1.3604400157928467,31.040000915527344,29.308000564575195,1.3035000562667847,16.947219848632812,5.490900039672852,73.81289672851562,1
2020-09-02,0.7378494143486023,6.827499866485596,1.5563700199127197,1.0841399431228638,0.889769971370697,355.52301025390625,126.25499725341797,10.345560073852539,1.1923214197158813,141.88099670410156,1.339943766593933,7.75029993057251,14818.599609375,73.2699966430664,105.89600372314453,1184.9200439453125,21.74530029296875,4.144999980926514,0.6768602132797241,48.560001373291016,1.3602999448776245,31.139999389648438,29.303499221801758,1.305299997329712,16.628170013427734,5.397299766540527,73.55960083007812,1
2020-09-03,0.7331109642982483,6.837299823760986,1.545140027999878,1.079509973526001,0.8873400092124939,357.7309875488281,125.82099914550781,10.326399803161621,1.184735894203186,141.77999877929688,1.335131287574768,7.750100135803223,14565.1474609375,73.24849700927734,106.20800018310547,1188.6500244140625,21.726900100708008,4.143499851226807,0.6767502427101135,48.599998474121094,1.3624299764633179,31.329999923706055,29.29290008544922,1.304460048675537,16.805200576782227,5.338699817657471,75.46269989013672,1
2020-09-04,0.725584089756012,6.845799922943115,1.5556000471115112,1.0774600505828857,0.8926500082015991,358.44500732421875,125.60099792480469,10.354069709777832,1.1839784383773804,140.67100524902344,1.3262248039245605,7.75,14545.9873046875,73.4478988647461,106.08599853515625,1190.780029296875,21.698699951171875,4.144999980926514,0.6689102053642273,48.71500015258789,1.3658699989318848,31.399999618530273,29.27899932861328,1.3139699697494507,16.75079917907715,5.289899826049805,75.29519653320312,1
2020-09-07,0.7282207608222961,6.8414998054504395,1.5473400354385376,1.081089973449707,0.8933799862861633,360.010986328125,125.8030014038086,10.338990211486816,1.183445930480957,140.80299377441406,1.3245735168457031,7.750189781188965,14741.0,73.29029846191406,106.31099700927734,1186.4200439453125,21.552949905395508,4.146999835968018,0.6712896227836609,48.57500076293945,1.36489999294281,31.3700008392334,29.323999404907227,1.307569980621338,16.620929718017578,5.301000118255615,75.31729888916016,1
2020-09-08,0.7280998229980469,6.829500198364258,1.5477900505065918,1.0831199884414673,0.8979600071907043,359.4230041503906,125.64399719238281,10.365500450134277,1.1821727752685547,139.89599609375,1.3162224292755127,7.750100135803223,14795.0,73.6500015258789,106.30500030517578,1186.81005859375,21.594200134277344,4.15500020980835,0.6691021919250488,48.529998779296875,1.3662999868392944,31.3700008392334,29.305200576782227,1.3095799684524536,16.70159912109375,5.298299789428711,75.71810150146484,1
2020-09-09,0.7209399938583374,6.845099925994873,1.557860016822815,1.080199956893921,0.9074000120162964,357.0790100097656,124.69499969482422,10.393899917602539,1.177024483680725,137.4010009765625,1.2968486547470093,7.750199794769287,14915.2001953125,73.78679656982422,105.96800231933594,1189.239990234375,21.872419357299805,4.164999961853027,0.6612619757652283,48.55500030517578,1.3712799549102783,31.3799991607666,29.246999740600586,1.3239099979400635,16.95669937133789,5.360599994659424,76.23699951171875,1
2020-09-10,0.727660059928894,6.8317999839782715,1.552489995956421,1.0766899585723877,0.9080100059509277,356.61700439453125,125.39199829101562,10.319840431213379,1.1806375980377197,138.0749969482422,1.2999167442321777,7.7505998611450195,14874.2001953125,73.55000305175781,106.23100280761719,1184.3800048828125,21.386999130249023,4.169000148773193,0.6682080030441284,48.654998779296875,1.3667000532150269,31.260000228881836,29.2810001373291,1.315250039100647,16.58370018005371,5.308499813079834,75.32369995117188,1
2020-09-11,0.7262997627258301,6.8333001136779785,1.5595300197601318,1.0763200521469116,0.9231500029563904,357.2380065917969,125.50399780273438,10.361040115356445,1.1824384927749634,135.9340057373047,1.2808295488357544,7.750199794769287,14857.470703125,73.52729797363281,106.14299774169922,1187.22998046875,21.436649322509766,4.1620001792907715,0.6646991968154907,48.48500061035156,1.3692599534988403,31.290000915527344,29.268600463867188,1.3189500570297241,16.838300704956055,5.320499897003174,75.14350128173828,1
2020-09-14,0.728151798248291,6.833399772644043,1.560610055923462,1.076200008392334,0.9244800209999084,357.05999755859375,125.67400360107422,10.392950057983398,1.1842728853225708,135.9239959716797,1.2806557416915894,7.750120162963867,14883.0,73.47859954833984,106.1449966430664,1186.969970703125,21.267499923706055,4.151500225067139,0.6685296297073364,48.5359992980957,1.367110013961792,31.299999237060547,29.281999588012695,1.318120002746582,16.702550888061523,5.316199779510498,74.86499786376953,1
2020-09-15,0.7286000847816467,6.809100151062012,1.563770055770874,1.0780199766159058,0.9235600233078003,357.0369873046875,125.46600341796875,10.399700164794922,1.187000036239624,135.8280029296875,1.2849671840667725,7.750199794769287,14983.5,73.61499786376953,105.71499633789062,1180.8399658203125,21.064800262451172,4.143499851226807,0.6699718832969666,48.452999114990234,1.3640999794006348,31.280000686645508,29.12299919128418,1.3176699876785278,16.64699935913086,5.2683000564575195,75.206298828125,1
2020-09-16,0.7296819686889648,6.780300140380859,1.5625100135803223,1.0760200023651123,0.919189989566803,357.552001953125,124.81600189208984,10.401920318603516,1.1844412088394165,135.7740020751953,1.2884771823883057,7.749810218811035,14869.599609375,73.80000305175781,105.38099670410156,1179.25,21.142000198364258,4.127999782562256,0.6710913777351379,48.25952911376953,1.3610600233078003,31.209999084472656,29.19499969482422,1.3192800283432007,16.411699295043945,5.2743000984191895,75.20050048828125,1
2020-09-17,0.7295500040054321,6.753699779510498,1.5557899475097656,1.0747400522232056,0.9107199907302856,358.9079895019531,124.00299835205078,10.39540958404541,1.1803449392318726,136.14300537109375,1.2959998846054077,7.750699996948242,14812.5869140625,73.55069732666016,105.06199645996094,1172.0699462890625,20.97916030883789,4.127999782562256,0.6721695065498352,48.31999969482422,1.3591099977493286,31.100000381469727,29.18000030517578,1.3181500434875488,16.264699935913086,5.236000061035156,74.86009979248047,1
2020-09-18,0.7313095927238464,6.764100074768066,1.5576000213623047,1.07614004611969,0.913100004196167,360.29901123046875,124.04000091552734,10.394749641418457,1.1848200559616089,135.82000732421875,1.2975554466247559,7.749899864196777,14788.0,73.58360290527344,104.697998046875,1168.6500244140625,20.8927001953125,4.13700008392334,0.6762696504592896,48.35499954223633,1.3571499586105347,31.15999984741211,29.122100830078125,1.315019965171814,16.13010025024414,5.237800121307373,74.95719909667969,1
2020-09-21,0.729341447353363,6.76800012588501,1.5632100105285645,1.079200029373169,0.915880024433136,360.02301025390625,123.80999755859375,10.382100105285645,1.1845533847808838,135.17799377441406,1.2932761907577515,7.749800205230713,14728.0,73.53479766845703,104.53700256347656,1163.989990234375,21.111759185791016,4.111999988555908,0.6758995056152344,48.470001220703125,1.3586699962615967,31.06999969482422,29.0049991607666,1.3197200298309326,16.285490036010742,5.389800071716309,75.54850006103516,1
2020-09-22,0.7231180667877197,6.803699970245361,1.5648200511932373,1.0768200159072876,0.9175999760627747,361.8059997558594,123.1729965209961,10.40470027923584,1.176800012588501,134.19500732421875,1.2820513248443604,7.749899864196777,14839.2001953125,73.57980346679688,104.69000244140625,1163.8499755859375,21.344839096069336,4.119999885559082,0.6666000485420227,48.43000030517578,1.3614000082015991,31.31999969482422,28.968700408935547,1.3300000429153442,16.759899139404297,5.412600040435791,76.29219818115234,1
2020-09-23,0.717442512512207,6.77839994430542,1.5567500591278076,1.076949954032898,0.9186000227928162,362.7080078125,122.97200012207031,10.43610954284668,1.1708368062973022,133.83799743652344,1.2744048833847046,7.749899864196777,14742.5859375,73.50299835205078,105.03399658203125,1162.5,21.67449951171875,4.131999969482422,0.6632398962974548,48.459999084472656,1.3647799491882324,31.368999481201172,29.033000946044922,1.329699993133545,16.765430450439453,5.469900131225586,76.01899719238281,1
2020-09-24,0.7069001197814941,6.808899879455566,1.5603400468826294,1.0770000219345093,0.9162999987602234,364.9020080566406,122.75900268554688,10.464889526367188,1.1658544540405273,133.90699768066406,1.2717468738555908,7.749899864196777,14803.9853515625,73.77839660644531,105.30400085449219,1169.72998046875,22.390399932861328,4.119999885559082,0.6545187830924988,48.58000183105469,1.3724000453948975,31.55900001525879,29.19230079650879,1.3383500576019287,17.064699172973633,5.592400074005127,76.79730224609375,1
2020-09-25,0.7057162523269653,6.827700138092041,1.5584800243377686,1.0816800594329834,0.9150500297546387,362.20599365234375,123.0719985961914,10.61670970916748,1.1673243045806885,134.45700073242188,1.2757054567337036,7.75,14839.578125,73.68240356445312,105.43499755859375,1168.5,22.138439178466797,4.165999889373779,0.6549903750419617,48.5,1.374650001525879,31.542999267578125,29.26409912109375,1.3351399898529053,16.900299072265625,5.508399963378906,77.02639770507812,1
2020-09-28,0.7041906118392944,6.822800159454346,1.5566600561141968,1.0799000263214111,0.9113699793815613,363.0050048828125,122.81999969482422,10.616399765014648,1.1635348796844482,134.74899291992188,1.2766826152801514,7.749889850616455,14863.0,73.69930267333984,105.5739974975586,1173.43994140625,22.309370040893555,4.169000148773193,0.6551792025566101,48.4640007019043,1.376099944114685,31.597999572753906,29.251800537109375,1.33788001537323,17.11050033569336,5.561100006103516,78.10379791259766,1
2020-09-29,0.7095197439193726,6.810800075531006,1.559790015220642,1.078819990158081,0.9071400165557861,365.6340026855469,123.12999725341797,10.542670249938965,1.167883276939392,135.7050018310547,1.2873492240905762,7.750100135803223,14893.599609375,73.9749984741211,105.43299865722656,1166.4100341796875,22.34910011291504,4.172999858856201,0.6568015217781067,48.367000579833984,1.3708000183105469,31.604000091552734,29.100000381469727,1.3356800079345703,16.996700286865234,5.660200119018555,79.1613998413086,1
2020-09-30,0.714360237121582,6.815400123596191,1.5713900327682495,1.079450011253357,0.9126399755477905,364.9339904785156,124.05000305175781,10.526860237121582,1.1742050647735596,135.9250030517578,1.2866535186767578,7.749800205230713,14910.0,73.84500122070312,105.66400146484375,1167.8599853515625,22.37350082397461,4.15500020980835,0.6600921154022217,48.35499954223633,1.3680000305175781,31.562999725341797,28.889999389648438,1.338379979133606,16.926979064941406,5.630499839782715,78.96510314941406,1
2020-10-01,0.716650664806366,6.789700031280518,1.559980034828186,1.0793999433517456,0.9071900248527527,363.1180114746094,123.6259994506836,10.492670059204102,1.1726078987121582,136.19900512695312,1.2917560338974,7.749899864196777,14879.0,73.70500183105469,105.45099639892578,1163.780029296875,22.081600189208984,4.152500152587891,0.6622779369354248,48.48500061035156,1.3646999597549438,31.610000610351562,28.91200065612793,1.330530047416687,16.73080062866211,5.608399868011475,77.66560363769531,1
2020-10-02,0.7182875871658325,6.789400100708008,1.5603300333023071,1.0792399644851685,0.9113699793815613,358.42401123046875,123.94999694824219,10.476140022277832,1.1744946241378784,135.99000549316406,1.2886265516281128,7.75,14817.55859375,73.21700286865234,105.54299926757812,1161.97998046875,21.844730377197266,4.1479997634887695,0.6651412844657898,48.367000579833984,1.3630800247192383,31.56999969482422,28.867000579833984,1.3284000158309937,16.448999404907227,5.642000198364258,77.2061996459961,1
2020-10-05,0.7177205085754395,6.78980016708374,1.5577199459075928,1.0758099555969238,0.9063100218772888,358.385009765625,123.6500015258789,10.45026969909668,1.1720443964004517,136.4199981689453,1.2931090593338013,7.75,14853.0,73.32240295410156,105.51000213623047,1165.3599853515625,21.594999313354492,4.1620001792907715,0.6639797687530518,48.486000061035156,1.3628000020980835,31.549999237060547,28.920000076293945,1.3291000127792358,16.458999633789062,5.681600093841553,78.13999938964844,1
2020-10-06,0.7193209528923035,6.78980016708374,1.5629899501800537,1.078879952430725,0.9074000120162964,360.625,124.625,10.477330207824707,1.1792453527450562,137.3249969482422,1.2992581129074097,7.750060081481934,14780.1826171875,73.1082992553711,105.70700073242188,1156.0899658203125,21.363250732421875,4.149499893188477,0.6653802394866943,48.349998474121094,1.3597500324249268,31.270000457763672,28.7052001953125,1.325700044631958,16.54829978942871,5.573400020599365,78.1093978881836,1
2020-10-07,0.7110099792480469,6.78980016708374,1.5634900331497192,1.0769200325012207,0.9109200239181519,360.343994140625,123.98899841308594,10.496020317077637,1.1737639904022217,136.09500122070312,1.2883278131484985,7.749899864196777,14773.0,73.81500244140625,105.63999938964844,1163.8900146484375,21.688230514526367,4.150000095367432,0.6590003371238708,48.470001220703125,1.3624399900436401,31.273000717163086,28.80699920654297,1.332129955291748,16.68829917907715,5.593800067901611,78.372802734375,1
2020-10-08,0.713820219039917,6.789700031280518,1.5595999956130981,1.078819990158081,0.9108999967575073,358.6700134277344,124.68299865722656,10.442119598388672,1.176747441291809,136.8699951171875,1.2917560338974,7.749820232391357,14715.5,73.5425033569336,105.96499633789062,1156.5,21.449800491333008,4.15500020980835,0.6574103236198425,48.47999954223633,1.3592000007629395,31.19300079345703,28.613000869750977,1.3257800340652466,16.614810943603516,5.611299991607666,78.0824966430664,1
2020-10-09,0.7177998423576355,6.7891998291015625,1.5521999597549438,1.0788899660110474,0.909250020980835,357.0060119628906,124.72000122070312,10.403860092163086,1.1767003536224365,137.18299865722656,1.29404616355896,7.749839782714844,14676.99609375,73.28050231933594,106.01799774169922,1150.3599853515625,21.35586929321289,4.150000095367432,0.6589394807815552,48.40700149536133,1.3579200506210327,31.170000076293945,28.63170051574707,1.3192100524902344,16.575590133666992,5.598599910736084,77.27960205078125,1
2020-10-12,0.7224597930908203,6.693699836730957,1.551200032234192,1.0757700204849243,0.9067000150680542,355.843994140625,124.80999755859375,10.396439552307129,1.181683897972107,137.6490020751953,1.3031693696975708,7.7499799728393555,14693.0,73.01480102539062,105.63200378417969,1142.6500244140625,21.148590087890625,4.142499923706055,0.6664400696754456,48.35100173950195,1.354599952697754,31.049999237060547,28.60099983215332,1.312999963760376,16.49049949645996,5.5289998054504395,76.8385009765625,1
2020-10-13,0.721188485622406,6.7444000244140625,1.5489200353622437,1.073699951171875,0.9041299819946289,357.2349853515625,124.41000366210938,10.394889831542969,1.1816140413284302,137.61000061035156,1.3065747022628784,7.749800205230713,14484.9921875,73.35079956054688,105.33899688720703,1146.4000244140625,21.19890022277832,4.143499851226807,0.6649290323257446,48.44200134277344,1.3569200038909912,31.156999588012695,28.610000610351562,1.3112499713897705,16.49250030517578,5.529699802398682,77.00019836425781,1
2020-10-14,0.7164401412010193,6.745500087738037,1.542930006980896,1.0746500492095947,0.9076200127601624,361.40899658203125,123.83599853515625,10.367079734802246,1.1742188930511475,136.40499877929688,1.2935272455215454,7.753200054168701,14793.0,73.62000274658203,105.47000122070312,1147.8900146484375,21.333480834960938,4.139999866485596,0.6655396819114685,48.81999969482422,1.3602800369262695,31.239999771118164,28.835599899291992,1.3141800165176392,16.462200164794922,5.56850004196167,77.0259017944336,1
2020-10-15,0.7141479849815369,6.713600158691406,1.544260025024414,1.0726100206375122,0.902459979057312,363.1390075683594,123.47799682617188,10.365500450134277,1.1743981838226318,136.74600219726562,1.3012362718582153,7.749790191650391,14681.462890625,73.29620361328125,105.13899993896484,1146.31005859375,21.326169967651367,4.1479997634887695,0.665619432926178,48.48933792114258,1.3576200008392334,31.209999084472656,28.718000411987305,1.3148599863052368,16.529090881347656,5.5904998779296875,77.71540069580078,1
2020-10-16,0.7088397741317749,6.723899841308594,1.548259973526001,1.0704400539398193,0.9073299765586853,364.32000732421875,123.33100128173828,10.350489616394043,1.1707134246826172,135.91700744628906,1.2902060747146606,7.749969959259033,14652.5,73.37100219726562,105.36000061035156,1144.1300048828125,21.284099578857422,4.1529998779296875,0.6598917841911316,48.64400100708008,1.3601399660110474,31.209999084472656,28.732999801635742,1.322510004043579,16.5625,5.611199855804443,77.92070007324219,1
2020-10-19,0.7095997929573059,6.696599960327148,1.5439499616622925,1.0720000267028809,0.9061800241470337,364.010009765625,123.50700378417969,10.361989974975586,1.1715501546859741,136.2790069580078,1.2927746772766113,7.7501702308654785,14693.0,73.44380187988281,105.427001953125,1141.1800537109375,21.08880043029785,4.146999835968018,0.6617783308029175,48.63600158691406,1.3573999404907227,31.190000534057617,28.77199935913086,1.317929983139038,16.50659942626953,5.644800186157227,77.51699829101562,1
2020-10-20,0.7056167125701904,6.680699825286865,1.551800012588501,1.0715700387954712,0.9087899923324585,364.5379943847656,124.11000061035156,10.38949966430664,1.176885962486267,136.552001953125,1.2948671579360962,7.749969959259033,14708.0,73.57499694824219,105.47000122070312,1137.0,21.207250595092773,4.145999908447266,0.6593087911605835,48.51499938964844,1.358199954032898,31.200000762939453,28.713300704956055,1.318969964981079,16.51219940185547,5.605599880218506,77.58820343017578,1
2020-10-21,0.7049998641014099,6.67519998550415,1.5520100593566895,1.0725799798965454,0.9131699800491333,362.7539978027344,124.77300262451172,10.33942985534668,1.1829839944839478,136.61300659179688,1.2954038381576538,7.751200199127197,14688.0,73.64749908447266,105.47699737548828,1136.0,21.092599868774414,4.146999835968018,0.6580809354782104,48.483001708984375,1.356660008430481,31.209999084472656,28.523000717163086,1.3120499849319458,16.448610305786133,5.6041998863220215,77.2822036743164,1
2020-10-22,0.7105603218078613,6.650000095367432,1.5590200424194336,1.0736299753189087,0.9025800228118896,363.1400146484375,124.0719985961914,10.361319541931152,1.1853959560394287,137.4429931640625,1.3131976127624512,7.749800205230713,14639.775390625,73.6812973022461,104.6760025024414,1132.030029296875,21.149269104003906,4.140999794006348,0.6646196842193604,48.5,1.355329990386963,31.190000534057617,28.676000595092773,1.3153200149536133,16.33757972717285,5.607800006866455,76.67890167236328,1
2020-10-23,0.7126100659370422,6.683499813079834,1.5520299673080444,1.0722399950027466,0.9033700227737427,364.02099609375,123.95999908447266,10.351900100708008,1.1815024614334106,137.1959991455078,1.307805061340332,7.753499984741211,14639.8525390625,73.72000122070312,104.9209976196289,1134.1500244140625,20.954200744628906,4.141499996185303,0.667159914970398,48.54199981689453,1.3567500114440918,31.29199981689453,28.680999755859375,1.313670039176941,16.178499221801758,5.591300010681152,76.53839874267578,1
2020-10-26,0.7132006287574768,6.685699939727783,1.557669997215271,1.0716899633407593,0.9075999855995178,364.7460021972656,124.03500366210938,10.375040054321289,1.1848480701446533,136.62600708007812,1.3054660558700562,7.749780178070068,14642.7822265625,73.8228988647461,104.68299865722656,1127.760009765625,20.90243911743164,4.15500020980835,0.6684402823448181,48.27734375,1.3575600385665894,31.29199981689453,28.58300018310547,1.3147200345993042,16.218610763549805,5.616199970245361,76.16950225830078,1
2020-10-27,0.7117098569869995,6.711299896240234,1.5594300031661987,1.072100043296814,0.9072499871253967,364.68701171875,123.7969970703125,10.322770118713379,1.1809443235397339,136.4340057373047,1.301574945449829,7.754199981689453,14724.2001953125,73.94850158691406,104.83200073242188,1131.6400146484375,20.963790893554688,4.163000106811523,0.6678001284599304,48.37200164794922,1.3609000444412231,31.270000457763672,28.596799850463867,1.3206100463867188,16.17959976196289,5.622700214385986,76.44950103759766,1
2020-10-28,0.7123100757598877,6.704400062561035,1.5541900396347046,1.0707999467849731,0.9040899872779846,364.9429931640625,123.16999816894531,10.294449806213379,1.1784114837646484,136.2100067138672,1.303186297416687,7.7505998611450195,14653.2744140625,73.80500030517578,104.54499816894531,1128.22998046875,21.01930046081543,4.159999847412109,0.6700795888900757,48.26239776611328,1.3616100549697876,31.219999313354492,28.573999404907227,1.3191800117492676,16.18600082397461,5.7052001953125,77.2865982055664,1
2020-10-29,0.7055200934410095,6.72790002822876,1.5637099742889404,1.069599986076355,0.90420001745224,368.0710144042969,122.55000305175781,10.394439697265625,1.1748672723770142,135.48899841308594,1.2989881038665771,7.750100135803223,14777.2001953125,74.44000244140625,104.31500244140625,1134.1800537109375,21.235599517822266,4.1539998054504395,0.6649687886238098,48.391998291015625,1.3643499612808228,31.25,28.58300018310547,1.3310500383377075,16.349199295043945,5.744900226593018,79.052001953125,1
2020-10-30,0.7037599682807922,6.714000225067139,1.5549299716949463,1.0689599514007568,0.9030500054359436,367.54400634765625,122.10399627685547,10.41034984588623,1.1678695678710938,135.19200134277344,1.2931926250457764,7.751430034637451,14818.0,74.26399993896484,104.55400085449219,1129.52001953125,21.345600128173828,4.1545000076293945,0.6629716753959656,48.37699890136719,1.3660900592803955,31.222999572753906,28.3656005859375,1.331529974937439,16.358600616455078,5.7778000831604,78.83830261230469,1
2020-11-02,0.7008199691772461,6.6890997886657715,1.5562200546264648,1.0677000284194946,0.9005699753761292,366.2760009765625,121.74400329589844,10.373479843139648,1.1642121076583862,135.1699981689453,1.2926744222640991,7.752590179443359,14586.169921875,74.55049896240234,104.58000183105469,1135.6099853515625,21.274450302124023,4.150000095367432,0.6598482728004456,48.32500076293945,1.3675700426101685,31.176000595092773,28.583599090576172,1.3367899656295776,16.272850036621094,5.741399765014648,79.47090148925781,1
2020-11-03,0.7053698301315308,6.689700126647949,1.5389100313186646,1.0694999694824219,0.900600016117096,366.218994140625,121.87999725341797,10.36343002319336,1.1642799377441406,135.3249969482422,1.2923903465270996,7.750999927520752,14603.9580078125,74.45680236816406,104.7249984741211,1132.1400146484375,21.371950149536133,4.15500020980835,0.6632398962974548,48.369998931884766,1.3645999431610107,31.100000381469727,28.558300018310547,1.3220499753952026,16.175600051879883,5.741099834442139,80.52189636230469,1
2020-11-04,0.7196833491325378,6.676599979400635,1.5405999422073364,1.0710200071334839,0.8963000178337097,362.8689880371094,122.96099853515625,10.31482982635498,1.176221489906311,137.14700317382812,1.3121638298034668,7.7530999183654785,14540.892578125,74.65560150146484,104.5459976196289,1130.3299560546875,21.035709381103516,4.1539998054504395,0.6729022264480591,48.20100021362305,1.3579599857330322,31.0,28.594600677490234,1.3102099895477295,16.009199142456055,5.754899978637695,79.04989624023438,1
2020-11-05,0.7180498242378235,6.6519999504089355,1.5399999618530273,1.0693999528884888,0.9047300219535828,362.57501220703125,122.53099822998047,10.3016996383667,1.17326819896698,135.3979949951172,1.2966804504394531,7.754380226135254,14360.0,74.37999725341797,104.43800354003906,1129.739990234375,20.93440055847168,4.165500164031982,0.6700077652931213,48.220001220703125,1.3575999736785889,31.0,28.551700592041016,1.3126399517059326,15.864049911499023,5.663000106811523,77.5636978149414,1
2020-11-06,0.7262701988220215,6.605199813842773,1.5459200143814087,1.068600058555603,0.8993499875068665,358.4010009765625,122.42500305175781,10.284770011901855,1.1817537546157837,136.0850067138672,1.3139395713806152,7.7540202140808105,14256.0,74.12000274658203,103.60299682617188,1122.6300048828125,20.75550079345703,4.14300012588501,0.6764892935752869,48.24700164794922,1.3508800268173218,30.739999771118164,28.531299591064453,1.308210015296936,15.67389965057373,5.523399829864502,76.88719940185547,1
2020-11-09,0.7286717891693115,6.610400199890137,1.5486400127410889,1.069409966468811,0.9022499918937683,358.22601318359375,122.79100036621094,10.256830215454102,1.1893010139465332,136.07899475097656,1.318061351776123,7.753330230712891,14198.671875,73.97979736328125,103.25299835205078,1121.1500244140625,20.520360946655273,4.125999927520752,0.6797495484352112,48.05231475830078,1.346909999847412,30.555999755859375,28.575000762939453,1.3022300004959106,15.592000007629395,5.36269998550415,77.31649780273438,1
2020-11-10,0.7282000184059143,6.6280999183654785,1.5380500555038452,1.0792100429534912,0.8978300094604492,358.7309875488281,124.31600189208984,10.193400382995605,1.182732105255127,138.4340057373047,1.3169677257537842,7.752270221710205,14256.3603515625,73.95320129394531,105.13700103759766,1118.68994140625,20.33530044555664,4.105000019073486,0.6825193166732788,48.21699905395508,1.3468999862670898,30.579999923706055,28.62540054321289,1.3007099628448486,15.367199897766113,5.384699821472168,76.26370239257812,1
2020-11-11,0.7281697988510132,6.614799976348877,1.5400700569152832,1.0813100337982178,0.8911600112915039,355.7239990234375,124.39600372314453,10.17765998840332,1.1818794012069702,139.5709991455078,1.3261544704437256,7.753600120544434,14041.544921875,74.28160095214844,105.26000213623047,1116.0799560546875,20.322099685668945,4.105000019073486,0.6828222870826721,48.34700012207031,1.3484100103378296,30.299999237060547,28.587099075317383,1.3030999898910522,15.589329719543457,5.413899898529053,76.46240234375,1
2020-11-12,0.7284275889396667,6.630799770355225,1.5381499528884888,1.0797499418258667,0.8907300233840942,355.0069885253906,124.16699981689453,10.171270370483398,1.1780297756195068,139.38800048828125,1.3224189281463623,7.753960132598877,13878.9892578125,74.56999969482422,105.41500091552734,1111.449951171875,20.46430015563965,4.126999855041504,0.6902502179145813,48.54999923706055,1.3486100435256958,30.250999450683594,28.508699417114258,1.3058199882507324,15.625650405883789,5.389999866485596,77.04750061035156,1
2020-11-13,0.7240185737609863,6.610599994659424,1.5506900548934937,1.0799000263214111,0.8998000025749207,354.3800048828125,124.05000305175781,10.197930335998535,1.1803393363952637,137.89100646972656,1.3121638298034668,7.753789901733398,14133.4912109375,74.86499786376953,105.08999633789062,1114.9100341796875,20.60325050354004,4.127999782562256,0.6839009523391724,48.5,1.3487000465393066,30.209999084472656,28.43199920654297,1.313599944114685,15.640299797058105,5.456699848175049,77.07450103759766,1
2020-11-16,0.729080855846405,6.605400085449219,1.5544400215148926,1.0803099870681763,0.8959199786186218,357.84600830078125,123.98300170898438,10.267840385437012,1.1845253705978394,138.3719940185547,1.3220518827438354,7.753339767456055,14135.5595703125,74.48770141601562,104.6760025024414,1107.760009765625,20.34473991394043,4.120999813079834,0.6871482729911804,48.15999984741211,1.3466399908065796,30.06999969482422,28.479999542236328,1.3123600482940674,15.501449584960938,5.456999778747559,77.31790161132812,1
2020-11-17,0.7320997714996338,6.583799839019775,1.5505800247192383,1.0819499492645264,0.8967999815940857,358.96099853515625,123.97199249267578,10.21481990814209,1.1859441995620728,138.1929931640625,1.322209119796753,7.753349781036377,14089.2001953125,74.41809844970703,104.54100036621094,1106.0899658203125,20.259950637817383,4.114999771118164,0.690808117389679,48.16699981689453,1.3451299667358398,30.15999984741211,28.515100479125977,1.3075300455093384,15.287090301513672,5.414899826049805,76.27629852294922,1
2020-11-18,0.7296000123023987,6.555099964141846,1.5546799898147583,1.0810999870300293,0.8949000239372253,361.23699951171875,123.58499908447266,10.22700023651123,1.186366319656372,138.0919952392578,1.3259083032608032,7.752289772033691,14026.451171875,74.47969818115234,104.18099975585938,1104.949951171875,20.279489517211914,4.102499961853027,0.6893000602722168,48.231998443603516,1.3423999547958374,30.149999618530273,28.500999450683594,1.3105000257492065,15.33180046081543,5.327199935913086,76.20950317382812,1
2020-11-19,0.7301988005638123,6.559500217437744,1.550089955329895,1.0801000595092773,0.8936600089073181,360.0880126953125,123.08000183105469,10.191100120544434,1.1847639083862305,137.71099853515625,1.325644612312317,7.752280235290527,14110.2001953125,74.41999816894531,103.89399719238281,1105.9000244140625,20.312679290771484,4.0854997634887695,0.6922091841697693,47.946998596191406,1.3424899578094482,30.329999923706055,28.530000686645508,1.308419942855835,15.451740264892578,5.361700057983398,75.8843994140625,1
2020-11-20,0.7269100546836853,6.582399845123291,1.5527000427246094,1.080970048904419,0.8956000208854675,358.7770080566406,123.20099639892578,10.209400177001953,1.1866477727890015,137.5399932861328,1.3249244689941406,7.752600193023682,14189.900390625,74.09960174560547,103.82499694824219,1114.1400146484375,20.233400344848633,4.0970001220703125,0.6906601786613464,48.262001037597656,1.3451000452041626,30.3700008392334,28.48699951171875,1.3085700273513794,15.429499626159668,5.304500102996826,76.16519927978516,1
2020-11-23,0.7317001819610596,6.5619001388549805,1.5522899627685547,1.080399990081787,0.8918099999427795,359.13299560546875,123.18499755859375,10.214529991149902,1.1866477727890015,138.11199951171875,1.3305126428604126,7.752200126647949,14150.9912109375,74.16239929199219,103.81700134277344,1113.8299560546875,20.086719512939453,4.090000152587891,0.6946905255317688,48.11387634277344,1.3433799743652344,30.242000579833984,28.52630043029785,1.3082200288772583,15.425979614257812,5.3780999183654785,76.17890167236328,1
2020-11-24,0.7298204302787781,6.584499835968018,1.5484100580215454,1.0806200504302979,0.8884900212287903,360.3739929199219,123.7969970703125,10.212530136108398,1.1842728853225708,139.32081604003906,1.332906723022461,7.752200126647949,14164.60546875,74.24490356445312,104.5250015258789,1113.0799560546875,20.10154914855957,4.0879998207092285,0.6931111812591553,48.209999084472656,1.3436199426651,30.34000015258789,28.517900466918945,1.3074400424957275,15.357999801635742,5.4405999183654785,75.96170043945312,1
2020-11-25,0.7366699576377869,6.590199947357178,1.5462299585342407,1.08378005027771,0.8903099894523621,360.34100341796875,124.34600067138672,10.154829978942871,1.1900511980056763,139.6529998779297,1.3363267183303833,7.751399993896484,14121.7998046875,73.96080017089844,104.51300048828125,1109.7099609375,20.02511978149414,4.085000038146973,0.6979097723960876,48.15999984741211,1.3413000106811523,30.31999969482422,28.46739959716797,1.2996400594711304,15.177399635314941,5.372600078582764,75.41790008544922,1
2020-11-26,0.736485481262207,6.577499866485596,1.5490000247955322,1.0821000337600708,0.8901000022888184,360.6449890136719,124.40299987792969,10.111729621887207,1.1920002698898315,139.7239990234375,1.3385447263717651,7.751160144805908,14127.470703125,73.77989959716797,104.4000015258789,1104.489990234375,19.957599639892578,4.085000038146973,0.7004076242446899,48.0,1.3394999504089355,30.290000915527344,28.480199813842773,1.3001999855041504,15.118579864501953,5.3225998878479,75.44599914550781,1
2020-11-27,0.7357999682426453,6.57450008392334,1.5508699417114258,1.0795999765396118,0.8920000195503235,360.4909973144531,124.16629791259766,10.154290199279785,1.191599726676941,139.197998046875,1.3354523181915283,7.750699996948242,13897.6689453125,74.04879760742188,104.24199676513672,1105.56005859375,20.02910041809082,4.065000057220459,0.7003389596939087,47.98371124267578,1.3386199474334717,30.28499984741211,28.509700775146484,1.3020399808883667,15.208999633789062,5.335299968719482,75.64990234375,1
2020-11-30,0.7400281429290771,6.576000213623047,1.5541000366210938,1.0823899507522583,0.8978899717330933,361.3299865722656,124.59200286865234,10.171019554138184,1.1971460580825806,138.74600219726562,1.333191156387329,7.750470161437988,14061.64453125,73.94090270996094,104.08200073242188,1104.3299560546875,20.038070678710938,4.066999912261963,0.7035019993782043,48.11000061035156,1.3375300168991089,30.246000289916992,28.51799964904785,1.298259973526001,15.235549926757812,5.34250020980835,75.99150085449219,1
2020-12-01,0.7356798052787781,6.5777997970581055,1.5508300065994263,1.0842499732971191,0.8950499892234802,358.8529968261719,124.51300048828125,10.23151969909668,1.193816065788269,139.09100341796875,1.3336889743804932,7.7512102127075195,14094.935546875,74.02519989013672,104.29900360107422,1108.510009765625,20.16160011291504,4.071499824523926,0.7018824815750122,48.150001525878906,1.339669942855835,30.260000228881836,28.516700744628906,1.2992000579833984,15.436300277709961,5.331099987030029,76.40480041503906,1
2020-12-02,0.7380890846252441,6.570799827575684,1.5611599683761597,1.0856000185012817,0.8993099927902222,356.17401123046875,125.91500091552734,10.241080284118652,1.2074378728866577,139.99000549316406,1.3422638177871704,7.7519001960754395,14175.0,73.65499877929688,104.30899810791016,1106.280029296875,20.028749465942383,4.072500228881836,0.7069985866546631,48.060001373291016,1.3372999429702759,30.229999542236328,28.472999572753906,1.2933000326156616,15.243249893188477,5.204899787902832,75.95850372314453,1
2020-12-03,0.7418001294136047,6.562399864196777,1.56482994556427,1.0836600065231323,0.9060199856758118,359.2850036621094,126.54443359375,10.242560386657715,1.2114603519439697,139.6439971923828,1.3370771408081055,7.751999855041504,14076.419921875,73.66259765625,104.45800018310547,1099.3800048828125,19.992399215698242,4.072999954223633,0.7071500420570374,47.88246536254883,1.3375999927520752,30.19300079345703,28.44099998474121,1.2917200326919556,15.276000022888184,5.216300010681152,75.11070251464844,1
2020-12-04,0.7438998222351074,6.541399955749512,1.5624300241470337,1.0819000005722046,0.9026600122451782,356.87701416015625,126.09600067138672,10.256799697875977,1.2145650386810303,139.67999267578125,1.345496654510498,7.751200199127197,14092.798828125,73.86489868164062,103.822998046875,1091.3199462890625,19.899200439453125,4.0625,0.7073386311531067,47.90081024169922,1.3336900472640991,30.170000076293945,28.3882999420166,1.286460041999817,15.167440414428711,5.151000022888184,74.48889923095703,1
2020-12-07,0.7431573867797852,6.530600070953369,1.5489799976348877,1.0808299779891968,0.9033499956130981,358.3970031738281,126.3030014038086,10.249520301818848,1.212135910987854,139.7949981689453,1.3417415618896484,7.750470161437988,14076.490234375,73.79029846191406,104.197998046875,1083.780029296875,19.7810001373291,4.058000087738037,0.7041400671005249,47.98215103149414,1.3339200019836426,30.1560001373291,28.215999603271484,1.277959942817688,15.206649780273438,5.154399871826172,73.8550033569336,1
2020-12-08,0.7417599558830261,6.52869987487793,1.5507299900054932,1.0788099765777588,0.9068199992179871,360.10198974609375,125.97699737548828,10.171600341796875,1.2113136053085327,138.8990020751953,1.3357375860214233,7.750800132751465,14143.0,74.0199966430664,103.99800109863281,1083.6800537109375,19.891019821166992,4.070000171661377,0.7040518522262573,48.220001220703125,1.336590051651001,30.149999618530273,28.0,1.2802000045776367,15.144920349121094,5.098299980163574,73.74610137939453,1
2020-12-09,0.7410997152328491,6.531700134277344,1.5518399477005005,1.076069951057434,0.9057999849319458,358.5150146484375,126.06999969482422,10.245499610900879,1.2110936641693115,139.16799926757812,1.3365589380264282,7.75137996673584,14083.0107421875,73.72640228271484,104.13500213623047,1084.8599853515625,19.775999069213867,4.070000171661377,0.7040716409683228,48.22999954223633,1.337630033493042,30.020000457763672,28.22570037841797,1.2816200256347656,14.970199584960938,5.119699954986572,73.34049987792969,1
2020-12-10,0.7434999346733093,6.542200088500977,1.548799991607666,1.0742199420928955,0.9035500288009644,356.1839904785156,125.94000244140625,10.25868034362793,1.207875370979309,139.3560028076172,1.3367018699645996,7.751410007476807,14150.0,73.93499755859375,104.27200317382812,1086.3599853515625,19.87611961364746,4.063000202178955,0.7016411423683167,48.25,1.337649941444397,30.038999557495117,28.243000030517578,1.282439947128296,14.962340354919434,5.1697001457214355,73.61129760742188,1
2020-12-11,0.7524397969245911,6.544400215148926,1.5470399856567383,1.0755800008773804,0.9126600027084351,353.7699890136719,126.51100158691406,10.252579689025879,1.2144293785095215,138.6020050048828,1.3305658102035522,7.751369953155518,14082.5927734375,73.72669982910156,104.18199920654297,1086.3699951171875,19.990699768066406,4.05649995803833,0.70940101146698,48.2400016784668,1.3350000381469727,30.03700065612793,28.18670082092285,1.2739200592041016,14.956999778747559,5.024199962615967,73.07820129394531,1
2020-12-14,0.7551102638244629,6.5457000732421875,1.5470099449157715,1.078029990196228,0.9109799861907959,354.27801513671875,126.10600280761719,10.225830078125,1.213340401649475,138.40699768066406,1.3318239450454712,7.7512102127075195,14069.1572265625,73.73799896240234,103.93900299072266,1091.5799560546875,20.077800750732422,4.050000190734863,0.7098491191864014,48.01677703857422,1.3347400426864624,30.049999237060547,28.18199920654297,1.2750600576400757,15.042400360107422,5.064199924468994,73.03199768066406,1
2020-12-15,0.7539203763008118,6.549699783325195,1.550089955329895,1.077299952507019,0.9113399982452393,353.7919921875,126.36199951171875,10.204000473022461,1.214889645576477,138.6280059814453,1.3330844640731812,7.7515997886657715,14221.900390625,73.86000061035156,104.01000213623047,1092.06005859375,20.228239059448242,4.051000118255615,0.7085816264152527,48.13999938964844,1.333899974822998,30.076000213623047,28.11199951171875,1.2760299444198608,15.001999855041504,5.117700099945068,74.12129974365234,1
2020-12-16,0.7555609345436096,6.538300037384033,1.5434800386428833,1.0762200355529785,0.9039499759674072,355.78399658203125,125.95700073242188,10.182100296020508,1.2154301404953003,139.3040008544922,1.3444474935531616,7.751200199127197,14190.0,73.75980377197266,103.63400268554688,1088.2099609375,19.928279876708984,4.052999973297119,0.7086820602416992,47.88800048828125,1.3322999477386475,30.030000686645508,28.097999572753906,1.2699600458145142,14.882499694824219,5.078884124755859,73.27850341796875,1
2020-12-17,0.7569999694824219,6.531300067901611,1.5543999671936035,1.0797799825668335,0.9031500220298767,354.8699951171875,126.20500183105469,10.177650451660156,1.2199585437774658,139.70399475097656,1.3502929210662842,7.751399993896484,14070.537109375,73.6166000366211,103.4749984741211,1091.6500244140625,19.871240615844727,4.048999786376953,0.7110403180122375,47.92522430419922,1.3285000324249268,29.96500015258789,28.115299224853516,1.2747000455856323,14.816900253295898,5.083199977874756,73.347900390625,1
2020-12-18,0.7615299224853516,6.532100200653076,1.5610899925231934,1.0848599672317505,0.9035900235176086,355.10699462890625,126.47000122070312,10.152119636535645,1.226271629333496,139.93899536132812,1.3570178747177124,7.752089977264404,14083.8505859375,73.52980041503906,103.13099670410156,1092.1600341796875,19.821500778198242,4.0329999923706055,0.7147911787033081,48.09000015258789,1.3259799480438232,29.788999557495117,28.128000259399414,1.2731000185012817,14.629599571228027,5.0569000244140625,73.09040069580078,1
2020-12-21,0.7587425708770752,6.535999774932861,1.5648800134658813,1.0814000368118286,0.9114800095558167,357.4289855957031,126.37699890136719,10.118680000305176,1.221612811088562,138.63800048828125,1.3401951789855957,7.752140045166016,14068.9375,73.60359954833984,103.45700073242188,1098.97998046875,20.09394073486328,4.038000106811523,0.7104896903038025,47.9559440612793,1.331279993057251,29.922000885009766,28.16900062561035,1.281059980392456,14.716429710388184,5.100599765777588,73.48100280761719,1
2020-12-22,0.7575200796127319,6.5482001304626465,1.5725300312042236,1.0835000276565552,0.9099000096321106,360.0929870605469,126.41699981689453,10.094659805297852,1.2236906290054321,138.97000122070312,1.3449536561965942,7.752630233764648,14100.7314453125,73.935302734375,103.33999633789062,1101.8599853515625,19.98240089416504,4.038000106811523,0.7096678018569946,48.15999984741211,1.3325799703598022,30.038999557495117,28.139999389648438,1.2853200435638428,14.600000381469727,5.118937969207764,74.55130004882812,1
2020-12-23,0.7551700472831726,6.542200088500977,1.571079969406128,1.0819799900054932,0.9093599915504456,361.85400390625,126.14800262451172,10.145440101623535,1.2186651229858398,138.69500732421875,1.339943766593933,7.752600193023682,14324.2001953125,74.2699966430664,103.53399658203125,1107.97998046875,20.10379981994629,4.059000015258789,0.7054275274276733,48.22999954223633,1.3349100351333618,30.22100067138672,28.130800247192383,1.289330005645752,14.678070068359375,5.1566548347473145,75.87809753417969,1
2020-12-24,0.7579599022865295,6.539599895477295,1.5659199953079224,1.082200050354004,0.9026700258255005,361.7650146484375,126.24299621582031,10.103540420532227,1.2191405296325684,139.8209991455078,1.3505300283432007,7.752359867095947,14146.9013671875,73.83979797363281,103.552001953125,1104.800048828125,20.048900604248047,4.060999870300293,0.709679901599884,47.926597595214844,1.3319100141525269,30.190000534057617,28.135000228881836,1.2845499515533447,14.592720031738281,5.2153000831604,75.02020263671875,1
2020-12-25,0.7606801390647888,6.5289998054504395,1.565559983253479,1.0839899778366089,0.8974300026893616,362.6050109863281,126.23999786376953,10.044899940490723,1.2184720039367676,140.10299682617188,1.3552008867263794,7.753300189971924,14148.6435546875,73.55780029296875,103.65299987792969,1099.9100341796875,19.868000030517578,4.059000015258789,0.713749885559082,48.04999923706055,1.3273799419403076,30.020000457763672,28.11400032043457,1.2848199605941772,14.535200119018555,5.2153000831604,74.02999877929688,1
2020-12-28,0.7611914277076721,6.540800094604492,1.566980004310608,1.085479974746704,0.8992000222206116,361.3999938964844,126.35299682617188,10.076189994812012,1.2205095291137695,140.4949951171875,1.3572388887405396,7.753469944000244,13911.1435546875,73.68900299072266,103.53299713134766,1099.0899658203125,19.869680404663086,4.058000087738037,0.7115614414215088,48.005001068115234,1.3286199569702148,30.065000534057617,27.93899917602539,1.283959984779358,14.60990047454834,5.2153000831604,73.95490264892578,1
2020-12-29,0.758892297744751,6.535600185394287,1.5692100524902344,1.0853300094604492,0.907260000705719,363.5199890136719,126.73400115966797,10.092610359191895,1.2223445177078247,139.61900329589844,1.3466018438339233,7.7546000480651855,14126.1201171875,73.5448989868164,103.68900299072266,1095.0,20.006250381469727,4.047500133514404,0.7107997536659241,47.904972076416016,1.329300045967102,30.139999389648438,28.10700035095215,1.284000039100647,14.622909545898438,5.2459001541137695,73.93049621582031,1
2020-12-30,0.7609898447990417,6.53000020980835,1.5706900358200073,1.0832099914550781,0.9075899720191956,364.37200927734375,126.88500213623047,10.050100326538086,1.225295066833496,139.7899932861328,1.3499903678894043,7.753769874572754,14069.9091796875,73.45359802246094,103.55899810791016,1092.6199951171875,19.934999465942383,4.047999858856201,0.7148601412773132,48.099998474121094,1.3271700143814087,30.040000915527344,28.12459945678711,1.2822099924087524,14.715900421142578,5.208600044250488,74.02140045166016,1
2020-12-31,0.7689290642738342,6.522200107574463,1.568179965019226,1.0741000175476074,0.9023600220680237,364.1789855957031,126.84100341796875,10.079000473022461,1.2299896478652954,140.5330047607422,1.36306631565094,7.752180099487305,13832.5595703125,73.13400268554688,103.12100219726562,1086.4200439453125,19.890899658203125,4.034999847412109,0.7215397357940674,48.06999969482422,1.3229399919509888,29.91900062561035,28.06999969482422,1.2750699520111084,14.641300201416016,5.190838813781738,74.52200317382812,1
2021-01-01,0.7702973484992981,6.531700134277344,1.5260900259017944,1.0777900218963623,0.8849200010299683,362.3160095214844,126.44300079345703,9.993619918823242,1.218026876449585,141.13999938964844,1.3673007488250732,7.753200054168701,13932.3740234375,73.08920288085938,103.22599792480469,1084.6500244140625,19.874500274658203,4.019999980926514,0.7181999087333679,48.06999969482422,1.3215999603271484,29.900999069213867,28.078699111938477,1.2349900007247925,14.481200218200684,5.1921000480651855,73.91120147705078,1
2021-01-04,0.7712300419807434,6.5320000648498535,1.5584299564361572,1.081719994544983,0.8951699733734131,362.10101318359375,126.46499633789062,10.039660453796387,1.2250697612762451,141.2570037841797,1.3684196472167969,7.753009796142578,14022.5009765625,73.09200286865234,103.23899841308594,1084.72998046875,19.84749984741211,4.019999980926514,0.7198387980461121,48.08000183105469,1.3206700086593628,29.95400047302246,28.054000854492188,1.2722100019454956,14.649849891662598,5.19189977645874,74.12740325927734,1
2021-01-05,0.7670999765396118,6.4604997634887695,1.5657000541687012,1.0796600580215454,0.9025999903678894,361.5090026855469,126.3499984741211,10.10420036315918,1.2251598834991455,139.93299865722656,1.3571596145629883,7.7530198097229,13931.400390625,73.31999969482422,103.125,1086.6199951171875,19.94244956970215,4.004000186920166,0.7178286910057068,47.90999984741211,1.320289969444275,29.90999984741211,28.10099983215332,1.2781000137329102,14.675399780273438,5.295300006866455,74.47540283203125,1
2021-01-06,0.7766000628471375,6.4552001953125,1.5589300394058228,1.0801000595092773,0.9024099707603455,358.7170104980469,126.28800201416016,10.058150291442871,1.230027437210083,139.9290008544922,1.3629549741744995,7.752749919891357,13930.0,73.37480163574219,102.6780014038086,1086.449951171875,19.90220069885254,4.014999866485596,0.7256894111633301,48.099998474121094,1.3172099590301514,29.920000076293945,27.954999923706055,1.2674700021743774,14.950300216674805,5.28410005569458,74.13510131835938,1
2021-01-07,0.781700074672699,6.460700035095215,1.5627299547195435,1.0834800004959106,0.9055799841880798,358.45001220703125,127.12899780273438,10.065409660339355,1.2341108322143555,140.33999633789062,1.3625277280807495,7.752900123596191,13951.5,73.36000061035156,103.02400207519531,1086.949951171875,19.65576934814453,4.007999897003174,0.7305775880813599,48.09000015258789,1.3174500465393066,29.920000076293945,27.829999923706055,1.2665400505065918,15.030790328979492,5.312900066375732,74.09149932861328,1
2021-01-08,0.7768999934196472,6.477200031280518,1.5562100410461426,1.086069941520691,0.9041600227355957,359.0669860839844,127.35099792480469,10.045299530029297,1.227144479751587,140.8179931640625,1.3569625616073608,7.752999782562256,13892.9775390625,73.44599914550781,103.79000091552734,1093.0699462890625,20.000099182128906,4.037499904632568,0.7265488505363464,48.165000915527344,1.3242199420928955,30.06999969482422,27.926799774169922,1.268380045890808,15.418999671936035,5.40880012512207,74.59510040283203,1
2021-01-11,0.7716525793075562,6.474299907684326,1.5513399839401245,1.0815900564193726,0.9015300273895264,359.29998779296875,126.83699798583984,10.06488037109375,1.2186205387115479,140.6719970703125,1.3516253232955933,7.754350185394287,13861.392578125,73.37339782714844,104.09100341796875,1092.8199462890625,20.05048942565918,4.03000020980835,0.7199320793151855,47.93374252319336,1.3286199569702148,30.124000549316406,28.017000198364258,1.2730799913406372,15.304450035095215,5.4121880531311035,74.4020004272461,1
2021-01-12,0.7707497477531433,6.479700088500977,1.5532499551773071,1.0816999673843384,0.8991000056266785,361.0669860839844,126.63600158691406,10.08633041381836,1.2160701751708984,140.80999755859375,1.3524113893508911,7.755099773406982,14088.7353515625,73.51349639892578,104.12799835205078,1096.449951171875,20.062400817871094,4.045000076293945,0.7174013257026672,48.007999420166016,1.33024001121521,30.15999984741211,28.020700454711914,1.2771400213241577,15.509220123291016,5.48769998550415,74.62809753417969,1
2021-01-13,0.7776049971580505,6.462900161743164,1.5513900518417358,1.0817300081253052,0.8930799961090088,358.6570129394531,126.66300201416016,10.06149959564209,1.2208894491195679,141.802001953125,1.3670539855957031,7.754089832305908,14031.078125,73.16500091552734,103.75199890136719,1093.5400390625,19.794429779052734,4.052499771118164,0.7229298949241638,48.06999969482422,1.3230199813842773,30.030000686645508,27.97800064086914,1.2707699537277222,15.192299842834473,5.321400165557861,73.44020080566406,1
2021-01-14,0.774713397026062,6.4670000076293945,1.5442299842834473,1.0789300203323364,0.890999972820282,360.1719970703125,126.2770004272461,10.072099685668945,1.2162491083145142,141.70199584960938,1.364926815032959,7.753399848937988,14166.0,73.1698989868164,103.83699798583984,1097.1099853515625,19.836349487304688,4.041999816894531,0.7190313339233398,47.92599868774414,1.3251999616622925,29.989999771118164,28.01799964904785,1.2698099613189697,15.245220184326172,5.297500133514404,73.8488998413086,1
2021-01-15,0.777580201625824,6.473100185394287,1.5362999439239502,1.0793999433517456,0.8879600167274475,358.96600341796875,126.16000366210938,10.099869728088379,1.2151259183883667,142.0500030517578,1.3683634996414185,7.753200054168701,14063.1474609375,73.08760070800781,103.8280029296875,1094.9000244140625,19.723350524902344,4.035999774932861,0.7217714786529541,48.005001068115234,1.324180006980896,29.979999542236328,27.986900329589844,1.2647700309753418,15.082900047302246,5.195799827575684,73.32530212402344,1
2021-01-18,0.7688876986503601,6.479700088500977,1.5403599739074707,1.0767199993133545,0.8889200091362,360.072998046875,125.38800048828125,10.143600463867188,1.2068113088607788,141.03700256347656,1.357533574104309,7.7532501220703125,13880.779296875,73.15899658203125,103.90799713134766,1102.9599609375,19.84351921081543,4.033999919891357,0.7122507095336914,47.9274787902832,1.331380009651184,30.06100082397461,27.9822998046875,1.2764699459075928,15.22504997253418,5.291299819946289,73.59860229492188,1
2021-01-19,0.7686986327171326,6.491399765014648,1.5397599935531616,1.0760999917984009,0.889270007610321,359.2149963378906,125.2514419555664,10.134300231933594,1.207729458808899,140.82699584960938,1.3581236600875854,7.7530999183654785,14100.7998046875,73.1886978149414,103.7030029296875,1103.0999755859375,19.695650100708008,4.046000003814697,0.7115817070007324,48.053001403808594,1.330590009689331,30.100000381469727,27.982200622558594,1.2747999429702759,15.13640022277832,5.2947998046875,73.92980194091797,1
2021-01-20,0.7711800932884216,6.47790002822876,1.5442899465560913,1.0779500007629395,0.8895999789237976,357.57501220703125,126.10511016845703,10.105179786682129,1.2138868570327759,141.7449951171875,1.3644241094589233,7.751979827880859,14122.0,73.19190216064453,103.89700317382812,1100.989990234375,19.63599967956543,4.045499801635742,0.7128803133964539,48.060001373291016,1.3279099464416504,29.964000701904297,27.915000915527344,1.2722699642181396,14.988349914550781,5.3566999435424805,73.77100372314453,1
2021-01-21,0.7755701541900635,6.465400218963623,1.529729962348938,1.0773999691009521,0.8863499760627747,356.95599365234375,125.45500183105469,10.100580215454102,1.2115631103515625,141.52099609375,1.3668484687805176,7.751800060272217,14037.2001953125,72.91089630126953,103.55500030517578,1096.25,19.585010528564453,4.043000221252441,0.7186385989189148,48.060001373291016,1.3247599601745605,29.944000244140625,27.889999389648438,1.2625999450683594,14.882539749145508,5.290500164031982,73.45339965820312,1
2021-01-22,0.7761022448539734,6.461400032043457,1.538640022277832,1.0772000551223755,0.8860099911689758,356.4070129394531,125.91500091552734,10.059060096740723,1.2166293859481812,142.0749969482422,1.3729474544525146,7.7515997886657715,13960.76171875,72.95490264892578,103.50599670410156,1099.9000244140625,19.737060546875,4.0279998779296875,0.7216001749038696,48.055999755859375,1.3227100372314453,29.93000030517578,27.958799362182617,1.2646700143814087,14.945269584655762,5.3495001792907715,73.94770050048828,1
2021-01-25,0.7715799808502197,6.480800151824951,1.5482100248336792,1.0773500204086304,0.8889399766921997,357.1700134277344,126.29199981689453,10.095720291137695,1.216944694519043,142.05450439453125,1.3688204288482666,7.751709938049316,14012.8955078125,72.99590301513672,103.7770004272461,1104.6400146484375,19.942880630493164,4.040500164031982,0.7183701395988464,47.94118881225586,1.328160047531128,29.97800064086914,27.95159912109375,1.2722899913787842,15.13325023651123,5.4654998779296875,75.31490325927734,1
2021-01-26,0.7718997597694397,6.478700160980225,1.5467300415039062,1.0782899856567383,0.8880000114440918,357.3349914550781,126.0,10.054289817810059,1.214624047279358,141.91099548339844,1.3678992986679077,7.751399993896484,14148.5,72.97000122070312,103.76000213623047,1101.72998046875,20.10516929626465,4.043000221252441,0.719990074634552,48.09000015258789,1.3274500370025635,29.979999542236328,27.920000076293945,1.2737499475479126,15.214400291442871,5.4654998779296875,75.2822036743164,1
2021-01-27,0.7753139734268188,6.463699817657471,1.5438200235366821,1.0781999826431274,0.8850899934768677,359.2909851074219,126.01000213623047,10.092309951782227,1.216299295425415,142.33999633789062,1.374154806137085,7.751699924468994,14142.0,72.91999816894531,103.60299682617188,1101.0,19.988300323486328,4.046500205993652,0.7236900925636292,48.04399871826172,1.3248399496078491,29.950000762939453,27.917999267578125,1.2693899869918823,15.042360305786133,5.353799819946289,75.07009887695312,1
2021-01-28,0.765099823474884,6.482100009918213,1.5512399673461914,1.0760999917984009,0.8853800296783447,360.3039855957031,126.0510025024414,10.125659942626953,1.2105072736740112,142.33999633789062,1.3669419288635254,7.751659870147705,14195.0,73.03710174560547,104.14299774169922,1107.5,20.33152961730957,4.044000148773193,0.7142704129219055,48.125,1.3301500082015991,30.0,27.933000564575195,1.281599998474121,15.262200355529785,5.412600040435791,75.87339782714844,1
2021-01-29,0.7669699192047119,6.448400020599365,1.5544999837875366,1.077049970626831,0.8830999732017517,358.5249938964844,126.39800262451172,10.112719535827637,1.2120037078857422,143.11900329589844,1.3725008964538574,7.7525200843811035,13854.8642578125,72.93879699707031,104.29100036621094,1112.2900390625,20.25225067138672,4.044000148773193,0.717442512512207,48.099998474121094,1.3286000490188599,29.94499969482422,27.932600021362305,1.2830899953842163,15.18850040435791,5.437989234924316,76.1666030883789,1
2021-02-01,0.761997640132904,6.426799774169922,1.5520199537277222,1.080590009689331,0.8850399851799011,356.8500061035156,126.91000366210938,10.156590461730957,1.2123857736587524,143.37600708007812,1.3697690963745117,7.75285005569458,13828.13671875,72.90660095214844,104.68599700927734,1117.4300537109375,20.50528907775879,4.039999961853027,0.7163375020027161,48.04600143432617,1.3299299478530884,29.90999984741211,28.000999450683594,1.2802200317382812,15.17300033569336,5.4608001708984375,75.88179779052734,1
2021-02-02,0.7634601593017578,6.46750020980835,1.5502599477767944,1.0818500518798828,0.8823300004005432,355.9280090332031,126.55000305175781,10.157270431518555,1.2068694829940796,143.4459991455078,1.3678767681121826,7.752620220184326,14118.5,73.11979675292969,104.88099670410156,1116.8800048828125,20.368160247802734,4.039999961853027,0.7165479063987732,48.08000183105469,1.33201003074646,29.979999542236328,27.950300216674805,1.284600019454956,15.05739974975586,5.430500030517578,76.11360168457031,1
2021-02-03,0.760820746421814,6.456399917602539,1.539180040359497,1.080739974975586,0.8812299966812134,355.50299072265625,126.43997955322266,10.10811996459961,1.203905463218689,143.43899536132812,1.3659336566925049,7.751299858093262,13995.53515625,72.91629791259766,105.02799987792969,1113.6099853515625,20.137680053710938,4.043000221252441,0.7196678519248962,47.78762435913086,1.3315000534057617,29.993000030517578,27.857999801635742,1.2785099744796753,14.910400390625,5.3668999671936035,76.22049713134766,1
2021-02-04,0.7636000514030457,6.459199905395508,1.5392600297927856,1.0816999673843384,0.8823000192642212,355.0539855957031,126.42384338378906,10.109749794006348,1.2042388916015625,143.27200317382812,1.364908218383789,7.751259803771973,13983.9521484375,72.85800170898438,104.99500274658203,1113.1500244140625,20.197080612182617,4.048999786376953,0.7219695448875427,47.939998626708984,1.3320000171661377,29.979000091552734,27.86400032043457,1.27839994430542,14.89109992980957,5.3520002365112305,75.885498046875,1
2021-02-05,0.7603002190589905,6.470699787139893,1.534440040588379,1.0817699432373047,0.8749499917030334,355.5369873046875,126.33300018310547,10.109060287475586,1.1966731548309326,144.36399841308594,1.3676148653030396,7.752500057220459,14010.4736328125,72.9457015991211,105.5719985961914,1119.1300048828125,20.387189865112305,4.056000232696533,0.7160297632217407,48.084999084472656,1.336400032043457,30.059999465942383,27.90290069580078,1.282289981842041,14.99413013458252,5.4257001876831055,75.4906997680664,1
2021-02-08,0.7679199576377869,6.465700149536133,1.5371500253677368,1.0831799507141113,0.8769500255584717,356.3800048828125,126.98600006103516,10.088139533996582,1.2048773765563965,144.7830047607422,1.3738716840744019,7.75246000289917,14001.103515625,72.78479766845703,105.4000015258789,1116.8499755859375,20.11138916015625,4.067999839782715,0.7211625576019287,47.90502166748047,1.333490014076233,30.027000427246094,27.973600387573242,1.2758400440216064,14.91765022277832,5.369200229644775,74.60790252685547,1
2021-02-09,0.7710998058319092,6.447999954223633,1.5351200103759766,1.0830800533294678,0.8767600059509277,358.2130126953125,126.7979965209961,10.10669994354248,1.2053595781326294,144.60699462890625,1.374570369720459,7.752190113067627,13990.4599609375,72.92990112304688,105.20999908447266,1116.3299560546875,20.103069305419922,4.063000202178955,0.7226702570915222,48.08300018310547,1.3325999975204468,29.969999313354492,27.88089942932129,1.2737699747085571,14.863960266113281,5.364299774169922,74.3228988647461,1
2021-02-10,0.7740501165390015,6.434199810028076,1.538450002670288,1.0814000368118286,0.8769099712371826,358.0459899902344,126.69999694824219,10.084099769592285,1.2119992971420288,144.44000244140625,1.3817994594573975,7.751629829406738,13989.1884765625,72.85489654541016,104.57499694824219,1110.0,20.083850860595703,4.046500205993652,0.7243799567222595,48.029998779296875,1.325659990310669,29.899999618530273,27.853900909423828,1.2697099447250366,14.69849967956543,5.376699924468994,73.87670135498047,1
2021-02-11,0.7725348472595215,6.457200050354004,1.5384600162506104,1.0788999795913696,0.8760700225830078,356.5329895019531,126.79399871826172,10.080900192260742,1.2121212482452393,144.67100524902344,1.3832597732543945,7.752200126647949,14027.0,72.80729675292969,104.61499786376953,1103.97998046875,20.02928924560547,4.041500091552734,0.7218199968338013,48.04100036621094,1.3264800310134888,29.8799991607666,27.961299896240234,1.2696000337600708,14.750900268554688,5.384900093078613,73.86650085449219,1
2021-02-12,0.7753999829292297,6.456900119781494,1.5406500101089478,1.0797699689865112,0.8781700134277344,357.70599365234375,127.05000305175781,10.087599754333496,1.2131506204605103,144.65199279785156,1.381024718284607,7.752699851989746,13976.240234375,72.70950317382812,104.74099731445312,1102.219970703125,19.966279983520508,4.039999961853027,0.7231180667877197,48.064998626708984,1.3242000341415405,29.860000610351562,27.943099975585938,1.2700599431991577,14.611100196838379,5.3653998374938965,73.63899993896484,1
2021-02-15,0.7764095664024353,6.457200050354004,1.5374000072479248,1.0809799432754517,0.8738800287246704,358.3330078125,127.34400177001953,10.0600004196167,1.2122093439102173,145.70700073242188,1.3871549367904663,7.752289772033691,13966.0,72.59480285644531,105.05899810791016,1103.3699951171875,19.936769485473633,4.039999961853027,0.7219487428665161,48.05099868774414,1.3250199556350708,29.8700008392334,28.014999389648438,1.2687900066375732,14.543450355529785,5.368599891662598,73.57319641113281,1
2021-02-16,0.7786197066307068,6.457200050354004,1.5329699516296387,1.0796400308609009,0.8719000220298767,357.5169982910156,127.85700225830078,10.04423999786377,1.2132196426391602,146.61000061035156,1.3914785385131836,7.752429962158203,13907.0,72.63870239257812,105.38700103759766,1102.239990234375,19.94930076599121,4.0329999923706055,0.723358690738678,47.95500183105469,1.3219000101089478,29.889999389648438,27.993999481201172,1.2635600566864014,14.434599876403809,5.368000030517578,73.33200073242188,1
2021-02-17,0.773790180683136,6.457099914550781,1.5368399620056152,1.0802199840545654,0.8705000281333923,358.5790100097656,128.3040008544922,10.016989707946777,1.2092483043670654,147.35000610351562,1.388811707496643,7.752079963684082,14039.2001953125,72.93499755859375,106.10299682617188,1106.4599609375,20.225540161132812,4.027500152587891,0.718989908695221,48.34700012207031,1.3287700414657593,29.950000762939453,28.040000915527344,1.270900011062622,14.66759967803955,5.3694000244140625,73.5416030883789,1
2021-02-18,0.7758697867393494,6.457600116729736,1.5298099517822266,1.0821000337600708,0.8686699867248535,358.093994140625,127.48999786376953,10.023969650268555,1.2048004865646362,146.7689971923828,1.3866355419158936,7.752500057220459,14007.474609375,72.79730224609375,105.86100006103516,1104.550048828125,20.212539672851562,4.0370001792907715,0.719398558139801,48.39799880981445,1.3273999691009521,29.990999221801758,27.918699264526367,1.2699899673461914,14.560600280761719,5.409800052642822,73.7156982421875,1
2021-02-19,0.7767997980117798,6.487199783325195,1.5333499908447266,1.0832699537277222,0.8656499981880188,358.4150085449219,127.74600219726562,10.04580020904541,1.209189772605896,147.56100463867188,1.3967455625534058,7.752799987792969,13998.1982421875,72.60540008544922,105.6520004272461,1106.219970703125,20.308229446411133,4.0395002365112305,0.721870481967926,48.555999755859375,1.3266700506210327,29.989999771118164,27.86079978942871,1.268090009689331,14.586999893188477,5.42579984664917,73.83380126953125,1
2021-02-22,0.7888488173484802,6.485799789428711,1.527690052986145,1.0872600078582764,0.8641999959945679,358.2019958496094,127.94100189208984,10.023119926452637,1.2126356363296509,148.03500366210938,1.403114914894104,7.752749919891357,13898.4169921875,72.5530014038086,105.51399993896484,1103.93994140625,20.487449645996094,4.034999847412109,0.7312721014022827,48.36919403076172,1.3233599662780762,29.948999404907227,27.907800674438477,1.2598700523376465,14.657050132751465,5.38070011138916,74.14360046386719,1
2021-02-23,0.7915400266647339,6.463099956512451,1.5339900255203247,1.0896999835968018,0.864579975605011,358.6780090332031,127.7229995727539,10.05813980102539,1.2166796922683716,147.6999969482422,1.4071228504180908,7.753699779510498,14107.6962890625,72.44400024414062,104.98400115966797,1110.6700439453125,20.742029190063477,4.0395002365112305,0.7329819798469543,48.654998779296875,1.3207999467849731,29.97599983215332,27.80940055847168,1.2609000205993652,14.662199974060059,5.463399887084961,74.22450256347656,1
2021-02-24,0.7908827066421509,6.4629998207092285,1.530210018157959,1.0997999906539917,0.8607000112533569,358.5350036621094,127.91999816894531,10.059370040893555,1.215214490890503,148.64013671875,1.412030577659607,7.753600120544434,14081.6171875,72.37699890136719,105.28299713134766,1109.31005859375,20.513269424438477,4.040999889373779,0.7338700890541077,48.66699981689453,1.3195500373840332,30.01300048828125,27.850200653076172,1.2592600584030151,14.552740097045898,5.439599990844727,74.07080078125,1
2021-02-25,0.7977026104927063,6.455999851226807,1.5225600004196167,1.1034200191497803,0.8601999878883362,359.2850036621094,128.94200134277344,10.06110954284668,1.2171372175216675,149.8828887939453,1.4148274660110474,7.754499912261963,14097.7998046875,72.4000015258789,105.94400024414062,1107.2099609375,20.377559661865234,4.039999961853027,0.7445295453071594,48.69499969482422,1.3186700344085693,30.03700065612793,27.649999618530273,1.2510000467300415,14.481599807739258,5.402964115142822,73.49469757080078,1
2021-02-26,0.7870000004768372,6.453800201416016,1.5333800315856934,1.1011199951171875,0.867900013923645,361.2950134277344,129.35499572753906,10.098010063171387,1.2160420417785645,148.9709930419922,1.4008152484893799,7.753900051116943,13968.185546875,73.1509017944336,106.37899780273438,1119.1300048828125,20.910900115966797,4.0370001792907715,0.7365506291389465,49.04999923706055,1.3281199932098389,30.264999389648438,27.764999389648438,1.260990023612976,14.998100280761719,5.528025150299072,74.706298828125,1
2021-03-01,0.7752419114112854,6.47790002822876,1.5347599983215332,1.0969300270080566,0.8651700019836426,362.0350036621094,128.74600219726562,10.17570972442627,1.208956003189087,148.79200744628906,1.3972529172897339,7.7564802169799805,14110.5849609375,73.59590148925781,106.50299835205078,1123.3699951171875,20.789569854736328,4.052000045776367,0.7271193265914917,48.631141662597656,1.3291200399398804,30.344999313354492,27.854999542236328,1.2696000337600708,15.039480209350586,5.597599983215332,74.6709976196289,1
2021-03-02,0.7772001028060913,6.463200092315674,1.5231000185012817,1.1023199558258057,0.8647699952125549,363.5889892578125,128.7100067138672,10.14618968963623,1.2051095962524414,148.81300354003906,1.3929517269134521,7.75570011138916,14245.6201171875,73.30940246582031,106.85099792480469,1101.8299560546875,20.654029846191406,4.054999828338623,0.7274197936058044,48.54499816894531,1.327280044555664,30.200000762939453,27.819000244140625,1.2641500234603882,14.961700439453125,5.640699863433838,74.25150299072266,1
2021-03-03,0.7825197577476501,6.4695000648498535,1.5270600318908691,1.1059099435806274,0.8659899830818176,363.9639892578125,129.01499938964844,10.134400367736816,1.208546757698059,148.93699645996094,1.3954981565475464,7.757299900054932,14239.181640625,73.27749633789062,106.75800323486328,1124.3299560546875,20.603410720825195,4.056000232696533,0.7292988300323486,48.58599853515625,1.3288999795913696,30.24799919128418,27.739999771118164,1.2635600566864014,14.922800064086914,5.675099849700928,73.78880310058594,1
2021-03-04,0.7758102416992188,6.466800212860107,1.5268800258636475,1.108299970626831,0.8652300238609314,363.88299560546875,129.0,10.158490180969238,1.2050660848617554,149.0800018310547,1.3926994800567627,7.75600004196167,14349.0,72.88069915771484,107.05799865722656,1129.5,20.956090927124023,4.05049991607666,0.7231912612915039,48.59000015258789,1.3330999612808228,30.350000381469727,27.719999313354492,1.2670700550079346,15.06190013885498,5.617499828338623,74.01429748535156,1
2021-03-05,0.7715603113174438,6.468999862670898,1.516700029373169,1.1120200157165527,0.8613100051879883,364.7179870605469,129.19000244140625,10.17240047454834,1.1967735290527344,149.9739990234375,1.3894098997116089,7.759300231933594,14268.8798828125,73.13179779052734,107.95500183105469,1133.3499755859375,21.13340950012207,4.054999828338623,0.7178286910057068,48.48358154296875,1.3375799655914307,30.43000030517578,27.812999725341797,1.2677899599075317,15.279399871826172,5.668300151824951,74.55500030517578,1
2021-03-08,0.7709101438522339,6.495699882507324,1.5063600540161133,1.1092300415039062,0.8607900142669678,366.5710144042969,129.28799438476562,10.158860206604004,1.1925631761550903,150.18299865722656,1.385367751121521,7.763850212097168,14287.392578125,73.1333999633789,108.41899871826172,1127.489990234375,21.255300521850586,4.072000026702881,0.7178596258163452,48.49153518676758,1.3407299518585205,30.464000701904297,27.927499771118164,1.2631900310516357,15.311450004577637,5.689499855041504,74.32720184326172,1
2021-03-09,0.7656674981117249,6.524600028991699,1.5000799894332886,1.1093300580978394,0.8573099970817566,367.3689880371094,129.10299682617188,10.166259765625,1.185171127319336,150.57200622558594,1.3823610544204712,7.76855993270874,14344.4755859375,73.33000183105469,108.93900299072266,1140.22998046875,21.492490768432617,4.105000019073486,0.7132616639137268,48.625,1.3503700494766235,30.804000854492188,28.283000946044922,1.2657899856567383,15.5246000289917,5.874599933624268,74.47460174560547,1
2021-03-10,0.7717835903167725,6.5055999755859375,1.5040299892425537,1.104200005531311,0.8565999865531921,366.3269958496094,129.14999389648438,10.110030174255371,1.1897906064987183,150.7899932861328,1.3890432119369507,7.7616400718688965,14393.0,72.7759017944336,108.5770034790039,1134.9100341796875,21.188819885253906,4.114500045776367,0.7179575562477112,48.483001708984375,1.3434699773788452,30.725000381469727,28.25200080871582,1.2643100023269653,15.281990051269531,5.801499843597412,74.02950286865234,1
2021-03-11,0.773200273513794,6.504899978637695,1.5048600435256958,1.1088000535964966,0.8557999730110168,366.5350036621094,129.3090057373047,10.111120223999023,1.1926058530807495,151.04800415039062,1.3931456804275513,7.761099815368652,14398.0,72.70600128173828,108.43199920654297,1136.010009765625,20.90212059020996,4.125,0.7192174792289734,48.50199890136719,1.343790054321289,30.68899917602539,28.20199966430664,1.2620099782943726,15.065899848937988,5.67110013961792,73.5239028930664,1
2021-03-12,0.7787615656852722,6.493000030517578,1.5011999607086182,1.1080399751663208,0.8565499782562256,364.7640075683594,130.08200073242188,10.122300148010254,1.1986095905303955,151.8520050048828,1.3989927768707275,7.7582597732543945,14283.900390625,72.63899993896484,108.55500030517578,1129.6400146484375,20.614999771118164,4.105000019073486,0.7227522134780884,48.39500045776367,1.3394700288772583,30.540000915527344,28.000999450683594,1.2531399726867676,14.803099632263184,5.534800052642822,73.30030059814453,1
2021-03-15,0.7762998938560486,6.498499870300293,1.489959955215454,1.1105600595474243,0.8578199744224548,366.6520080566406,130.3820037841797,10.137450218200684,1.1950000524520874,151.97808837890625,1.3929517269134521,7.762650012969971,14385.208984375,72.68299865722656,109.11699676513672,1134.5,20.711580276489258,4.116000175476074,0.7187315821647644,48.36759948730469,1.3441400527954102,30.708999633789062,28.145700454711914,1.2469300031661987,14.93529987335205,5.4951558113098145,73.31849670410156,1
2021-03-16,0.7750135660171509,6.498899936676025,1.4874999523162842,1.1062999963760376,0.8579999804496765,366.97100830078125,130.1490020751953,10.15429973602295,1.1925773620605469,151.66229248046875,1.3899120092391968,7.7642598152160645,14464.0,72.51529693603516,109.13400268554688,1131.3900146484375,20.666690826416016,4.110000133514404,0.720352053642273,48.48500061035156,1.3446999788284302,30.719999313354492,28.176700592041016,1.2475500106811523,14.8548002243042,5.614500045776367,72.73500061035156,1
2021-03-17,0.77455735206604,6.505000114440918,1.4808399677276611,1.1009000539779663,0.8561000227928162,367.1780090332031,129.76199340820312,10.116069793701172,1.190164566040039,151.54400634765625,1.3902212381362915,7.765200138092041,14427.5,72.5156021118164,109.02899932861328,1129.8399658203125,20.599300384521484,4.111499786376953,0.7193002700805664,48.49928665161133,1.3450000286102295,30.739999771118164,28.236499786376953,1.2442699670791626,14.860300064086914,5.6234002113342285,72.86799621582031,1
2021-03-18,0.7813000679016113,6.502600193023682,1.4846500158309937,1.1049599647521973,0.8573899865150452,366.1390075683594,130.4770050048828,10.119660377502441,1.1982792615890503,152.1580047607422,1.3975849151611328,7.764999866485596,14403.0,72.29560089111328,108.89099884033203,1121.1300048828125,20.362770080566406,4.11899995803833,0.7251210808753967,48.82699966430664,1.3396300077438354,30.670000076293945,28.217599868774414,1.2389999628067017,14.605600357055664,5.583099842071533,73.65480041503906,1
2021-03-19,0.7753699421882629,6.504799842834473,1.4886399507522583,1.1051199436187744,0.8558599948883057,368.3280029296875,129.81900024414062,10.146519660949707,1.1918240785598755,151.66900634765625,1.3925055265426636,7.764750003814697,14431.0,72.6688003540039,108.93099975585938,1126.1099853515625,20.48390007019043,4.109000205993652,0.7168099284172058,48.54999923706055,1.3437999486923218,30.871000289916992,28.404699325561523,1.2490899562835693,14.728309631347656,5.558700084686279,74.32160186767578,1
2021-03-22,0.7722502946853638,6.499000072479248,1.488029956817627,1.1051599979400635,0.8590199947357178,367.6889953613281,129.3679962158203,10.168230056762695,1.1883116960525513,150.5780029296875,1.3832597732543945,7.765250205993652,14372.2001953125,72.40499877929688,108.87100219726562,1127.47998046875,20.66080093383789,4.105000019073486,0.7152001261711121,48.45109939575195,1.3443299531936646,30.83099937438965,28.38610076904297,1.2522900104522705,14.811630249023438,5.493563175201416,74.15370178222656,1
2021-03-23,0.7745501399040222,6.50629997253418,1.4941200017929077,1.101789951324463,0.8608300089836121,365.9639892578125,129.80299377441406,10.155190467834473,1.193303108215332,150.77200317382812,1.3862512111663818,7.765900135040283,14375.7998046875,72.38050079345703,108.7760009765625,1125.1199951171875,20.575389862060547,4.110499858856201,0.7133176326751709,48.6619987487793,1.3400800228118896,30.8700008392334,28.3085994720459,1.252079963684082,14.702500343322754,5.505499839782715,74.7958984375,1
2021-03-24,0.7604701519012451,6.514900207519531,1.4906400442123413,1.1064300537109375,0.8622900247573853,365.6449890136719,128.4810028076172,10.179750442504883,1.1840205192565918,148.98500061035156,1.3730417490005493,7.766930103302002,14505.5,72.61219787597656,108.5199966430664,1133.199951171875,20.807910919189453,4.119999885559082,0.6990220546722412,48.7599983215332,1.3463499546051025,31.010000228881836,28.402999877929688,1.2590099573135376,14.881199836730957,5.520400047302246,76.3313980102539,1
2021-03-25,0.7591003179550171,6.514599800109863,1.485759973526001,1.1054199934005737,0.8624100089073181,364.51300048828125,128.50599670410156,10.158900260925293,1.1813069581985474,148.9040069580078,1.3688879013061523,7.768499851226807,14460.0,72.64559936523438,108.79000091552734,1134.47998046875,20.882999420166016,4.129499912261963,0.6969515085220337,48.73099899291992,1.3462899923324585,31.020000457763672,28.48069953918457,1.2576700448989868,14.950360298156738,5.61959981918335,76.61620330810547,1
2021-03-26,0.7594000697135925,6.5447998046875,1.4840500354766846,1.1063400506973267,0.8564900159835815,364.1080017089844,128.5709991455078,10.180890083312988,1.1776621341705322,150.08999633789062,1.374910593032837,7.768380165100098,14456.400390625,72.61280059814453,109.17900085449219,1134.2099609375,20.683029174804688,4.144000053405762,0.6967815160751343,48.619998931884766,1.347480058670044,31.149999618530273,28.503299713134766,1.2601799964904785,14.995719909667969,5.648399829864502,76.11710357666016,1
2021-03-29,0.7637377381324768,6.540500164031982,1.4833300113677979,1.107450008392334,0.8547000288963318,362.2179870605469,129.41200256347656,10.189129829406738,1.1788004636764526,151.3979949951172,1.3791011571884155,7.768849849700928,14411.0,72.44719696044922,109.79100036621094,1127.9599609375,20.632530212402344,4.144000053405762,0.6994082927703857,48.428001403808594,1.3462599515914917,31.139999389648438,28.585500717163086,1.2584199905395508,14.971949577331543,5.752399921417236,75.66110229492188,1
2021-03-30,0.7641170620918274,6.568699836730957,1.4812999963760376,1.1051000356674194,0.8543400168418884,362.3420104980469,129.25999450683594,10.218449592590332,1.177100658416748,151.28746032714844,1.3775053024291992,7.772729873657227,14511.7001953125,72.74189758300781,109.83599853515625,1131.6500244140625,20.607379913330078,4.138999938964844,0.7009722590446472,48.50899887084961,1.3480199575424194,31.190000534057617,28.52750015258789,1.2590399980545044,14.910730361938477,5.780799865722656,75.65460205078125,1
2021-03-31,0.7608798146247864,6.571000099182129,1.479200005531311,1.1039999723434448,0.8527899980545044,363.0929870605469,129.30999755859375,10.23740005493164,1.1723604202270508,151.58399963378906,1.3746649026870728,7.775199890136719,14605.0,73.44529724121094,110.30500030517578,1132.3199462890625,20.576000213623047,4.14900016784668,0.6992420554161072,48.63800048828125,1.347059965133667,31.283000946044922,28.441099166870117,1.2620799541473389,14.901180267333984,5.771599769592285,75.90399932861328,1
2021-04-01,0.7594098448753357,6.551199913024902,1.473039984703064,1.106819987297058,0.8506500124931335,361.6969909667969,129.87100219726562,10.23682975769043,1.1728830337524414,152.65199279785156,1.3786258697509766,7.77455997467041,14606.0,73.20349884033203,110.75,1127.199951171875,20.429100036621094,4.144000053405762,0.6983581781387329,48.665000915527344,1.3450299501419067,31.235000610351562,28.374399185180664,1.2564300298690796,14.779199600219727,5.63129997253418,75.67489624023438,1
2021-04-02,0.7619001269340515,6.5644001960754395,1.4773999452590942,1.1094000339508057,0.8511999845504761,361.0119934082031,130.27000427246094,10.263640403747559,1.177994966506958,153.00399780273438,1.383508563041687,7.7754998207092285,14553.0,73.28730010986328,110.61299896240234,1128.06005859375,20.29138946533203,4.144000053405762,0.7024997472763062,48.75,1.3446999788284302,31.190000534057617,28.461700439453125,1.2546000480651855,14.613900184631348,5.707399845123291,76.26429748535156,1
2021-04-05,0.7620998620986938,6.566500186920166,1.4781999588012695,1.1086000204086304,0.8507000207901001,360.98199462890625,130.2100067138672,10.25790023803711,1.176816701889038,153.05599975585938,1.383125901222229,7.776249885559082,14518.0,73.3759994506836,110.677001953125,1128.7900390625,20.305219650268555,4.137499809265137,0.7031112313270569,48.547000885009766,1.3450000286102295,31.280000686645508,28.530500411987305,1.2563999891281128,14.617690086364746,5.710599899291992,76.41519927978516,1
2021-04-06,0.7658727169036865,6.565899848937988,1.479490041732788,1.1059999465942383,0.8493099808692932,360.04901123046875,130.21200561523438,10.280130386352539,1.1818934679031372,153.29299926757812,1.3914011716842651,7.775489807128906,14529.2001953125,73.27950286865234,110.19300079345703,1124.1099853515625,20.30573081970215,4.139999866485596,0.7066688537597656,48.75699996948242,1.3408600091934204,31.332000732421875,28.387100219726562,1.252020001411438,14.546079635620117,5.662700176239014,76.43409729003906,1
2021-04-07,0.7666947841644287,6.53849983215332,1.4927200078964233,1.1051599979400635,0.8586999773979187,360.3429870605469,130.36500549316406,10.225740432739258,1.1874228715896606,151.81500244140625,1.383125901222229,7.776000022888184,14460.2998046875,73.48999786376953,109.79299926757812,1117.5,20.17445945739746,4.129000186920166,0.7063693404197693,48.775001525878906,1.3389099836349487,31.2810001373291,28.431800842285156,1.257140040397644,14.512399673461914,5.593200206756592,77.00050354003906,1
2021-04-08,0.7613884806632996,6.540999889373779,1.4974499940872192,1.1031999588012695,0.8640000224113464,358.72198486328125,130.4199981689453,10.240699768066406,1.1873664855957031,150.9219970703125,1.3743815422058105,7.784480094909668,14641.0,74.40149688720703,109.85199737548828,1117.8599853515625,20.211299896240234,4.129000186920166,0.7013409733772278,48.856998443603516,1.340000033378601,31.361000061035156,28.350400924682617,1.2612700462341309,14.53909969329834,5.612100124359131,77.15809631347656,1
2021-04-09,0.7659003138542175,6.550000190734863,1.4968600273132324,1.1011099815368652,0.867389976978302,357.95599365234375,130.26600646972656,10.165499687194824,1.1915684938430786,150.11000061035156,1.373437762260437,7.776860237121582,14660.7001953125,74.54450225830078,109.33000183105469,1115.8399658203125,20.098939895629883,4.135000228881836,0.7061498761177063,48.82500076293945,1.3396600484848022,31.395000457763672,28.37070083618164,1.2562199831008911,14.516819953918457,5.5665998458862305,76.79199981689453,1
2021-04-12,0.7626002430915833,6.552000045776367,1.4910099506378174,1.1007000207901,0.8677399754524231,357.1600036621094,130.50999450683594,10.162070274353027,1.1900511980056763,150.3990020751953,1.3712154626846313,7.777659893035889,14558.0,74.72949981689453,109.69400024414062,1122.06005859375,20.160409927368164,4.132500171661377,0.703982412815094,48.527000427246094,1.341130018234253,31.466999053955078,28.5,1.2530800104141235,14.576310157775879,5.679299831390381,77.38700103759766,1
2021-04-13,0.7627707123756409,6.547900199890137,1.496440052986145,1.0987199544906616,0.8659999966621399,356.79901123046875,130.29200744628906,10.21183967590332,1.1914690732955933,150.4250030517578,1.3753834962844849,7.773839950561523,14611.900390625,74.99099731445312,109.3740005493164,1124.449951171875,20.14443016052246,4.130499839782715,0.7032397985458374,48.792999267578125,1.339900016784668,31.488000869750977,28.393600463867188,1.2559000253677368,14.559100151062012,5.7322001457214355,77.29119873046875,1
2021-04-14,0.7647499442100525,6.542600154876709,1.4986499547958374,1.1001100540161133,0.8687199950218201,359.093994140625,130.197998046875,10.166950225830078,1.1954143047332764,149.8509979248047,1.3759700059890747,7.772459983825684,14621.099609375,75.18150329589844,108.92400360107422,1120.68994140625,20.0674991607666,4.131999969482422,0.706119954586029,48.720001220703125,1.3399200439453125,31.461999893188477,28.413700103759766,1.2537100315093994,14.493000030517578,5.716300010681152,75.91850280761719,1
2021-04-15,0.772509753704071,6.52810001373291,1.4999300241470337,1.1057300567626953,0.869700014591217,358.1289978027344,130.48599243164062,10.140979766845703,1.1986095905303955,150.01600646972656,1.3779228925704956,7.765900135040283,14673.7998046875,75.0261001586914,108.89399719238281,1116.1099853515625,20.0860595703125,4.126999855041504,0.7140001058578491,48.380001068115234,1.3357000350952148,31.312000274658203,28.33370018005371,1.2517000436782837,14.386899948120117,5.652900218963623,76.01419830322266,1
2021-04-16,0.7751697301864624,6.521299839019775,1.5016100406646729,1.1035499572753906,0.8682600259780884,358.89898681640625,130.0959930419922,10.107319831848145,1.1971746683120728,149.79800415039062,1.3785498142242432,7.767099857330322,14616.0,74.72740173339844,108.68900299072266,1115.6700439453125,19.93589973449707,4.123000144958496,0.7175711989402771,48.54999923706055,1.3341000080108643,31.148000717163086,28.24530029296875,1.2543699741363525,14.143400192260742,5.614999771118164,76.07849884033203,1
2021-04-19,0.7714025974273682,6.511099815368652,1.4981800317764282,1.1017199754714966,0.866129994392395,360.5989990234375,130.1219940185547,10.107290267944336,1.1969454288482666,150.21600341796875,1.3818453550338745,7.771160125732422,14558.0,74.56320190429688,108.71900177001953,1115.6500244140625,19.91830062866211,4.123499870300293,0.7127177715301514,48.334999084472656,1.334920048713684,31.18899917602539,28.2549991607666,1.2517600059509277,14.302220344543457,5.5858001708984375,75.95500183105469,1
2021-04-20,0.7767002582550049,6.509300231933594,1.5075000524520874,1.1017999649047852,0.8605999946594238,360.7120056152344,130.16000366210938,10.106670379638672,1.204529047012329,151.22000122070312,1.3993842601776123,7.765699863433838,14570.0,74.8781967163086,108.0979995727539,1114.469970703125,19.81344985961914,4.120999813079834,0.7190881967544556,48.439998626708984,1.329300045967102,31.200000762939453,28.12700080871582,1.2521699666976929,14.208200454711914,5.545300006866455,76.27210235595703,1
2021-04-21,0.7723796963691711,6.498499870300293,1.5175399780273438,1.1018999814987183,0.8632199764251709,360.8280029296875,130.11000061035156,10.144920349121094,1.2032392024993896,150.7030029296875,1.3938837051391602,7.761350154876709,14543.2001953125,75.44920349121094,108.13300323486328,1116.1099853515625,19.94700050354004,4.112500190734863,0.7165479063987732,48.529998779296875,1.3287999629974365,31.270000457763672,28.025999069213867,1.2611500024795532,14.285499572753906,5.56790018081665,76.822998046875,1
2021-04-22,0.7754402756690979,6.489999771118164,1.5051699876785278,1.1035200357437134,0.8639900088310242,362.03399658203125,130.05499267578125,10.115750312805176,1.2037750482559204,150.5030059814453,1.3931845426559448,7.762700080871582,14564.2001953125,75.42949676513672,108.03900146484375,1115.6600341796875,19.886600494384766,4.118500232696533,0.7204403877258301,48.3039665222168,1.3285900354385376,31.309999465942383,27.979999542236328,1.2503700256347656,14.217499732971191,5.56790018081665,76.56900024414062,1
2021-04-23,0.7705348134040833,6.490300178527832,1.5021300315856934,1.1018999814987183,0.8681100010871887,363.5060119628906,129.7239990234375,10.128299713134766,1.2014753818511963,149.40899658203125,1.3840255737304688,7.75984001159668,14606.599609375,75.0916976928711,107.97799682617188,1118.5899658203125,19.933000564575195,4.109799861907959,0.7154299020767212,48.46699905395508,1.3292900323867798,31.389999389648438,28.086299896240234,1.250290036201477,14.309280395507812,5.44320011138916,75.50550079345703,1
2021-04-26,0.7743114233016968,6.4944000244140625,1.5097399950027466,1.104889988899231,0.8717899918556213,363.25,130.41799926757812,10.144669532775879,1.2089852094650269,149.54299926757812,1.3866355419158936,7.760900020599365,14518.0,74.86810302734375,107.8740005493164,1114.1300048828125,19.8525390625,4.10699987411499,0.7191709280014038,48.244998931884766,1.327139973640442,31.392000198364258,28.031999588012695,1.2487599849700928,14.272890090942383,5.477200031280518,74.908203125,1
2021-04-27,0.7799704074859619,6.484499931335449,1.4973900318145752,1.104699969291687,0.8692700266838074,363.2250061035156,130.70199584960938,10.120409965515137,1.2081671953201294,150.33200073242188,1.3895643949508667,7.760900020599365,14459.599609375,74.81490325927734,108.2020034790039,1109.22998046875,19.858600616455078,4.096499919891357,0.7230082750320435,48.42300033569336,1.3258700370788574,31.420000076293945,27.808000564575195,1.2395999431610107,14.271679878234863,5.435299873352051,74.9751968383789,1
2021-04-28,0.7770001888275146,6.482100009918213,1.4997999668121338,1.1050100326538086,0.8694000244140625,362.1390075683594,131.48500061035156,10.120189666748047,1.2090305089950562,151.18299865722656,1.390356421470642,7.76230001449585,14516.400390625,74.57499694824219,108.75,1112.1500244140625,20.03260040283203,4.09499979019165,0.7204195857048035,48.560001373291016,1.3266799449920654,31.339000701904297,27.897199630737305,1.2406200170516968,14.36868953704834,5.451000213623047,74.7791976928711,1
2021-04-29,0.7801297307014465,6.47790002822876,1.4929399490356445,1.1029900312423706,0.8694000244140625,361.5920104980469,131.67999267578125,10.110899925231934,1.213592290878296,151.3990020751953,1.395673394203186,7.762400150299072,14519.0,74.31179809570312,108.50499725341797,1108.6600341796875,19.89167022705078,4.099999904632568,0.727300226688385,48.55699920654297,1.3244800567626953,31.323999404907227,27.783000946044922,1.2302900552749634,14.204099655151367,5.341400146484375,74.3635025024414,1
2021-04-30,0.777762234210968,6.471199989318848,1.4883300065994263,1.1018999814987183,0.8690999746322632,359.90399169921875,132.05099487304688,10.145270347595215,1.2127091884613037,151.91000366210938,1.3952839374542236,7.763329982757568,14439.7001953125,74.10579681396484,108.90399932861328,1106.6300048828125,20.02429962158203,4.099999904632568,0.7247374653816223,48.45500183105469,1.3253999948501587,31.170000076293945,27.766000747680664,1.227620005607605,14.281800270080566,5.336400032043457,74.72930145263672,1
2021-05-03,0.7722997665405273,6.473499774932861,1.4768099784851074,1.0980000495910645,0.8702899813652039,359.6520080566406,131.41000366210938,10.179240226745605,1.2027760744094849,151.00900268554688,1.3819791078567505,7.7667999267578125,14438.0,74.09480285644531,109.28299713134766,1116.760009765625,20.19580078125,4.0929999351501465,0.7169898152351379,48.1879997253418,1.329800009727478,31.15999984741211,27.846500396728516,1.227910041809082,14.458600044250488,5.439700126647949,75.19750213623047,1
2021-05-04,0.7758914828300476,6.472799777984619,1.4807000160217285,1.0992000102996826,0.8672199845314026,359.16900634765625,131.52000427246094,10.15170955657959,1.2061271667480469,151.65699768066406,1.3903758525848389,7.76609992980957,14399.099609375,73.8375015258789,109.08699798583984,1120.4000244140625,20.18779945373535,4.1020002365112305,0.7198076248168945,47.91392135620117,1.3295400142669678,31.1200008392334,27.923999786376953,1.2280100584030151,14.397700309753418,5.4380998611450195,74.89430236816406,1
2021-05-05,0.7713799476623535,6.472799777984619,1.477869987487793,1.0975899696350098,0.8650000095367432,359.90399169921875,131.35299682617188,10.16746997833252,1.2015043497085571,151.81199645996094,1.388811707496643,7.768179893493652,14482.5,73.77890014648438,109.3290023803711,1124.9100341796875,20.193899154663086,4.119999885559082,0.7162697911262512,48.15700149536133,1.3362300395965576,31.15999984741211,27.893199920654297,1.2300200462341309,14.462200164794922,5.442599773406982,74.7322998046875,1
2021-05-06,0.7751199007034302,6.4730000495910645,1.4730700254440308,1.0964499711990356,0.8632299900054932,358.5260009765625,131.1439971923828,10.174920082092285,1.2007973194122314,151.88600158691406,1.3909753561019897,7.769390106201172,14399.5,73.79940032958984,109.21900177001953,1123.989990234375,20.251169204711914,4.114999771118164,0.7219278216362,47.900001525878906,1.3351999521255493,31.1299991607666,27.885000228881836,1.2267099618911743,14.344590187072754,5.352700233459473,74.80370330810547,1
2021-05-07,0.7787312865257263,6.463200092315674,1.4666199684143066,1.0950499773025513,0.8682199716567993,358.0260009765625,131.5399932861328,10.162569999694824,1.2068549394607544,151.51199340820312,1.389854073524475,7.768199920654297,14283.7998046875,73.61519622802734,109.05000305175781,1119.3900146484375,20.085100173950195,4.119500160217285,0.7232906818389893,47.95000076293945,1.3333499431610107,31.198999404907227,27.947999954223633,1.215399980545044,14.186490058898926,5.273430824279785,74.1886978149414,1
2021-05-10,0.7858793139457703,6.43149995803833,1.4745099544525146,1.0958600044250488,0.8667399883270264,357.6549987792969,132.13600158691406,10.105330467224121,1.2171076536178589,152.39999389648438,1.4041197299957275,7.765600204467773,14278.0,73.29029846191406,108.5719985961914,1111.969970703125,19.89240074157715,4.110000133514404,0.7296074628829956,47.78499984741211,1.3242599964141846,31.030000686645508,27.75279998779297,1.211400032043457,14.055299758911133,5.235499858856201,73.5707015991211,1
2021-05-11,0.7838999032974243,6.41510009765625,1.4682300090789795,1.0930999517440796,0.8591200113296509,357.3919982910156,132.14300537109375,10.116259574890137,1.2140932083129883,153.79800415039062,1.4131278991699219,7.765359878540039,14189.599609375,73.5,108.84400177001953,1115.5400390625,19.91295051574707,4.105000019073486,0.7271299362182617,47.957000732421875,1.325700044631958,31.084999084472656,27.731300354003906,1.2093700170516968,14.038029670715332,5.2221999168396,74.27649688720703,1
2021-05-12,0.7838096022605896,6.428299903869629,1.468999981880188,1.0975799560546875,0.8589000105857849,358.1029968261719,132.0240020751953,10.103070259094238,1.2144500017166138,153.64999389648438,1.4138271808624268,7.768430233001709,14220.0,73.3750991821289,108.71499633789062,1118.22998046875,19.96368980407715,4.116000175476074,0.7262691855430603,48.00400161743164,1.3257999420166016,31.15999984741211,27.91699981689453,1.2096400260925293,13.973600387573242,5.221199989318848,74.16739654541016,1
2021-05-13,0.7732301950454712,6.4552001953125,1.4638899564743042,1.0975899696350098,0.8587899804115295,357.0740051269531,132.44700622558594,10.174570083618164,1.2078505754470825,154.19400024414062,1.4063708782196045,7.766240119934082,14347.0,73.68160247802734,109.66400146484375,1131.5999755859375,20.142000198364258,4.123000144958496,0.7164093852043152,48.05500030517578,1.3330199718475342,31.280000686645508,28.02400016784668,1.2120599746704102,14.115599632263184,5.303100109100342,74.60050201416016,1
2021-05-14,0.7726202011108398,6.450900077819824,1.4697799682617188,1.0937999486923218,0.8597300052642822,356.4070129394531,132.26199340820312,10.147700309753418,1.207729458808899,153.8209991455078,1.4050863981246948,7.767899990081787,14300.2998046875,73.44490051269531,109.51599884033203,1125.699951171875,19.95039939880371,4.123000144958496,0.7182979583740234,47.75,1.333400011062622,31.34000015258789,27.937000274658203,1.2168300151824951,14.12930965423584,5.307700157165527,73.997802734375,1
2021-05-17,0.7778711318969727,6.436100006103516,1.4715399742126465,1.0951800346374512,0.861549973487854,354.9750061035156,132.93600463867188,10.108969688415527,1.2150373458862305,154.2790069580078,1.4101786613464355,7.767199993133545,14191.0,73.27890014648438,109.41200256347656,1125.530029296875,19.870399475097656,4.128499984741211,0.7243909239768982,47.73400115966797,1.3324700593948364,31.31999969482422,27.95989990234375,1.2110999822616577,14.125439643859863,5.269499778747559,73.95770263671875,1
2021-05-18,0.7773698568344116,6.438199996948242,1.4662400484085083,1.0980700254440308,0.8591899871826172,351.1940002441406,132.79400634765625,10.117779731750488,1.2156872749328613,154.53799438476562,1.4148674011230469,7.766280174255371,14344.5,73.26969909667969,109.24199676513672,1135.510009765625,19.76129913330078,4.127500057220459,0.7219122052192688,47.970001220703125,1.3349699974060059,31.469999313354492,28.05419921875,1.2061500549316406,14.092610359191895,5.271500110626221,73.78260040283203,1
2021-05-19,0.7789981961250305,6.424200057983398,1.4751800298690796,1.096909999847412,0.8614400029182434,350.4639892578125,133.06300354003906,10.12399959564209,1.2223997116088867,154.44200134277344,1.41880202293396,7.765309810638428,14362.2998046875,73.1281967163086,108.86799621582031,1127.1400146484375,19.84787940979004,4.122000217437744,0.7237984538078308,47.922000885009766,1.3303899765014648,31.3799991607666,27.965499877929688,1.2072700262069702,14.007519721984863,5.259500026702881,73.67140197753906,1
2021-05-20,0.772030234336853,6.434000015258789,1.4764900207519531,1.10030996799469,0.8626000285148621,350.4960021972656,132.98599243164062,10.165860176086426,1.217285394668579,154.11000061035156,1.4106162786483765,7.764900207519531,14389.7001953125,73.222900390625,109.27300262451172,1130.3699951171875,19.933000564575195,4.135000228881836,0.7163118720054626,47.95500183105469,1.3347500562667847,31.43000030517578,27.890899658203125,1.213230013847351,14.101300239562988,5.308000087738037,73.73169708251953,1
2021-05-21,0.7770001888275146,6.433899879455566,1.47461998462677,1.0971699953079224,0.8615999817848206,349.0249938964844,133.07899475097656,10.125690460205078,1.222538709640503,154.4029998779297,1.4185603857040405,7.76230001449585,14397.2998046875,73.02189636230469,108.86000061035156,1127.050048828125,19.8887996673584,4.138500213623047,0.7196574807167053,47.91699981689453,1.3310099840164185,31.360000610351562,27.95050048828125,1.2062499523162842,13.977970123291016,5.281300067901611,73.46900177001953,1
2021-05-24,0.7730000615119934,6.433199882507324,1.4696999788284302,1.0930999517440796,0.8613200187683105,348.572998046875,132.67999267578125,10.129899978637695,1.2183235883712769,154.00999450683594,1.4142870903015137,7.764080047607422,14348.0,72.90979766845703,108.91899871826172,1126.7900390625,19.937349319458008,4.138500213623047,0.7173189520835876,47.93299865722656,1.3314399719238281,31.360000610351562,27.948999404907227,1.2066999673843384,13.956450462341309,5.361800193786621,73.61280059814453,1
2021-05-25,0.7750802040100098,6.418300151824951,1.4717799425125122,1.095620036125183,0.8628100156784058,346.8630065917969,132.9199981689453,10.155360221862793,1.2214635610580444,154.06900024414062,1.415608525276184,7.764349937438965,14365.0,72.83660125732422,108.85099792480469,1122.18994140625,19.874000549316406,4.144999980926514,0.7214798927307129,48.1349983215332,1.3281999826431274,31.31999969482422,28.012399673461914,1.2049800157546997,13.914199829101562,5.31850004196167,73.43890380859375,1
2021-05-26,0.7753139734268188,6.409999847412109,1.477329969406128,1.0967700481414795,0.8659999966621399,348.3659973144531,133.23599243164062,10.112870216369629,1.2249093055725098,153.8470001220703,1.4143872261047363,7.762499809265137,14371.400390625,72.80490112304688,108.802001953125,1121.3800048828125,19.905799865722656,4.139999866485596,0.7224389910697937,48.095001220703125,1.3252999782562256,31.34000015258789,27.820499420166016,1.2064000368118286,13.839099884033203,5.330699920654297,73.47149658203125,1
2021-05-27,0.7739902138710022,6.390699863433838,1.4788399934768677,1.094480037689209,0.8634999990463257,349.3349914550781,133.1020050048828,10.139780044555664,1.21925950050354,154.08599853515625,1.4116119146347046,7.762800216674805,14310.0,72.67250061035156,109.16999816894531,1115.52001953125,19.870800018310547,4.139999866485596,0.7278285026550293,48.244998931884766,1.3246999979019165,31.260000228881836,27.667999267578125,1.2130099534988403,13.76078987121582,5.310500144958496,73.53900146484375,1
2021-05-28,0.774250328540802,6.381999969482422,1.4716700315475464,1.0937700271606445,0.8583999872207642,347.7969970703125,133.88800048828125,10.087240219116211,1.2193188667297363,155.9459991455078,1.4203739166259766,7.760300159454346,14318.0,72.68299865722656,109.80899810791016,1117.300048828125,19.95185089111328,4.13700008392334,0.7284275889396667,48.10499954223633,1.3243800401687622,31.280000686645508,27.78700065612793,1.2070200443267822,13.756460189819336,5.2382001876831055,73.44020080566406,1
2021-05-31,0.7710099816322327,6.367400169372559,1.472190022468567,1.0971399545669556,0.8583999872207642,347.4159851074219,133.96800231933594,10.128520011901855,1.2190067768096924,155.83599853515625,1.4180374145507812,7.761849880218506,14278.0,72.39350128173828,109.90699768066406,1112.8499755859375,19.92609977722168,4.13100004196167,0.7242912650108337,47.74700164794922,1.3229999542236328,31.25,27.6200008392334,1.2077800035476685,13.768500328063965,5.23799991607666,73.1947021484375,1
2021-06-01,0.7743498086929321,6.36899995803833,1.4752399921417236,1.0988999605178833,0.8597699999809265,346.875,133.93899536132812,10.13169002532959,1.223286509513855,155.76400756835938,1.4226775169372559,7.761000156402588,14247.5,72.48719787597656,109.49299621582031,1106.97998046875,19.917499542236328,4.122000217437744,0.7277278900146484,47.5567626953125,1.320639967918396,31.170000076293945,27.516700744628906,1.2060699462890625,13.707300186157227,5.216599941253662,73.39839935302734,1
2021-06-02,0.7755900025367737,6.38070011138916,1.4746700525283813,1.0958900451660156,0.8629699945449829,345.822998046875,133.7689971923828,10.09850025177002,1.2217769622802734,154.98399353027344,1.4157087802886963,7.759200096130371,14251.5,72.8550033569336,109.49299621582031,1107.2099609375,19.961200714111328,4.124000072479248,0.7253314852714539,47.70600128173828,1.322510004043579,31.166000366210938,27.58180046081543,1.2069000005722046,13.757229804992676,5.149700164794922,73.5154037475586,1
2021-06-03,0.7744301557540894,6.380099773406982,1.4700499773025513,1.0966800451278687,0.8615300059318542,346.35699462890625,133.80999755859375,10.095999717712402,1.220986247062683,155.29600524902344,1.4171934127807617,7.75846004486084,14290.7001953125,72.96510314941406,109.59500122070312,1109.8800048828125,19.894800186157227,4.122499942779541,0.7233482599258423,47.775001525878906,1.3226499557495117,31.110000610351562,27.54400062561035,1.2037999629974365,13.514869689941406,5.07450008392334,73.14510345458984,1
2021-06-04,0.7665772438049316,6.402699947357178,1.468690037727356,1.095900058746338,0.8598999977111816,346.8389892578125,133.7530059814453,10.102109909057617,1.2133007049560547,155.5500030517578,1.4109944105148315,7.757999897003174,14360.0,73.04419708251953,110.26599884033203,1115.43994140625,20.140399932861328,4.120500087738037,0.7148601412773132,47.701171875,1.3272000551223755,31.209999084472656,27.62380027770996,1.2107000350952148,13.62108039855957,5.076300144195557,73.2145004272461,1
2021-06-07,0.7744001746177673,6.3942999839782715,1.4692100286483765,1.0938999652862549,0.859000027179718,345.5199890136719,133.36000061035156,10.069279670715332,1.2168411016464233,155.22999572753906,1.4164307117462158,7.757130146026611,14288.0,72.90969848632812,109.61699676513672,1109.6800537109375,19.943899154663086,4.125500202178955,0.7209701538085938,47.643001556396484,1.323799967765808,31.139999389648438,27.535999298095703,1.2075799703598022,13.417940139770508,5.044600009918213,73.00160217285156,1
2021-06-08,0.7756296992301941,6.396299839019775,1.4733699560165405,1.094099998474121,0.8598799705505371,346.4360046386719,133.17999267578125,10.07096004486084,1.2193634510040283,154.89100646972656,1.41765558719635,7.759200096130371,14246.5,72.80940246582031,109.27400207519531,1109.3199462890625,19.822399139404297,4.125999927520752,0.7225485444068909,47.680999755859375,1.3224999904632568,31.170000076293945,27.622800827026367,1.2086700201034546,13.52865982055664,5.045199871063232,72.7925033569336,1
2021-06-09,0.7736998200416565,6.399499893188477,1.47406005859375,1.0916999578475952,0.860230028629303,348.4469909667969,133.2480010986328,10.06762981414795,1.217285394668579,154.88299560546875,1.414987564086914,7.760000228881836,14281.0,72.97530364990234,109.46900177001953,1116.8900146484375,19.70207977294922,4.117499828338623,0.7190313339233398,47.588417053222656,1.3236099481582642,31.20400047302246,27.58690071105957,1.2111400365829468,13.569510459899902,5.034900188446045,72.24310302734375,1
2021-06-10,0.7729498147964478,6.386499881744385,1.4753799438476562,1.091040015220642,0.8629999756813049,346.0220031738281,133.49200439453125,10.065340042114258,1.218200445175171,154.6739959716797,1.4112334251403809,7.760000228881836,14300.0,72.98529815673828,109.61000061035156,1116.4100341796875,19.73027992248535,4.116000175476074,0.7171800136566162,47.75600051879883,1.3245799541473389,31.149999618530273,27.779499053955078,1.211459994316101,13.732290267944336,5.061500072479248,72.302001953125,1
2021-06-11,0.7747998237609863,6.392300128936768,1.4722800254821777,1.0890300273895264,0.859000027179718,345.1400146484375,133.1739959716797,10.042320251464844,1.2172558307647705,155.01199340820312,1.4170126914978027,7.760499954223633,14248.5,73.01229858398438,109.40899658203125,1111.260009765625,19.70319938659668,4.118000030517578,0.7189486026763916,47.72100067138672,1.3233000040054321,31.1200008392334,27.5575008392334,1.2093000411987305,13.593299865722656,5.054500102996826,71.74099731445312,1
2021-06-14,0.7708911895751953,6.39769983291626,1.4724199771881104,1.0872999429702759,0.857699990272522,347.92498779296875,132.85400390625,10.069100379943848,1.2110203504562378,154.8820037841797,1.411930799484253,7.761519908905029,14182.0,73.23159790039062,109.70899963378906,1115.550048828125,19.870899200439453,4.110499858856201,0.7138981223106384,47.77399826049805,1.3255900144577026,31.059999465942383,27.641000747680664,1.2158000469207764,13.706999778747559,5.117000102996826,72.06330108642578,1
2021-06-15,0.7712002992630005,6.397200107574463,1.471500039100647,1.0901600122451782,0.8590800166130066,349.6809997558594,133.39199829101562,10.083100318908691,1.212224006652832,155.25399780273438,1.4109944105148315,7.76200008392334,14267.5,73.18080139160156,110.04100036621094,1116.3199462890625,19.943099975585938,4.112500190734863,0.7143775820732117,47.92499923706055,1.3267300128936768,31.107999801635742,27.63680076599121,1.2141000032424927,13.765080451965332,5.058599948883057,72.02030181884766,1
2021-06-16,0.7686217427253723,6.40500020980835,1.4773600101470947,1.089460015296936,0.8610100150108337,350.9519958496094,133.4709930419922,10.090620040893555,1.2127091884613037,154.99400329589844,1.4081531763076782,7.76308012008667,14280.2998046875,73.3447036743164,110.08399963378906,1116.030029296875,20.021299362182617,4.114500045776367,0.7122507095336914,48.06800079345703,1.3274500370025635,31.15999984741211,27.561199188232422,1.218559980392456,13.760100364685059,5.043799877166748,72.20939636230469,1
2021-06-17,0.7616726756095886,6.396699905395508,1.4727200269699097,1.0898699760437012,0.857200026512146,351.8399963378906,132.86599731445312,10.146610260009766,1.1995586156845093,154.92999267578125,1.3990709781646729,7.762939929962158,14466.5,73.8240966796875,110.7699966430664,1131.949951171875,20.39788055419922,4.114999771118164,0.7071185111999512,48.198001861572266,1.3359099626541138,31.298999786376953,27.67799949645996,1.2278000116348267,13.98270034790039,5.054299831390381,72.56539916992188,1
2021-06-18,0.7556899189949036,6.447400093078613,1.4706799983978271,1.093209981918335,0.854640007019043,355.39801025390625,131.4239959716797,10.183910369873047,1.1913414001464844,153.75799560546875,1.3938642740249634,7.764220237731934,14554.7001953125,74.25389862060547,110.32499694824219,1133.5400390625,20.41069984436035,4.137499809265137,0.7015377879142761,48.505001068115234,1.3413000106811523,31.399999618530273,27.684999465942383,1.2345199584960938,14.097999572753906,5.007400035858154,72.38919830322266,1
2021-06-21,0.7503997683525085,6.452099800109863,1.4778399467468262,1.0949900150299072,0.8590899705886841,355.3110046386719,130.80999755859375,10.213600158691406,1.1873664855957031,152.25100708007812,1.381711721420288,7.764400005340576,14368.0,74.1438980102539,110.20099639892578,1134.25,20.621999740600586,4.136499881744385,0.6949077248573303,48.51599884033203,1.344499945640564,31.469999313354492,27.7810001373291,1.2449899911880493,14.335399627685547,5.0960001945495605,72.7979965209961,1
2021-06-22,0.7534897923469543,6.46589994430542,1.4734100103378296,1.0942100286483765,0.8554199934005737,352.4700012207031,131.4499969482422,10.167590141296387,1.1912561655044556,153.67999267578125,1.392540454864502,7.764619827270508,14388.7998046875,74.13520050048828,110.3740005493164,1130.3399658203125,20.505849838256836,4.14300012588501,0.6986313462257385,48.59000015258789,1.3434200286865234,31.614999771118164,27.947500228881836,1.2369999885559082,14.214500427246094,5.0131001472473145,73.08899688720703,1
2021-06-23,0.7554810047149658,6.480299949645996,1.4688999652862549,1.0964299440383911,0.8555999994277954,349.9530029296875,132.0800018310547,10.121899604797363,1.1936734914779663,154.343994140625,1.3949919939041138,7.76609992980957,14495.0,74.33219909667969,110.65399932861328,1132.510009765625,20.33930015563965,4.158999919891357,0.7017987370491028,48.792999267578125,1.343500018119812,31.690000534057617,27.950300216674805,1.2309999465942383,14.25802993774414,4.957099914550781,72.86199951171875,1
2021-06-24,0.7574437856674194,6.4730000495910645,1.4675500392913818,1.0954999923706055,0.8539999723434448,349.9119873046875,132.39999389648438,10.114100456237793,1.1933174133300781,155.02000427246094,1.3967455625534058,7.764750003814697,14413.2998046875,74.24690246582031,111.01200103759766,1132.6099853515625,20.19586944580078,4.1579999923706055,0.7045577764511108,48.63999938964844,1.3451999425888062,31.81999969482422,28.034700393676758,1.230329990386963,14.209600448608398,4.965199947357178,72.63079833984375,1
2021-06-25,0.7582076191902161,6.4710001945495605,1.4698100090026855,1.0951499938964844,0.8570700287818909,351.1470031738281,132.3070068359375,10.108400344848633,1.1930327415466309,154.35000610351562,1.3916915655136108,7.763000011444092,14511.2001953125,74.19029998779297,110.9209976196289,1130.800048828125,19.846900939941406,4.15500020980835,0.7063194513320923,48.71200180053711,1.3424999713897705,31.89900016784668,27.906099319458008,1.2322299480438232,14.189339637756348,4.912700176239014,72.2969970703125,1
2021-06-28,0.7594998478889465,6.446300029754639,1.4677000045776367,1.0945600271224976,0.8593699932098389,350.8330078125,132.3249969482422,10.136839866638184,1.1942152976989746,153.96299743652344,1.389506459236145,7.761529922485352,14418.0,74.21299743652344,110.8219985961914,1125.3399658203125,19.80820083618164,4.153500080108643,0.70689857006073,48.40165710449219,1.3424299955368042,31.79400062561035,27.865800857543945,1.2291899919509888,14.152139663696289,4.91540002822876,72.20999908447266,1
2021-06-29,0.756840169429779,6.455100059509277,1.4709999561309814,1.0969500541687012,0.8593999743461609,350.09698486328125,131.93099975585938,10.14780044555664,1.1928904056549072,153.47999572753906,1.3879058361053467,7.76278018951416,14525.0,74.285400390625,110.60299682617188,1129.0400390625,19.817169189453125,4.143499851226807,0.7048904895782471,48.676998138427734,1.3427300453186035,31.899999618530273,27.81599998474121,1.2333999872207642,14.247400283813477,4.924799919128418,72.20439910888672,1
2021-06-30,0.7513599991798401,6.463099956512451,1.4752999544143677,1.0959299802780151,0.8597699999809265,351.1780090332031,131.54100036621094,10.141119956970215,1.1901928186416626,152.97300720214844,1.3842746019363403,7.763299942016602,14629.099609375,74.28759765625,110.53500366210938,1130.510009765625,19.8031005859375,4.149499893188477,0.6989800930023193,48.67100143432617,1.3446999788284302,32.124000549316406,27.875900268554688,1.2396199703216553,14.342399597167969,4.955100059509277,72.72239685058594,1
2021-07-01,0.7497701644897461,6.456200122833252,1.4693100452423096,1.09660005569458,0.8572900295257568,351.10101318359375,131.7519989013672,10.102540016174316,1.1856770515441895,153.66799926757812,1.3829153776168823,7.764359951019287,14601.599609375,74.37100219726562,111.1240005493164,1129.5999755859375,19.934429168701172,4.14900016784668,0.6996676325798035,48.922000885009766,1.3446999788284302,31.98200035095215,27.81800079345703,1.2392699718475342,14.231499671936035,4.969200134277344,73.05449676513672,1
2021-07-02,0.7465806603431702,6.467599868774414,1.473620057106018,1.0967400074005127,0.8608899712562561,350.760986328125,132.16600036621094,10.164389610290527,1.1846235990524292,153.5019989013672,1.3759511709213257,7.765789985656738,14581.400390625,74.54499816894531,111.5719985961914,1132.4100341796875,20.010099411010742,4.156000137329102,0.6963691115379333,49.082820892333984,1.3494499921798706,32.077999114990234,27.878999710083008,1.244070053100586,14.4241304397583,5.045102119445801,73.45690155029297,1
2021-07-05,0.7518599033355713,6.472099781036377,1.4617700576782227,1.0928000211715698,0.8571000099182129,351.2699890136719,131.75,10.13379955291748,1.1856207847595215,153.71400451660156,1.383125901222229,7.7653398513793945,14526.0,74.48179626464844,111.13500213623047,1129.77001953125,19.79810905456543,4.160999774932861,0.7025876045227051,49.21799850463867,1.3472800254821777,32.13600158691406,27.937999725341797,1.2330000400543213,14.200530052185059,5.059199810028076,73.21489715576172,1
2021-07-06,0.7543002963066101,6.462800025939941,1.4638700485229492,1.094099998474121,0.8562399744987488,351.4909973144531,131.5709991455078,10.139300346374512,1.186380386352539,153.64199829101562,1.3856172561645508,7.767399787902832,14495.0,74.31780242919922,110.91600036621094,1129.43994140625,19.824899673461914,4.153500080108643,0.7052086591720581,49.31800079345703,1.3444000482559204,32.09000015258789,27.968799591064453,1.233989953994751,14.240699768066406,5.088459014892578,73.39630126953125,1
2021-07-07,0.7494998574256897,6.478099822998047,1.47284996509552,1.093209981918335,0.8563600182533264,353.57501220703125,130.7570037841797,10.159500122070312,1.1824523210525513,152.66200256347656,1.3805670738220215,7.766849994659424,14568.7001953125,74.76290130615234,110.60199737548828,1135.47998046875,20.011659622192383,4.144999980926514,0.7017691731452942,49.90999984741211,1.346809983253479,32.28900146484375,27.896900177001953,1.2458100318908691,14.337030410766602,5.195300102233887,74.4988021850586,1
2021-07-08,0.7484413981437683,6.471499919891357,1.4719300270080566,1.0915600061416626,0.8544999957084656,356.6109924316406,130.4720001220703,10.167699813842773,1.17933988571167,152.66000366210938,1.3801099061965942,7.7677998542785645,14569.2001953125,74.8218994140625,110.63500213623047,1140.52001953125,19.95039939880371,4.159999847412109,0.7013409733772278,50.09199905395508,1.3487000465393066,32.34000015258789,27.88159942626953,1.248170018196106,14.280179977416992,5.231200218200684,74.69920349121094,1
2021-07-09,0.7433286309242249,6.489099979400635,1.4844399690628052,1.0836700201034546,0.8589800000190735,356.9590148925781,130.06900024414062,10.181329727172852,1.184800386428833,151.39999389648438,1.3790820837020874,7.7677001953125,14618.7001953125,74.72139739990234,109.8010025024414,1146.280029296875,19.98110008239746,4.178999900817871,0.6949077248573303,49.959999084472656,1.3523000478744507,32.529998779296875,27.959999084472656,1.2527999877929688,14.262539863586426,5.257999897003174,74.71170043945312,1
2021-07-12,0.749007523059845,6.478000164031982,1.4774999618530273,1.0849000215530396,0.8541300296783447,354.6109924316406,130.8489990234375,10.190449714660645,1.187295913696289,153.17999267578125,1.3899506330490112,7.7671799659729,14521.0,74.4905014038086,110.21499633789062,1144.31005859375,19.860700607299805,4.188000202178955,0.7006186246871948,50.02899932861328,1.350600004196167,32.5099983215332,27.951000213623047,1.2446999549865723,14.22677993774414,5.257900238037109,74.2531967163086,1
2021-07-13,0.7480998039245605,6.474599838256836,1.4772000312805176,1.0853999853134155,0.854200005531311,354.9549865722656,130.8885955810547,10.181500434875488,1.186521053314209,153.1699981689453,1.3886960744857788,7.766300201416016,14558.5,74.54170227050781,110.32499694824219,1141.0999755859375,19.82740020751953,4.188000202178955,0.6986606121063232,50.53499984741211,1.3517400026321411,32.65999984741211,27.959199905395508,1.245519995689392,14.365519523620605,5.172699928283691,74.36689758300781,1
2021-07-14,0.7441999316215515,6.46750020980835,1.474329948425293,1.0819200277328491,0.8527100086212158,356.8680114746094,130.2259979248047,10.190560340881348,1.1775373220443726,152.65199279785156,1.3806052207946777,7.765999794006348,14542.099609375,74.65910339355469,110.59500122070312,1148.699951171875,20.042200088500977,4.190499782562256,0.6944106817245483,50.20899963378906,1.3559800386428833,32.65999984741211,28.01919937133789,1.2520999908447266,14.705220222473145,5.162399768829346,74.33460235595703,1
2021-07-15,0.7480382323265076,6.468299865722656,1.4805999994277954,1.082200050354004,0.8536999821662903,358.13299560546875,130.14300537109375,10.180319786071777,1.1833338737487793,152.36900329589844,1.385809302330017,7.76600980758667,14473.0,74.46910095214844,109.98400115966797,1143.4100341796875,19.900949478149414,4.197999954223633,0.7038784027099609,50.1879997253418,1.3530999422073364,32.60300064086914,27.96660041809082,1.2515499591827393,14.441499710083008,5.069900035858154,74.12629699707031,1
2021-07-16,0.7423000931739807,6.460100173950195,1.4873000383377075,1.0840400457382202,0.8540899753570557,358.2019958496094,129.66000366210938,10.233110427856445,1.1811814308166504,151.79400634765625,1.3829728364944458,7.767899990081787,14563.0,74.53700256347656,109.77799987792969,1140.1199951171875,19.92938995361328,4.197999954223633,0.7011492252349854,50.268001556396484,1.3545299768447876,32.698001861572266,27.87969970703125,1.2589000463485718,14.535639762878418,5.110000133514404,74.36869812011719,1
2021-07-19,0.7390999794006348,6.4781999588012695,1.4900000095367432,1.0850000381469727,0.8580999970436096,359.07598876953125,129.7899932861328,10.251099586486816,1.1814005374908447,151.1999969482422,1.3763866424560547,7.7679901123046875,14491.0,74.63179779052734,109.8740005493164,1141.5,19.904199600219727,4.206999778747559,0.6994816660881042,50.42100143432617,1.3562999963760376,32.810001373291016,27.972000122070312,1.2616900205612183,14.38949966430664,5.1153998374938965,74.05899810791016,1
2021-07-20,0.7339202165603638,6.4893999099731445,1.5031399726867676,1.083299994468689,0.8626000285148621,359.57598876953125,129.16200256347656,10.251110076904297,1.1793843507766724,149.71800231933594,1.3669979572296143,7.770699977874756,14664.5,74.99340057373047,109.53399658203125,1150.0699462890625,20.03809928894043,4.2220001220703125,0.693600058555603,51.08700180053711,1.3636000156402588,32.84000015258789,28.077299118041992,1.2746000289916992,14.530679702758789,5.250899791717529,74.6613998413086,1
2021-07-21,0.7338911294937134,6.48390007019043,1.493299961090088,1.0853099822998047,0.8640300035476685,358.97900390625,129.50999450683594,10.248940467834473,1.1784114837646484,149.85899353027344,1.3633265495300293,7.772299766540527,14620.0,74.5270004272461,109.91999816894531,1147.47998046875,20.136049270629883,4.2220001220703125,0.6923816800117493,50.93899917602539,1.3662099838256836,32.81999969482422,27.999099731445312,1.2675100564956665,14.591569900512695,5.219900131225586,74.34729766845703,1
2021-07-22,0.7352616786956787,6.4670000076293945,1.481950044631958,1.082069993019104,0.8598099946975708,359.3599853515625,130.0050048828125,10.24489974975586,1.179273009300232,151.16600036621094,1.3714035749435425,7.772659778594971,14536.0,74.44020080566406,110.25499725341797,1148.68994140625,20.147140502929688,4.231500148773193,0.696097731590271,50.30699920654297,1.3638299703598022,32.849998474121094,27.961599349975586,1.256890058517456,14.57448959350586,5.187300205230713,73.94120025634766,1
2021-07-23,0.7380498647689819,6.469699859619141,1.4790899753570557,1.0819400548934937,0.8546900153160095,357.41400146484375,129.66400146484375,10.218299865722656,1.1772738695144653,151.69400024414062,1.377389669418335,7.770899772644043,14548.7001953125,74.4520034790039,110.13999938964844,1149.9100341796875,20.102750778198242,4.2204999923706055,0.69810950756073,50.1870002746582,1.3593499660491943,32.87900161743164,27.99570083618164,1.2563999891281128,14.697600364685059,5.1996002197265625,73.65509796142578,1
2021-07-26,0.7368219494819641,6.480400085449219,1.4795199632644653,1.0825200080871582,0.8557999730110168,359.7409973144531,130.14100646972656,10.233309745788574,1.1773432493209839,152.06900024414062,1.3757808208465576,7.768970012664795,14486.0,74.44889831542969,110.54399871826172,1151.1199951171875,20.058300018310547,4.223999977111816,0.6983678936958313,50.183998107910156,1.3600000143051147,32.939998626708984,28.018299102783203,1.2567499876022339,14.79343032836914,5.19789981842041,73.677001953125,1
2021-07-27,0.738825261592865,6.4816999435424805,1.4805799722671509,1.0808099508285522,0.8537399768829346,361.15301513671875,130.2100067138672,10.178600311279297,1.1807769536972046,152.4929962158203,1.3829153776168823,7.778800010681152,14523.5,74.28949737548828,110.302001953125,1151.760009765625,20.02429962158203,4.230000019073486,0.7004797458648682,50.29800033569336,1.357200026512146,32.880001068115234,28.047199249267578,1.253999948501587,14.746520042419434,5.1753997802734375,73.68090057373047,1
2021-07-28,0.7366374135017395,6.509699821472168,1.48826003074646,1.080899953842163,0.8514400124549866,358.906005859375,129.79800415039062,10.199000358581543,1.1823126077651978,152.4239959716797,1.3882719278335571,7.782509803771973,14554.0,74.5022964477539,109.80599975585938,1153.56005859375,19.954099655151367,4.230000019073486,0.6963497400283813,50.4640007019043,1.3594900369644165,32.926998138427734,28.02389907836914,1.259119987487793,14.758099555969238,5.169099807739258,73.70909881591797,1
2021-07-29,0.7377101182937622,6.4893999099731445,1.482699990272522,1.0775599479675293,0.8515999913215637,360.0379943847656,130.16700744628906,10.177359580993652,1.1845955848693848,152.79800415039062,1.3906852006912231,7.7804999351501465,14462.599609375,74.38999938964844,109.89099884033203,1149.4100341796875,19.913799285888672,4.230999946594238,0.6960588693618774,50.220001220703125,1.3560999631881714,32.810001373291016,27.89900016784668,1.2519700527191162,14.719400405883789,5.114799976348877,73.4386978149414,1
2021-07-30,0.739609956741333,6.4552998542785645,1.4802600145339966,1.0769599676132202,0.8514999747276306,357.18701171875,130.05999755859375,10.17041015625,1.1892997026443481,152.76699829101562,1.3964334726333618,7.770040035247803,14450.0,74.25199890136719,109.40899658203125,1142.1199951171875,19.85140037536621,4.236000061035156,0.7011098861694336,50.255001068115234,1.352970004081726,32.84000015258789,27.844999313354492,1.2449300289154053,14.516799926757812,5.080399990081787,73.15299987792969,1
2021-08-02,0.7342305779457092,6.4604997634887695,1.4788999557495117,1.0749200582504272,0.8538699746131897,357.8699951171875,130.18099975585938,10.201290130615234,1.186704158782959,152.4199981689453,1.3896223306655884,7.77209997177124,14456.0,74.37909698486328,109.70600128173828,1150.9300537109375,19.865699768066406,4.218999862670898,0.6974901556968689,49.95000076293945,1.3545700311660767,32.91999816894531,27.924100875854492,1.2466700077056885,14.598600387573242,5.208700180053711,73.08789825439453,1
2021-08-03,0.7360599637031555,6.460999965667725,1.4842599630355835,1.0745999813079834,0.8547000288963318,356.5050048828125,129.74400329589844,10.202400207519531,1.1874650716781616,151.7779998779297,1.3892748355865479,7.773749828338623,14397.400390625,74.33200073242188,109.26899719238281,1149.56005859375,19.90169906616211,4.222499847412109,0.6987192630767822,49.96500015258789,1.3529200553894043,32.93199920654297,27.920900344848633,1.2501100301742554,14.455599784851074,5.174600124359131,72.95809936523438,1
2021-08-04,0.7396799921989441,6.469200134277344,1.487529993057251,1.0727900266647339,0.8527899980545044,355.3370056152344,129.36099243164062,10.208979606628418,1.1869436502456665,151.6739959716797,1.391788363456726,7.777100086212158,14349.5,74.21440124511719,108.99099731445312,1148.5799560546875,19.862600326538086,4.230999946594238,0.7045776844024658,49.82699966430664,1.3503999710083008,33.0099983215332,27.850299835205078,1.2533299922943115,14.303600311279297,5.196800231933594,72.939697265625,1
2021-08-05,0.7382999658584595,6.465199947357178,1.4845999479293823,1.073099970817566,0.8521599769592285,354.29901123046875,129.6479949951172,10.189979553222656,1.1837401390075684,152.1230010986328,1.3890432119369507,7.77554988861084,14338.599609375,74.18399810791016,109.52899932861328,1144.06005859375,19.960399627685547,4.2195000648498535,0.7044088840484619,49.763999938964844,1.3510299921035767,33.13999938964844,27.71470069885254,1.2545000314712524,14.327730178833008,5.1682000160217285,73.17859649658203,1
2021-08-06,0.7402998805046082,6.460299968719482,1.478600025177002,1.072700023651123,0.8495699763298035,353.031005859375,129.875,10.190400123596191,1.1835720539093018,152.8459930419922,1.3927576541900635,7.776370048522949,14385.5,74.08200073242188,109.75199890136719,1143.1199951171875,19.928260803222656,4.215000152587891,0.7048507928848267,50.25,1.3509800434112549,33.255001068115234,27.72640037536621,1.2501300573349,14.476420402526855,5.245200157165527,73.12090301513672,1
2021-08-09,0.7337833642959595,6.482500076293945,1.4765000343322754,1.075659990310669,0.8471999764442444,353.2720031738281,129.52000427246094,10.195619583129883,1.1749500036239624,152.8699951171875,1.3868471384048462,7.780200004577637,14346.0,74.49140167236328,110.25900268554688,1144.9200439453125,20.069799423217773,4.218999862670898,0.6993300318717957,50.74599838256836,1.356119990348816,33.41999816894531,27.82229995727539,1.2570899724960327,14.640910148620605,5.23199987411499,73.5031967163086,1
2021-08-10,0.733100175857544,6.485199928283691,1.4754999876022339,1.080780029296875,0.8474000096321106,352.79400634765625,129.45599365234375,10.21619987487793,1.17384672164917,152.72500610351562,1.3849073648452759,7.783100128173828,14402.099609375,74.46620178222656,110.30599975585938,1145.8900146484375,20.069869995117188,4.22599983215332,0.6991980075836182,50.382999420166016,1.3571399450302124,33.459999084472656,27.785600662231445,1.2573800086975098,14.769000053405762,5.231800079345703,73.62059783935547,1
2021-08-11,0.7343798875808716,6.484899997711182,1.4672199487686157,1.0816099643707275,0.8470199704170227,353.1789855957031,129.61700439453125,10.21500015258789,1.172333002090454,153.0050048828125,1.3836042881011963,7.780900001525879,14393.099609375,74.43550109863281,110.5979995727539,1152.47998046875,20.070499420166016,4.22599983215332,0.7006480693817139,50.547000885009766,1.3594000339508057,33.45000076293945,27.826200485229492,1.2518999576568604,14.767849922180176,5.188300132751465,73.9219970703125,1
2021-08-12,0.7374087572097778,6.4781999588012695,1.4685399532318115,1.0820200443267822,0.8465499877929688,353.3840026855469,129.5970001220703,10.192580223083496,1.1741899251937866,153.01699829101562,1.3866932392120361,7.778369903564453,14395.0,74.10299682617188,110.3740005493164,1152.8499755859375,19.929500579833984,4.232500076293945,0.7041807174682617,50.361000061035156,1.3565000295639038,33.097999572753906,27.791500091552734,1.2506799697875977,14.609199523925781,5.218200206756592,73.40149688720703,1
2021-08-13,0.734149694442749,6.478300094604492,1.4693100452423096,1.083240032196045,0.8496800065040588,352.5719909667969,129.5590057373047,10.191679954528809,1.173626184463501,152.46200561523438,1.3811582326889038,7.781660079956055,14341.0,74.26010131835938,110.40299987792969,1162.06005859375,19.951379776000977,4.230500221252441,0.7005204558372498,50.58700180053711,1.3578100204467773,33.06999969482422,27.796499252319336,1.2519999742507935,14.75979995727539,5.252200126647949,73.53839874267578,1
2021-08-16,0.736572265625,6.476399898529053,1.4763100147247314,1.0794999599456787,0.850629985332489,352.2279968261719,129.29100036621094,10.185400009155273,1.179467797279358,151.95452880859375,1.3863856792449951,7.782199859619141,14381.0,74.216796875,109.6240005493164,1161.3800048828125,19.85770034790039,4.235000133514404,0.703982412815094,50.54199981689453,1.3545000553131104,33.310001373291016,27.808000564575195,1.2516000270843506,14.67140007019043,5.247499942779541,73.15010070800781,1
2021-08-17,0.7341066002845764,6.473599910736084,1.4806100130081177,1.0747900009155273,0.8508300185203552,351.1889953613281,128.7209930419922,10.183699607849121,1.177994966506958,151.25999450683594,1.3842746019363403,7.78400993347168,14363.0,74.13500213623047,109.2969970703125,1164.5,19.88010025024414,4.235000133514404,0.7028493285179138,50.814998626708984,1.3552000522613525,33.38999938964844,27.78969955444336,1.2569600343704224,14.808600425720215,5.259699821472168,73.28269958496094,1
2021-08-18,0.7255598902702332,6.485099792480469,1.4784400463104248,1.0713000297546387,0.8519999980926514,351.2760009765625,128.2570037841797,10.254500389099121,1.1709738969802856,150.4969940185547,1.3740416765213013,7.791800022125244,14425.099609375,74.364501953125,109.53700256347656,1176.449951171875,19.997549057006836,4.235499858856201,0.6927894949913025,50.617000579833984,1.3619600534439087,33.34000015258789,27.89940071105957,1.2626500129699707,14.87304973602295,5.294300079345703,73.595703125,1
2021-08-19,0.7230997681617737,6.4832000732421875,1.4819400310516357,1.0736000537872314,0.8514800071716309,350.0419921875,128.54299926757812,10.223509788513184,1.1703298091888428,150.94700622558594,1.3743815422058105,7.787899971008301,14454.2001953125,74.2697982788086,109.84200286865234,1169.6800537109375,20.039039611816406,4.235499858856201,0.6874505877494812,50.494998931884766,1.3613699674606323,33.30500030517578,27.842199325561523,1.2663099765777588,14.933850288391113,5.378600120544434,73.84349822998047,1
2021-08-20,0.714620053768158,6.49370002746582,1.49822998046875,1.0729800462722778,0.8565800189971924,350.4200134277344,128.1699981689453,10.281240463256836,1.1676595211029053,149.61000061035156,1.3630849123001099,7.789599895477295,14493.400390625,74.4292984008789,109.76799774169922,1175.3900146484375,20.167200088500977,4.236000061035156,0.6820305585861206,50.401031494140625,1.364400029182434,33.35300064086914,28.01799964904785,1.2831300497055054,15.195699691772461,5.414100170135498,74.27510070800781,1
2021-08-23,0.7139797210693359,6.491600036621094,1.500059962272644,1.0729000568389893,0.8585000038146973,349.89801025390625,128.47000122070312,10.296199798583984,1.1697548627853394,149.61000061035156,1.3625277280807495,7.790709972381592,14446.0,74.30149841308594,109.83999633789062,1174.239990234375,20.381500244140625,4.235000133514404,0.6830880641937256,50.250999450683594,1.361799955368042,33.29999923706055,27.97100067138672,1.2826000452041626,15.288350105285645,5.379000186920166,74.19509887695312,1
2021-08-24,0.7209597229957581,6.480000019073486,1.4855999946594238,1.071370005607605,0.8555999994277954,349.7430114746094,128.80599975585938,10.224920272827148,1.1744533777236938,150.5030059814453,1.37247633934021,7.791600227355957,14430.0,74.10590362548828,109.6780014038086,1167.6099853515625,20.317949295043945,4.223999977111816,0.6894079446792603,50.27000045776367,1.3563400506973267,33.2400016784668,27.901199340820312,1.2651000022888184,15.117899894714355,5.379899978637695,74.08049774169922,1
2021-08-25,0.724879801273346,6.469900131225586,1.4805400371551514,1.0731500387191772,0.8562399744987488,347.8710021972656,128.95700073242188,10.211259841918945,1.175309181213379,150.58799743652344,1.3725517988204956,7.787799835205078,14448.7001953125,74.1447982788086,109.7300033569336,1163.469970703125,20.206100463867188,4.2170000076293945,0.6938084959983826,49.886837005615234,1.3542499542236328,32.87699890136719,27.89310073852539,1.259600043296814,14.979399681091309,5.245800018310547,73.7614974975586,1
2021-08-26,0.727660059928894,6.474899768829346,1.4818899631500244,1.0755599737167358,0.8551499843597412,348.10400390625,129.4600067138672,10.22346019744873,1.1774401664733887,151.3679962158203,1.3766520023345947,7.7835001945495605,14465.7001953125,74.0999984741211,109.97599792480469,1163.3299560546875,20.216100692749023,4.202000141143799,0.6972820162773132,49.81999969482422,1.3525999784469604,32.73500061035156,27.884899139404297,1.258870005607605,14.921250343322754,5.210999965667725,73.7699966430664,1
2021-08-27,0.7238398790359497,6.480500221252441,1.4908900260925293,1.0789200067520142,0.8578900098800659,348.4679870605469,129.32000732421875,10.218440055847168,1.1756407022476196,150.76100158691406,1.3702384233474731,7.787179946899414,14449.2998046875,74.15599822998047,110.0479965209961,1170.0,20.366500854492188,4.192800045013428,0.694531261920929,49.87794876098633,1.3538299798965454,32.7400016784668,27.91659927368164,1.268489956855774,14.892900466918945,5.2515997886657715,74.26750183105469,1
2021-08-30,0.731598436832428,6.470799922943115,1.4874999523162842,1.0753999948501587,0.857200026512146,349.02099609375,129.61399841308594,10.187299728393555,1.1799006462097168,151.19200134277344,1.3762996196746826,7.787399768829346,14411.0,73.49659729003906,109.86499786376953,1161.3299560546875,20.1643009185791,4.1875,0.7012377381324768,49.8120002746582,1.3450000286102295,32.52000045776367,27.87299919128418,1.2611000537872314,14.705699920654297,5.2027997970581055,73.40119934082031,1
2021-08-31,0.7291233539581299,6.465099811553955,1.487030029296875,1.0819799900054932,0.857200026512146,347.7250061035156,129.6909942626953,10.174400329589844,1.1796904802322388,151.26199340820312,1.376045823097229,7.787089824676514,14362.0,73.41120147705078,109.94400024414062,1165.510009765625,20.139249801635742,4.1545000076293945,0.6998194456100464,49.880001068115234,1.3453099727630615,32.46900177001953,27.72920036315918,1.260890007019043,14.623749732971191,5.1828999519348145,73.41649627685547,1
2021-09-01,0.7317901849746704,6.45959997177124,1.4899100065231323,1.0809999704360962,0.8586999773979187,348.64300537109375,129.9720001220703,10.17982006072998,1.1810280084609985,151.3459930419922,1.3753398656845093,7.777900218963623,14246.5,72.99669647216797,110.05599975585938,1158.4100341796875,20.059600830078125,4.15500020980835,0.7051689028739929,49.62799835205078,1.3437999486923218,32.16999816894531,27.568700790405273,1.2616100311279297,14.48843002319336,5.1493000984191895,73.27259826660156,1
2021-09-02,0.7368001937866211,6.459000110626221,1.4943599700927734,1.0841000080108643,0.8597000241279602,347.5780029296875,130.36000061035156,10.19884967803955,1.1840906143188477,151.58999633789062,1.3771638870239258,7.776700019836426,14269.2001953125,72.98509979248047,110.09600067138672,1155.280029296875,19.99774932861328,4.151299953460693,0.7065889835357666,50.02000045776367,1.343999981880188,32.279998779296875,27.671600341796875,1.2621699571609497,14.367349624633789,5.184599876403809,72.9813003540039,1
2021-09-03,0.7399300932884216,6.455399990081787,1.4904299974441528,1.0857900381088257,0.8581100106239319,348.16400146484375,130.52999877929688,10.177169799804688,1.1876484155654907,152.11500549316406,1.383680820465088,7.771200180053711,14245.5,73.0542984008789,109.94499969482422,1157.1300048828125,19.962350845336914,4.1554999351501465,0.7110706567764282,49.810001373291016,1.3423000574111938,32.441001892089844,27.62660026550293,1.25518000125885,14.430800437927246,5.18179988861084,73.00890350341797,1
2021-09-06,0.7445018887519836,6.451900005340576,1.4892499446868896,1.0860899686813354,0.8574000000953674,347.3840026855469,130.45700073242188,10.156590461730957,1.1885942220687866,152.11199951171875,1.3859245777130127,7.770899772644043,14256.0,72.99449920654297,109.76399993896484,1154.75,19.909000396728516,4.144000053405762,0.7151899337768555,49.909000396728516,1.3412699699401855,32.459999084472656,27.60700035095215,1.2530299425125122,14.296299934387207,5.189799785614014,72.77220153808594,1
2021-09-07,0.7436713576316833,6.456699848175049,1.4882299900054932,1.086300015449524,0.8578000068664551,347.3269958496094,130.3979949951172,10.159059524536133,1.1875073909759521,151.9770050048828,1.3839489221572876,7.77370023727417,14231.400390625,73.11000061035156,109.81999969482422,1155.5400390625,19.888099670410156,4.145500183105469,0.7136587500572205,49.99700164794922,1.3418099880218506,32.470001220703125,27.533100128173828,1.2534300088882446,14.219400405883789,5.169300079345703,72.96820068359375,1
2021-09-08,0.7386598587036133,6.4654998779296875,1.4976600408554077,1.0888500213623047,0.8594300150871277,348.0719909667969,130.62399291992188,10.173910140991211,1.184356927871704,151.97000122070312,1.3779798746109009,7.774479866027832,14279.2001953125,73.3904037475586,110.2959976196289,1161.0,19.927799224853516,4.1529998779296875,0.7097585201263428,49.987754821777344,1.3454999923706055,32.65999984741211,27.59119987487793,1.264639973640442,14.265399932861328,5.169600009918213,73.36319732666016,1
2021-09-09,0.7363770008087158,6.460700035095215,1.5003000497817993,1.08951997756958,0.8584399819374084,349.5010070800781,130.27000427246094,10.191800117492676,1.1819101572036743,151.72999572753906,1.3767657279968262,7.775489807128906,14326.400390625,73.78900146484375,110.21800231933594,1166.489990234375,19.927499771118164,4.1519999504089355,0.7098290324211121,50.26499938964844,1.345900058746338,32.75,27.670700073242188,1.2694000005722046,14.155850410461426,5.3206000328063965,73.24569702148438,1
2021-09-10,0.7370826601982117,6.4542999267578125,1.4973499774932861,1.0836199522018433,0.8542299866676331,350.1759948730469,129.78500366210938,10.179289817810059,1.1825922727584839,151.91000366210938,1.3839681148529053,7.777239799499512,14258.7998046875,73.53800201416016,109.78099822998047,1169.1300048828125,19.921600341796875,4.145500183105469,0.7105098962783813,49.803585052490234,1.342579960823059,32.70000076293945,27.629600524902344,1.266260027885437,14.189900398254395,5.196499824523926,72.86199951171875,1
2021-09-13,0.7368110418319702,6.443399906158447,1.4972000122070312,1.0843000411987305,0.8534299731254578,349.9219970703125,129.8300018310547,10.197589874267578,1.1811953783035278,152.10000610351562,1.3840830326080322,7.777910232543945,14196.0,73.52429962158203,109.91500091552734,1169.3800048828125,19.86549949645996,4.133999824523926,0.711657702922821,49.926998138427734,1.3414000272750854,32.709999084472656,27.65049934387207,1.2679500579833984,14.164999961853027,5.247000217437744,73.09609985351562,1
2021-09-14,0.7365902066230774,6.450799942016602,1.493499994277954,1.0891000032424927,0.8533999919891357,349.6669921875,129.89599609375,10.15233039855957,1.1811953783035278,152.19700622558594,1.3838149309158325,7.779339790344238,14291.599609375,73.54080200195312,109.99400329589844,1171.1099853515625,19.86199951171875,4.144999980926514,0.7114601731300354,49.935001373291016,1.34197998046875,32.86000061035156,27.639400482177734,1.264799952507019,14.10949993133545,5.213200092315674,72.64399719238281,1
2021-09-15,0.7317097783088684,6.438300132751465,1.4978899955749512,1.0859500169754028,0.8546299934387207,349.4960021972656,129.4969940185547,10.151860237121582,1.1804981231689453,151.47000122070312,1.381024718284607,7.779600143432617,14249.7001953125,73.65080261230469,109.71900177001953,1170.800048828125,19.897300720214844,4.159999847412109,0.7095721364021301,49.959999084472656,1.3436199426651,32.88999938964844,27.63559913635254,1.2690000534057617,14.323399543762207,5.238900184631348,72.87960052490234,1
2021-09-16,0.7341200709342957,6.431399822235107,1.4913400411605835,1.086899995803833,0.8533899784088135,348.6419982910156,129.28199768066406,10.14072036743164,1.1819995641708374,151.46600341796875,1.3848881721496582,7.781199932098389,14264.5,73.43800354003906,109.38300323486328,1165.219970703125,19.844499588012695,4.156000137329102,0.7132006287574768,49.7140007019043,1.340399980545044,32.849998474121094,27.612699508666992,1.2618099451065063,14.363300323486328,5.221700191497803,72.2406005859375,1
2021-09-17,0.7291499972343445,6.456600189208984,1.491979956626892,1.090980052947998,0.8525699973106384,350.3760070800781,129.05299377441406,10.140910148620605,1.176747441291809,151.3509979248047,1.3797005414962769,7.782820224761963,14283.900390625,73.56490325927734,109.6989974975586,1174.4200439453125,19.940549850463867,4.1554999351501465,0.7070900201797485,50.040000915527344,1.3453700542449951,33.11800003051758,27.69300079345703,1.268149971961975,14.574549674987793,5.256800174713135,72.47250366210938,1
2021-09-20,0.7264010310173035,6.465199947357178,1.497230052947998,1.093000054359436,0.8542699813842773,352.4049987792969,128.99000549316406,10.17350959777832,1.1729930639266968,150.97900390625,1.3729662895202637,7.781929969787598,14221.0,73.69609832763672,109.97100067138672,1181.1099853515625,20.01849937438965,4.16949987411499,0.7033585906028748,50.029998779296875,1.349120020866394,33.308998107910156,27.781999588012695,1.2763999700546265,14.740050315856934,5.289700031280518,72.80850219726562,1
2021-09-21,0.7259702086448669,6.465000152587891,1.5013500452041626,1.0879000425338745,0.8582900166511536,353.6910095214844,128.3350067138672,10.168279647827148,1.1730204820632935,149.4949951171875,1.366269588470459,7.78685998916626,14320.5,73.65899658203125,109.43699645996094,1186.3199462890625,20.118940353393555,4.190000057220459,0.7017691731452942,50.1349983215332,1.3516000509262085,33.34000015258789,27.766000747680664,1.2802400588989258,14.755200386047363,5.323200225830078,73.36000061035156,1
2021-09-22,0.7227997779846191,6.466000080108643,1.5029200315475464,1.0823999643325806,0.858299970626831,352.2139892578125,127.94000244140625,10.184499740600586,1.17229163646698,149.05352783203125,1.3657469749450684,7.786320209503174,14237.5,73.7927017211914,109.14900207519531,1182.9200439453125,20.128700256347656,4.184000015258789,0.6997313499450684,50.21699905395508,1.352579951286316,33.38999938964844,27.718599319458008,1.282080054283142,14.845499992370605,5.268899917602539,73.00150299072266,1
2021-09-23,0.7233999967575073,6.4608001708984375,1.494339942932129,1.0826400518417358,0.8582599759101868,354.8110046386719,128.3489990234375,10.164899826049805,1.168770432472229,149.52499389648438,1.3617113828659058,7.785600185394287,14279.2001953125,73.8749008178711,109.8219985961914,1181.030029296875,20.086759567260742,4.190999984741211,0.6991002559661865,50.35499954223633,1.3540699481964111,33.426998138427734,27.703899383544922,1.2785899639129639,14.771499633789062,5.287700176239014,72.91590118408203,1
2021-09-24,0.7299802899360657,6.457900047302246,1.4860999584197998,1.0855599641799927,0.8555999994277954,355.8330078125,129.5189971923828,10.131489753723145,1.1740258932113647,151.36599731445312,1.3722503185272217,7.784969806671143,14286.5,73.83999633789062,110.32599639892578,1174.699951171875,20.052900314331055,4.179999828338623,0.7065390348434448,50.177574157714844,1.3486000299453735,33.38999938964844,27.684999465942383,1.2661999464035034,14.73390007019043,5.3018999099731445,72.6729965209961,1
2021-09-27,0.7266121506690979,6.465700149536133,1.4827799797058105,1.083739995956421,0.8575699925422668,356.3340148925781,129.84100341796875,10.124500274658203,1.1723054647445679,151.38999938964844,1.3669044971466064,7.785299777984619,14251.0,73.81289672851562,110.76399993896484,1179.199951171875,20.053499221801758,4.185999870300293,0.7016608715057373,50.79999923706055,1.3530100584030151,33.400001525878906,27.726999282836914,1.2649400234222412,14.917810440063477,5.336999893188477,72.6968994140625,1
2021-09-28,0.7280601263046265,6.455999851226807,1.476680040359497,1.0825599431991577,0.8535900115966797,357.62200927734375,129.77499389648438,10.173330307006836,1.1696795225143433,152.01800537109375,1.3701633214950562,7.782700061798096,14242.5,73.82530212402344,110.96399688720703,1176.9599609375,20.089500427246094,4.1875,0.700790524482727,50.960609436035156,1.353700041770935,33.58000183105469,27.654199600219727,1.262619972229004,14.92158031463623,5.390399932861328,72.58460235595703,1
2021-09-29,0.7244277596473694,6.459000110626221,1.4813400506973267,1.0857000350952148,0.863099992275238,359.3590087890625,130.33200073242188,10.204099655151367,1.1686338186264038,150.97999572753906,1.354224443435669,7.7829999923706055,14318.599609375,74.16329956054688,111.52799987792969,1186.8900146484375,20.329769134521484,4.179999828338623,0.6960008144378662,51.0061149597168,1.3569899797439575,33.84000015258789,27.738100051879883,1.267699956893921,15.090800285339355,5.427599906921387,72.83920288085938,1
2021-09-30,0.7179998159408569,6.469600200653076,1.479599952697754,1.083799958229065,0.8637999892234802,360.0140075683594,129.86099243164062,10.19633960723877,1.1601601839065552,150.27999877929688,1.3426424264907837,7.784890174865723,14385.0,74.3219985961914,111.93599700927734,1187.4300537109375,20.501100540161133,4.182300090789795,0.6872379779815674,51.09000015258789,1.3615399599075317,33.93600082397461,27.812400817871094,1.27538001537323,15.14330005645752,5.414299964904785,72.84590148925781,1
2021-10-01,0.7231180667877197,6.445499897003174,1.4680900573730469,1.0791000127792358,0.8592699766159058,358.85699462890625,129.00100708007812,10.141630172729492,1.1574475765228271,150.11099243164062,1.346982717514038,7.786139965057373,14328.599609375,74.25440216064453,111.46099853515625,1183.719970703125,20.615400314331055,4.184000015258789,0.6896799206733704,51.10499954223633,1.358240008354187,33.68000030517578,27.836599349975586,1.268399953842163,15.071700096130371,5.441699981689453,72.71720123291016,1
2021-10-04,0.7275214195251465,6.445700168609619,1.4653600454330444,1.078879952430725,0.8550999760627747,356.8039855957031,128.7689971923828,10.140910148620605,1.160725712776184,150.54800415039062,1.3570915460586548,7.785299777984619,14301.0,74.152099609375,110.9469985961914,1180.0,20.41819953918457,4.177000045776367,0.6941889524459839,50.632999420166016,1.3554999828338623,33.619998931884766,27.753999710083008,1.2625000476837158,14.844799995422363,5.3678998947143555,72.74500274658203,1
2021-10-05,0.7289697527885437,6.445199966430664,1.4624799489974976,1.074489951133728,0.8536499738693237,356.4219970703125,128.9029998779297,10.1358003616333,1.1618449687957764,150.9759979248047,1.3607479333877563,7.787399768829346,14300.5,74.57279968261719,110.96800231933594,1183.780029296875,20.50160026550293,4.171999931335449,0.6961801052093506,50.94499969482422,1.3570499420166016,33.779998779296875,27.882299423217773,1.2589800357818604,15.028200149536133,5.453199863433838,72.47989654541016,1
2021-10-06,0.7290754914283752,6.445199966430664,1.4590100049972534,1.0764800310134888,0.8509200215339661,357.45098876953125,129.27099609375,10.1356201171875,1.1596084833145142,151.9029998779297,1.3627691268920898,7.78508996963501,14246.0,74.56320190429688,111.48699951171875,1187.1700439453125,20.570199966430664,4.177499771118164,0.6956700682640076,50.5099983215332,1.3569999933242798,33.810001373291016,27.871000289916992,1.258270025253296,14.985819816589355,5.475500106811523,72.29090118408203,1
2021-10-07,0.728141188621521,6.445199966430664,1.4542900323867798,1.0719499588012695,0.8500999808311462,358.7449951171875,128.73699951171875,10.170909881591797,1.1555349826812744,151.41299438476562,1.3592127561569214,7.786280155181885,14232.400390625,74.76000213623047,111.41300201416016,1191.3800048828125,20.5575008392334,4.183000087738037,0.6915820240974426,50.96699905395508,1.358489990234375,33.79999923706055,27.951000213623047,1.258620023727417,14.945099830627441,5.4918999671936035,72.39459991455078,1
2021-10-08,0.7316797971725464,6.445199966430664,1.4503200054168701,1.073199987411499,0.8485999703407288,358.34600830078125,129.0500030517578,10.147199630737305,1.1559758186340332,152.05999755859375,1.3620266914367676,7.784860134124756,14170.7998046875,74.83000183105469,111.66200256347656,1191.1500244140625,20.654130935668945,4.181000232696533,0.6938180923461914,50.64699935913086,1.3573999404907227,33.790000915527344,27.9685001373291,1.254699945449829,14.937399864196777,5.517000198364258,71.78350067138672,1
2021-10-11,0.729490339756012,6.442299842834473,1.4437299966812134,1.0730500221252441,0.8493300080299377,360.62799072265625,129.84500122070312,10.111129760742188,1.1566041707992554,152.86199951171875,1.361655831336975,7.784299850463867,14216.0,75.30580139160156,112.2699966430664,1195.5799560546875,20.7231502532959,4.178500175476074,0.6921613216400146,50.573001861572266,1.355239987373352,33.900001525878906,28.049999237060547,1.2484099864959717,14.902600288391113,5.506899833679199,71.75330352783203,1
2021-10-12,0.7348402738571167,6.4496002197265625,1.4418599605560303,1.0715999603271484,0.8497999906539917,359.04998779296875,131.00100708007812,10.134099960327148,1.1553747653961182,154.10000610351562,1.3590649366378784,7.7786102294921875,14194.0,75.40260314941406,113.38800048828125,1195.800048828125,20.847000122070312,4.167500019073486,0.6943287253379822,51.0,1.3553600311279297,33.65700149536133,28.042999267578125,1.248039960861206,15.052399635314941,5.535999774932861,71.83509826660156,1
2021-10-13,0.7335088849067688,6.447999954223633,1.4386199712753296,1.072909951210022,0.8492000102996826,360.1510009765625,130.90699768066406,10.125320434570312,1.15340256690979,154.125,1.3578838109970093,7.780980110168457,14221.2001953125,75.48390197753906,113.51899719238281,1196.8900146484375,20.780000686645508,4.163000106811523,0.6925591230392456,50.974998474121094,1.3572700023651123,33.31999969482422,28.128700256347656,1.2476099729537964,14.956100463867188,5.531499862670898,71.84649658203125,1
2021-10-14,0.7386069893836975,6.426599979400635,1.4424899816513062,1.0715700387954712,0.8483499884605408,359.86700439453125,131.38600158691406,10.073390007019043,1.1599582433700562,154.85899353027344,1.366923213005066,7.778900146484375,14219.7001953125,75.3062973022461,113.3010025024414,1186.7099609375,20.553699493408203,4.15749979019165,0.6972284913063049,50.40999984741211,1.3511099815368652,33.16999816894531,27.999500274658203,1.2436800003051758,14.768899917602539,5.512499809265137,71.96900177001953,1
2021-10-15,0.741379976272583,6.439000129699707,1.4342299699783325,1.0713200569152832,0.8479200005531311,358.5570068359375,131.93099975585938,10.011119842529297,1.159151554107666,155.57000732421875,1.3668859004974365,7.7793498039245605,14078.5,74.99500274658203,113.83399963378906,1182.1300048828125,20.541799545288086,4.152500152587891,0.7035713195800781,50.80500030517578,1.348680019378662,33.16999816894531,27.98889923095703,1.2374600172042847,14.760299682617188,5.512199878692627,71.36750030517578,1
2021-10-18,0.7424786686897278,6.434800148010254,1.434499979019165,1.0707999467849731,0.8426499962806702,359.27301025390625,132.55999755859375,9.980620384216309,1.1597026586532593,157.3209991455078,1.376159429550171,7.77810001373291,14067.0,75.00589752197266,114.3239974975586,1181.7900390625,20.347000122070312,4.1554999351501465,0.7084611654281616,50.70399856567383,1.3476999998092651,33.43000030517578,28.0,1.2373700141906738,14.57919979095459,5.458399772644043,71.03150177001953,1
2021-10-19,0.7417000532150269,6.428899765014648,1.4368000030517578,1.072450041770935,0.8453999757766724,361.44000244140625,132.7220001220703,10.057100296020508,1.161386251449585,156.97300720214844,1.373645305633545,7.7771501541137695,14157.2001953125,75.2354965209961,114.28500366210938,1185.6800537109375,20.397499084472656,4.16949987411499,0.7091901898384094,51.029998779296875,1.348960041999817,33.45000076293945,27.949199676513672,1.237220048904419,14.66450023651123,5.511300086975098,71.18900299072266,1
2021-10-20,0.7477194666862488,6.381800174713135,1.4370100498199463,1.0735700130462646,0.8432000279426575,362.0379943847656,133.2100067138672,10.032890319824219,1.1631964445114136,157.9600067138672,1.3793197870254517,7.7749199867248535,14116.7998046875,75.12010192871094,114.54299926757812,1175.6500244140625,20.22209930419922,4.16949987411499,0.7155686020851135,50.91699981689453,1.3449000120162964,33.36000061035156,27.8262996673584,1.2353999614715576,14.485210418701172,5.5833001136779785,70.82859802246094,1
2021-10-21,0.7515299320220947,6.392899990081787,1.4358999729156494,1.0707999467849731,0.8429800271987915,361.97900390625,133.2899932861328,10.004300117492676,1.1655012369155884,158.0959930419922,1.3822999000549316,7.77370023727417,14119.7998046875,74.80919647216797,114.38899993896484,1174.5899658203125,20.221500396728516,4.1554999351501465,0.71986985206604,50.900001525878906,1.3427000045776367,33.349998474121094,27.805999755859375,1.2324399948120117,14.377120018005371,5.59630012512207,70.81909942626953,1
2021-10-22,0.7463700175285339,6.3917999267578125,1.4379899501800537,1.0672999620437622,0.8428999781608582,363.79998779296875,132.34800720214844,9.997900009155273,1.1625338792800903,157.00100708007812,1.379120111465454,7.775109767913818,14175.0,74.86540222167969,113.8499984741211,1176.550048828125,20.29319953918457,4.156000137329102,0.7155993580818176,50.939998626708984,1.346809983253479,33.380001068115234,27.818500518798828,1.237030029296875,14.647299766540527,5.657800197601318,71.1166000366211,1
2021-10-25,0.7469096779823303,6.383900165557861,1.4395999908447266,1.0668200254440308,0.8456000089645386,363.6809997558594,132.27000427246094,9.989899635314941,1.1640088558197021,156.3800048828125,1.3762730360031128,7.7725701332092285,14116.0,74.99369812011719,113.66400146484375,1176.5400390625,20.188899993896484,4.147500038146973,0.7150722742080688,50.74300003051758,1.3485599756240845,33.290000915527344,27.836999893188477,1.237130045890808,14.8125,5.649199962615967,70.35250091552734,1
2021-10-26,0.7491798400878906,6.384699821472168,1.4370499849319458,1.0678199529647827,0.8433799743652344,365.302001953125,132.06900024414062,9.990509986877441,1.161170482635498,156.57000732421875,1.37644362449646,7.774250030517578,14193.5,75.08989715576172,113.76499938964844,1167.06005859375,20.170499801635742,4.14900016784668,0.7166198492050171,50.766998291015625,1.3471499681472778,33.03900146484375,27.80620002746582,1.2379000186920166,14.695099830627441,5.5543999671936035,69.80590057373047,1
2021-10-27,0.7512978315353394,6.381499767303467,1.4369399547576904,1.0665700435638428,0.8423500061035156,364.7090148925781,132.406005859375,9.987369537353516,1.1598236560821533,157.1699981689453,1.3766140937805176,7.776000022888184,14175.7001953125,74.88890075683594,114.18800354003906,1167.3299560546875,20.196910858154297,4.144999980926514,0.7168099284172058,50.84000015258789,1.3472000360488892,33.183998107910156,27.796300888061523,1.2391400337219238,14.810680389404297,5.564799785614014,69.45379638671875,1
2021-10-28,0.7500750422477722,6.391600131988525,1.434790015220642,1.0649399757385254,0.8446099758148193,362.9119873046875,131.9720001220703,9.960060119628906,1.1600120067596436,156.2220001220703,1.3732868432998657,7.778299808502197,14217.099609375,75.05000305175781,113.7760009765625,1172.1700439453125,20.304800033569336,4.1529998779296875,0.7163888216018677,50.62799835205078,1.3488999605178833,33.29199981689453,27.762500762939453,1.2369699478149414,15.05620002746582,5.534999847412109,70.58049774169922,1
2021-10-29,0.7531600594520569,6.390399932861328,1.442330002784729,1.0649499893188477,0.8463799953460693,361.1090087890625,132.72300720214844,9.941240310668945,1.1683608293533325,156.7169952392578,1.380071759223938,7.7779998779296875,14229.0,74.79720306396484,113.61599731445312,1167.3699951171875,20.378400802612305,4.1479997634887695,0.7195124626159668,50.689998626708984,1.3440899848937988,33.189998626708984,27.72330093383789,1.2346099615097046,15.108960151672363,5.644899845123291,70.14240264892578,1
2021-11-01,0.7518287897109985,6.404699802398682,1.4309600591659546,1.05840003490448,0.8445299863815308,359.83599853515625,132.01100158691406,9.934300422668457,1.1556684970855713,156.29600524902344,1.36832594871521,7.7802300453186035,14228.5,74.92829895019531,114.23600006103516,1174.3800048828125,20.55270004272461,4.138999938964844,0.7176483869552612,50.40956115722656,1.349410057067871,33.14799880981445,27.816699981689453,1.2382899522781372,15.19124984741211,5.633699893951416,70.82340240478516,1
2021-11-02,0.7520498633384705,6.396200180053711,1.4353300333023071,1.054819941520691,0.849399983882904,360.239013671875,132.343994140625,9.876299858093262,1.1599582433700562,155.7790069580078,1.365541934967041,7.7823100090026855,14276.599609375,74.82990264892578,114.09400177001953,1176.5699462890625,20.839599609375,4.150000095367432,0.7179214954376221,50.41600036621094,1.348230004310608,33.29999923706055,27.80109977722168,1.2373900413513184,15.396109580993652,5.678899765014648,71.57990264892578,1
2021-11-03,0.7438998222351074,6.398900032043457,1.4369100332260132,1.0592999458312988,0.8503000140190125,358.9419860839844,131.9600067138672,9.925339698791504,1.1579434871673584,155.1580047607422,1.3617392778396606,7.781280040740967,14289.900390625,74.71199798583984,113.96199798583984,1178.0400390625,20.78030014038086,4.145999908447266,0.7125806212425232,50.27299880981445,1.3486700057983398,33.2599983215332,27.85849952697754,1.2408000230789185,15.413200378417969,5.678599834442139,71.60540008544922,1
2021-11-04,0.746900200843811,6.406199932098389,1.4376800060272217,1.0585399866104126,0.8481500148773193,358.4800109863281,132.49600219726562,9.905119895935059,1.1615750789642334,156.18800354003906,1.3694878816604614,7.783199787139893,14366.0,74.43550109863281,114.06999969482422,1179.3399658203125,20.531700134277344,4.151000022888184,0.7176278233528137,50.685001373291016,1.3466999530792236,33.25,27.789499282836914,1.237779974937439,15.21310043334961,5.5524001121521,71.69560241699219,1
2021-11-05,0.740932822227478,6.396399974822998,1.438730001449585,1.054479956626892,0.8553799986839294,359.7049865722656,131.52499389648438,9.917900085449219,1.1555349826812744,153.75900268554688,1.3508602380752563,7.7829999923706055,14414.0,74.47810363769531,113.83699798583984,1185.8299560546875,20.545900344848633,4.1519999504089355,0.7109695672988892,50.46001052856445,1.3497999906539917,33.33000183105469,27.874099731445312,1.2451000213623047,15.199600219726562,5.6016998291015625,71.40599822998047,1
2021-11-08,0.7395902872085571,6.397900104522705,1.440269947052002,1.0549299716949463,0.8574299812316895,358.7030029296875,131.26400756835938,9.911499977111816,1.1568851470947266,153.07699584960938,1.349127173423767,7.783740043640137,14319.7998046875,74.19110107421875,113.4749984741211,1180.5,20.372800827026367,4.1579999923706055,0.7109189629554749,50.327999114990234,1.3497999906539917,33.137001037597656,27.83009910583496,1.2450799942016602,15.022760391235352,5.541100025177002,71.27320098876953,1
2021-11-09,0.7414799928665161,6.391600131988525,1.4417400360107422,1.05840003490448,0.854200005531311,360.7950134277344,131.23800659179688,9.93280029296875,1.159151554107666,153.60400390625,1.3564507961273193,7.788380146026611,14252.0,73.91850280761719,113.25399780273438,1199.8599853515625,20.332950592041016,4.152500152587891,0.7162498235702515,50.1609992980957,1.3468999862670898,32.90700149536133,27.80120086669922,1.2442200183868408,14.906499862670898,5.543099880218506,71.21980285644531,1
2021-11-10,0.7376197576522827,6.39169979095459,1.4417799711227417,1.0562000274658203,0.8550000190734863,360.364013671875,130.90699768066406,9.945599555969238,1.1595547199249268,153.10000610351562,1.3560001850128174,7.789999961853027,14290.0,74.17479705810547,112.91200256347656,1177.5,20.319150924682617,4.146999835968018,0.712520182132721,50.2400016784668,1.3473600149154663,32.75,27.731300354003906,1.2436000108718872,15.00529956817627,5.479100227355957,70.70449829101562,1
2021-11-11,0.7334120869636536,6.3881001472473145,1.4341599941253662,1.0542199611663818,0.8560900092124939,363.03900146484375,130.82400512695312,9.991290092468262,1.148593544960022,152.73500061035156,1.3412736654281616,7.790890216827393,14302.400390625,74.40489959716797,113.90499877929688,1184.1400146484375,20.606399536132812,4.151000022888184,0.7066788077354431,50.0,1.3525400161743164,32.83700180053711,27.759000778198242,1.2486499547958374,15.417699813842773,5.4899001121521,71.23860168457031,1
2021-11-12,0.7291999459266663,6.389500141143799,1.4411100149154663,1.0546000003814697,0.8564299941062927,364.7409973144531,130.55099487304688,9.968899726867676,1.145081877708435,152.3990020751953,1.3366482257843018,7.7916998863220215,14261.7001953125,74.32209777832031,114.04299926757812,1183.1099853515625,20.636430740356445,4.163000106811523,0.7024001479148865,50.125,1.3542100191116333,32.83000183105469,27.801700592041016,1.2588499784469604,15.294300079345703,5.3979997634887695,71.56400299072266,1
2021-11-15,0.7332506775856018,6.378600120544434,1.4353100061416626,1.053820013999939,0.8527200222015381,366.52398681640625,130.406005859375,10.02101993560791,1.144164800643921,152.91099548339844,1.341705560684204,7.791749954223633,14186.7001953125,74.33999633789062,113.98100280761719,1179.1099853515625,20.52419090270996,4.151000022888184,0.7043195366859436,49.810001373291016,1.352020025253296,32.715999603271484,27.781299591064453,1.2545299530029297,15.299099922180176,5.457600116729736,72.85929870605469,1
2021-11-16,0.734489917755127,6.3821001052856445,1.4223400354385376,1.0517699718475342,0.8475499749183655,365.5400085449219,129.69000244140625,10.006050109863281,1.1366478204727173,153.0,1.3408420085906982,7.788859844207764,14185.400390625,74.43509674072266,114.13200378417969,1183.510009765625,20.59480094909668,4.158999919891357,0.704170823097229,50.220001220703125,1.3538899421691895,32.7400016784668,27.752500534057617,1.2513999938964844,15.20259952545166,5.456299781799316,72.48280334472656,1
2021-11-17,0.7301614880561829,6.39109992980957,1.4221400022506714,1.0529600381851196,0.8428999781608582,364.8580017089844,130.0469970703125,10.069680213928223,1.1321182250976562,154.24400329589844,1.3424620628356934,7.787300109863281,14274.2001953125,74.45860290527344,114.90399932861328,1184.050048828125,20.753799438476562,4.1645002365112305,0.6991999745368958,50.49800109863281,1.3563899993896484,32.73699951171875,27.80069923400879,1.2565699815750122,15.477499961853027,5.502200126647949,73.09750366210938,1
2021-11-18,0.7268604040145874,6.3769001960754395,1.4273099899291992,1.0509999990463257,0.8389999866485596,364.02801513671875,129.23699951171875,10.03125,1.1321182250976562,154.0070037841797,1.34916353225708,7.788899898529053,14223.7998046875,74.25980377197266,114.19000244140625,1181.22998046875,20.64539909362793,4.171500205993652,0.7003781795501709,50.334999084472656,1.355530023574829,32.62099838256836,27.740699768066406,1.2611199617385864,15.475700378417969,5.52869987487793,72.55870056152344,1
2021-11-19,0.7279000878334045,6.385000228881836,1.4328099489212036,1.0524100065231323,0.8420600295066833,363.8900146484375,129.91900634765625,10.07865047454834,1.1368415355682373,154.25999450683594,1.3499648571014404,7.788909912109375,14204.7001953125,74.17440032958984,114.28199768066406,1182.9000244140625,20.75950050354004,4.179999828338623,0.7042104601860046,50.32500076293945,1.356469988822937,32.58000183105469,27.806400299072266,1.260349988937378,15.630800247192383,5.556399822235107,73.06500244140625,1
2021-11-22,0.7231698036193848,6.386199951171875,1.4266400337219238,1.0475000143051147,0.8391000032424927,366.93499755859375,128.68899536132812,10.09784984588623,1.1275737285614014,153.322998046875,1.3434540033340454,7.790939807891846,14265.099609375,74.30259704589844,114.13800048828125,1191.6300048828125,20.86083984375,4.181000232696533,0.6991393566131592,50.37483215332031,1.3621900081634521,32.79999923706055,27.792999267578125,1.2653499841690063,15.694600105285645,5.611599922180176,73.53299713134766,1
2021-11-23,0.7228044867515564,6.384300231933594,1.4278000593185425,1.0483499765396118,0.8390399813652039,369.8609924316406,129.0399932861328,10.107839584350586,1.12421452999115,153.77499389648438,1.3397642374038696,7.79040002822876,14259.599609375,74.42980194091797,114.79000091552734,1189.5,20.99370002746582,4.183000087738037,0.6949608325958252,50.56845474243164,1.364300012588501,33.02000045776367,27.769500732421875,1.2701300382614136,15.842900276184082,5.585599899291992,74.97039794921875,1
2021-11-24,0.7222198247909546,6.3907999992370605,1.425279974937439,1.0495100021362305,0.8406299948692322,369.7550048828125,129.4669952392578,10.149270057678223,1.1244926452636719,153.99600219726562,1.337595820426941,7.793700218200684,14272.5,74.4469985961914,115.14099884033203,1189.949951171875,21.265499114990234,4.192999839782715,0.6952894330024719,50.449153900146484,1.3657499551773071,33.12799835205078,27.751399993896484,1.267590045928955,15.821040153503418,5.570400238037109,74.27149963378906,1
2021-11-25,0.7202001214027405,6.3917999267578125,1.418370008468628,1.0463000535964966,0.8403400182723999,368.2950134277344,129.2830047607422,10.220540046691895,1.1202975511550903,153.822998046875,1.333066701889038,7.798389911651611,14303.400390625,74.625,115.40799713134766,1187.8800048828125,21.40089988708496,4.208000183105469,0.6875309348106384,50.271766662597656,1.367900013923645,33.369998931884766,27.7677001953125,1.2661700248718262,15.847800254821777,5.605199813842773,74.93299865722656,1
2021-11-26,0.7173703908920288,6.386000156402588,1.4194899797439575,1.048200011253357,0.8417999744415283,365.8190002441406,128.98599243164062,10.211899757385254,1.1209630966186523,153.177001953125,1.331416130065918,7.796299934387207,14320.0,74.50579833984375,115.06900024414062,1190.219970703125,21.624500274658203,4.2270002365112305,0.6844392418861389,50.19472122192383,1.368530035018921,33.40999984741211,27.764699935913086,1.2663700580596924,16.118999481201172,5.565100193023682,74.5282974243164,1
2021-11-29,0.7142806053161621,6.392000198364258,1.4368599653244019,1.0437599420547485,0.8464099764823914,369.0169982910156,128.41099548339844,10.328319549560547,1.1293182373046875,151.69900512695312,1.334098219871521,7.797920227050781,14408.2001953125,74.98159790039062,113.71900177001953,1194.6099853515625,21.72960090637207,4.236999988555908,0.6826311349868774,50.3650016784668,1.3699899911880493,33.56399917602539,27.853900909423828,1.2724800109863281,16.09939956665039,5.607800006866455,75.5199966430664,1
2021-11-30,0.714580237865448,6.38700008392334,1.4384499788284302,1.042099952697754,0.8480600118637085,367.1180114746094,128.51300048828125,10.23231029510498,1.1293437480926514,151.5050048828125,1.3315047025680542,7.799530029296875,14377.0,75.05490112304688,113.80400085449219,1190.739990234375,21.68079948425293,4.236000061035156,0.6830694675445557,50.375,1.3683600425720215,33.665000915527344,27.7455997467041,1.273800015449524,16.103120803833008,5.6006999015808105,74.43920135498047,1
2021-12-01,0.7124998569488525,6.3632001876831055,1.4472899436950684,1.0417399406433105,0.8521000146865845,364.5589904785156,128.36599731445312,10.22620964050293,1.1330289840698242,150.6269989013672,1.3295927047729492,7.797399997711182,14333.0,75.0509033203125,113.29900360107422,1182.8599853515625,21.411800384521484,4.202499866485596,0.6824913620948792,50.37699890136719,1.3654500246047974,33.66999816894531,27.578699111938477,1.2774300575256348,15.860010147094727,5.620871067047119,74.0790023803711,1
2021-12-02,0.7107598185539246,6.367300033569336,1.4500800371170044,1.0420500040054321,0.8522999882698059,362.4540100097656,127.7750015258789,10.281999588012695,1.1319515705108643,149.85000610351562,1.3280000686645508,7.793489933013916,14376.0,75.01789855957031,112.88200378417969,1177.1099853515625,21.471569061279297,4.21750020980835,0.6814100742340088,50.435001373291016,1.3651299476623535,33.72999954223633,27.60449981689453,1.2810900211334229,16.0137996673584,5.6915669441223145,74.24600219726562,1
2021-12-03,0.70878005027771,6.3755998611450195,1.4491900205612183,1.0398499965667725,0.8500199913978577,363.864990234375,127.77999877929688,10.231340408325195,1.1306205987930298,150.302001953125,1.3299994468688965,7.7916998863220215,14443.7998046875,74.9834976196289,113.02200317382812,1176.77001953125,21.30854034423828,4.227499961853027,0.6812081933021545,50.35599899291992,1.3692699670791626,33.85300064086914,27.678699493408203,1.2817699909210205,15.914899826049805,5.643321990966797,73.61949920654297,1
2021-12-06,0.7017898559570312,6.37529993057251,1.4488199949264526,1.0382399559020996,0.8539999723434448,364.343994140625,127.78299713134766,10.339599609375,1.1304799318313599,149.61099243164062,1.3237318992614746,7.795400142669678,14514.0,75.23400115966797,113.04199981689453,1183.1400146484375,21.22100067138672,4.229000091552734,0.6757396459579468,50.327884674072266,1.3709299564361572,33.779998779296875,27.65719985961914,1.2817000150680542,16.024999618530273,5.65009880065918,73.8677978515625,1
2021-12-07,0.7049203515052795,6.374800205230713,1.4400399923324585,1.0442999601364136,0.8506900072097778,365.26800537109375,128.0290069580078,10.257100105285645,1.128668189048767,150.46499633789062,1.326435923576355,7.801539897918701,14490.0,75.39129638671875,113.45800018310547,1180.56005859375,21.22369956970215,4.230000019073486,0.6749687790870667,50.46500015258789,1.3689700365066528,33.83000183105469,27.65920066833496,1.2762000560760498,15.897100448608398,5.688000202178955,74.34819793701172,1
2021-12-08,0.712259829044342,6.366300106048584,1.4254599809646606,1.042199969291687,0.8510000109672546,366.83099365234375,127.95999908447266,10.260199546813965,1.1276500225067139,150.36000061035156,1.3246086835861206,7.798500061035156,14393.2998046875,75.40859985351562,113.5250015258789,1176.8399658203125,21.028200149536133,4.229499816894531,0.6786198616027832,50.375,1.3651100397109985,33.61000061035156,27.742599487304688,1.2645800113677979,15.836299896240234,5.611800193786621,73.99030303955078,1
2021-12-09,0.7170000672340393,6.343699932098389,1.4352999925613403,1.0438100099563599,0.858739972114563,364.7760009765625,128.95899963378906,10.248530387878418,1.1345586776733398,150.1490020751953,1.3210039138793945,7.797800064086914,14335.0,75.38330078125,113.68399810791016,1172.56005859375,20.925800323486328,4.2179999351501465,0.6808279156684875,50.29999923706055,1.3615299463272095,33.439998626708984,27.630699157714844,1.265220046043396,15.665749549865723,5.531599998474121,73.52349853515625,1
2021-12-10,0.7146124243736267,6.376500129699707,1.4350199699401855,1.0430999994277954,0.8539299964904785,365.1099853515625,128.11000061035156,10.235830307006836,1.1293309926986694,150.0050048828125,1.3224014043807983,7.796750068664551,14297.400390625,75.59919738769531,113.447998046875,1177.3299560546875,20.950700759887695,4.215000152587891,0.6795694231987,50.44499969482422,1.364799976348877,33.58000183105469,27.68560028076172,1.270840048789978,15.936300277709961,5.571100234985352,73.61499786376953,1
2021-12-13,0.7166095972061157,6.360000133514404,1.4384900331497192,1.041890025138855,0.8531200289726257,365.3070068359375,128.3820037841797,10.243769645690918,1.131183385848999,150.45199584960938,1.3257148265838623,7.79863977432251,14351.900390625,75.70999908447266,113.5009994506836,1178.969970703125,20.876300811767578,4.210000038146973,0.6795879006385803,48.97587203979492,1.364050030708313,33.15800094604492,27.63599967956543,1.2719899415969849,15.949959754943848,5.60866117477417,73.40869903564453,1
2021-12-14,0.7133176326751709,6.365499973297119,1.4451099634170532,1.0407999753952026,0.8538699746131897,367.57501220703125,128.1199951171875,10.257519721984863,1.1285407543182373,150.06399536132812,1.3213530778884888,7.801499843597412,14324.7001953125,75.82689666748047,113.5770034790039,1185.0999755859375,20.993600845336914,4.2220001220703125,0.6752012372016907,50.448001861572266,1.3680399656295776,33.41400146484375,27.745899200439453,1.2807600498199463,15.997099876403809,5.679699897766113,73.4625015258789,1
2021-12-15,0.7106002569198608,6.366499900817871,1.4485299587249756,1.040310025215149,0.8508599996566772,367.2640075683594,128.04600524902344,10.284199714660645,1.1261261701583862,150.46600341796875,1.323050618171692,7.800899982452393,14342.5,76.04720306396484,113.74299621582031,1184.22998046875,21.218900680541992,4.230999946594238,0.673632025718689,50.3650016784668,1.3700100183486938,33.41999816894531,27.78420066833496,1.2867100238800049,16.076499938964844,5.680600166320801,73.79340362548828,1
2021-12-16,0.7166501879692078,6.366499900817871,1.4493199586868286,1.0436700582504272,0.8512300252914429,369.15399169921875,128.8730010986328,10.25220012664795,1.1290758848190308,151.36399841308594,1.3263126611709595,7.802800178527832,14297.5,76.2114028930664,114.13600158691406,1184.4000244140625,21.033199310302734,4.228000164031982,0.6778098344802856,50.20500183105469,1.365779995918274,33.395999908447266,27.739700317382812,1.2836500406265259,15.962499618530273,5.6793999671936035,73.60130310058594,1
2021-12-17,0.717560887336731,6.367199897766113,1.4484399557113647,1.0414700508117676,0.850570023059845,367.8699951171875,128.81900024414062,10.234999656677246,1.1334141492843628,151.42300415039062,1.3323739767074585,7.803249835968018,14380.0,76.1675033569336,113.66300201416016,1186.1500244140625,20.819400787353516,4.203999996185303,0.6796294450759888,49.9900016784668,1.3632400035858154,33.400001525878906,27.757699966430664,1.2779699563980103,15.924500465393066,5.687399864196777,73.76020050048828,1
2021-12-20,0.7116981744766235,6.374000072479248,1.4500999450683594,1.0380200147628784,0.849810004234314,366.7099914550781,127.62100219726562,10.28693962097168,1.1243535280227661,150.16299438476562,1.3229438066482544,7.8021697998046875,14385.7001953125,76.00599670410156,113.51799774169922,1186.3900146484375,20.829299926757812,4.216000080108643,0.6731604337692261,49.779998779296875,1.3668099641799927,33.27799987792969,27.827199935913086,1.2898499965667725,15.904500007629395,5.693059921264648,74.0625991821289,1
2021-12-21,0.7109498381614685,6.374599933624268,1.4587700366973877,1.0394500494003296,0.853600025177002,367.68499755859375,128.1750030517578,10.311980247497559,1.1277517080307007,150.1320037841797,1.3210004568099976,7.800899982452393,14388.7001953125,75.75869750976562,113.66200256347656,1190.1199951171875,20.755399703979492,4.224999904632568,0.671312153339386,49.72910690307617,1.3671400547027588,33.61000061035156,27.815399169921875,1.2935999631881714,15.74370002746582,5.741300106048584,74.0634994506836,1
2021-12-22,0.7147799134254456,6.37060022354126,1.4586199522018433,1.0418399572372437,0.8505899906158447,367.4729919433594,128.66099548339844,10.302729606628418,1.128757357597351,151.23399353027344,1.3269639015197754,7.801080226898193,14263.900390625,75.6864013671875,113.99400329589844,1191.27001953125,20.822500228881836,4.206999778747559,0.6765991449356079,49.80751419067383,1.3639600276947021,33.62799835205078,27.730199813842773,1.2922999858856201,15.828700065612793,5.74399995803833,73.86959838867188,1
2021-12-23,0.72139972448349,6.369100093841553,1.455590009689331,1.0413800477981567,0.8482400178909302,367.89801025390625,129.25999450683594,10.284549713134766,1.1328877210617065,152.33299255371094,1.3352025747299194,7.799689769744873,14193.7998046875,75.45850372314453,114.12100219726562,1187.77001953125,20.710399627685547,4.210999965667725,0.6805823445320129,50.189998626708984,1.3620500564575195,33.55799865722656,27.711000442504883,1.2851200103759766,15.704700469970703,5.6529998779296875,73.61129760742188,1
2021-12-24,0.7233200073242188,6.368800163269043,1.4520100355148315,1.0404000282287598,0.8443899750709534,369.3160095214844,129.63499450683594,10.279390335083008,1.132733702659607,153.4320068359375,1.3406623601913452,7.798500061035156,14167.7998046875,75.06739807128906,114.45800018310547,1185.5,20.62809944152832,4.197999954223633,0.6822212934494019,50.07699966430664,1.358299970626831,33.512001037597656,27.62470054626465,1.2823899984359741,15.621870040893555,5.671795845031738,73.29879760742188,1
2021-12-27,0.7231285572052002,6.366600036621094,1.4507800340652466,1.040310025215149,0.8446499705314636,369.32501220703125,129.45899963378906,10.317060470581055,1.1324259042739868,153.23699951171875,1.3404303789138794,7.799349784851074,14189.2998046875,75.31500244140625,114.33300018310547,1185.9200439453125,20.607200622558594,4.192500114440918,0.6815192699432373,49.8820915222168,1.3576799631118774,33.37699890136719,27.67930030822754,1.2813999652862549,15.519700050354004,5.67110013961792,73.61000061035156,1
2021-12-28,0.7236999869346619,6.369800090789795,1.4487199783325195,1.0389900207519531,0.8427799940109253,369.4200134277344,130.04800415039062,10.313830375671387,1.1330032348632812,154.26100158691406,1.344266653060913,7.798500061035156,14220.0,74.98030090332031,114.79199981689453,1185.6500244140625,20.6835994720459,4.181000232696533,0.6817998886108398,50.20000076293945,1.3560600280761719,33.51100158691406,27.683700561523438,1.2786999940872192,15.525400161743164,5.624100208282471,73.35900115966797,1
2021-12-29,0.7233999967575073,6.367199897766113,1.4497400522232056,1.037500023841858,0.8418800234794617,369.0360107421875,129.8699951171875,10.234749794006348,1.1314777135849,154.14999389648438,1.3433277606964111,7.797999858856201,14238.2001953125,74.74500274658203,114.77300262451172,1187.8499755859375,20.662200927734375,4.178500175476074,0.6805600523948669,50.6349983215332,1.3540699481964111,33.50699996948242,27.53499984741211,1.2812999486923218,15.731579780578613,5.627500057220459,73.6675033569336,1
2021-12-30,0.7258790135383606,6.367300033569336,1.4519699811935425,1.038040041923523,0.8414000272750854,369.97601318359375,130.5800018310547,10.252479553222656,1.1360150575637817,155.1199951171875,1.349879264831543,7.7965497970581055,14237.0,74.57029724121094,114.947998046875,1183.6700439453125,20.558000564575195,4.179500102996826,0.6839711666107178,51.26499938964844,1.3508000373840332,33.44499969482422,27.617399215698242,1.2782599925994873,15.909749984741211,5.702700138092041,73.9749984741211,1
2021-12-31,0.7249801754951477,6.372099876403809,1.4429999589920044,1.0346399545669556,0.8385499715805054,368.6830139160156,130.2760009765625,10.242959976196289,1.132502794265747,155.29400634765625,1.349837303161621,7.797560214996338,14285.2001953125,74.43119812011719,115.06300354003906,1189.8900146484375,20.4591007232666,4.171500205993652,0.6830414533615112,51.23500061035156,1.3519099950790405,33.32500076293945,27.658700942993164,1.274440050125122,15.889100074768066,5.570199966430664,74.53150177001953,1
2022-01-03,0.7268181443214417,6.354899883270264,1.4395999908447266,1.0371700525283813,0.8410000205039978,368.81500244140625,130.9429931640625,10.285940170288086,1.1373459100723267,155.68299865722656,1.3522284030914307,7.795919895172119,14215.0,74.51380157470703,115.14199829101562,1187.780029296875,20.481599807739258,4.175000190734863,0.6840693950653076,50.868072509765625,1.3481999635696411,33.111000061035156,27.70210075378418,1.2658799886703491,15.929900169372559,5.569300174713135,74.98600006103516,1
2022-01-04,0.7197999358177185,6.355100154876709,1.4411499500274658,1.037909984588623,0.8381800055503845,366.7699890136719,130.34500122070312,10.291839599609375,1.1302244663238525,155.48300170898438,1.3483266830444336,7.797699928283691,14283.599609375,74.4032974243164,115.3280029296875,1194.6800537109375,20.486000061035156,4.170000076293945,0.6789695620536804,51.415000915527344,1.353119969367981,33.24300003051758,27.62470054626465,1.275130033493042,15.861499786376953,5.68120002746582,74.3718032836914,1
2022-01-05,0.7238802313804626,6.354300022125244,1.4333900213241577,1.0336799621582031,0.833899974822998,362.5249938964844,131.07200622558594,10.265999794006348,1.1283625364303589,157.16299438476562,1.353143334388733,7.793499946594238,14385.5,74.53489685058594,116.17400360107422,1196.5,20.52199935913086,4.184000015258789,0.6813613176345825,51.57500076293945,1.3557100296020508,33.24100112915039,27.515499114990234,1.2704399824142456,15.999119758605957,5.676199913024902,75.26300048828125,1
2022-01-06,0.7220800518989563,6.354000091552734,1.4432599544525146,1.037600040435791,0.83433997631073,361.98699951171875,131.3459930419922,10.306340217590332,1.1313496828079224,157.39700317382812,1.3555645942687988,7.795199871063232,14446.5,74.43009948730469,116.12799835205078,1199.25,20.56369972229004,4.191999912261963,0.6793201565742493,50.88999938964844,1.3577100038528442,33.24800109863281,27.596399307250977,1.2760100364685059,15.850629806518555,5.705635070800781,76.6615982055664,1
2022-01-07,0.7162600159645081,6.381899833679199,1.437880039215088,1.04066002368927,0.8345500230789185,360.00201416015625,130.86700439453125,10.329339981079102,1.1296881437301636,156.7899932861328,1.353363037109375,7.800620079040527,14408.0,74.41929626464844,115.86499786376953,1205.780029296875,20.493099212646484,4.210999965667725,0.674040675163269,51.56999969482422,1.3609399795532227,33.553001403808594,27.6200008392334,1.2730200290679932,15.69729995727539,5.682400226593018,76.35369873046875,1
2022-01-10,0.7179111242294312,6.376200199127197,1.4358199834823608,1.0431699752807617,0.8352699875831604,358.6159973144531,131.26400756835938,10.280969619750977,1.1353960037231445,157.13699340820312,1.3592311143875122,7.79817008972168,14318.5,74.2699966430664,115.61799621582031,1196.8800048828125,20.390470504760742,4.206999778747559,0.6775985956192017,51.20156478881836,1.3562500476837158,33.58599853515625,27.658000946044922,1.2646900415420532,15.547329902648926,5.632199764251709,75.44599914550781,1
2022-01-11,0.71809983253479,6.373899936676025,1.4350500106811523,1.0504800081253052,0.8342400193214417,358.3689880371094,130.61000061035156,10.290730476379395,1.1330417394638062,156.5279998779297,1.3580313920974731,7.795499801635742,14313.0,74.05699920654297,115.27799987792969,1198.0899658203125,20.358200073242188,4.197999954223633,0.6766495108604431,51.56999969482422,1.3557900190353394,33.61800003051758,27.598899841308594,1.2664999961853027,15.659299850463867,5.662199974060059,74.85600280761719,1
2022-01-12,0.7209799885749817,6.372900009155273,1.4294899702072144,1.0496100187301636,0.8335999846458435,356.7829895019531,131.08599853515625,10.269479751586914,1.1366478204727173,157.2209930419922,1.3633265495300293,7.796000003814697,14277.0,73.81529998779297,115.33100128173828,1189.4300537109375,20.39051055908203,4.190000057220459,0.678380012512207,50.860015869140625,1.350640058517456,33.301998138427734,27.62700080871582,1.2577500343322754,15.488479614257812,5.567299842834473,74.45369720458984,1
2022-01-13,0.7282207608222961,6.357600212097168,1.4302899837493896,1.045740008354187,0.8344299793243408,352.70098876953125,131.1699981689453,10.228699684143066,1.144164800643921,157.13499450683594,1.3709993362426758,7.791790008544922,14298.900390625,73.79910278320312,114.67500305175781,1185.8800048828125,20.362850189208984,4.183499813079834,0.6846923232078552,51.0,1.345900058746338,33.250999450683594,27.598600387573242,1.2501599788665771,15.279669761657715,5.533199787139893,74.56449890136719,1
2022-01-14,0.7282260060310364,6.358099937438965,1.4328700304031372,1.0437899827957153,0.8353999853134155,354.427001953125,130.73899841308594,10.231380462646484,1.1457115411758423,156.4770050048828,1.3713659048080444,7.7878899574279785,14276.0,73.97229766845703,114.11799621582031,1186.6099853515625,20.333669662475586,4.175000190734863,0.6861910820007324,51.244998931884766,1.3460500240325928,33.20000076293945,27.56599998474121,1.2507799863815308,15.394599914550781,5.526700019836426,76.30599975585938,1
2022-01-17,0.7216517329216003,6.351500034332275,1.4310100078582764,1.0434399843215942,0.8344299793243408,356.093994140625,130.41900634765625,10.298359870910645,1.1410704851150513,156.28199768066406,1.367353081703186,7.784180164337158,14314.5,74.37899780273438,114.30599975585938,1188.9599609375,20.301000595092773,4.175000190734863,0.6808279156684875,51.192047119140625,1.3485599756240845,33.16299819946289,27.538000106811523,1.2542200088500977,15.318750381469727,5.533299922943115,76.32450103759766,1
2022-01-18,0.7210798263549805,6.346700191497803,1.4280600547790527,1.0427000522613525,0.8359500169754028,355.6310119628906,130.72300720214844,10.288140296936035,1.1410574913024902,156.34500122070312,1.364800214767456,7.789899826049805,14349.7001953125,74.25509643554688,114.57099914550781,1190.06005859375,20.289499282836914,4.181000232696533,0.6797999143600464,51.52000045776367,1.3484200239181519,33.084999084472656,27.4237003326416,1.2515699863433838,15.32960033416748,5.5157999992370605,76.06199645996094,1
2022-01-19,0.7187501788139343,6.352200031280518,1.4158400297164917,1.0389399528503418,0.8329700231552124,357.4930114746094,129.7779998779297,10.334320068359375,1.1329647302627563,155.78700256347656,1.3600261211395264,7.792449951171875,14382.2998046875,74.61969757080078,114.55400085449219,1192.97998046875,20.398799896240234,4.181000232696533,0.6771718859672546,51.7599983215332,1.3505200147628784,33.095001220703125,27.516199111938477,1.249750018119812,15.487099647521973,5.565700054168701,76.80850219726562,1
2022-01-20,0.721700131893158,6.343500137329102,1.4191399812698364,1.038540005683899,0.8335000276565552,355.1860046386719,129.69000244140625,10.336039543151855,1.1343399286270142,155.59300231933594,1.3608589172363281,7.791319847106934,14362.7998046875,74.44920349121094,114.34700012207031,1188.1600341796875,20.500499725341797,4.190999984741211,0.6780300140380859,51.351993560791016,1.3473999500274658,32.90999984741211,27.54759979248047,1.2510900497436523,15.29738998413086,5.43720006942749,76.31659698486328,1
2022-01-21,0.7217090129852295,6.3394999504089355,1.4141600131988525,1.03725004196167,0.8319900035858154,355.90301513671875,128.95799255371094,10.432600021362305,1.1313753128051758,154.9770050048828,1.359767198562622,7.786019802093506,14343.0,74.45220184326172,113.99299621582031,1192.4300537109375,20.530719757080078,4.186999797821045,0.6750781536102295,51.540000915527344,1.3468899726867676,32.91299819946289,27.615699768066406,1.2500300407409668,15.215700149536133,5.418099880218506,76.09130096435547,1
2022-01-24,0.7187884449958801,6.337699890136719,1.4245200157165527,1.034999966621399,0.8366000056266785,358.1189880371094,129.04200744628906,10.426619529724121,1.1341469287872314,154.2310028076172,1.3555830717086792,7.787059783935547,14329.7001953125,74.41320037841797,113.78500366210938,1191.5,20.448150634765625,4.184999942779541,0.6722598671913147,51.15999984741211,1.344499945640564,32.935001373291016,27.691200256347656,1.256100058555603,15.062060356140137,5.457099914550781,77.40599822998047,1
2022-01-25,0.715449869632721,6.329800128936768,1.4296799898147583,1.0351200103759766,0.8394399881362915,360.9490051269531,129.10000610351562,10.487669944763184,1.1324130296707153,153.77499389648438,1.3489269018173218,7.786190032958984,14365.0,74.6447982788086,114.01100158691406,1195.6600341796875,20.573829650878906,4.186500072479248,0.6704614758491516,51.49700164794922,1.3453400135040283,32.99300003051758,27.66390037536621,1.2625499963760376,15.229999542236328,5.486100196838379,78.65350341796875,1
2022-01-26,0.7158800363540649,6.326499938964844,1.4260900020599365,1.037600040435791,0.8363900184631348,358.4800109863281,128.69000244140625,10.461959838867188,1.130454421043396,153.83599853515625,1.3510775566101074,7.785369873046875,14330.5,74.77999877929688,113.875,1196.0999755859375,20.60700035095215,4.188000202178955,0.6690887808799744,51.027557373046875,1.3437999486923218,33.00199890136719,27.697999954223633,1.2615900039672852,15.237500190734863,5.440703868865967,78.73570251464844,1
2022-01-27,0.7122999429702759,6.3196001052856445,1.4228899478912354,1.0386600494384766,0.8346999883651733,359.8659973144531,128.9510040283203,10.458100318908691,1.1243535280227661,154.48199462890625,1.3468012809753418,7.786489963531494,14366.400390625,74.8949966430664,114.72100067138672,1200.6300048828125,20.71540069580078,4.190000057220459,0.666058361530304,51.45000076293945,1.3481999635696411,33.10499954223633,27.664499282836914,1.2658499479293823,15.292719841003418,5.429166793823242,79.19960021972656,1
2022-01-28,0.7035500407218933,6.3668999671936035,1.4204800128936768,1.0374599695205688,0.8322100043296814,356.2720031738281,128.5500030517578,10.461099624633789,1.1147029399871826,154.38800048828125,1.3388315439224243,7.789400100708008,14389.2001953125,75.20929718017578,115.35199737548828,1203.4599609375,20.76740074157715,4.195000171661377,0.6584405303001404,51.345001220703125,1.3526400327682495,33.284000396728516,27.756500244140625,1.2745699882507324,15.430660247802734,5.40348482131958,78.07250213623047,1
2022-01-31,0.6997998356819153,6.35099983215332,1.422860026359558,1.0383700132369995,0.8320099711418152,358.0979919433594,128.53700256347656,10.507340431213379,1.1152374744415283,154.4759979248047,1.3403388261795044,7.79355001449585,14381.599609375,75.03900146484375,115.26200103759766,1207.7099609375,20.82900047302246,4.188000202178955,0.6551920771598816,50.97494125366211,1.3558900356292725,33.39799880981445,27.82699966430664,1.2759100198745728,15.582269668579102,5.362599849700928,77.73580169677734,1
2022-02-01,0.7068301439285278,6.359499931335449,1.42808997631073,1.0409799814224243,0.8351399898529053,354.9429931640625,129.2729949951172,10.477120399475098,1.12296462059021,154.76499938964844,1.3445378541946411,7.797289848327637,14350.0,74.55580139160156,115.12100219726562,1205.1199951171875,20.625900268554688,4.184000015258789,0.657799482345581,51.15999984741211,1.3515599966049194,33.194000244140625,27.77039909362793,1.2717399597167969,15.342020034790039,5.303100109100342,77.30780029296875,1
2022-02-02,0.7133991122245789,6.359499931335449,1.4305299520492554,1.0383199453353882,0.8334500193595886,355.260009765625,129.32000732421875,10.430439949035645,1.1273956298828125,155.1540069580078,1.352539300918579,7.794139862060547,14322.2998046875,74.74549865722656,114.73600006103516,1202.5,20.545700073242188,4.184000015258789,0.6637285947799683,51.137001037597656,1.3485599756240845,33.17900085449219,27.742300033569336,1.2689599990844727,15.234999656677246,5.264500141143799,76.69159698486328,1
2022-02-03,0.7120797634124756,6.359499931335449,1.433519959449768,1.038450002670288,0.832889974117279,353.7120056152344,129.24400329589844,10.395380020141602,1.1299946308135986,155.1300048828125,1.3565024137496948,7.795499801635742,14363.7998046875,74.82240295410156,114.38200378417969,1199.9599609375,20.601200103759766,4.181000232696533,0.66118985414505,51.099998474121094,1.347499966621399,33.1150016784668,27.75079917907715,1.2686400413513184,15.306610107421875,5.260900020599365,76.1729965209961,1
2022-02-04,0.7145000696182251,6.359499931335449,1.4498599767684937,1.0524100065231323,0.8409299850463867,353.9119873046875,131.4530029296875,10.402939796447754,1.14357590675354,156.3040008544922,1.359841227531433,7.7930498123168945,14377.0,74.6438980102539,114.95700073242188,1200.3299560546875,20.564599990844727,4.182000160217285,0.666640043258667,51.05699920654297,1.3440300226211548,33.073001861572266,27.743900299072266,1.2678500413894653,15.231550216674805,5.282899856567383,76.4114990234375,1
2022-02-07,0.7080298066139221,6.359499931335449,1.4598699808120728,1.059399962425232,0.846340000629425,353.343994140625,131.97799682617188,10.472160339355469,1.145514726638794,155.92300415039062,1.3533447980880737,7.787899971008301,14400.400390625,74.64219665527344,115.2239990234375,1197.0899658203125,20.653600692749023,4.177999973297119,0.6619886159896851,51.06986999511719,1.3451600074768066,32.93000030517578,27.799999237060547,1.274530053138733,15.415300369262695,5.326900005340576,75.82779693603516,1
2022-02-08,0.7129998207092285,6.35230016708374,1.4491100311279297,1.0560699701309204,0.8451099991798401,353.3590087890625,131.6479949951172,10.431790351867676,1.1442956924438477,155.7480010986328,1.353780746459961,7.791989803314209,14405.599609375,74.6583023071289,115.06300354003906,1196.8499755859375,20.580799102783203,4.183499813079834,0.663790225982666,51.68000030517578,1.3435800075531006,32.970001220703125,27.826000213623047,1.2665599584579468,15.485899925231934,5.262599945068359,75.41739654541016,1
2022-02-09,0.7145919799804688,6.365699768066406,1.451069951057434,1.0564299821853638,0.8429999947547913,353.2510070800781,131.94700622558594,10.43694019317627,1.142126202583313,156.4929962158203,1.3547565937042236,7.793300151824951,14379.5,74.69519805908203,115.53099822998047,1196.3599853515625,20.597620010375977,4.182300090789795,0.6649501919746399,51.654998779296875,1.344599962234497,32.856998443603516,27.805200576782227,1.2705399990081787,15.321149826049805,5.258399963378906,75.0354995727539,1
2022-02-10,0.7177411317825317,6.361400127410889,1.4477399587631226,1.0555800199508667,0.8439099788665771,352.5889892578125,132.02200317382812,10.396650314331055,1.142152190208435,156.42599487304688,1.3533265590667725,7.791130065917969,14334.2001953125,74.80889892578125,115.60199737548828,1194.030029296875,20.48784065246582,4.183000087738037,0.667931318283081,51.39699935913086,1.341599941253662,32.70800018310547,27.78070068359375,1.26760995388031,15.205599784851074,5.234499931335449,74.71019744873047,1
2022-02-11,0.7161697745323181,6.35260009765625,1.453160047531128,1.0561000108718872,0.8421300053596497,353.6239929199219,132.4459991455078,10.63129997253418,1.1415525674819946,157.23399353027344,1.3551788330078125,7.79656982421875,14328.0,75.53839874267578,116.0469970703125,1199.3499755859375,20.557199478149414,4.182000160217285,0.6667110919952393,51.400001525878906,1.345460057258606,32.70399856567383,27.826400756835938,1.2732000350952148,15.154999732971191,5.248700141906738,75.02729797363281,1
2022-02-14,0.7144796252250671,6.353099822998047,1.445889949798584,1.0508500337600708,0.8374500274658203,355.6730041503906,131.3489990234375,10.571800231933594,1.1365057229995728,156.8280029296875,1.3569625616073608,7.800829887390137,14344.7001953125,75.34100341796875,115.58399963378906,1199.239990234375,20.510440826416016,4.188000202178955,0.6646682024002075,51.135311126708984,1.3469799757003784,32.68000030517578,27.9060001373291,1.2723499536514282,15.202779769897461,5.249956130981445,77.45439910888672,1
2022-02-15,0.7132098078727722,6.355899810791016,1.4391000270843506,1.0452500581741333,0.8353700041770935,356.8450012207031,130.6219940185547,10.611040115356445,1.1306334733963013,156.33700561523438,1.3532898426055908,7.802599906921387,14303.0,75.6854019165039,115.53600311279297,1197.3599853515625,20.40899085998535,4.188000202178955,0.6618002653121948,51.45000076293945,1.346500039100647,32.426998138427734,27.861799240112305,1.272860050201416,15.077569961547852,5.214000225067139,76.4854965209961,1
2022-02-16,0.7149087190628052,6.3379998207092285,1.4449100494384766,1.050879955291748,0.8386300206184387,353.2380065917969,131.322998046875,10.546799659729004,1.1356796026229858,156.55099487304688,1.3541145324707031,7.801259994506836,14260.599609375,75.17479705810547,115.63500213623047,1196.8299560546875,20.383800506591797,4.183800220489502,0.6640812158584595,51.290000915527344,1.3447200059890747,32.345001220703125,27.82069969177246,1.2723699808120728,15.092399597167969,5.157899856567383,75.4729995727539,1
2022-02-17,0.7194502949714661,6.335599899291992,1.443600058555603,1.0483800172805786,0.8371899724006653,354.55999755859375,131.23800659179688,10.541359901428223,1.1375269889831543,156.74000549316406,1.3584926128387451,7.799499988555908,14274.400390625,75.04199981689453,115.38700103759766,1196.75,20.286399841308594,4.183499813079834,0.6681097745895386,51.37699890136719,1.3430099487304688,32.29999923706055,27.810800552368164,1.2695399522781372,15.001199722290039,5.135799884796143,75.03450012207031,1
2022-02-18,0.71893310546875,6.3358001708984375,1.44405996799469,1.0453300476074219,0.8343999981880188,356.3179931640625,130.552001953125,10.610349655151367,1.1366478204727173,156.39999389648438,1.3618782758712769,7.799099922180176,14348.0,75.06300354003906,114.86599731445312,1198.6600341796875,20.29159927368164,4.184999942779541,0.6691021919250488,51.41999816894531,1.3428000211715698,32.10300064086914,27.836700439453125,1.2704800367355347,14.996399879455566,5.170599937438965,76.12860107421875,1
2022-02-21,0.7171697616577148,6.32420015335083,1.443600058555603,1.0421099662780762,0.8325499892234802,356.75,130.0989990234375,10.63817024230957,1.131721019744873,156.2480010986328,1.359342098236084,7.799739837646484,14365.900390625,74.68240356445312,114.96099853515625,1195.0699462890625,20.295249938964844,4.184000015258789,0.6689589619636536,51.43000030517578,1.3461600542068481,32.13199996948242,27.8700008392334,1.2756600379943848,15.110179901123047,5.137499809265137,77.36579895019531,1
2022-02-22,0.718450129032135,6.334199905395508,1.4426599740982056,1.0356500148773193,0.8317400217056274,356.614990234375,129.61399841308594,10.679420471191406,1.1309658288955688,155.77200317382812,1.3596007823944092,7.800899982452393,14355.0,74.51699829101562,114.60900115966797,1194.6800537109375,20.322980880737305,4.177000045776367,0.6695995330810547,51.529998779296875,1.34660005569458,32.257999420166016,27.812400817871094,1.2755999565124512,15.137499809265137,5.102700233459473,80.38300323486328,1
2022-02-23,0.7226895689964294,6.325300216674805,1.4463800191879272,1.0439599752426147,0.8336300253868103,355.31298828125,130.39199829101562,10.560239791870117,1.13291335105896,156.39199829101562,1.3589357137680054,7.801599979400635,14395.0,74.62300109863281,115.09600067138672,1192.6800537109375,20.29439926147461,4.183000087738037,0.6741815805435181,51.387001037597656,1.345460057258606,32.41600036621094,27.837400436401367,1.276710033416748,15.05780029296875,5.05709981918335,78.80950164794922,1
2022-02-24,0.7227997779846191,6.312300205230713,1.4396300315856934,1.0372799634933472,0.8345800042152405,360.7309875488281,129.8939971923828,10.61178970336914,1.1305694580078125,155.61300659179688,1.3545730113983154,7.805069923400879,14365.0,74.63300323486328,114.89800262451172,1192.4000244140625,20.231700897216797,4.184000015258789,0.6770801544189453,51.119998931884766,1.3461899757385254,32.270999908447266,27.872699737548828,1.2733900547027588,15.093500137329102,5.008699893951416,81.41439819335938,1
2022-02-25,0.7160200476646423,6.3267998695373535,1.43340003490448,1.0359599590301514,0.8367300033569336,366.7539978027344,129.32200622558594,10.628740310668945,1.11906898021698,154.5240020751953,1.337327480316162,7.807499885559082,14452.5,75.4083023071289,115.57099914550781,1206.0,20.563369750976562,4.198500156402588,0.6687889695167542,51.400001525878906,1.3550100326538086,32.49700164794922,28.06719970703125,1.2809499502182007,15.334150314331055,5.122200012207031,84.91500091552734,1
2022-02-28,0.7186489701271057,6.315999984741211,1.4259599447250366,1.035979986190796,0.8359900116920471,367.5480041503906,129.218994140625,10.656820297241211,1.118105411529541,154.552001953125,1.337327480316162,7.8074798583984375,14334.2001953125,75.06800079345703,115.58499908447266,1197.5899658203125,20.573139190673828,4.198500156402588,0.6693216562271118,51.21799850463867,1.3590400218963623,32.678001403808594,27.962799072265625,1.2755199670791626,15.35280990600586,5.15939998626709,83.26100158691406,1
2022-03-01,0.7262001037597656,6.3084001541137695,1.4205399751663208,1.0289599895477295,0.8352699875831604,368.5530090332031,129.0590057373047,10.602899551391602,1.1215918064117432,154.45599365234375,1.3422818183898926,7.813260078430176,14360.0,75.28479766845703,115.0780029296875,1200.9300537109375,20.4606990814209,4.196000099182129,0.6769197583198547,51.279998779296875,1.355299949645996,32.64799880981445,27.97559928894043,1.2666499614715576,15.326199531555176,5.158400058746338,104.97350311279297,1
2022-03-02,0.7261425852775574,6.311500072479248,1.4164299964904785,1.0225399732589722,0.8346999883651733,375.53399658203125,127.84500122070312,10.701009750366211,1.1132758855819702,153.1269989013672,1.3335111141204834,7.815899848937988,14425.0,75.80120086669922,114.83300018310547,1205.3699951171875,20.64310073852539,4.190499782562256,0.6767502427101135,51.439998626708984,1.3573299646377563,32.72600173950195,28.04680061340332,1.2723499536514282,15.395999908447266,5.158999919891357,108.47949981689453,1
2022-03-03,0.729341447353363,6.3196001052856445,1.405310034751892,1.022860050201416,0.8294199705123901,377.40301513671875,128.35800170898438,10.744190216064453,1.1112345457077026,154.73300170898438,1.33969247341156,7.813720226287842,14387.5,75.63099670410156,115.51899719238281,1203.1500244140625,20.642549514770508,4.192999839782715,0.6783018112182617,51.59700012207031,1.3549799919128418,32.474998474121094,27.970500946044922,1.2646100521087646,15.290200233459473,5.096502780914307,102.71499633789062,1
2022-03-04,0.7336999773979187,6.319200038909912,1.4021799564361572,1.0162999629974365,0.8289999961853027,378.6820068359375,127.79399871826172,10.78145980834961,1.1066844463348389,154.156005859375,1.3350956439971924,7.8155999183654785,14358.400390625,75.8917007446289,115.4739990234375,1205.989990234375,20.63939094543457,4.184000015258789,0.680971622467041,51.529998779296875,1.3562999963760376,32.55699920654297,28.050500869750977,1.2670300006866455,15.168230056762695,5.030900001525879,109.46499633789062,1
2022-03-07,0.7394808530807495,6.316699981689453,1.382390022277832,1.000480055809021,0.822920024394989,387.1619873046875,124.99320220947266,10.788900375366211,1.087453007698059,151.85899353027344,1.3212482929229736,7.814599990844727,14381.7001953125,76.41799926757812,114.94999694824219,1216.7099609375,20.96925926208496,4.176000118255615,0.6874505877494812,51.849998474121094,1.3619400262832642,32.69900131225586,28.125999450683594,1.2714099884033203,15.297900199890137,5.06056022644043,108.84510040283203,1
2022-03-08,0.7328498363494873,6.319300174713135,1.3904999494552612,1.0055999755859375,0.828499972820282,391.9519958496094,125.3479995727539,10.846879959106445,1.0865312814712524,151.27000427246094,1.3112295866012573,7.818299770355225,14406.400390625,77.08080291748047,115.37300109863281,1232.300048828125,21.305349349975586,4.174499988555908,0.683821439743042,52.630001068115234,1.3618299961090088,33.007999420166016,28.27589988708496,1.2801400423049927,15.336600303649902,5.110499858856201,138.96510314941406,1
2022-03-09,0.7267916798591614,6.317599773406982,1.404710054397583,1.0129599571228027,0.8319100141525269,388.1419982910156,126.10800170898438,10.829899787902832,1.0898232460021973,151.57200622558594,1.3099292516708374,7.818600177764893,14362.7001953125,76.91449737548828,115.72200012207031,1233.1099853515625,21.362390518188477,4.179999828338623,0.6804294586181641,52.60300064086914,1.3651700019836426,33.19200134277344,28.30340003967285,1.2889000177383423,15.272100448608398,5.058800220489502,129.96499633789062,1
2022-03-10,0.731689989566803,6.3165998458862305,1.4172500371932983,1.0259100198745728,0.8396999835968018,377.125,128.3489990234375,10.71621036529541,1.107382893562317,152.8159942626953,1.3185653686523438,7.819069862365723,14251.0,76.13490295410156,115.90899658203125,1223.22998046875,20.905189514160156,4.184999942779541,0.6838401556015015,52.18000030517578,1.357100009918213,32.972999572753906,28.26799964904785,1.2798500061035156,15.009699821472168,5.011499881744385,138.71499633789062,1
2022-03-11,0.7365999817848206,6.320799827575684,1.4048800468444824,1.0235799551010132,0.8404600024223328,380.63299560546875,127.95099639892578,10.646949768066406,1.1013944149017334,152.20899963378906,1.3103240728378296,7.822770118713379,14275.0,76.310302734375,116.17900085449219,1228.5999755859375,20.91200065612793,4.185999870300293,0.6874411702156067,52.50699996948242,1.358049988746643,33.12200164794922,28.30069923400879,1.275589942932129,15.02258014678955,5.009699821472168,133.46499633789062,1
2022-03-14,0.72965008020401,6.338699817657471,1.3921600580215454,1.0218000411987305,0.8376399874687195,380.06298828125,128.4770050048828,10.628089904785156,1.093206763267517,153.36500549316406,1.3050298690795898,7.828020095825195,14325.5,76.75370025634766,117.52899932861328,1236.8900146484375,20.887510299682617,4.191999912261963,0.6812685132026672,52.34400177001953,1.3626999855041504,33.262001037597656,28.410999298095703,1.2735400199890137,15.0,5.073500156402588,132.0886993408203,1
2022-03-15,0.71986985206604,6.364500045776367,1.4029500484466553,1.026919960975647,0.8409000039100647,373.62701416015625,129.35899353027344,10.521400451660156,1.0943193435668945,153.76800537109375,1.3011853694915771,7.828949928283691,14347.5,76.49009704589844,118.21800231933594,1242.050048828125,20.90036964416504,4.202499866485596,0.674900472164154,52.650001525878906,1.3661500215530396,33.395999908447266,28.51099967956543,1.2821099758148193,15.092949867248535,5.121399879455566,119.96499633789062,1
2022-03-16,0.7191000580787659,6.369100093841553,1.4005999565124512,1.0318900346755981,0.8406699895858765,370.1889953613281,129.7550048828125,10.522520065307617,1.0969363451004028,154.30299377441406,1.304648518562317,7.826700210571289,14305.2998046875,76.26589965820312,118.29199981689453,1241.6800537109375,20.812599182128906,4.204999923706055,0.6762194037437439,52.516998291015625,1.3652299642562866,33.5099983215332,28.51889991760254,1.2768800258636475,15.087400436401367,5.1631999015808105,108.27749633789062,1
2022-03-17,0.7288799285888672,6.351200103759766,1.3982900381088257,1.0376499891281128,0.8386399745941162,369.7409973144531,131.01400756835938,10.387550354003906,1.1021955013275146,156.17100524902344,1.3141123056411743,7.820419788360596,14263.5,76.02420043945312,118.87000274658203,1223.0,20.630699157714844,4.190000057220459,0.6830694675445557,52.266998291015625,1.3582600355148315,33.34199905395508,28.378999710083008,1.2686799764633179,14.906200408935547,5.0738749504089355,100.96510314941406,1
2022-03-18,0.738099992275238,6.3454999923706055,1.4019900560379028,1.038930058479309,0.8434299826622009,371.6319885253906,131.51100158691406,10.4302396774292,1.1099518537521362,155.88900756835938,1.3160406351089478,7.818270206451416,14326.0,75.98159790039062,118.48600006103516,1210.3299560546875,20.514089584350586,4.195000171661377,0.6892321705818176,52.27000045776367,1.3532700538635254,33.21900177001953,28.17799949645996,1.263159990310669,14.904399871826172,5.039400100708008,103.08999633789062,1
2022-03-21,0.7409987449645996,6.360199928283691,1.3919700384140015,1.0301599502563477,0.8390700221061707,374.8330078125,131.69500732421875,10.40308952331543,1.1043134927749634,156.93699645996094,1.3160839080810547,7.823939800262451,14342.2998046875,75.94640350341797,119.26300048828125,1210.3699951171875,20.381149291992188,4.190999984741211,0.689869225025177,52.54199981689453,1.3561700582504272,33.310001373291016,28.356000900268555,1.2605799436569214,14.922430038452148,5.0177998542785645,132.0886993408203,1
2022-03-22,0.7395793199539185,6.354499816894531,1.3868000507354736,1.0288599729537964,0.8365100026130676,372.9590148925781,131.7469940185547,10.45853042602539,1.101722002029419,157.4770050048828,1.3168290853500366,7.8250298500061035,14345.0,76.30709838867188,119.59400177001953,1219.780029296875,20.381900787353516,4.202499866485596,0.6879708170890808,52.637001037597656,1.3580000400543213,33.582000732421875,28.40999984741211,1.2588000297546387,14.898750305175781,4.935200214385986,106.61499786376953,1
2022-03-23,0.7462301850318909,6.365300178527832,1.3877999782562256,1.0295100212097168,0.8312000036239624,370.093994140625,133.82699584960938,10.411319732666016,1.1029735803604126,160.95799255371094,1.3266470432281494,7.826670169830322,14345.5,76.10189819335938,121.33999633789062,1214.949951171875,20.272199630737305,4.215000152587891,0.6964321732521057,52.5,1.3568799495697021,33.481998443603516,28.46739959716797,1.2582800388336182,14.803999900817871,4.909999847412109,105.96499633789062,1
2022-03-24,0.7499175071716309,6.371300220489502,1.3822400569915771,1.024340033531189,0.833329975605011,372.71600341796875,133.3070068359375,10.394610404968262,1.1006306409835815,159.93800354003906,1.3206027746200562,7.823659896850586,14389.0,76.55239868164062,121.12699890136719,1218.010009765625,20.226640701293945,4.2220001220703125,0.6976322531700134,52.527000427246094,1.3576899766921997,33.625999450683594,28.55970001220703,1.2559200525283813,14.730600357055664,4.82420015335083,96.71499633789062,1
2022-03-25,0.7514277100563049,6.366300106048584,1.3783600330352783,1.023229956626892,0.8342900276184082,374.9259948730469,134.68800354003906,10.348600387573242,1.1009578704833984,161.41700744628906,1.3195745944976807,7.823400020599365,14337.099609375,76.32350158691406,122.34600067138672,1217.550048828125,20.066299438476562,4.223999977111816,0.696548581123352,52.40700149536133,1.3573800325393677,33.520999908447266,28.651500701904297,1.2520400285720825,14.485679626464844,4.826300144195557,102.21499633789062,1
2022-03-28,0.7518231272697449,6.365200042724609,1.3711999654769897,1.0226500034332275,0.8335999846458435,371.6719970703125,134.26800537109375,10.337579727172852,1.098189115524292,161.05999755859375,1.317627191543579,7.8284101486206055,14334.0,76.27850341796875,122.2699966430664,1224.3800048828125,20.030149459838867,4.208000183105469,0.6957489848136902,52.150001525878906,1.3583999872207642,33.6349983215332,28.66900062561035,1.248710036277771,14.553589820861816,4.7368998527526855,100.83999633789062,1
2022-03-29,0.7499501705169678,6.370699882507324,1.3761500120162964,1.026360034942627,0.8389400243759155,374.6510009765625,135.94500732421875,10.423500061035156,1.0993843078613281,162.01199340820312,1.3103584051132202,7.828800201416016,14373.0,76.03410339355469,123.66000366210938,1223.6600341796875,20.091249465942383,4.214000225067139,0.6907795071601868,52.119998931884766,1.360450029373169,33.784000396728516,28.783700942993164,1.2518199682235718,14.650400161743164,4.764100074768066,97.96510314941406,1
2022-03-30,0.7514672875404358,6.363100051879883,1.3861600160598755,1.0327399969100952,0.8469899892807007,367.0899963378906,136.55499267578125,10.341360092163086,1.1091516017913818,161.197998046875,1.3093804121017456,7.827199935913086,14334.0,75.66670227050781,123.125,1209.1300048828125,19.965599060058594,4.211999893188477,0.6943190693855286,52.04800033569336,1.355970025062561,33.49300003051758,28.628299713134766,1.2497899532318115,14.502900123596191,4.756199836730957,87.46499633789062,1
2022-03-31,0.7503001093864441,6.346199989318848,1.3932700157165527,1.0302300453186035,0.8492699861526489,366.9429931640625,136.18699645996094,10.324660301208496,1.1161835193634033,160.26300048828125,1.3138878345489502,7.82705020904541,14327.5,75.82779693603516,122.02100372314453,1210.43994140625,19.878150939941406,4.202499866485596,0.6970681548118591,52.11000061035156,1.3525300025939941,33.319000244140625,28.52560043334961,1.24822998046875,14.482199668884277,4.769700050354004,83.46499633789062,1
2022-04-01,0.7491927742958069,6.338900089263916,1.383929967880249,1.022089958190918,0.8418800234794617,367.35101318359375,134.80299377441406,10.39408016204834,1.1072357892990112,160.05799865722656,1.314699649810791,7.833479881286621,14351.0,75.9092025756836,121.75599670410156,1214.5,19.875200271606445,4.203000068664551,0.6934000253677368,51.805999755859375,1.3543000221252441,33.237998962402344,28.615699768066406,1.2498500347137451,14.595399856567383,4.737800121307373,81.71499633789062,1
2022-04-04,0.7486487030982971,6.362100124359131,1.3833199739456177,1.0224900245666504,0.8427799940109253,367.17401123046875,135.40499877929688,10.346799850463867,1.1047282218933105,160.6510009765625,1.3103755712509155,7.83459997177124,14361.0,75.99479675292969,122.61000061035156,1218.780029296875,19.8572998046875,4.208000183105469,0.6907699704170227,51.582000732421875,1.356600046157837,33.47999954223633,28.667999267578125,1.2526500225067139,14.650199890136719,4.657199859619141,84.21499633789062,1
2022-04-05,0.7543901801109314,6.362400054931641,1.3703700304031372,1.0165200233459473,0.836870014667511,368.7019958496094,134.77000427246094,10.339859962463379,1.0975863933563232,161.00999450683594,1.3114582300186157,7.8344597816467285,14322.2998046875,75.47799682617188,122.80899810791016,1213.9000244140625,19.8093204498291,4.215000152587891,0.6948497891426086,51.41699981689453,1.356600046157837,33.43899917602539,28.588499069213867,1.2486200332641602,14.574199676513672,4.593800067901611,83.71499633789062,1
2022-04-06,0.7585699558258057,6.363100051879883,1.3615000247955322,1.0137699842453003,0.8339400291442871,376.0220031738281,134.8560028076172,10.273260116577148,1.090643286705017,161.6959991455078,1.3077365159988403,7.833759784698486,14365.5,75.45069885253906,123.65599822998047,1218.75,19.98259925842285,4.209000110626221,0.6947677135467529,51.38999938964844,1.359339952468872,33.547000885009766,28.653200149536133,1.2484400272369385,14.671600341796875,4.650700092315674,83.96499633789062,1
2022-04-07,0.7505084872245789,6.358500003814697,1.3691099882125854,1.0167499780654907,0.8338000178337097,379.0150146484375,134.82899475097656,10.336810111999512,1.0898232460021973,161.68899536132812,1.307206630706787,7.8371100425720215,14382.0,75.94509887695312,123.7229995727539,1217.5999755859375,20.161460876464844,4.2129998207092285,0.6911519169807434,51.46099853515625,1.360319972038269,33.57099914550781,28.725400924682617,1.2563799619674683,14.677200317382812,4.715199947357178,82.08999633789062,1
2022-04-08,0.7478480935096741,6.3597002029418945,1.3674900531768799,1.0152499675750732,0.831250011920929,377.17498779296875,134.81700134277344,10.280119895935059,1.0864840745925903,162.1719970703125,1.3069332838058472,7.836470127105713,14385.0,75.91320037841797,124.09600067138672,1222.6600341796875,20.130319595336914,4.215799808502197,0.6884918212890625,51.56399917602539,1.3618199825286865,33.48699951171875,28.7987003326416,1.2586699724197388,14.722200393676758,4.752099990844727,79.21499633789062,1
2022-04-11,0.7446514964103699,6.363999843597412,1.3688000440597534,1.016800045967102,0.8351899981498718,377.1570129394531,135.3800048828125,10.27344036102295,1.0884946584701538,162.08599853515625,1.303220272064209,7.838860034942627,14355.0,75.91729736328125,124.38500213623047,1228.239990234375,20.064849853515625,4.218999862670898,0.6835409998893738,51.59000015258789,1.3633400201797485,33.542999267578125,28.891000747680664,1.257599949836731,14.63539981842041,4.6981000900268555,85.08999633789062,1
2022-04-12,0.7415317296981812,6.36870002746582,1.3749300241470337,1.0131100416183472,0.8352199792861938,378.07598876953125,136.47999572753906,10.346599578857422,1.0877959728240967,163.38999938964844,1.3024225234985352,7.837800025939941,14360.7001953125,75.83699798583984,125.47200012207031,1235.050048828125,19.941940307617188,4.228000164031982,0.6817794442176819,52.244998931884766,1.3651000261306763,33.630001068115234,29.0310001373291,1.264009952545166,14.551859855651855,4.693600177764893,83.46499633789062,1
2022-04-13,0.7454997897148132,6.364999771118164,1.3677200078964233,1.0095800161361694,0.8325700163841248,377.90899658203125,135.76699829101562,10.302900314331055,1.0826143026351929,163.0570068359375,1.3002548217773438,7.837430000305176,14364.2001953125,76.1498031616211,125.41600036621094,1228.5999755859375,19.80328941345215,4.230500221252441,0.6856500506401062,52.209999084472656,1.3640600442886353,33.547000885009766,29.038000106811523,1.2634400129318237,14.514389991760254,4.673099994659424,85.33999633789062,1
2022-04-14,0.7451497912406921,6.367199897766113,1.3691999912261963,1.0175299644470215,0.8304700255393982,376.73199462890625,136.60699462890625,10.316349983215332,1.089656949043274,164.46800231933594,1.312026023864746,7.838759899139404,14360.2001953125,76.12169647216797,125.37699890136719,1223.1199951171875,19.76129913330078,4.229000091552734,0.6800777912139893,52.20500183105469,1.3612600564956665,33.45500183105469,28.86669921875,1.2566200494766235,14.531299591064453,4.690199851989746,82.38999938964844,1
2022-04-15,0.7410151958465576,6.377399921417236,1.3642200231552124,1.0203200578689575,0.8274999856948853,375.9679870605469,136.52999877929688,10.307869911193848,1.0820988416671753,164.8470001220703,1.3070015907287598,7.842619895935059,14383.900390625,76.30879974365234,126.17900085449219,1230.0999755859375,19.962299346923828,4.230000019073486,0.6783432364463806,52.369998931884766,1.3562400341033936,33.659000396728516,28.96619987487793,1.2603000402450562,14.638699531555176,4.701000213623047,82.58999633789062,1
2022-04-18,0.7393824458122253,6.370200157165527,1.364259958267212,1.0190999507904053,0.8282099962234497,375.47698974609375,136.9320068359375,10.344260215759277,1.081525444984436,165.31700134277344,1.3057557344436646,7.843599796295166,14337.0,76.3313980102539,126.61799621582031,1228.0899658203125,19.95359992980957,4.232999801635742,0.6760411262512207,52.172000885009766,1.3580100536346436,33.597999572753906,29.111000061035156,1.2615000009536743,14.622200012207031,4.7006001472473145,80.71499633789062,1
2022-04-19,0.7357593774795532,6.366199970245361,1.3584400415420532,1.018399953842163,0.828499972820282,373.38299560546875,137.02999877929688,10.319820404052734,1.0781787633895874,165.30999755859375,1.3009822368621826,7.8414998054504395,14353.7998046875,76.28019714355469,127.0979995727539,1235.3499755859375,19.79520034790039,4.251999855041504,0.673632025718689,52.41999816894531,1.361199975013733,33.68299865722656,29.214000701904297,1.2600200176239014,14.654000282287598,4.6519999504089355,81.08999633789062,1
2022-04-20,0.7393988370895386,6.392399787902832,1.3604199886322021,1.0276299715042114,0.8293700218200684,371.6960144042969,139.60000610351562,10.288269996643066,1.0794472694396973,168.28399658203125,1.301371693611145,7.841899871826172,14364.900390625,76.44539642333984,129.33299255371094,1239.5999755859375,20.018110275268555,4.252999782562256,0.6746591329574585,52.676998138427734,1.3676199913024902,33.77299880981445,29.253700256347656,1.2603700160980225,14.960200309753418,4.664999961853027,80.96499633789062,1
2022-04-21,0.7446997761726379,6.417699813842773,1.3547199964523315,1.0296499729156494,0.8299499750137329,370.4880065917969,138.88400268554688,10.247540473937988,1.0849870443344116,167.24600219726562,1.3068820238113403,7.843900203704834,14351.0,76.27619934082031,128.01300048828125,1234.0899658203125,19.97369956970215,4.2789998054504395,0.6783478260040283,52.33000183105469,1.3631000518798828,33.78099822998047,29.16349983215332,1.2486200332641602,15.0246000289917,4.620800018310547,82.73999786376953,1
2022-04-22,0.7361114025115967,6.4492998123168945,1.3639700412750244,1.0332800149917603,0.8317499756813049,370.3080139160156,139.12600708007812,10.302000045776367,1.0835175514221191,167.23300170898438,1.302626132965088,7.844600200653076,14382.0,76.28520202636719,128.4080047607422,1242.489990234375,20.184650421142578,4.28849983215332,0.6724497079849243,52.516998291015625,1.3650100231170654,33.89400100708008,29.288999557495117,1.2589099407196045,15.35912036895752,4.620800018310547,80.83999633789062,1
2022-04-25,0.7236937284469604,6.50029993057251,1.3746999502182007,1.032979965209961,0.8425999879837036,370.37200927734375,139.0279998779297,10.296099662780762,1.0811045169830322,164.9949951171875,1.2830876111984253,7.846290111541748,14350.0,76.4635009765625,128.60499572753906,1243.1600341796875,20.23200035095215,4.322500228881836,0.6625105142593384,52.40999984741211,1.369860053062439,33.94599914550781,29.31100082397461,1.2720999717712402,15.569540023803711,4.795199871063232,77.33999633789062,1
2022-04-26,0.717849850654602,6.5578999519348145,1.3644200563430786,1.0266599655151367,0.8408700227737427,372.0469970703125,136.86700439453125,10.389650344848633,1.0714209079742432,162.7310028076172,1.2739989757537842,7.847109794616699,14478.0,76.52780151367188,127.74400329589844,1249.2099609375,20.214599609375,4.355000019073486,0.6618615388870239,52.5359992980957,1.3736900091171265,34.06100082397461,29.193700790405273,1.2735600471496582,15.673100471496582,4.876200199127197,75.73999786376953,1
2022-04-27,0.714600145816803,6.556300163269043,1.363010048866272,1.0241299867630005,0.845740020275116,376.8340148925781,135.4499969482422,10.467599868774414,1.0643619298934937,160.13600158691406,1.2583998441696167,7.845600128173828,14466.0,76.79409790039062,127.26599884033203,1260.7099609375,20.380319595336914,4.322500228881836,0.6575616598129272,52.439998626708984,1.377810001373291,34.23500061035156,29.30069923400879,1.2806099653244019,15.824649810791016,4.997799873352051,74.21499633789062,1
2022-04-28,0.7125704288482666,6.559500217437744,1.3524199724197388,1.0224100351333618,0.841509997844696,377.8559875488281,135.5279998779297,10.38640022277832,1.0555092096328735,161.01699829101562,1.2541857957839966,7.84630012512207,14447.5,76.47219848632812,128.3939971923828,1266.280029296875,20.372299194335938,4.357500076293945,0.6542190313339233,52.25,1.380769968032837,34.3489990234375,29.37470054626465,1.2813999652862549,15.863659858703613,4.963600158691406,73.83999633789062,1
2022-04-29,0.710883617401123,6.62529993057251,1.3444000482559204,1.0206999778747559,0.8425999879837036,378.22900390625,137.39100646972656,10.376500129699707,1.0504201650619507,163.0050048828125,1.2463854551315308,7.846700191497803,14502.0,76.58899688720703,130.81100463867188,1272.2900390625,20.441299438476562,4.361499786376953,0.6493085026741028,52.560001373291016,1.3865000009536743,34.433998107910156,29.452699661254883,1.280460000038147,15.982500076293945,4.93779993057251,72.71499633789062,1
2022-05-02,0.7065390348434448,6.607500076293945,1.3542399406433105,1.0260000228881836,0.8379499912261963,377.77801513671875,136.9709930419922,10.348520278930664,1.0535964965820312,163.4459991455078,1.2573871612548828,7.8470001220703125,14490.0,76.52310180664062,130.01100158691406,1262.530029296875,20.41737937927246,4.35099983215332,0.6456194519996643,52.33000183105469,1.3837000131607056,34.18899917602539,29.43400001525879,1.2853000164031982,15.794099807739258,4.97130012512207,73.31500244140625,1
2022-05-03,0.7050997614860535,6.607500076293945,1.352869987487793,1.027340054512024,0.8407899737358093,381.5220031738281,136.7519989013672,10.415360450744629,1.0509058237075806,162.5749969482422,1.2498282194137573,7.847499847412109,14522.599609375,76.52410125732422,130.11199951171875,1266.75,20.448200225830078,4.3520002365112305,0.6441307067871094,52.72999954223633,1.385640025138855,34.46200180053711,29.484600067138672,1.2874000072479248,16.10759925842285,5.084700107574463,70.56500244140625,1
2022-05-04,0.7103786468505859,6.607399940490723,1.3508299589157104,1.0298999547958374,0.84197998046875,380.60699462890625,136.9600067138672,10.36637020111084,1.0528532266616821,162.63600158691406,1.2500405311584473,7.847259998321533,14491.0,76.46730041503906,130.11599731445312,1261.06005859375,20.280059814453125,4.3520002365112305,0.643430233001709,52.77000045776367,1.3838399648666382,34.31700134277344,29.422100067138672,1.2833800315856934,15.733240127563477,4.958099842071533,67.21489715576172,1
2022-05-05,0.7252898812294006,6.607500076293945,1.3528200387954712,1.03357994556427,0.8417199850082397,375.4859924316406,137.2480010986328,10.34119987487793,1.0622477531433105,163.0229949951172,1.261813759803772,7.8480000495910645,14425.0,76.00160217285156,129.22300720214844,1251.5,20.038259506225586,4.3520002365112305,0.6551019549369812,52.47999954223633,1.3742400407791138,34.04999923706055,29.239999771118164,1.2737200260162354,15.468799591064453,4.918799877166748,66.96499633789062,1
2022-05-06,0.712100088596344,6.654600143432617,1.3518400192260742,1.0384999513626099,0.8523899912834167,380.0690002441406,137.36700439453125,10.48451042175293,1.0539740324020386,161.1009979248047,1.2364147901535034,7.8491997718811035,14458.7001953125,76.54180145263672,130.3300018310547,1268.699951171875,20.21470069885254,4.347499847412109,0.6430289149284363,52.40999984741211,1.3839999437332153,34.29999923706055,29.606700897216797,1.2826999425888062,15.979599952697754,5.0279998779296875,64.79000091552734,1
2022-05-09,0.7046997547149658,6.665599822998047,1.3604700565338135,1.041700005531311,0.8546000123023987,380.4179992675781,137.697998046875,10.501480102539062,1.053219199180603,161.1529998779297,1.2326656579971313,7.849649906158447,14490.0,76.9574966430664,130.74899291992188,1270.1300048828125,20.176300048828125,4.367499828338623,0.6389204859733582,52.40299987792969,1.387529969215393,34.361000061035156,29.649999618530273,1.2918200492858887,16.061500549316406,5.080399990081787,68.96499633789062,1
2022-05-10,0.6957392692565918,6.729800224304199,1.3743799924850464,1.0491000413894653,0.8562300205230713,379.82000732421875,137.7429962158203,10.638959884643555,1.056579828262329,160.8419952392578,1.2338824272155762,7.849400043487549,14552.2001953125,77.3655014038086,130.3769989013672,1274.8599853515625,20.3635196685791,4.38100004196167,0.6323590874671936,53.02000045776367,1.3897500038146973,34.59000015258789,29.750999450683594,1.3008400201797485,16.222200393676758,5.160900115966797,69.83999633789062,1
2022-05-11,0.693600058555603,6.73360013961792,1.3721699714660645,1.048509955406189,0.8553000092506409,379.4809875488281,137.25999450683594,10.60634994506836,1.0532968044281006,160.42100524902344,1.2309207916259766,7.849649906158447,14520.7998046875,77.27140045166016,130.3509979248047,1276.550048828125,20.380359649658203,4.379499912261963,0.6289980411529541,52.540000915527344,1.3911900520324707,34.64799880981445,29.641700744628906,1.3031200170516968,16.11886978149414,5.13129997253418,69.83999633789062,1
2022-05-12,0.692750096321106,6.720699787139893,1.3659900426864624,1.0453599691390991,0.8591300249099731,379.2120056152344,136.48300170898438,10.593689918518066,1.05124831199646,158.8159942626953,1.2234212160110474,7.849760055541992,14543.400390625,77.41840362548828,129.8350067138672,1278.1500244140625,20.319730758666992,4.374000072479248,0.6284801959991455,52.34700012207031,1.3902299404144287,34.62699890136719,29.68899917602539,1.2994400262832642,16.078399658203125,5.134252071380615,66.71499633789062,1
2022-05-13,0.6871907711029053,6.785900115966797,1.351680040359497,1.0411100387573242,0.8500499725341797,382.7340087890625,133.45799255371094,10.539420127868652,1.0379581451416016,156.9080047607422,1.220613718032837,7.84984016418457,14632.099609375,77.44380187988281,128.58799743652344,1290.75,20.172700881958008,4.390999794006348,0.6247188448905945,52.65999984741211,1.395799994468689,34.73099899291992,29.821500778198242,1.3023099899291992,16.05620002746582,5.133399963378906,65.08999633789062,1
2022-05-16,0.6946181058883667,6.788000106811523,1.3423199653625488,1.0423200130462646,0.8483800292015076,385.2820129394531,134.60299682617188,10.470199584960938,1.0400632619857788,158.64300537109375,1.2258507013320923,7.849730014801025,14606.0,77.48629760742188,129.4320068359375,1277.5699462890625,20.09126091003418,4.395500183105469,0.6288912296295166,52.31399917602539,1.3926500082015991,34.64899826049805,29.781999588012695,1.2906999588012695,16.149919509887695,5.058300018310547,66.46499633789062,1
2022-05-17,0.6972820162773132,6.785099983215332,1.3414000272750854,1.0457799434661865,0.8467000126838684,389.54998779296875,134.572998046875,10.494999885559082,1.0438958406448364,158.8800048828125,1.2324832677841187,7.849999904632568,14645.0,77.8053970336914,128.92300415039062,1279.8499755859375,20.019100189208984,4.395500183105469,0.6311417818069458,52.439998626708984,1.3907699584960938,34.698001861572266,29.71190071105957,1.284999966621399,16.12211036682129,5.059700012207031,64.58999633789062,1
2022-05-18,0.7032843232154846,6.736199855804443,1.3509000539779663,1.0482200384140015,0.8447700142860413,385.32000732421875,136.5399932861328,10.464300155639648,1.0547856092453003,161.58999633789062,1.2484394311904907,7.849380016326904,14630.599609375,77.37239837646484,129.45399475097656,1266.6600341796875,19.93549919128418,4.382500171661377,0.6359097957611084,52.47999954223633,1.384469985961914,34.47800064086914,29.60580062866211,1.280809998512268,15.90233039855957,4.9380998611450195,64.96499633789062,1
2022-05-19,0.695900022983551,6.753399848937988,1.3489899635314941,1.0336899757385254,0.8482000231742859,383.6709899902344,133.95199584960938,10.496609687805176,1.0472739934921265,157.8699951171875,1.2345831394195557,7.848800182342529,14740.0,77.81999969482422,127.91400146484375,1275.5799560546875,20.023000717163086,4.393499851226807,0.6295603513717651,52.36000061035156,1.391319990158081,34.573001861572266,29.74020004272461,1.2884199619293213,16.0674991607666,4.96750020980835,64.21499633789062,1
2022-05-20,0.7041500210762024,6.712100028991699,1.3560999631881714,1.0284199714660645,0.8487200140953064,384.2300109863281,135.2209930419922,10.498700141906738,1.057898759841919,159.2790069580078,1.2462146282196045,7.847899913787842,14626.7998046875,77.42109680175781,127.83200073242188,1263.550048828125,19.923599243164062,4.400000095367432,0.6381499171257019,52.130001068115234,1.3809200525283813,34.37699890136719,29.600500106811523,1.2819600105285645,15.832099914550781,4.929999828338623,62.09000015258789,1
2022-05-23,0.7062894701957703,6.691999912261963,1.3544100522994995,1.0304499864578247,0.8452500104904175,383.1600036621094,135.18299865722656,10.499059677124023,1.0569819211959839,159.9149932861328,1.2504063844680786,7.84827995300293,14645.0,77.81839752197266,127.90299987792969,1273.2099609375,19.84942054748535,4.386499881744385,0.6421493887901306,52.24800109863281,1.3799999952316284,34.32099914550781,29.71299934387207,1.2812000513076782,15.834059715270996,4.880199909210205,62.46500015258789,1
2022-05-24,0.7088980674743652,6.649799823760986,1.3658900260925293,1.0318299531936646,0.8498899936676025,381.77301025390625,136.5590057373047,10.49586009979248,1.0682048797607422,160.63999938964844,1.256754994392395,7.849100112915039,14619.2001953125,77.52680206298828,127.84600067138672,1258.8199462890625,19.917959213256836,4.38700008392334,0.6447494626045227,52.369998931884766,1.374269962310791,34.1349983215332,29.489999771118164,1.2787100076675415,15.776300430297852,4.813499927520752,58.540000915527344,1
2022-05-25,0.7103200554847717,6.6529998779296875,1.376230001449585,1.0306700468063354,0.8557500243186951,382.5530090332031,136.06199645996094,10.470399856567383,1.0736525058746338,158.97000122070312,1.2542959451675415,7.84906005859375,14635.7998046875,77.47879791259766,126.76899719238281,1260.989990234375,19.84269905090332,4.39300012588501,0.6448908448219299,52.435001373291016,1.3709700107574463,34.09400177001953,29.531700134277344,1.2822400331497192,15.622050285339355,4.817800045013428,57.089900970458984,1
2022-05-26,0.708939790725708,6.691699981689453,1.3699300289154053,1.0275100469589233,0.8490300178527832,392.36700439453125,135.8719940185547,10.496489524841309,1.0686614513397217,160.00799560546875,1.258610486984253,7.8495001792907715,14597.0,77.49729919433594,127.1520004272461,1266.5999755859375,19.818199157714844,4.39300012588501,0.6479789614677429,52.25299835205078,1.3743000030517578,34.2400016784668,29.40999984741211,1.2820199728012085,15.71660041809082,4.822800159454346,60.315101623535156,1
2022-05-27,0.7098793983459473,6.737800121307373,1.3708200454711914,1.028730034828186,0.8505899906158447,391.10400390625,136.33999633789062,10.579730033874512,1.0732953548431396,160.2689971923828,1.261734127998352,7.8491997718811035,14584.2001953125,77.63020324707031,127.04499816894531,1258.8900146484375,19.75189971923828,4.395500183105469,0.6482393741607666,52.369998931884766,1.3724499940872192,34.21699905395508,29.312999725341797,1.2773000001907349,15.674969673156738,4.768199920654297,64.21499633789062,1
2022-05-30,0.7162810564041138,6.6975998878479,1.3653500080108643,1.0276999473571777,0.8497400283813477,392.8179931640625,136.58799743652344,10.538629531860352,1.0731456279754639,160.72300720214844,1.262833595275879,7.84906005859375,14570.0,77.69200134277344,127.28500366210938,1251.5899658203125,19.56999969482422,4.376500129699707,0.6534098386764526,52.20000076293945,1.367900013923645,34.07699966430664,29.29599952697754,1.2723699808120728,15.5649995803833,4.729599952697754,66.46499633789062,1
2022-05-31,0.7195202112197876,6.660299777984619,1.3632899522781372,1.0322200059890747,0.8518199920654297,392.3160095214844,137.66000366210938,10.497650146484375,1.0773539543151855,161.59500122070312,1.2647020816802979,7.848189830780029,14538.400390625,77.5208969116211,127.78399658203125,1236.1700439453125,19.531299591064453,4.363800048828125,0.6558279991149902,52.2400016784668,1.3666000366210938,34.0880012512207,28.83099937438965,1.2655199766159058,15.476799964904785,4.752399921417236,64.58989715576172,1
2022-06-01,0.7182618379592896,6.6717000007629395,1.3566499948501587,1.0299400091171265,0.8513100147247314,396.6000061035156,138.1840057373047,10.456780433654785,1.0734105110168457,162.26499938964844,1.2608909606933594,7.847219944000244,14543.900390625,77.5989990234375,128.73599243164062,1241.739990234375,19.648740768432617,4.375999927520752,0.6518607139587402,52.34000015258789,1.3698500394821167,34.231998443603516,28.991500854492188,1.2639000415802002,15.59550952911377,4.730400085449219,62.71500015258789,1
2022-06-02,0.7173600792884827,6.685200214385986,1.349020004272461,1.025689959526062,0.8529899716377258,396.2699890136719,138.58399963378906,10.462309837341309,1.0654165744781494,162.39500427246094,1.2483147382736206,7.847430229187012,14531.5,77.58409881591797,130.1219940185547,1246.949951171875,19.71306037902832,4.380499839782715,0.6480587720870972,52.63999938964844,1.3746000528335571,34.362998962402344,29.128299713134766,1.2665300369262695,15.593299865722656,4.815499782562256,63.46500015258789,1
2022-06-03,0.726900041103363,6.659200191497803,1.3513799905776978,1.0292999744415283,0.8547000288963318,393.8630065917969,139.66799926757812,10.41919994354248,1.0751069784164429,163.41299438476562,1.2579249143600464,7.844759941101074,14426.7998046875,77.3604965209961,129.91799926757812,1240.8399658203125,19.52790069580078,4.388999938964844,0.6560388207435608,52.314998626708984,1.3700000047683716,34.23699951171875,29.10099983215332,1.2569799423217773,15.448399543762207,4.7957000732421875,63.46500015258789,1
2022-06-06,0.7204922437667847,6.659299850463867,1.3497300148010254,1.0320299863815308,0.8585500121116638,391.4309997558594,140.18899536132812,10.471619606018066,1.0726046562194824,163.26800537109375,1.249230146408081,7.845729827880859,14431.0,77.69419860839844,130.70700073242188,1250.530029296875,19.54521942138672,4.388500213623047,0.6509103178977966,52.91899871826172,1.375040054321289,34.34000015258789,29.361000061035156,1.258489966392517,15.536100387573242,4.775000095367432,63.21500015258789,1
2022-06-07,0.7188607454299927,6.652900218963623,1.3450000286102295,1.0384399890899658,0.8535400032997131,387.0679931640625,141.3040008544922,10.472319602966309,1.0691413879394531,165.5189971923828,1.2523481845855713,7.845600128173828,14435.2001953125,77.82099914550781,132.17599487304688,1254.47998046875,19.555299758911133,4.388999938964844,0.6485589146614075,53.06999969482422,1.3769500255584717,34.43000030517578,29.38129997253418,1.2580000162124634,15.421699523925781,4.7941999435424805,61.34000015258789,1
2022-06-08,0.7220602631568909,6.6697001457214355,1.3409600257873535,1.0412800312042236,0.8499000072479248,387.5530090332031,142.10400390625,10.480999946594238,1.0698620080947876,167.20199584960938,1.2587324380874634,7.845359802246094,14458.7998046875,77.67060089111328,132.8470001220703,1254.5799560546875,19.57670021057129,4.39300012588501,0.6480713486671448,52.7400016784668,1.3739999532699585,34.40599822998047,29.405000686645508,1.253659963607788,15.364279747009277,4.867526054382324,62.464900970458984,1
2022-06-09,0.7186489701271057,6.682700157165527,1.3454300165176392,1.04899001121521,0.8546000123023987,394.989990234375,144.07000732421875,10.530550003051758,1.071765422821045,168.56300354003906,1.254028558731079,7.847839832305908,14495.2998046875,77.72429656982422,134.42999267578125,1256.739990234375,19.587099075317383,4.391499996185303,0.6443713903427124,53.15999984741211,1.3761600255966187,34.48899841308594,29.438800811767578,1.2552000284194946,15.277600288391113,4.898099899291992,59.9650993347168,1
2022-06-10,0.7098188996315002,6.690800189971924,1.348870038986206,1.0410699844360352,0.8499900102615356,395.0379943847656,142.72999572753906,10.516449928283691,1.0619205236434937,167.8990020751953,1.2492972612380981,7.848800182342529,14611.7998046875,77.8187026977539,134.41799926757812,1264.02001953125,19.676300048828125,4.390999794006348,0.6385695934295654,53.13999938964844,1.3825199604034424,34.55400085449219,29.5856990814209,1.2702699899673462,15.474499702453613,4.903299808502197,57.96500015258789,1
2022-06-13,0.7018282413482666,6.707900047302246,1.3423399925231934,1.0378299951553345,0.8545100092887878,397.364990234375,141.40499877929688,10.546680450439453,1.0489987134933472,165.46499633789062,1.2274909019470215,7.849309921264648,14546.0,78.17759704589844,134.81399536132812,1278.280029296875,20.019460678100586,4.399499893188477,0.6337296366691589,53.08000183105469,1.3911900520324707,34.80099868774414,29.642000198364258,1.2797600030899048,15.858280181884766,4.984000205993652,110.67410278320312,1
2022-06-14,0.6941600441932678,6.753499984741211,1.342479944229126,1.0379899740219116,0.857450008392334,399.6419982910156,139.79200744628906,10.61443042755127,1.0415147542953491,162.97999572753906,1.2144765853881836,7.849800109863281,14795.0,78.16059875488281,134.22500610351562,1291.800048828125,20.466800689697266,4.415999889373779,0.6275415420532227,53.5,1.393839955329895,34.84299850463867,29.68869972229004,1.2890000343322754,16.112899780273438,5.113399982452393,57.71500015258789,1
2022-06-15,0.6889899373054504,6.739500045776367,1.3510899543762207,1.0432699918746948,0.8689000010490417,400.7820129394531,141.21499633789062,10.622030258178711,1.0440592765808105,162.49600219726562,1.201258897781372,7.849899768829346,14740.7998046875,77.9854965209961,135.29400634765625,1289.47998046875,20.560659408569336,4.420000076293945,0.6226804852485657,53.459999084472656,1.3920999765396118,35.029998779296875,29.577699661254883,1.2944799661636353,16.014999389648438,5.116099834442139,58.34000015258789,1
2022-06-16,0.7016903758049011,6.712299823760986,1.3459800481796265,1.0398900508880615,0.8587999939918518,397.2929992675781,140.218994140625,10.62992000579834,1.0456204414367676,163.24000549316406,1.2174336910247803,7.848599910736084,14681.0,77.90019989013672,134.11500549316406,1278.1600341796875,20.222150802612305,4.410999774932861,0.6292592883110046,53.3129997253418,1.385699987411499,34.83599853515625,29.405000686645508,1.2873400449752808,15.739299774169922,5.052000045776367,57.21500015258789,1
2022-06-17,0.704049825668335,6.703400135040283,1.3660900592803955,1.0195300579071045,0.853600025177002,398.4209899902344,139.66400146484375,10.704970359802246,1.0546854734420776,163.5850067138672,1.2354830503463745,7.8491997718811035,14776.099609375,77.97769927978516,132.42100524902344,1288.1800537109375,20.397199630737305,4.400000095367432,0.6360716223716736,53.61000061035156,1.3828999996185303,35.00600051879883,29.695999145507812,1.2953799962997437,15.996199607849121,5.052199840545654,57.339900970458984,1
2022-06-20,0.6953000426292419,6.715700149536133,1.3638399839401245,1.017109990119934,0.853600025177002,398.11199951171875,141.9149932861328,10.679059982299805,1.049141764640808,165.4010009765625,1.2228227853775024,7.849679946899414,14816.0,77.9614028930664,135.2760009765625,1290.5,20.294309616088867,4.399499893188477,0.632559061050415,53.66299819946289,1.388409972190857,35.22100067138672,29.70199966430664,1.3000500202178955,15.97665023803711,5.152100086212158,56.71500015258789,1
2022-06-21,0.6969500780105591,6.691400051116943,1.3656100034713745,1.017300009727478,0.8585000038146973,396.7099914550781,142.10699462890625,10.637900352478027,1.0520778894424438,165.48800659179688,1.225174903869629,7.849699974060059,14827.7001953125,77.93399810791016,135.08700561523438,1292.3800048828125,20.26849937438965,4.39900016784668,0.6337416768074036,54.255001068115234,1.3875999450683594,35.33000183105469,29.702999114990234,1.2981799840927124,16.02359962463379,5.18720006942749,54.71500015258789,1
2022-06-22,0.6961801052093506,6.688399791717529,1.3617000579833984,1.017359972000122,0.8585799932479858,394.14599609375,143.51800537109375,10.624719619750977,1.053263545036316,167.1020050048828,1.2266627550125122,7.849730014801025,14831.7001953125,78.13490295410156,136.2689971923828,1291.5999755859375,20.136999130249023,4.395999908447266,0.631780207157135,54.40999984741211,1.385509967803955,35.28499984741211,29.724000930786133,1.2931900024414062,15.914560317993164,5.122799873352051,53.84000015258789,1
2022-06-23,0.6905218958854675,6.701099872589111,1.3692899942398071,1.0156999826431274,0.8622000217437744,395.5889892578125,143.67999267578125,10.648909568786621,1.0564124584197998,166.58399963378906,1.225084900856018,7.8495001792907715,14843.0,78.19309997558594,136.0240020751953,1297.6800537109375,20.04949951171875,4.4029998779296875,0.6271007657051086,54.400001525878906,1.387120008468628,35.349998474121094,29.67169952392578,1.2963800430297852,15.899609565734863,5.193600177764893,54.96500015258789,1
2022-06-24,0.6903502941131592,6.697299957275391,1.3661500215530396,1.0112899541854858,0.8579199910163879,399.2829895019531,141.8459930419922,10.709400177001953,1.052011489868164,165.28399658203125,1.2260762453079224,7.849400043487549,14841.7998046875,78.14240264892578,134.83999633789062,1299.81005859375,20.009899139404297,4.4039998054504395,0.6286184787750244,54.66999816894531,1.3891600370407104,35.48400115966797,29.613100051879883,1.2987099885940552,15.935409545898438,5.23799991607666,54.46500015258789,1
2022-06-27,0.6943383812904358,6.688799858093262,1.3626699447631836,1.011389970779419,0.8601999878883362,400.3169860839844,142.697998046875,10.689120292663574,1.0566133260726929,165.8730010986328,1.228244662284851,7.849090099334717,14841.0,78.2522964477539,135.06199645996094,1288.2900390625,19.892559051513672,4.399499893188477,0.6314287781715393,54.89099884033203,1.3855199813842773,35.45000076293945,29.694000244140625,1.2897100448608398,15.764900207519531,5.241399765014648,53.3650016784668,1
2022-06-28,0.6922522783279419,6.690700054168701,1.3617500066757202,1.0115000009536743,0.8626000285148621,402.3810119628906,143.29400634765625,10.646360397338867,1.0580891370773315,166.1199951171875,1.2267379760742188,7.84660005569458,14791.0,78.44110107421875,135.43499755859375,1286.199951171875,19.90290069580078,4.401500225067139,0.6294097900390625,54.86000061035156,1.3853600025177002,35.35900115966797,29.43000030517578,1.2869000434875488,15.827300071716309,5.236800193786621,53.09000015258789,1
2022-06-29,0.6904398798942566,6.707300186157227,1.3545900583267212,1.0066900253295898,0.8632400035858154,396.8429870605469,143.1580047607422,10.678299903869629,1.0523545742034912,165.79800415039062,1.2189769744873047,7.845799922943115,14857.0,79.07319641113281,136.0469970703125,1292.030029296875,20.1466007232666,4.394499778747559,0.6237096786499023,54.88999938964844,1.387470006942749,35.15999984741211,29.67099952697754,1.2872999906539917,16.063400268554688,5.266600131988525,53.714900970458984,1
2022-06-30,0.6880465745925903,6.69980001449585,1.3458199501037598,0.9966899752616882,0.8611999750137329,393.68499755859375,142.677001953125,10.68960952758789,1.04465913772583,165.66299438476562,1.2131799459457397,7.845990180969238,14877.0,78.89830017089844,136.58900451660156,1301.72998046875,20.130359649658203,4.397299766540527,0.6225099563598633,55.04999923706055,1.3926399946212769,35.077999114990234,29.665000915527344,1.2883299589157104,16.20870018005371,5.1809000968933105,52.4650993347168,1
2022-07-01,0.6897598505020142,6.698200225830078,1.3487800359725952,1.0006599426269531,0.8615400195121765,396.197998046875,142.26400756835938,10.720769882202148,1.0477677583694458,165.0919952392578,1.2160863876342773,7.847099781036377,14921.900390625,78.96299743652344,135.78599548339844,1287.7099609375,20.102949142456055,4.40500020980835,0.6240288615226746,55.06999969482422,1.3901400566101074,35.32400131225586,29.65570068359375,1.287369966506958,16.255739212036133,5.251999855041504,54.84000015258789,1
2022-07-04,0.6815796494483948,6.700500011444092,1.343999981880188,1.0,0.8622000217437744,400.3739929199219,140.8939971923828,10.737899780273438,1.0433948040008545,163.4219970703125,1.2102727890014648,7.846799850463867,14931.0,78.95069885253906,135.04299926757812,1297.8900146484375,20.250200271606445,4.4045000076293945,0.6208789348602295,55.1349983215332,1.3952000141143799,35.58000183105469,29.79599952697754,1.288599967956543,16.39579963684082,5.330999851226807,53.23749923706055,1
2022-07-05,0.6873797178268433,6.698599815368652,1.341380000114441,1.0023900270462036,0.8611699938774109,402.2460021972656,141.71600341796875,10.779500007629395,1.0433186292648315,164.52499389648438,1.211445689201355,7.8460001945495605,15008.0,78.93949890136719,135.83999633789062,1295.6800537109375,20.268400192260742,4.4105000495910645,0.6215696930885315,55.099998474121094,1.3956199884414673,35.702999114990234,29.690000534057617,1.285730004310608,16.331499099731445,5.3282999992370605,54.5,1
2022-07-06,0.6793201565742493,6.718800067901611,1.3369799852371216,0.9934300184249878,0.8583300113677979,407.2539978027344,139.00799560546875,10.786520004272461,1.0257673263549805,161.89999389648438,1.19491446018219,7.846620082855225,15037.0,79.36840057373047,135.52099609375,1308.6600341796875,20.522899627685547,4.416999816894531,0.6165912747383118,55.310001373291016,1.4048000574111938,35.96799850463867,29.78070068359375,1.3034800291061401,16.533349990844727,5.385200023651123,63.4650993347168,1
2022-07-07,0.6786000728607178,6.706500053405762,1.3274999856948853,0.9880599975585938,0.8540599942207336,409.2279968261719,138.4499969482422,10.720109939575195,1.0186411142349243,162.0800018310547,1.1923214197158813,7.84689998626709,15010.0,79.04389953613281,135.96600341796875,1304.8499755859375,20.64109992980957,4.421999931335449,0.6155001521110535,55.96500015258789,1.4043999910354614,36.154998779296875,29.788000106811523,1.3034000396728516,16.764299392700195,5.427999973297119,63.51499938964844,1
2022-07-08,0.6849000453948975,6.700500011444092,1.3185299634933472,0.9900799989700317,0.8452399969100952,402.43499755859375,138.18699645996094,10.69219970703125,1.0169836282730103,163.44200134277344,1.2028049230575562,7.847489833831787,14964.599609375,79.22160339355469,135.91299438476562,1297.6500244140625,20.493999481201172,4.42549991607666,0.6179094910621643,56.0369987487793,1.400230050086975,36.07099914550781,29.75200080871582,1.2965999841690063,16.68610954284668,5.338200092315674,63.040000915527344,1
2022-07-11,0.6845798492431641,6.694300174713135,1.3161499500274658,0.9938799738883972,0.8459500074386597,403.1789855957031,138.55599975585938,10.710989952087402,1.0166114568710327,163.7689971923828,1.2016630172729492,7.848810195922852,14970.0,79.3313980102539,136.30099487304688,1293.7900390625,20.46269989013672,4.424499988555908,0.6186090111732483,55.81999969482422,1.3988399505615234,35.86000061035156,29.75200080871582,1.294700026512146,16.812829971313477,5.254000186920166,64.86499786376953,1
2022-07-12,0.6743316054344177,6.717199802398682,1.305609941482544,0.9872999787330627,0.8442000150680542,407.0559997558594,138.00999450683594,10.66392993927002,1.004752516746521,163.49000549316406,1.1900936365127563,7.849699974060059,14989.099609375,79.47779846191406,137.38800048828125,1310.8599853515625,20.721200942993164,4.424499988555908,0.6122311353683472,56.15700149536133,1.4049700498580933,36.231998443603516,29.86319923400879,1.2994799613952637,17.07349967956543,5.377200126647949,60.91999816894531,1
2022-07-13,0.674700140953064,6.723299980163574,1.3071000576019287,0.9848799705505371,0.8444300293922424,406.3599853515625,137.14500427246094,10.597689628601074,1.0033109188079834,162.37100219726562,1.1877753734588623,7.849699974060059,15010.0,79.47640228271484,136.7259979248047,1305.8299560546875,20.8664608001709,4.434500217437744,0.612321138381958,56.18000030517578,1.407580018043518,36.19599914550781,29.864999771118164,1.303130030632019,17.017240524291992,5.436500072479248,58.38999938964844,1
2022-07-14,0.6732302308082581,6.717599868774414,1.3043500185012817,0.984000027179718,0.8456500172615051,410.4700012207031,138.0780029296875,10.620539665222168,1.0032706260681152,163.24200439453125,1.186380386352539,7.849299907684326,15030.400390625,79.80750274658203,137.6280059814453,1304.8499755859375,20.790800094604492,4.434500217437744,0.6108586192131042,56.446998596191406,1.4070099592208862,36.231998443603516,29.766000747680664,1.300089955329895,16.94529914855957,5.390900135040283,58.439998626708984,1
2022-07-15,0.6754885315895081,6.755199909210205,1.314210057258606,0.9854599833488464,0.8466600179672241,406.0880126953125,139.32899475097656,10.599010467529297,1.0025665760040283,164.51499938964844,1.1839643716812134,7.8496599197387695,15037.099609375,79.87830352783203,138.9669952392578,1316.1800537109375,20.805889129638672,4.441500186920166,0.6130305528640747,56.22999954223633,1.4026000499725342,36.529998779296875,29.918699264526367,1.3107999563217163,17.12179946899414,5.422800064086914,58.2400016784668,1
2022-07-18,0.6814774870872498,6.756499767303467,1.3133599758148193,0.9846000075340271,0.8490999937057495,400.69000244140625,139.63600158691406,10.55739974975586,1.009631872177124,164.4149932861328,1.1888344287872314,7.849599838256836,14986.0,79.72049713134766,138.31399536132812,1318.1199951171875,20.49959945678711,4.446499824523926,0.6189689040184021,56.29100036621094,1.3977899551391602,36.560001373291016,29.910999298095703,1.3009400367736816,17.045000076293945,5.410099983215332,110.67410278320312,1
2022-07-19,0.6810198426246643,6.742300033569336,1.3169000148773193,0.9916999936103821,0.8489000201225281,400.822998046875,140.22900390625,10.543000221252441,1.0145177841186523,165.10299682617188,1.194828748703003,7.849800109863281,14977.0,80.0302963256836,138.22900390625,1318.9100341796875,20.44502067565918,4.450500011444092,0.6153202652931213,56.5099983215332,1.3969000577926636,36.689998626708984,29.81999969482422,1.2981300354003906,17.090749740600586,5.436800003051758,57.71500015258789,1
2022-07-20,0.6897978782653809,6.74370002746582,1.3167599439620972,0.9911699891090393,0.8522999882698059,398.010009765625,141.38400268554688,10.456299781799316,1.0231330394744873,165.85899353027344,1.2003505229949951,7.850500106811523,14960.7998046875,79.85590362548828,138.1909942626953,1305.5,20.519800186157227,4.447500228881836,0.6233597993850708,56.25,1.391379952430725,36.573001861572266,29.785999298095703,1.2870899438858032,17.072500228881836,5.413099765777588,56.46500015258789,1
2022-07-21,0.6887384057044983,6.754899978637695,1.3119200468063354,0.989109992980957,0.8505799770355225,398.1960144042969,140.91600036621094,10.434820175170898,1.0182781219482422,165.6529998779297,1.1971746683120728,7.849589824676514,15022.0,80.00340270996094,138.39500427246094,1312.8699951171875,20.54210090637207,4.44950008392334,0.6225215792655945,56.349998474121094,1.3929799795150757,36.665000915527344,29.880699157714844,1.2883000373840332,17.123300552368164,5.470200061798096,54.9650993347168,1
2022-07-22,0.692290186882019,6.765600204467773,1.316349983215332,0.987500011920929,0.8518999814987183,398.4119873046875,140.12600708007812,10.419750213623047,1.0221081972122192,164.447998046875,1.1996161937713623,7.848599910736084,15004.2001953125,79.7759017944336,137.09800720214844,1306.8499755859375,20.65410041809082,4.454500198364258,0.6243990063667297,56.41699981689453,1.3894000053405762,36.75199890136719,29.880300521850586,1.2877999544143677,17.035400390625,5.497799873352051,57.96500015258789,1
2022-07-25,0.6904694437980652,6.750500202178955,1.3179999589920044,0.982200026512146,0.8508800268173218,396.85198974609375,139.03199768066406,10.433309555053711,1.0200231075286865,163.37399291992188,1.1986957788467407,7.849440097808838,15011.0,79.87680053710938,136.31199645996094,1309.3199462890625,20.53459930419922,4.44950008392334,0.6233908534049988,56.060001373291016,1.3890000581741333,36.638999938964844,29.801000595092773,1.2924599647521973,16.78809928894043,5.496699810028076,58.09000015258789,1
2022-07-26,0.6951202750205994,6.749499797821045,1.313730001449585,0.9857199788093567,0.8479999899864197,398.885009765625,139.46800231933594,10.413800239562988,1.022494912147522,164.44900512695312,1.2055164575576782,7.849130153656006,14978.0,79.72250366210938,136.43099975585938,1310.4000244140625,20.450700759887695,4.451000213623047,0.625840961933136,55.83700180053711,1.3860299587249756,36.65599822998047,29.827999114990234,1.2850699424743652,16.779300689697266,5.356299877166748,58.46500015258789,1
2022-07-27,0.6947387456893921,6.76230001449585,1.3039799928665161,0.9746000170707703,0.8414899706840515,400.65399169921875,138.73500061035156,10.4439697265625,1.0129557847976685,164.8509979248047,1.2036880254745483,7.849259853363037,14982.7998046875,79.84120178222656,136.97000122070312,1310.9000244140625,20.453699111938477,4.453499794006348,0.624130129814148,55.54199981689453,1.3890000581741333,36.698001861572266,29.920299530029297,1.287369966506958,16.858400344848633,5.350100040435791,60.09000015258789,1
2022-07-28,0.6994900107383728,6.757400035858154,1.308019995689392,0.9776999950408936,0.8390499949455261,402.9809875488281,138.91099548339844,10.42908000946045,1.0209290981292725,165.5229949951172,1.2163082361221313,7.849100112915039,14914.2001953125,79.84739685058594,136.11099243164062,1305.949951171875,20.373300552368164,4.455999851226807,0.6260290145874023,55.529998779296875,1.381700038909912,36.637001037597656,29.85930061340332,1.2817100286483765,16.66699981689453,5.243000030517578,59.34000015258789,1
2022-07-29,0.7000839710235596,6.745800018310547,1.3052599430084229,0.9727299809455872,0.8371999859809875,404.4939880371094,136.97300720214844,10.39957046508789,1.0192328691482544,163.57699584960938,1.2173447608947754,7.8495001792907715,14849.099609375,79.57150268554688,134.39700317382812,1295.1500244140625,20.281200408935547,4.449999809265137,0.6295682787895203,55.89699935913086,1.37909996509552,36.3849983215332,29.915000915527344,1.2806999683380127,16.526199340820312,5.182700157165527,62.46500015258789,1
2022-08-01,0.6971215605735779,6.743199825286865,1.3079500198364258,0.9726600050926208,0.8381999731063843,402.90899658203125,136.15499877929688,10.359600067138672,1.0208247900009155,162.27999877929688,1.2167373895645142,7.849440097808838,14826.0,79.1948013305664,133.40699768066406,1302.280029296875,20.374500274658203,4.447999954223633,0.6279119849205017,55.099998474121094,1.381500005722046,36.292999267578125,30.00200080871582,1.281559944152832,16.605039596557617,5.171199798583984,62.21500015258789,1
2022-08-02,0.7023902535438538,6.7677001953125,1.3177900314331055,0.9749000072479248,0.8373200297355652,400.3420104980469,135.0019989013672,10.381939888000488,1.0261356830596924,161.17799377441406,1.2254151105880737,7.849800109863281,14838.0,78.95570373535156,131.57200622558594,1306.75,20.383499145507812,4.449999809265137,0.6331799030303955,55.439998626708984,1.3761999607086182,36.10300064086914,30.167999267578125,1.284309983253479,16.476150512695312,5.184000015258789,60.16999816894531,1
2022-08-03,0.6890298128128052,6.751800060272217,1.308769941329956,0.9732999801635742,0.8362799882888794,398.29901123046875,135.44400024414062,10.414190292358398,1.015568733215332,161.9429931640625,1.2142995595932007,7.849699974060059,14890.099609375,78.60449981689453,133.37899780273438,1314.6300048828125,20.810909271240234,4.453000068664551,0.6221303939819336,55.696998596191406,1.3837000131607056,36.202999114990234,29.966299057006836,1.288789987564087,16.806049346923828,5.277699947357178,60.790000915527344,1
2022-08-04,0.693899929523468,6.756999969482422,1.3055299520492554,0.9762300252914429,0.8366000056266785,394.1940002441406,136.06199645996094,10.378459930419922,1.015764594078064,162.58999633789062,1.2138278484344482,7.849400043487549,14900.0,79.11830139160156,133.96200561523438,1307.3800048828125,20.492700576782227,4.454999923706055,0.6267392039299011,55.698001861572266,1.3807899951934814,36.2400016784668,29.941999435424805,1.2853599786758423,16.739700317382812,5.282700061798096,62.68510055541992,1
2022-08-05,0.6959198713302612,6.747799873352051,1.318809986114502,0.977649986743927,0.8427900075912476,394.7030029296875,135.8990020751953,10.35575008392334,1.024779200553894,161.22799682617188,1.215849757194519,7.8495001792907715,14884.7001953125,79.15489959716797,132.62100219726562,1302.0799560546875,20.323699951171875,4.455999851226807,0.6297110319137573,55.58700180053711,1.375349998474121,35.81999969482422,29.95170021057129,1.287019968032837,16.575550079345703,5.211100101470947,61.46500015258789,1
2022-08-08,0.6902502179145813,6.760900020599365,1.316480040550232,0.9785799980163574,0.8434000015258789,393.7850036621094,137.35800170898438,10.378689765930176,1.0170871019363403,162.85899353027344,1.2059526443481445,7.849800109863281,14886.0,79.41059875488281,135.0570068359375,1302.739990234375,20.42140007019043,4.453499794006348,0.6239704489707947,55.54100036621094,1.3821200132369995,35.75,29.94499969482422,1.294450044631958,16.772600173950195,5.164599895477295,60.4900016784668,1
2022-08-09,0.6987700462341309,6.749899864196777,1.310960054397583,0.9737799763679504,0.8437700271606445,393.9020080566406,137.4949951171875,10.318110466003418,1.0197629928588867,162.93299865722656,1.208473801612854,7.8497700691223145,14831.2001953125,79.60189819335938,134.83999633789062,1299.030029296875,20.2406005859375,4.456500053405762,0.6289387345314026,55.470001220703125,1.378250002861023,35.529998779296875,30.000699996948242,1.2856999635696411,16.62540054321289,5.110099792480469,61.84000015258789,1
2022-08-10,0.6957005858421326,6.751699924468994,1.3154000043869019,0.9740099906921387,0.8454999923706055,396.23199462890625,138.01300048828125,10.370960235595703,1.0208144187927246,163.1919403076172,1.207423210144043,7.849699974060059,14856.7001953125,79.57839965820312,135.18699645996094,1307.56005859375,20.239999771118164,4.453000068664551,0.6285789608955383,55.66999816894531,1.3782999515533447,35.33000183105469,30.027999877929688,1.2885899543762207,16.566499710083008,5.123700141906738,60.439998626708984,1
2022-08-11,0.7078142762184143,6.722799777984619,1.315619945526123,0.9706000089645386,0.8432999849319458,395.1730041503906,136.8070068359375,10.351900100708008,1.0300782918930054,162.17999267578125,1.2212995290756226,7.84660005569458,14756.900390625,79.0978012084961,132.8300018310547,1296.699951171875,20.015100479125977,4.454999923706055,0.64063960313797,55.45000076293945,1.3688000440597534,35.31999969482422,29.910400390625,1.277400016784668,16.17176055908203,5.093699932098389,61.46500015258789,1
2022-08-12,0.7102898359298706,6.743599891662598,1.3173099756240845,0.9716299772262573,0.8459799885749817,394.60198974609375,137.25399780273438,10.362110137939453,1.0316723585128784,162.14500427246094,1.2196162939071655,7.842800140380859,14724.2001953125,79.61399841308594,132.99400329589844,1306.8299560546875,19.93320083618164,4.442999839782715,0.6434219479560852,55.459999084472656,1.3696000576019287,35.20000076293945,29.94930076599121,1.2762900590896606,16.236799240112305,5.1570000648498535,60.59000015258789,1
2022-08-15,0.7116677761077881,6.741799831390381,1.310439944267273,0.9657099843025208,0.8453999757766724,391.9679870605469,136.67799377441406,10.463939666748047,1.0256409645080566,161.63699340820312,1.2127974033355713,7.838600158691406,14661.0,79.62760162353516,133.28799438476562,1301.3800048828125,19.85363006591797,4.441800117492676,0.6449490785598755,55.68000030517578,1.3705999851226807,35.29999923706055,29.94300079345703,1.2779500484466553,16.235200881958008,5.074900150299072,62.21500015258789,1
2022-08-16,0.7020002603530884,6.771999835968018,1.311269998550415,0.9611999988555908,0.8427000045776367,398.8710021972656,135.31121826171875,10.479040145874023,1.0161981582641602,160.51300048828125,1.205690860748291,7.837900161743164,14776.400390625,79.55290222167969,133.14300537109375,1313.1800537109375,19.808300018310547,4.456999778747559,0.6362901926040649,56.04999923706055,1.378119945526123,35.53900146484375,29.98270034790039,1.2903599739074707,16.421110153198242,5.095600128173828,60.5,1
2022-08-17,0.7019400596618652,6.787399768829346,1.3063900470733643,0.9658399820327759,0.8406000137329102,403.25,136.57200622558594,10.508370399475098,1.0170663595199585,162.44647216796875,1.209818959236145,7.84089994430542,14747.099609375,79.14600372314453,134.27699279785156,1311.0,19.903539657592773,4.464000225067139,0.6343407034873962,55.869998931884766,1.378600001335144,35.37300109863281,29.94379997253418,1.284540057182312,16.36520004272461,5.1417388916015625,61.46500015258789,1
2022-08-18,0.693040132522583,6.779900074005127,1.314650058746338,0.9682999849319458,0.8450000286102295,403.2309875488281,137.32899475097656,10.575499534606934,1.0180189609527588,162.50900268554688,1.2045146226882935,7.84250020980835,14764.099609375,79.35970306396484,134.94400024414062,1314.8299560546875,19.970399856567383,4.4654998779296875,0.6276084780693054,56.0,1.3813999891281128,35.47999954223633,29.935699462890625,1.2917799949645996,16.645000457763672,5.164999961853027,60.46500015258789,1
2022-08-19,0.691119909286499,6.784599781036377,1.3063100576400757,0.9651899933815002,0.8454800248146057,406.1159973144531,137.01199340820312,10.60120964050293,1.0089900493621826,162.00999450683594,1.193274736404419,7.843500137329102,14845.7001953125,79.7667007446289,135.7949981689453,1326.9100341796875,20.130159378051758,4.4720001220703125,0.6245003938674927,56.00699996948242,1.3854999542236328,35.630001068115234,29.97369956970215,1.2947100400924683,16.8528995513916,5.166999816894531,59.96500015258789,1
2022-08-22,0.6877105832099915,6.815700054168701,1.3045099973678589,0.9617999792098999,0.8490800261497498,403.86199951171875,137.51499938964844,10.631819725036621,1.0035223960876465,161.9409942626953,1.1818095445632935,7.846199989318848,14831.0,79.91790008544922,137.04100036621094,1334.8599853515625,20.189050674438477,4.473999977111816,0.6176198124885559,56.00699996948242,1.3920999765396118,35.78499984741211,30.101999282836914,1.300029993057251,17.007410049438477,5.168399810791016,59.46500015258789,1
2022-08-23,0.6878700256347656,6.847899913787842,1.2968499660491943,0.9585300087928772,0.8446699976921082,408.8819885253906,136.6999969482422,10.64126968383789,0.9939467906951904,161.8470001220703,1.1766505241394043,7.846199989318848,14933.5,79.88379669189453,137.54600524902344,1343.3599853515625,20.12689971923828,4.482500076293945,0.6176690459251404,56.29999923706055,1.3969999551773071,36.119998931884766,30.13170051574707,1.3048100471496582,16.989110946655273,5.156099796295166,60.09000015258789,1
2022-08-24,0.6923002004623413,6.833600044250488,1.291509985923767,0.9611899852752686,0.8424100279808044,413.49200439453125,136.27699279785156,10.593939781188965,0.9966909885406494,161.74400329589844,1.18327796459198,7.846399784088135,14850.0,79.85449981689453,136.73300170898438,1339.0799560546875,19.983680725097656,4.490300178527832,0.620728611946106,56.08700180053711,1.3926500082015991,36.04499816894531,30.170000076293945,1.295799970626831,16.959840774536133,5.103499889373779,60.21500015258789,1
2022-08-25,0.6907985806465149,6.858500003814697,1.2928400039672852,0.963100016117096,0.8452000021934509,409.1199951171875,136.63999938964844,10.567290306091309,0.9969095587730408,161.62899780273438,1.1791757345199585,7.845799922943115,14845.0,79.79679870605469,137.08099365234375,1340.0,19.902599334716797,4.486499786376953,0.6181692481040955,56.154998779296875,1.3935999870300293,36.05699920654297,30.204999923706055,1.297029972076416,16.910200119018555,5.110099792480469,59.790000915527344,1
2022-08-26,0.6963981986045837,6.848299980163574,1.289989948272705,0.9608399868011475,0.8432899713516235,410.9880065917969,136.16600036621094,10.549909591674805,0.9971283078193665,161.4499969482422,1.1824007034301758,7.84630012512207,14773.0,79.88289642333984,136.56300354003906,1334.43994140625,19.919099807739258,4.46999979019165,0.6216701865196228,56.11000061035156,1.38919997215271,35.810001373291016,30.187999725341797,1.2937599420547485,16.70857048034668,5.108699798583984,60.34000015258789,1
2022-08-29,0.6866905689239502,6.870800018310547,1.2980300188064575,0.9625099897384644,0.8497999906539917,409.7820129394531,137.30099487304688,10.579480171203613,0.993867814540863,161.5399932861328,1.1694538593292236,7.847700119018555,14811.0,79.95909881591797,137.52000427246094,1341.1800537109375,20.067800521850586,4.465000152587891,0.6112992763519287,56.11000061035156,1.3972599506378174,36.290000915527344,30.2810001373291,1.306130051612854,16.9112491607666,5.0625,60.26499938964844,1
2022-08-30,0.6907508373260498,6.9070000648498535,1.301550030708313,0.968209981918335,0.8539999723434448,407.39599609375,138.7310028076172,10.662400245666504,1.0014019012451172,162.4510040283203,1.172250509262085,7.8471999168396,14895.0,79.96790313720703,138.5959930419922,1345.72998046875,19.984800338745117,4.479499816894531,0.6160708069801331,56.31999969482422,1.3952399492263794,36.31999969482422,30.368000030517578,1.300130009651184,16.809640884399414,5.027200222015381,61.71500015258789,1
2022-08-31,0.6857398152351379,6.910799980163574,1.3121299743652344,0.9762899875640869,0.8597400188446045,402.1260070800781,139.07000732421875,10.693510055541992,1.0025062561035156,161.72799682617188,1.1659767627716064,7.848899841308594,14850.0,79.68229675292969,138.73399353027344,1350.18994140625,20.127300262451172,4.473999977111816,0.6132185459136963,56.29999923706055,1.3976000547409058,36.43899917602539,30.43670082092285,1.3089499473571777,16.957799911499023,5.1219000816345215,59.96500015258789,1
2022-09-01,0.6828502416610718,6.888899803161621,1.319219946861267,0.9829000234603882,0.8654900193214417,400.0669860839844,139.83200073242188,10.718299865722656,1.003905177116394,161.52999877929688,1.1598505973815918,7.848060131072998,14855.0,79.54879760742188,139.29600524902344,1342.260009765625,20.186660766601562,4.473499774932861,0.6111199259757996,56.233001708984375,1.3986300230026245,36.62200164794922,30.332700729370117,1.3141200542449951,17.105209350585938,5.181700229644775,60.09000015258789,1
2022-09-02,0.6795302033424377,6.9054999351501465,1.30840003490448,0.9765599966049194,0.8616300225257874,401.6029968261719,139.4040069580078,10.735679626464844,0.995232880115509,161.75799560546875,1.154894471168518,7.8480000495910645,14902.099609375,79.716796875,140.08099365234375,1355.0999755859375,20.166900634765625,4.478499889373779,0.6084908843040466,56.845001220703125,1.4015400409698486,36.768001556396484,30.548200607299805,1.3144999742507935,17.25189971923828,5.2403998374938965,60.17499923706055,1
2022-09-05,0.6790295243263245,6.89900016784668,1.3023200035095215,0.9743199944496155,0.86353999376297,400.1610107421875,139.20399475097656,10.73173999786377,0.9909427762031555,161.18800354003906,1.1474601030349731,7.84867000579834,14890.0,79.72450256347656,140.48699951171875,1361.510009765625,19.970500946044922,4.481500148773193,0.6086316108703613,56.797000885009766,1.4033000469207764,36.72999954223633,30.613000869750977,1.31427001953125,17.300899505615234,5.171000003814697,60.17499923706055,1
2022-09-06,0.6813998818397522,6.93310022354126,1.3063700199127197,0.9736999869346619,0.8603000044822693,403.8760070800781,139.72799682617188,10.724360466003418,0.9952229857444763,162.39999389648438,1.156644344329834,7.848800182342529,14882.2998046875,79.78299713134766,140.42999267578125,1361.81005859375,19.965599060058594,4.489799976348877,0.6105490922927856,56.959999084472656,1.4021300077438354,36.540000915527344,30.68600082397461,1.3128999471664429,17.162200927734375,5.153900146484375,60.974998474121094,1
2022-09-07,0.6730109453201294,6.953100204467773,1.3019399642944336,0.9740999937057495,0.859749972820282,403.46099853515625,141.6790008544922,10.690469741821289,0.9897951483726501,164.77699279785156,1.151185154914856,7.8495001792907715,14904.0,79.89510345458984,143.1510009765625,1378.1099853515625,20.131500244140625,4.498000144958496,0.6033000349998474,57.119998931884766,1.40693998336792,36.6879997253418,30.7987003326416,1.3153799772262573,17.276620864868164,5.247200012207031,61.2400016784668,1
2022-09-08,0.6751401424407959,6.9653000831604,1.3124899864196777,0.9764699935913086,0.8675900101661682,395.60400390625,144.05599975585938,10.697150230407715,0.9995701909065247,166.01300048828125,1.1519808769226074,7.849279880523682,14865.2998046875,79.6498031616211,144.1280059814453,1374.31005859375,19.981800079345703,4.499000072479248,0.6062516570091248,57.119998931884766,1.4050899744033813,36.52000045776367,30.84779930114746,1.3129899501800537,17.238019943237305,5.246699810028076,64.26490020751953,1
2022-09-09,0.6765899658203125,6.956500053405762,1.309340000152588,0.9693999886512756,0.8689000010490417,396.85699462890625,143.99000549316406,10.704890251159668,1.0012015104293823,165.69000244140625,1.1521600484848022,7.848999977111816,14892.2998046875,79.706298828125,143.8560028076172,1383.0,19.933500289916992,4.49399995803833,0.6070399284362793,57.185001373291016,1.4038499593734741,36.40999984741211,30.858699798583984,1.3080799579620361,17.49169921875,5.2133002281188965,61.46500015258789,1
2022-09-12,0.6846998333930969,6.92549991607666,1.3115899562835693,0.9666699767112732,0.8667100071907043,395.65399169921875,143.60499572753906,10.654040336608887,1.0071406364440918,165.6699981689453,1.1619395017623901,7.848800182342529,14823.0,79.65579986572266,142.5959930419922,1379.06005859375,19.859100341796875,4.495500087738037,0.611291766166687,56.810001373291016,1.3980000019073486,36.369998931884766,30.850000381469727,1.302299976348877,17.243000030517578,5.146299839019775,62.185001373291016,1
2022-09-13,0.689398467540741,6.925000190734863,1.3148000240325928,0.9651700258255005,0.8662599921226501,397.6050109863281,144.4239959716797,10.60949993133545,1.0129557847976685,166.66000366210938,1.1689754724502563,7.848659992218018,14858.7001953125,79.35530090332031,142.5850067138672,1375.81005859375,19.830020904541016,4.500999927520752,0.6146697402000427,56.8849983215332,1.395300030708313,36.268001556396484,30.882999420166016,1.2979899644851685,17.079580307006836,5.0920000076293945,59.625,1
2022-09-14,0.6743001937866211,6.924099922180176,1.3136800527572632,0.9585999846458435,0.8670899868011475,399.0409851074219,144.10499572753906,10.660699844360352,0.9982032775878906,166.13699340820312,1.1506155729293823,7.8495001792907715,14954.900390625,79.60240173339844,144.4040069580078,1393.469970703125,20.03190040588379,4.502500057220459,0.6005104780197144,57.11000061035156,1.4055999517440796,36.599998474121094,31.11870002746582,1.3162599802017212,17.39189910888672,5.189799785614014,58.5,1
2022-09-15,0.6751797795295715,6.960999965667725,1.3137999773025513,0.9603700041770935,0.8645899891853333,405.3550109863281,142.6699981689453,10.672209739685059,0.9984025359153748,164.96600341796875,1.1544944047927856,7.84876012802124,14915.0,79.45369720458984,142.92300415039062,1391.1800537109375,19.95159912109375,4.524499893188477,0.6016883254051208,56.91999816894531,1.405400037765503,36.630001068115234,31.069000244140625,1.3160500526428223,17.47330093383789,5.162700176239014,59.689998626708984,1
2022-09-16,0.6687299013137817,6.993000030517578,1.3229000568389893,0.9607999920845032,0.8721299767494202,408.98699951171875,143.19000244140625,10.729129791259766,0.9988313317298889,164.16900634765625,1.1452654600143433,7.848999977111816,14933.599609375,79.8490982055664,143.36500549316406,1398.6300048828125,20.08099937438965,4.53249979019165,0.595770001411438,57.380001068115234,1.4091999530792236,36.939998626708984,31.222000122070312,1.3246999979019165,17.56399917602539,5.246099948883057,59.59000015258789,1
2022-09-19,0.6726998686790466,6.979000091552734,1.3286999464035034,0.9652799963951111,0.8765599727630615,403.77398681640625,143.0760040283203,10.749799728393555,1.002234935760498,163.20700073242188,1.1433144807815552,7.849160194396973,14946.0,79.68949890136719,142.76499938964844,1385.22998046875,20.03022003173828,4.53249979019165,0.5995599627494812,57.33700180053711,1.4055999517440796,36.79999923706055,31.26099967956543,1.325819969177246,17.609529495239258,5.250699996948242,59.5,1
2022-09-20,0.6733698844909668,7.0055999755859375,1.3282099962234497,0.9668400287628174,0.8763499855995178,398.3070068359375,143.63699340820312,10.79446029663086,1.0029587745666504,163.8769989013672,1.1443217992782593,7.848899841308594,14985.7998046875,79.7074966430664,143.22300720214844,1390.1099853515625,19.903099060058594,4.547500133514404,0.5966800451278687,57.31399917602539,1.407420039176941,36.900001525878906,31.32200050354004,1.3243399858474731,17.625999450683594,5.170899868011475,60.040000915527344,1
2022-09-21,0.6694202423095703,7.017199993133545,1.332200050354004,0.9610000252723694,0.876010000705719,401.06500244140625,143.17747497558594,10.859869956970215,0.997078537940979,163.41200256347656,1.138057827949524,7.849279880523682,15008.599609375,79.76270294189453,143.6020050048828,1392.510009765625,19.976299285888672,4.556000232696533,0.5901898741722107,57.66999816894531,1.4101699590682983,36.97999954223633,31.339000701904297,1.336300015449524,17.688100814819336,5.141499996185303,60.400001525878906,1
2022-09-22,0.661010205745697,7.047900199890137,1.3250000476837158,0.9514999985694885,0.8732799887657166,406.88800048828125,141.8730010986328,10.904800415039062,0.983071506023407,162.4080047607422,1.1255937814712524,7.849679946899414,15019.0,80.05069732666016,144.3159942626953,1397.56005859375,20.044099807739258,4.550000190734863,0.5829408168792725,58.130001068115234,1.4184000492095947,37.209999084472656,31.450000762939453,1.3478699922561646,17.714799880981445,5.170400142669678,61.564998626708984,1
2022-09-23,0.66454017162323,7.076600074768066,1.3253799676895142,0.9599999785423279,0.8733999729156494,405.03900146484375,139.99899291992188,10.886919975280762,0.9841550588607788,160.26600646972656,1.126417875289917,7.848899841308594,15026.599609375,81.06220245361328,142.27999877929688,1403.6600341796875,19.919200897216797,4.565000057220459,0.5848295092582703,58.47800064086914,1.4179400205612183,37.369998931884766,31.538299560546875,1.3471100330352783,17.559490203857422,5.115499973297119,61.46500015258789,1
2022-09-26,0.653069794178009,7.127399921417236,1.3154000043869019,0.9516000151634216,0.8970999717712402,405.27899169921875,139.00100708007812,10.941920280456543,0.968992292881012,154.91700744628906,1.0797386169433594,7.849579811096191,15031.0,81.25479888916016,143.51100158691406,1421.81005859375,20.211259841918945,4.576000213623047,0.5741912722587585,58.7400016784668,1.4300800561904907,37.58000183105469,31.791000366210938,1.3580800294876099,17.937000274658203,5.258800029754639,57.21500015258789,1
2022-09-27,0.6476000547409058,7.1479997634887695,1.319309949874878,0.9546399712562561,0.8932099938392639,407.7829895019531,139.0030059814453,10.893630027770996,0.9623712301254272,155.58099365234375,1.077284336090088,7.849279880523682,15204.0,81.61579895019531,144.45899963378906,1429.77001953125,20.37074089050293,4.577000141143799,0.5665497779846191,59.19499969482422,1.4362599849700928,37.94900131225586,31.822999954223633,1.3710600137710571,18.06209945678711,5.389400005340576,58.46500015258789,1
2022-09-28,0.6438001394271851,7.176799774169922,1.316849946975708,0.9514700174331665,0.8944799900054932,407.25201416015625,138.83299255371094,10.901740074157715,0.9596191644668579,155.18299865722656,1.072754144668579,7.849599838256836,15167.2001953125,81.72460174560547,144.6909942626953,1426.260009765625,20.368629455566406,4.608500003814697,0.5631391406059265,59.099998474121094,1.4386800527572632,37.970001220703125,31.674999237060547,1.372249960899353,17.98270034790039,5.3780999183654785,58.8650016784668,1
2022-09-29,0.6504995822906494,7.198999881744385,1.3229399919509888,0.9489799737930298,0.8958500027656555,412.7669982910156,140.1739959716797,10.897150039672852,0.9708172082901001,156.43499755859375,1.0835996866226196,7.848800182342529,15175.2998046875,81.42870330810547,144.3979949951172,1421.949951171875,20.18494987487793,4.627999782562256,0.5718501210212708,58.709999084472656,1.4364399909973145,37.90999984741211,31.67099952697754,1.3627899885177612,17.85460090637207,5.374199867248535,58.41510009765625,1
2022-09-30,0.6512998938560486,7.123899936676025,1.3440699577331543,0.9582599997520447,0.880020022392273,421.0119934082031,141.96200561523438,10.946610450744629,0.9829555749893188,161.28700256347656,1.1169440746307373,7.849599838256836,15175.2001953125,81.48059844970703,144.43099975585938,1430.1700439453125,20.12455940246582,4.630499839782715,0.5742308497428894,58.599998474121094,1.431249976158142,37.86199951171875,31.63050079345703,1.3674499988555908,17.96558952331543,5.396200180053711,57.46500015258789,1
2022-10-03,0.6420958042144775,7.114999771118164,1.3500699996948242,0.9651299715042114,0.8789499998092651,421.05499267578125,141.80499267578125,10.869460105895996,0.9792688488960266,161.2899932861328,1.114057183265686,7.8496599197387695,15221.0,81.52130126953125,144.8159942626953,1439.22998046875,20.117389678955078,4.634500026702881,0.5618608593940735,58.75,1.4355000257492065,37.823001861572266,31.80299949645996,1.378730058670044,18.052499771118164,5.414299964904785,60.21500015258789,1
2022-10-04,0.6501798629760742,7.1149001121521,1.339859962463379,0.9757800102233887,0.8673999905586243,418.3009948730469,142.08299255371094,10.813830375671387,0.9832068681716919,163.7779998779297,1.1334141492843628,7.85099983215332,15290.0,81.49500274658203,144.5189971923828,1433.3399658203125,20.00670051574707,4.645500183105469,0.5719612836837769,59.025001525878906,1.4306000471115112,37.79600143432617,31.783700942993164,1.3628100156784058,17.63129997253418,5.16349983215332,57.9900016784668,1
2022-10-05,0.6514102220535278,7.114999771118164,1.3483699560165405,0.9771400094032288,0.8718299865722656,419.1960144042969,143.5540008544922,10.826899528503418,0.998432457447052,164.625,1.1451343297958374,7.849629878997803,15180.0,81.46549987792969,143.78700256347656,1416.530029296875,19.965190887451172,4.637499809265137,0.5737300515174866,58.66999816894531,1.4228299856185913,37.40599822998047,31.628000259399414,1.350540041923523,17.627899169921875,5.17579984664917,58.9900016784668,1
2022-10-06,0.651269793510437,7.114999771118164,1.3476799726486206,0.9726399779319763,0.8725200295448303,421.4259948730469,143.1479949951172,10.824990272521973,0.9910998940467834,164.0019989013672,1.13553786277771,7.849440097808838,15206.7001953125,81.6488037109375,144.44900512695312,1416.760009765625,20.03380012512207,4.629000186920166,0.5776006579399109,58.79999923706055,1.4223999977111816,37.439998626708984,31.523500442504883,1.359779953956604,17.789569854736328,5.195199966430664,61.28990173339844,1
2022-10-07,0.6414409279823303,7.114999771118164,1.3450900316238403,0.9690899848937988,0.8769199848175049,423.30999755859375,141.9709930419922,10.90995979309082,0.9789045453071594,161.86599731445312,1.1162084341049194,7.849899768829346,15215.7998046875,82.3489990234375,145.03900146484375,1408.449951171875,20.100099563598633,4.635000228881836,0.566068708896637,59.0099983215332,1.4290000200271606,37.327999114990234,31.538999557495117,1.3740999698638916,17.961200714111328,5.220099925994873,60.4900016784668,1
2022-10-10,0.6369832158088684,7.114999771118164,1.3367199897766113,0.9678999781608582,0.9789999723434448,423.32501220703125,141.61700439453125,10.92803955078125,0.9735012650489807,161.0800018310547,1.1072726249694824,7.849629878997803,15246.0,82.8322982788086,145.48199462890625,1415.97998046875,20.029800415039062,4.647500038146973,0.56067955493927,59.040000915527344,1.4342999458312988,37.59000015258789,31.711000442504883,1.3732099533081055,18.094999313354492,5.198400020599365,64.33499908447266,1
2022-10-11,0.6294810771942139,7.153600215911865,1.3374899625778198,0.9705100059509277,0.876579999923706,426.1159973144531,141.44200134277344,10.965849876403809,0.9710057377815247,161.3260040283203,1.1076405048370361,7.849689960479736,15343.0,82.42070007324219,145.6739959716797,1428.3499755859375,19.94029998779297,4.6479997634887695,0.5572396516799927,59.150001525878906,1.4371099472045898,37.9900016784668,31.792800903320312,1.377500057220459,18.081899642944336,5.186800003051758,61.96500015258789,1
2022-10-12,0.6266409754753113,7.164400100708008,1.337730050086975,0.9677000045776367,0.8843600153923035,429.1059875488281,141.49099731445312,11.007060050964355,0.9700167775154114,159.9600067138672,1.0967799425125122,7.849800109863281,15338.5,82.2739028930664,145.8699951171875,1430.800048828125,20.06555938720703,4.671000003814697,0.5584813952445984,59.077999114990234,1.43858003616333,38.09000015258789,31.825300216674805,1.3791500329971313,18.139999389648438,5.292099952697754,64.125,1
2022-10-13,0.6277306079864502,7.174099922180176,1.3410999774932861,0.9682300090789795,0.8741000294685364,431.81500244140625,142.4429931640625,10.996740341186523,0.9707984328269958,162.9149932861328,1.11055588722229,7.849480152130127,15318.599609375,82.19999694824219,146.73699951171875,1423.9000244140625,19.97319984436035,4.679999828338623,0.561138927936554,58.81999969482422,1.4347100257873535,37.88999938964844,31.774200439453125,1.3815699815750122,18.275400161743164,5.291500091552734,63.689998626708984,1
2022-10-14,0.630099892616272,7.16949987411499,1.3443299531936646,0.9783700108528137,0.8642699718475342,428.3699951171875,143.88999938964844,10.987879753112793,0.975134015083313,166.45799255371094,1.1303905248641968,7.849579811096191,15364.0,82.19210052490234,147.29299926757812,1430.300048828125,19.97570037841797,4.690000057220459,0.5639108419418335,59.099998474121094,1.4310400485992432,38.02000045776367,31.848600387573242,1.3760099411010742,18.226499557495117,5.259799957275391,63.964900970458984,1
2022-10-17,0.6223937273025513,7.190000057220459,1.3493000268936157,0.9771999716758728,0.8662999868392944,416.8160095214844,144.7480010986328,10.979120254516602,0.973937451839447,167.09800720214844,1.124416708946228,7.849400043487549,15420.0,82.41280364990234,148.6320037841797,1440.760009765625,20.015899658203125,4.69950008392334,0.5576000809669495,58.9900016784668,1.4253900051116943,38.279998779296875,31.961999893188477,1.3854999542236328,18.234600067138672,5.327400207519531,62.6150016784668,1
2022-10-18,0.6298815608024597,7.195499897003174,1.3497999906539917,0.9797999858856201,0.8669999837875366,411.4700012207031,146.63600158691406,10.955300331115723,0.9846396446228027,169.11199951171875,1.1353960037231445,7.8491997718811035,15441.400390625,82.1947021484375,148.9709930419922,1430.1500244140625,19.971799850463867,4.7144999504089355,0.5656684637069702,58.957000732421875,1.4208999872207642,38.08000183105469,31.988000869750977,1.3712899684906006,18.056100845336914,5.2773590087890625,62.01499938964844,1
2022-10-19,0.6316401362419128,7.2006001472473145,1.3538299798965454,0.9800099730491638,0.86940997838974,413.1919860839844,147.1699981689453,10.924850463867188,0.9863878488540649,169.24099731445312,1.134429931640625,7.849490165710449,15466.2001953125,82.2863998413086,149.20899963378906,1425.02001953125,20.01889991760254,4.715000152587891,0.5694792866706848,58.91999816894531,1.4198700189590454,38.06999969482422,32.016998291015625,1.3726199865341187,18.06209945678711,5.239799976348877,62.26499938964844,1
2022-10-20,0.6263701915740967,7.22730016708374,1.3450299501419067,0.9812099933624268,0.8710899949073792,413.5820007324219,146.31199645996094,10.963109970092773,0.9766482710838318,167.93899536132812,1.1211013793945312,7.8491997718811035,15620.0,82.99700164794922,149.8209991455078,1435.010009765625,20.127410888671875,4.7179999351501465,0.566270649433136,59.21500015258789,1.4257899522781372,38.29999923706055,32.152000427246094,1.3772799968719482,18.1968994140625,5.269199848175049,60.96500015258789,1
2022-10-21,0.6274706721305847,7.215799808502197,1.3471299409866333,0.9818000197410583,0.8711400032043457,408.6400146484375,146.8419952392578,11.018540382385254,0.9778899550437927,168.49400329589844,1.1221455335617065,7.848569869995117,15562.0,82.82569885253906,150.17599487304688,1430.31005859375,20.042760848999023,4.7270002365112305,0.5669191479682922,59.02000045776367,1.4248499870300293,38.20000076293945,32.09400177001953,1.3777300119400024,18.297100067138672,5.216599941253662,61.6150016784668,1
2022-10-24,0.6371902227401733,7.242800235748291,1.3453500270843506,0.9838299751281738,0.8690299987792969,406.5090026855469,145.72799682617188,11.031089782714844,0.9860085844993591,167.6699981689453,1.1344685554504395,7.849400043487549,15626.0,82.54129791259766,147.81900024414062,1428.1099853515625,19.9325008392334,4.735499858856201,0.5763987898826599,58.8650016784668,1.416700005531311,38.04999923706055,32.18000030517578,1.3646199703216553,18.034700393676758,5.163400173187256,61.6150016784668,1
2022-10-25,0.6329598426818848,7.261899948120117,1.3538800477981567,0.9880399703979492,0.8740900158882141,414.0169982910156,147.1790008544922,11.008330345153809,0.9886503219604492,168.33999633789062,1.1307740211486816,7.849629878997803,15586.5,82.7614974975586,148.88699340820312,1443.9599609375,19.908100128173828,4.735499858856201,0.5704994797706604,58.96500015258789,1.4210799932479858,38.209999084472656,32.31129837036133,1.3695199489593506,18.395299911499023,5.30620002746582,61.21500015258789,1
2022-10-26,0.6385700106620789,7.303800106048584,1.3566299676895142,0.9909999966621399,0.8691999912261963,413.9880065917969,147.43099975585938,10.926650047302246,0.9963731169700623,169.5989990234375,1.146223783493042,7.849299907684326,15549.0,82.44529724121094,147.97999572753906,1426.9300537109375,19.866600036621094,4.732500076293945,0.5743198990821838,58.689998626708984,1.416759967803955,37.95000076293945,32.22700119018555,1.3616700172424316,18.184600830078125,5.315199851989746,62.21500015258789,1
2022-10-27,0.6493498086929321,7.171899795532227,1.367650032043457,0.9939799904823303,0.8670799732208252,408.864013671875,147.46400451660156,10.93904972076416,1.009193778038025,170.052001953125,1.1638191938400269,7.849299907684326,15502.7001953125,82.04959869384766,146.13400268554688,1412.68994140625,19.943029403686523,4.710999965667725,0.5839995741844177,58.18000030517578,1.4034099578857422,37.70000076293945,31.962900161743164,1.3552000522613525,17.909299850463867,5.383900165557861,61.2400016784668,1
2022-10-28,0.6450905799865723,7.22790002822876,1.3520300388336182,0.9871500134468079,0.86176997423172,408.80499267578125,145.79299926757812,10.9197998046875,0.9967803955078125,169.1320037841797,1.1566041707992554,7.849299907684326,15554.2001953125,82.44249725341797,146.2740020751953,1420.6500244140625,19.840309143066406,4.7129998207092285,0.5828015208244324,58.29499816894531,1.4096499681472778,37.790000915527344,32.042999267578125,1.3564499616622925,17.935699462890625,5.339200019836426,61.290000915527344,1
2022-10-31,0.6401310563087463,7.251399993896484,1.3545900583267212,0.9918199777603149,0.858430027961731,410.843994140625,147.13800048828125,10.915730476379395,0.9955002665519714,171.37600708007812,1.159595012664795,7.848740100860596,15549.2001953125,82.23919677734375,147.81199645996094,1421.6500244140625,19.820199966430664,4.71999979019165,0.5801911354064941,57.96500015258789,1.411829948425293,37.86800003051758,32.11399841308594,1.3608100414276123,18.114999771118164,5.28849983215332,61.4900016784668,1
2022-11-01,0.6409898996353149,7.301799774169922,1.3455499410629272,0.9900500178337097,0.8621000051498413,409.0360107421875,147.02999877929688,10.887849807739258,0.9886307716369629,170.55099487304688,1.146815299987793,7.849480152130127,15649.0,82.72899627685547,148.73699951171875,1424.6700439453125,19.79319953918457,4.71999979019165,0.5825197100639343,58.06999969482422,1.415079951286316,38.060001373291016,32.24769973754883,1.3610700368881226,18.30270004272461,5.178800106048584,62.01499938964844,1
2022-11-02,0.6396700143814087,7.276599884033203,1.3451800346374512,0.9876000285148621,0.8596699833869934,406.4580078125,146.12399291992188,10.880929946899414,0.9877909421920776,169.92599487304688,1.1489498615264893,7.849629878997803,15690.0,82.68450164794922,147.9149932861328,1416.5999755859375,19.724899291992188,4.734000205993652,0.5847885012626648,58.209999084472656,1.4146000146865845,37.707000732421875,32.124000549316406,1.361799955368042,18.208799362182617,5.142399787902832,61.714900970458984,1
2022-11-03,0.6338501572608948,7.288700103759766,1.3459399938583374,0.9845499992370605,0.8617600202560425,407.36199951171875,145.12600708007812,10.912249565124512,0.9814409017562866,168.33900451660156,1.1384334564208984,7.8496599197387695,15696.0,82.88839721679688,147.89199829101562,1423.0999755859375,19.67840003967285,4.736000061035156,0.5813412666320801,58.6150016784668,1.4178999662399292,37.83300018310547,32.247501373291016,1.3715200424194336,18.230899810791016,5.142600059509277,61.665000915527344,1
2022-11-04,0.6288517117500305,7.30079984664917,1.3397300243377686,0.9880099892616272,0.8726800084114075,405.7539978027344,144.66200256347656,10.903909683227539,0.9749630093574524,165.7429962158203,1.1171187162399292,7.849760055541992,15780.0,82.68180084228516,148.39300537109375,1423.6500244140625,19.670270919799805,4.742000102996826,0.5769208669662476,58.94499969482422,1.421820044517517,38.012001037597656,32.150001525878906,1.3742400407791138,18.374849319458008,5.1149001121521,62.314998626708984,1
2022-11-07,0.6439315676689148,7.175099849700928,1.3415299654006958,0.989300012588501,0.8761399984359741,402.45001220703125,145.78500366210938,10.853440284729004,0.9928810596466064,166.375,1.1331573724746704,7.849510192871094,15609.5,81.9749984741211,146.84100341796875,1402.1099853515625,19.5633602142334,4.745500087738037,0.5894210338592529,58.22999954223633,1.4082200527191162,37.43299865722656,31.999000549316406,1.3512500524520874,17.97035026550293,5.078132152557373,61.96500015258789,1
2022-11-08,0.6474796533584595,7.228799819946289,1.3517800569534302,0.9908000230789185,0.8697900176048279,400.510986328125,146.88600158691406,10.857789993286133,1.0018634796142578,168.83799743652344,1.1517950296401978,7.849999904632568,15675.0,81.82599639892578,146.62399291992188,1392.699951171875,19.443099975585938,4.745500087738037,0.5940182209014893,57.98500061035156,1.401360034942627,37.29999923706055,31.850000381469727,1.3493499755859375,17.710500717163086,5.153326988220215,63.165000915527344,1
2022-11-09,0.65091872215271,7.248199939727783,1.3522100448608398,0.9924100041389465,0.8725299835205078,401.8280029296875,146.45599365234375,10.833259582519531,1.008084774017334,167.80599975585938,1.1552680730819702,7.849100112915039,15645.0,81.40519714355469,145.2949981689453,1374.1500244140625,19.537620544433594,4.734000205993652,0.5963206887245178,58.154998779296875,1.3979500532150269,36.90999984741211,31.7898006439209,1.341539978981018,17.700700759887695,5.14300012588501,60.939998626708984,1
2022-11-10,0.6434178352355957,7.240799903869629,1.3552000522613525,0.9854599833488464,0.8812999725341797,402.3800048828125,146.468994140625,10.89840030670166,1.0019538402557373,166.14999389648438,1.1368157863616943,7.849370002746582,15671.5,81.34380340576172,146.20899963378906,1370.550048828125,19.56209945678711,4.689499855041504,0.5886300206184387,58.119998931884766,1.4013999700546265,36.86000061035156,31.91200065612793,1.3526500463485718,17.75029945373535,5.185200214385986,61.6150016784668,1
2022-11-11,0.6606900691986084,7.1859002113342285,1.358680009841919,0.9834499955177307,0.8713099956512451,401.2349853515625,144.44200134277344,10.797450065612793,1.0192224979400635,165.70599365234375,1.1695632934570312,7.845399856567383,15500.0,80.48290252685547,141.73399353027344,1349.3699951171875,19.315509796142578,4.697999954223633,0.6017788648605347,57.16999816894531,1.3834600448608398,36.15999984741211,31.402000427246094,1.333150029182434,17.340900421142578,5.341579914093018,60.71500015258789,1
2022-11-14,0.6698821187019348,7.107100009918213,1.3699699640274048,0.9749699831008911,0.8752999901771545,404.00799560546875,144.1280059814453,10.735819816589355,1.0328551530838013,164.63999938964844,1.1799131631851196,7.835639953613281,15473.900390625,80.49700164794922,139.55299377441406,1313.030029296875,19.514429092407227,4.625,0.610530436038971,57.11000061035156,1.3744499683380127,36.018001556396484,31.096599578857422,1.3253999948501587,17.24489974975586,5.279058933258057,60.51499938964844,1
2022-11-15,0.669189989566803,7.07289981842041,1.374899983406067,0.9734200239181519,0.8780199885368347,409.0400085449219,144.58099365234375,10.82664966583252,1.0319278240203857,164.6269989013672,1.175249695777893,7.835999965667725,15530.099609375,80.99199676513672,140.11500549316406,1324.0799560546875,19.33919906616211,4.59250020980835,0.6089985370635986,57.025001525878906,1.372849941253662,35.683998107910156,30.888999938964844,1.3324700593948364,17.287099838256836,5.331200122833252,59.53499984741211,1
2022-11-16,0.6769499778747559,7.043000221252441,1.3748400211334229,0.9765899777412415,0.8718000054359436,412.03900146484375,143.9290008544922,10.830639839172363,1.0357863903045654,165.0679931640625,1.1880435943603516,7.819900035858154,15557.0,81.07140350341797,138.96499633789062,1316.260009765625,19.34119987487793,4.5625,0.6165608167648315,57.25,1.3702000379562378,35.542999267578125,31.07900047302246,1.3273500204086304,17.29050064086914,5.331699848175049,61.3651008605957,1
2022-11-17,0.6739497780799866,7.087200164794922,1.3859699964523315,0.9815499782562256,0.8722100257873535,409.04998779296875,144.8000030517578,10.890230178833008,1.0395010709762573,165.97799682617188,1.191525936126709,7.82420015335083,15655.0,81.49530029296875,139.32200622558594,1336.4300537109375,19.33333969116211,4.542500019073486,0.6150288581848145,57.41299819946289,1.3699699640274048,35.801998138427734,31.03499984741211,1.333549976348877,17.234699249267578,5.39900016784668,60.7400016784668,1
2022-11-18,0.6689200401306152,7.156199932098389,1.3802399635314941,0.9873999953269958,0.8733299970626831,411.0,145.4810028076172,10.985980033874512,1.036172866821289,166.50799560546875,1.1860145330429077,7.826469898223877,15720.0,81.52490234375,140.41200256347656,1342.75,19.399900436401367,4.551300048828125,0.6128915548324585,57.452999114990234,1.3750699758529663,35.84000015258789,31.024999618530273,1.3321399688720703,17.311899185180664,5.422100067138672,60.3650016784668,1
2022-11-21,0.6682080030441284,7.118899822235107,1.381890058517456,0.9848200082778931,0.8690800070762634,406.9070129394531,144.8887176513672,10.97527027130127,1.0330898761749268,166.67799377441406,1.1886366605758667,7.8191399574279785,15629.400390625,81.5198974609375,140.2530059814453,1339.030029296875,19.443199157714844,4.551300048828125,0.6167814135551453,57.196998596191406,1.3750100135803223,35.755001068115234,31.111299514770508,1.337689995765686,17.19515037536621,5.38129997253418,60.814998626708984,1
2022-11-22,0.6607800126075745,7.1641998291015625,1.3775500059127808,0.9815999865531921,0.8661699891090393,408.6059875488281,145.5749969482422,10.966239929199219,1.0245691537857056,168.0290069580078,1.1827600002288818,7.804299831390381,15755.0,81.72769927978516,142.09800720214844,1359.75,19.531600952148438,4.576499938964844,0.6098490357398987,57.439998626708984,1.3812999725341797,36.290000915527344,31.131000518798828,1.3446300029754639,17.324100494384766,5.318600177764893,60.625,1
2022-11-23,0.66498202085495,7.1392998695373535,1.3777300119400024,0.9804999828338623,0.8668100237846375,406.02899169921875,145.54400634765625,10.956110000610352,1.0311086177825928,167.87600708007812,1.1894567012786865,7.817399978637695,15671.0,81.71499633789062,141.15499877929688,1352.68994140625,19.441909790039062,4.567500114440918,0.6156498193740845,57.28499984741211,1.377940058708191,36.09000015258789,31.107200622558594,1.3362499475479126,17.24650001525879,5.357699871063232,60.630001068115234,1
2022-11-24,0.6743502020835876,7.165800094604492,1.3897900581359863,0.9800400137901306,0.8626199960708618,410.18798828125,145.0659942626953,10.866189956665039,1.0416233539581299,168.11099243164062,1.2073503732681274,7.8180999755859375,15619.599609375,81.63289642333984,139.2779998779297,1336.81005859375,19.334999084472656,4.572000026702881,0.6252813935279846,56.775001525878906,1.3763200044631958,35.97999954223633,31.079700469970703,1.3343600034713745,16.968799591064453,5.35830020904541,60.76499938964844,1
2022-11-25,0.6765598058700562,7.150300025939941,1.388100028038025,0.9819200038909912,0.8591700196266174,412.8299865722656,144.24899291992188,10.819849967956543,1.040810227394104,167.86599731445312,1.2113430500030518,7.8084001541137695,15605.0,81.65540313720703,138.60299682617188,1317.8900146484375,19.38129997253418,4.492499828338623,0.6259702444076538,56.63999938964844,1.3754600286483765,35.779998779296875,30.913000106811523,1.3336600065231323,17.00058937072754,5.320000171661377,60.33000183105469,1
2022-11-28,0.6711905002593994,7.170499801635742,1.3904999494552612,0.9821299910545349,0.859969973564148,408.9440002441406,144.58999633789062,10.839090347290039,1.0367528200149536,167.98599243164062,1.2054728269577026,7.8080902099609375,15675.099609375,81.6697006225586,139.10000610351562,1334.56005859375,19.34354019165039,4.477499961853027,0.6216701865196228,56.689998626708984,1.3787200450897217,35.95600128173828,30.928499221801758,1.3409600257873535,17.0762996673584,5.4085001945495605,60.46500015258789,1
2022-11-29,0.665198802947998,7.207099914550781,1.3951599597930908,0.9815000295639038,0.8647900223731995,406.447998046875,143.47799682617188,10.91038990020752,1.034554123878479,165.8939971923828,1.1960291862487793,7.813419818878174,15746.0,81.65029907226562,138.718994140625,1340.1199951171875,19.296300888061523,4.474999904632568,0.616401195526123,56.625,1.3790500164031982,35.784000396728516,31.006099700927734,1.3489899635314941,17.12700080871582,5.364699840545654,61.814998626708984,1
2022-11-30,0.668408989906311,7.15939998626709,1.4023699760437012,0.9853900074958801,0.864109992980957,405.8389892578125,143.23599243164062,10.936790466308594,1.0324499607086182,165.74400329589844,1.1946860551834106,7.8107500076293945,15726.5,81.63089752197266,138.7449951171875,1325.3699951171875,19.23200035095215,4.50629997253418,0.6196900010108948,56.483001708984375,1.3753399848937988,35.41699981689453,30.945999145507812,1.3583600521087646,16.968050003051758,5.268199920654297,60.810001373291016,1
2022-12-01,0.6799598932266235,7.076200008392334,1.398169994354248,0.9837200045585632,0.8630200028419495,408.5989990234375,143.16299438476562,10.919210433959961,1.042535424232483,165.83999633789062,1.207749843597412,7.80472993850708,15634.5,81.3052978515625,137.35899353027344,1279.800048828125,19.264850616455078,4.475299835205078,0.6314406991004944,56.369998931884766,1.3593000173568726,35.06999969482422,30.777999877929688,1.3411999940872192,17.109699249267578,5.181589126586914,60.9900016784668,1
2022-12-02,0.6811015009880066,7.043700218200684,1.4144400358200073,0.9858300089836121,0.8587499856948853,412.0539855957031,142.28399658203125,10.838339805603027,1.052842140197754,165.66200256347656,1.2259259223937988,7.7795000076293945,15355.5,81.16220092773438,135.14999389648438,1303.25,19.128299713134766,4.402500152587891,0.6369791626930237,56.03499984741211,1.3531999588012695,34.790000915527344,30.587799072265625,1.3435499668121338,17.524829864501953,5.183599948883057,61.18000030517578,1
2022-12-05,0.6813009977340698,7.023900032043457,1.4177299737930298,0.987309992313385,0.8573700189590454,408.9320068359375,141.78199768066406,10.875229835510254,1.0544185638427734,165.00999450683594,1.2297248840332031,7.785140037536621,15421.0,81.42250061035156,134.47500610351562,1299.1700439453125,19.38298988342285,4.385499954223633,0.6404590606689453,55.724998474121094,1.3503299951553345,34.66999816894531,30.538000106811523,1.3444000482559204,17.2898006439209,5.2179999351501465,60.51499938964844,1
2022-12-06,0.6707807779312134,6.960899829864502,1.4263099431991577,0.9891200065612793,0.8608700037002563,412.8789978027344,143.43299865722656,10.923399925231934,1.0496923923492432,166.59100341796875,1.2192445993423462,7.768899917602539,15520.2998046875,81.89900207519531,136.65199279785156,1304.3699951171875,19.721399307250977,4.366000175476074,0.6322599649429321,55.97999954223633,1.3560999631881714,35.040000915527344,30.562999725341797,1.3588000535964966,17.44329071044922,5.28000020980835,60.51499938964844,1
2022-12-07,0.6698821187019348,6.994900226593018,1.4287199974060059,0.9859899878501892,0.8626000285148621,411.0220031738281,143.28399658203125,10.893400192260742,1.0469011068344116,166.05599975585938,1.2133007049560547,7.775259971618652,15623.0,82.37220001220703,136.88600158691406,1319.7099609375,19.7544002532959,4.392499923706055,0.6324390769004822,55.849998474121094,1.3587100505828857,35.0369987487793,30.633499145507812,1.3649400472640991,17.31529998779297,5.234000205993652,60.51499938964844,1
2022-12-08,0.6726998686790466,6.972599983215332,1.4351199865341187,0.9884799718856812,0.8607199788093567,410.5220031738281,143.3730010986328,10.905710220336914,1.051325798034668,166.51800537109375,1.2212398052215576,7.791500091552734,15596.0,82.25350189208984,136.38099670410156,1314.0999755859375,19.666900634765625,4.394999980926514,0.6354088187217712,55.3120002746582,1.3551700115203857,34.900001525878906,30.636999130249023,1.36489999294281,17.152589797973633,5.203999996185303,63.464900970458984,1
2022-12-09,0.6776500344276428,6.966300010681152,1.434999942779541,0.9879299998283386,0.8627700209617615,418.3609924316406,144.22300720214844,10.898030281066895,1.0559661388397217,167.1199951171875,1.2236007452011108,7.783840179443359,15590.0,82.2791976928711,136.61399841308594,1316.6300048828125,19.621559143066406,4.395500183105469,0.637860894203186,55.30500030517578,1.3526999950408936,34.72999954223633,30.46299934387207,1.3597700595855713,17.157100677490234,5.224299907684326,63.3650016784668,1
2022-12-12,0.6781408190727234,6.956600189208984,1.4367200136184692,0.9837300181388855,0.859000027179718,418.6109924316406,143.83900451660156,10.841699600219727,1.0522217750549316,167.29600524902344,1.2239153385162354,7.7868499755859375,15582.0,82.41300201416016,136.71200561523438,1303.1700439453125,19.786699295043945,4.401000022888184,0.6393207907676697,55.275001525878906,1.35371994972229,34.70800018310547,30.693700790405273,1.365530014038086,17.320899963378906,5.235000133514404,62.47999954223633,1
2022-12-13,0.6754000186920166,6.976500034332275,1.436769962310791,0.9864000082015991,0.8589900135993958,414.2820129394531,144.94400024414062,10.882100105285645,1.0541739463806152,168.68699645996094,1.2270842790603638,7.774799823760986,15676.2998046875,82.64469909667969,137.50399780273438,1305.9200439453125,19.847299575805664,4.4145002365112305,0.638781726360321,55.63999938964844,1.3544299602508545,34.84000015258789,30.68000030517578,1.363029956817627,17.565500259399414,5.321300029754639,62.625,1
2022-12-14,0.6842299699783325,6.943399906158447,1.4404000043869019,0.9872000217437744,0.8600000143051147,410.22698974609375,144.0679931640625,10.852230072021484,1.062665343284607,167.50900268554688,1.235666275024414,7.774799823760986,15554.7001953125,82.40249633789062,135.58399963378906,1288.97998046875,19.542020797729492,4.426000118255615,0.6453902721405029,55.43000030517578,1.3467899560928345,34.59000015258789,30.60099983215332,1.3555400371551514,17.233699798583984,5.292799949645996,63.18000030517578,1
2022-12-15,0.6857798099517822,6.949900150299072,1.4465899467468262,0.9867799878120422,0.8595399856567383,405.21600341796875,144.49899291992188,10.850460052490234,1.0676347017288208,168.07699584960938,1.2419428825378418,7.775599956512451,15481.0,82.50800323486328,135.34800720214844,1295.6800537109375,19.609399795532227,4.388000011444092,0.6453902721405029,55.564998626708984,1.3476300239562988,34.52000045776367,30.48430061340332,1.3550200462341309,17.159090042114258,5.277200222015381,64.71499633789062,1
2022-12-16,0.6705918908119202,6.9721999168396,1.4527699947357178,0.986739993095398,0.8725000023841858,406.2770080566406,146.55140686035156,11.000100135803223,1.064056158065796,167.87399291992188,1.2189176082611084,7.775760173797607,15626.0,82.85790252685547,137.75100708007812,1317.0999755859375,19.74959945678711,4.414000034332275,0.6343004107475281,55.90999984741211,1.3604199886322021,35.08399963378906,30.809999465942383,1.365820050239563,17.499000549316406,5.311800003051758,64.61499786376953,1
2022-12-19,0.6687487363815308,6.972099781036377,1.4496999979019165,0.9891700148582458,0.870389997959137,405.7590026855469,144.54400634765625,11.015899658203125,1.05850350856781,166.04800415039062,1.2160272598266602,7.778550148010254,15615.900390625,82.72599792480469,136.69000244140625,1308.8599853515625,19.79690933227539,4.421999931335449,0.6371496915817261,55.43000030517578,1.3588099479675293,34.81999969482422,30.77079963684082,1.3688600063323975,17.572200775146484,5.306509017944336,64.83999633789062,1
2022-12-20,0.6707807779312134,6.978600025177002,1.4474999904632568,0.985509991645813,0.8728700280189514,403.20599365234375,145.36300659179688,11.007659912109375,1.0614584684371948,166.45899963378906,1.2153326272964478,7.780300140380859,15567.5,82.58190155029297,136.9949951171875,1301.3299560546875,19.787599563598633,4.422999858856201,0.6361606121063232,55.3650016784668,1.3562899827957153,34.84000015258789,30.78569984436035,1.364300012588501,17.332700729370117,5.291600227355957,69.71499633789062,1
2022-12-21,0.6688498258590698,6.9608001708984375,1.4449599981307983,0.9841600060462952,0.8714500069618225,402.05499267578125,140.1280059814453,11.043109893798828,1.062699317932129,160.73699951171875,1.2189176082611084,7.787899971008301,15556.0,82.63690185546875,131.89199829101562,1283.6400146484375,19.754199981689453,4.431000232696533,0.6344292163848877,54.880001068115234,1.3510799407958984,34.65999984741211,30.724000930786133,1.3599400520324707,17.30780029296875,5.198400020599365,69.25,1
2022-12-22,0.6716818809509277,6.980599880218506,1.4438199996948242,0.9829000234603882,0.8782899975776672,401.9289855957031,140.38999938964844,11.047619819641113,1.0610079765319824,159.84300231933594,1.2077397108078003,7.79610013961792,15513.0,82.87860107421875,132.3699951171875,1280.77001953125,19.659589767456055,4.434000015258789,0.6289505958557129,54.7760009765625,1.3507000207901,34.650001525878906,30.679000854492188,1.3612699508666992,17.17970085144043,5.199900150299072,73.21499633789062,1
2022-12-23,0.6678001284599304,6.982999801635742,1.445680022239685,0.9870200157165527,0.880299985408783,400.4159851074219,140.28399658203125,11.089119911193848,1.060333013534546,159.32000732421875,1.203992486000061,7.795300006866455,15563.0,82.8749008178711,132.35699462890625,1290.199951171875,19.559499740600586,4.421999931335449,0.6251992583274841,55.34000015258789,1.3514000177383423,34.83000183105469,30.739999771118164,1.3636800050735474,17.1200008392334,5.165599822998047,68.21499633789062,1
2022-12-26,0.6712490320205688,6.988699913024902,1.4418400526046753,0.9909999966621399,0.879069983959198,399.1000061035156,140.94000244140625,11.155559539794922,1.0667804479599,160.900146484375,1.206000566482544,7.8035101890563965,15565.900390625,82.6041030883789,132.7899932861328,1279.239990234375,19.337390899658203,4.422500133514404,0.6292901635169983,55.21500015258789,1.351699948310852,34.60900115966797,30.745100021362305,1.358970046043396,16.95949935913086,5.164299964904785,70.21499633789062,1
2022-12-27,0.674458920955658,6.96120023727417,1.442430019378662,0.991569995880127,0.8801900148391724,399.875,141.25,11.155739784240723,1.064022183418274,160.4010009765625,1.2084153890609741,7.805099964141846,15607.0,82.90290069580078,132.76400756835938,1275.1300048828125,19.363069534301758,4.422500133514404,0.6306999325752258,55.165000915527344,1.3467999696731567,34.65999984741211,30.7189998626709,1.3557000160217285,17.020490646362305,5.21750020980835,68.33000183105469,1
2022-12-28,0.6729927659034729,6.959000110626221,1.437999963760376,0.9886000156402588,0.8843600153923035,400.697998046875,141.9759979248047,11.134090423583984,1.0637166500091553,160.51699829101562,1.2027326822280884,7.8003997802734375,15617.5,82.7761001586914,133.48599243164062,1272.280029296875,19.462099075317383,4.420000076293945,0.6273289918899536,55.720001220703125,1.347599983215332,34.619998931884766,30.72209930419922,1.3524999618530273,17.193500518798828,5.292300224304199,69.96499633789062,1
2022-12-29,0.6747100949287415,6.97760009765625,1.4452999830245972,0.9861500263214111,0.8836100101470947,401.4259948730469,142.45599365234375,11.116669654846191,1.062925100326538,161.197998046875,1.2028483152389526,7.79380989074707,15789.0,82.85199737548828,134.03399658203125,1274.3199462890625,19.422300338745117,4.420000076293945,0.6318396925926208,56.143001556396484,1.3492399454116821,34.70000076293945,30.72800064086914,1.3599400520324707,17.04509925842285,5.2667999267578125,72.71499633789062,1
2022-12-30,0.6766000390052795,6.963099956512451,1.4448299407958984,0.9839000105857849,0.8840699791908264,399.4419860839844,141.69400024414062,11.142149925231934,1.066075325012207,160.2259979248047,1.2056326866149902,7.794400215148926,15620.0,82.83509826660156,132.91600036621094,1260.260009765625,19.457599639892578,4.420000076293945,0.6345902681350708,55.650001525878906,1.3435200452804565,34.58000183105469,30.680099487304688,1.3552000522613525,16.92060089111328,5.284599781036377,73.96499633789062,1
2023-01-02,0.6823097467422485,6.896900177001953,1.447100043296814,0.9879000186920166,0.8841400146484375,397.81201171875,140.30999755859375,11.12887954711914,1.0709733963012695,158.11199951171875,1.2120330333709717,7.79925012588501,15508.7998046875,82.74980163574219,130.84500122070312,1260.9100341796875,19.44659996032715,4.402500152587891,0.6374799013137817,55.66999816894531,1.3373199701309204,34.44300079345703,30.64780044555664,1.352810025215149,16.899999618530273,5.2855000495910645,73.71499633789062,1
2023-01-03,0.6805600523948669,6.89709997177124,1.4476799964904785,0.98676997423172,0.8851100206375122,401.1400146484375,139.6490020751953,11.1310396194458,1.0677714347839355,157.7570037841797,1.206287145614624,7.805500030517578,15550.0,82.70600128173828,130.79400634765625,1270.0999755859375,19.458799362182617,4.402500152587891,0.6326391100883484,55.75,1.3411999940872192,34.4900016784668,30.72010040283203,1.3559000492095947,16.885189056396484,5.360130786895752,70.99549865722656,1
2023-01-04,0.6727999448776245,6.914100170135498,1.442080020904541,0.9871900081634521,0.8808900117874146,399.9010009765625,138.40899658203125,11.144800186157227,1.0546854734420776,157.07400512695312,1.1969740390777588,7.813199996948242,15571.7998046875,82.78569793701172,131.2480010986328,1279.0799560546875,19.40760040283203,4.403500080108643,0.6247110962867737,55.8849983215332,1.3453400135040283,34.380001068115234,30.650299072265625,1.3674099445343018,17.011999130249023,5.478499889373779,73.01499938964844,1
2023-01-05,0.6829108595848083,6.887800216674805,1.4301899671554565,0.9859600067138672,0.8794699907302856,395.4079895019531,140.25399780273438,11.138110160827637,1.0606365203857422,159.4290008544922,1.2057054042816162,7.815710067749023,15560.0,82.66649627685547,132.24600219726562,1271.0799560546875,19.38680076599121,4.4019999504089355,0.6285117864608765,56.040000915527344,1.341439962387085,33.88800048828125,30.687999725341797,1.3485100269317627,16.8704891204834,5.430099964141846,72.46499633789062,1
2023-01-06,0.6755697727203369,6.881499767303467,1.4267699718475342,0.9848499894142151,0.8832399845123291,395.80999755859375,140.25999450683594,11.22406005859375,1.0522217750549316,158.75900268554688,1.1912277936935425,7.811500072479248,15620.0,82.64520263671875,133.3070068359375,1274.1800537109375,19.31855010986328,4.385000228881836,0.6230801343917847,55.9119987487793,1.34552001953125,34.040000915527344,30.62299919128418,1.3559900522232056,17.15089988708496,5.349800109863281,72.11499786376953,1
2023-01-09,0.689398467540741,6.837399959564209,1.4315999746322632,0.9876099824905396,0.8794400095939636,394.1510009765625,140.5070037841797,11.205100059509277,1.0656323432922363,159.74400329589844,1.2116365432739258,7.807819843292236,15602.2998046875,82.27339935302734,131.86199951171875,1252.8800048828125,19.124300003051758,4.401000022888184,0.6359097957611084,55.512001037597656,1.3337899446487427,33.62799835205078,30.561500549316406,1.3435200452804565,17.09000015258789,5.224400043487549,72.46499633789062,1
2023-01-10,0.6909699440002441,6.770999908447266,1.437459945678711,0.9884399771690369,0.880649983882904,396.59600830078125,141.3730010986328,11.159899711608887,1.073318362236023,160.48899841308594,1.2184869050979614,7.804800033569336,15580.0,82.18009948730469,131.72900390625,1239.280029296875,19.124500274658203,4.373000144958496,0.6369507908821106,54.70000076293945,1.330399990081787,33.41699981689453,30.461999893188477,1.3393700122833252,16.91699981689453,5.253699779510498,69.87999725341797,1
2023-01-11,0.6895001530647278,6.777400016784668,1.4424599409103394,0.9904599785804749,0.8834800124168396,398.40899658203125,141.8520050048828,11.18198013305664,1.0738946199417114,160.5070037841797,1.2154507637023926,7.808499813079834,15528.900390625,81.63739776611328,132.1009979248047,1240.1600341796875,19.059600830078125,4.369999885559082,0.6371902227401733,54.72999954223633,1.3316500186920166,33.45000076293945,30.432600021362305,1.3432899713516235,16.792299270629883,5.198299884796143,69.63999938964844,1
2023-01-12,0.6910998225212097,6.769000053405762,1.4457099437713623,1.0019999742507935,0.8852900266647339,398.16900634765625,141.99200439453125,11.258899688720703,1.0766000747680664,160.33599853515625,1.2159533500671387,7.811100006103516,15414.0,81.63179779052734,131.90199279785156,1241.5999755859375,18.942399978637695,4.36899995803833,0.6367682814598083,55.02000045776367,1.3301299810409546,33.36199951171875,30.434999465942383,1.343000054359436,16.897279739379883,5.1585001945495605,69.11900329589844,1
2023-01-13,0.6967815160751343,6.737800121307373,1.4527499675750732,1.0069700479507446,0.8888300061225891,397.1369934082031,140.27499389648438,11.298439979553223,1.0860239267349243,157.7949981689453,1.2217769622802734,7.8082499504089355,15172.0,81.1156005859375,129.1719970703125,1239.1300048828125,18.844310760498047,4.35699987411499,0.638781726360321,55.02000045776367,1.32246994972229,33.10200119018555,30.32550048828125,1.3375999927520752,16.70977020263672,5.107699871063232,67.75,1
2023-01-16,0.6973500847816467,6.7017998695373535,1.4499900341033936,1.0030299425125122,0.8852699995040894,396.12200927734375,138.5780029296875,11.263299942016602,1.082461953163147,156.5050048828125,1.2226732969284058,7.810210227966309,15114.7998046875,81.27799987792969,128.0260009765625,1236.5899658203125,18.774200439453125,4.332499980926514,0.6385084390640259,54.82500076293945,1.3199000358581543,32.875999450683594,30.279300689697266,1.3396199941635132,16.780000686645508,5.080699920654297,65.96499633789062,1
2023-01-17,0.6966398358345032,6.732500076293945,1.4509799480438232,1.00232994556427,0.8870900273323059,398.5,138.9600067138672,11.254779815673828,1.0830129384994507,156.62100219726562,1.2207776308059692,7.810420036315918,15082.0,81.65260314941406,128.3209991455078,1240.7099609375,18.77790069580078,4.313499927520752,0.6389898657798767,54.57500076293945,1.3199900388717651,33.02000045776367,30.32900047302246,1.3397799730300903,17.043270111083984,5.145999908447266,68.71499633789062,1
2023-01-18,0.6988413333892822,6.77239990234375,1.4447300434112549,0.9946399927139282,0.8781999945640564,396.4440002441406,138.4010009765625,11.245280265808105,1.0793308019638062,157.53399658203125,1.228471040725708,7.818160057067871,15162.0,81.52549743652344,128.281005859375,1237.0,18.64150047302246,4.323999881744385,0.6432895064353943,54.650001525878906,1.3199000358581543,33.0,30.27630043029785,1.3389999866485596,17.052200317382812,5.099599838256836,68.46499633789062,1
2023-01-19,0.6944000720977783,6.747099876403809,1.4571800231933594,0.9889199733734131,0.8744300007820129,394.5820007324219,138.79299926757812,11.148130416870117,1.0797853469848633,158.697998046875,1.2347661256790161,7.823440074920654,15096.0,81.43599700927734,128.53900146484375,1237.8800048828125,18.874059677124023,4.310999870300293,0.6445499658584595,54.650001525878906,1.3201199769973755,33.0,30.184999465942383,1.3495800495147705,17.1112003326416,5.185299873352051,68.71499633789062,1
2023-01-20,0.691399872303009,6.7758002281188965,1.4585599899291992,0.9920499920845032,0.8741199970245361,394.0090026855469,139.0679931640625,11.166899681091309,1.083388328552246,159.0760040283203,1.2393262386322021,7.829800128936768,15141.0,81.23979949951172,128.3699951171875,1232.1800537109375,18.98270034790039,4.306000232696533,0.6395497918128967,54.715999603271484,1.3210999965667725,32.880001068115234,30.339000701904297,1.3463799953460693,17.28219985961914,5.172999858856201,69.36499786376953,1
2023-01-23,0.6982703804969788,6.782599925994873,1.4526599645614624,0.9993799924850464,0.8756899833679199,392.968994140625,140.64999389648438,11.173800468444824,1.086507797241211,160.45799255371094,1.240633249282837,7.827439785003662,15055.900390625,80.97599792480469,129.35400390625,1230.030029296875,18.857770919799805,4.2829999923706055,0.648908257484436,54.45000076293945,1.318660020828247,32.7130012512207,30.317699432373047,1.3371000289916992,17.087499618530273,5.206299781799316,68.21499633789062,1
2023-01-24,0.702928364276886,6.7829999923706055,1.453529953956604,1.0019999742507935,0.8781300187110901,395.0580139160156,141.9720001220703,11.12444019317627,1.0874292850494385,161.62600708007812,1.2379761934280396,7.830999851226807,15007.0,81.48799896240234,130.5970001220703,1229.280029296875,18.81325912475586,4.2820000648498535,0.6490219235420227,54.28499984741211,1.3183000087738037,32.709999084472656,30.292999267578125,1.3370100259780884,17.148189544677734,5.205900192260742,68.94499969482422,1
2023-01-25,0.7046719789505005,6.7835001945495605,1.4561400413513184,1.0042200088500977,0.882860004901886,389.1080017089844,141.79200744628906,11.100179672241211,1.088814616203308,160.50900268554688,1.232923984527588,7.831500053405762,14955.5,81.60189819335938,130.23899841308594,1232.6600341796875,18.783599853515625,4.2820000648498535,0.6493295431137085,54.65999984741211,1.3197699785232544,32.77000045776367,30.267499923706055,1.3374799489974976,17.005489349365234,5.138400077819824,69.41500091552734,1
2023-01-26,0.7108199596405029,6.782899856567383,1.4613900184631348,1.0017000436782837,0.879859983921051,386.7340087890625,141.13999938964844,11.130029678344727,1.0922038555145264,160.38800048828125,1.2412492036819458,7.829500198364258,14938.7001953125,81.50270080566406,129.23699951171875,1232.5899658203125,18.776199340820312,4.2829999923706055,0.6484116911888123,54.55500030517578,1.3117799758911133,32.73099899291992,30.247600555419922,1.3380199670791626,17.110790252685547,5.072199821472168,69.19499969482422,1
2023-01-27,0.7113898396492004,6.78249979019165,1.4506200551986694,1.0023399591445923,0.8773900270462036,387.52899169921875,141.39300537109375,11.165340423583984,1.0894432067871094,161.13299560546875,1.2415266036987305,7.828080177307129,14942.5,81.44509887695312,129.8000030517578,1231.8499755859375,18.79669952392578,4.243000030517578,0.6490893363952637,54.349998474121094,1.3111000061035156,32.779998779296875,30.208799362182617,1.3316099643707275,17.15850067138672,5.062745094299316,69.46499633789062,1
2023-01-30,0.7107977271080017,6.782400131225586,1.4461599588394165,1.0010199546813965,0.8766599893569946,390.2449951171875,141.16200256347656,11.199299812316895,1.0871455669403076,160.9980010986328,1.2400301694869995,7.828519821166992,14970.400390625,81.50800323486328,129.85400390625,1228.949951171875,18.768749237060547,4.241499900817871,0.6492199301719666,54.38999938964844,1.3120800256729126,32.76499938964844,30.256000518798828,1.3303200006484985,17.189599990844727,5.1072001457214355,70.69249725341797,1
2023-01-31,0.7058099508285522,6.747799873352051,1.4521700143814087,1.0039700269699097,0.8785099983215332,389.7590026855469,141.56900024414062,11.277409553527832,1.0850694179534912,161.1199951171875,1.2353609800338745,7.835130214691162,14995.0,81.57990264892578,130.47900390625,1231.5,18.75860023498535,4.241499900817871,0.6468890905380249,54.630001068115234,1.3142000436782837,32.7599983215332,30.094999313354492,1.338379979133606,17.378700256347656,5.1149001121521,69.87999725341797,1
2023-02-01,0.7051399946212769,6.753600120544434,1.4451600313186646,0.9952999949455261,0.882319986820221,390.8890075683594,141.3000030517578,11.312740325927734,1.0860947370529175,160.10000610351562,1.2308903932571411,7.839660167694092,14990.7001953125,81.76840209960938,130.11000061035156,1232.1500244140625,18.842870712280273,4.263299942016602,0.6438201069831848,54.6349983215332,1.3138999938964844,32.8650016784668,30.0310001373291,1.3306000232696533,17.411399841308594,5.072199821472168,70.55000305175781,1
2023-02-02,0.7145000696182251,6.740799903869629,1.4610999822616577,0.9990500211715698,0.8889999985694885,389.625,141.63699340820312,11.340880393981934,1.1012852191925049,159.30099487304688,1.2390038967132568,7.839000225067139,14855.0,81.71029663085938,128.6219940185547,1221.949951171875,18.58289909362793,4.263500213623047,0.6516398787498474,54.095001220703125,1.3051700592041016,32.72200012207031,29.533000946044922,1.3274999856948853,16.997499465942383,5.053500175476074,69.9000015258789,1
2023-02-03,0.7074687480926514,6.731500148773193,1.4521299600601196,0.9959499835968018,0.8920599818229675,384.9309997558594,140.3800048828125,11.315230369567871,1.0905125141143799,157.32000732421875,1.222299575805664,7.844399929046631,14881.0,82.0458984375,128.74600219726562,1224.9000244140625,18.641399383544922,4.243000030517578,0.6477187275886536,53.75,1.3105299472808838,33.04999923706055,29.542999267578125,1.3316600322723389,17.069000244140625,5.049200057983398,75.03099822998047,1
2023-02-06,0.6920798420906067,6.774199962615967,1.4458500146865845,0.9995200037956238,0.8958200216293335,387.4330139160156,142.43699645996094,11.345669746398926,1.079086184501648,158.9810028076172,1.2045146226882935,7.846330165863037,15078.7998046875,82.22599792480469,132.00900268554688,1246.75,18.990869522094727,4.255499839782715,0.6327711939811707,53.564998626708984,1.3248000144958496,33.53099822998047,29.96579933166504,1.3399699926376343,17.432100296020508,5.149799823760986,70.61499786376953,1
2023-02-07,0.6887801885604858,6.794000148773193,1.4421099424362183,0.9954299926757812,0.8920199871063232,394.40301513671875,142.27999877929688,11.383589744567871,1.0730764865875244,159.47999572753906,1.2026747465133667,7.846759796142578,15200.0,82.75499725341797,132.6230010986328,1261.22998046875,19.167999267578125,4.262499809265137,0.6308802366256714,54.790000915527344,1.3272000551223755,33.75,29.998300552368164,1.344099998474121,17.654499053955078,5.145699977874756,71.4749984741211,1
2023-02-08,0.6964598298072815,6.791200160980225,1.4366899728775024,0.9888899922370911,0.890030026435852,392.10198974609375,140.59800720214844,11.339619636535645,1.0729728937149048,157.94000244140625,1.2054582834243774,7.848499774932861,15147.0,82.74189758300781,131.04200744628906,1255.3499755859375,18.881500244140625,4.301000118255615,0.6321991682052612,55.060001373291016,1.323199987411499,33.50600051879883,30.027099609375,1.3390100002288818,17.513700485229492,5.2093000411987305,72.0999984741211,1
2023-02-09,0.6930001974105835,6.7881999015808105,1.4406700134277344,0.9867500066757202,0.8875600099563599,386.3489990234375,140.78700256347656,11.337329864501953,1.0715816020965576,158.5749969482422,1.2071462869644165,7.848700046539307,15117.0,82.65950012207031,131.38699340820312,1260.469970703125,18.934450149536133,4.297500133514404,0.6314606666564941,54.7599983215332,1.3258600234985352,33.48500061035156,30.041500091552734,1.344499945640564,17.71954917907715,5.19950008392334,73.22100067138672,1
2023-02-10,0.6939384341239929,6.779699802398682,1.444290041923523,0.9904999732971191,0.8866000175476074,387.3949890136719,141.24000549316406,11.104399681091309,1.0742292404174805,159.33299255371094,1.2116806507110596,7.849699974060059,15140.0,82.533203125,131.5189971923828,1264.550048828125,18.77829933166504,4.311999797821045,0.6327512264251709,54.625,1.325369954109192,33.560001373291016,30.003000259399414,1.3448699712753296,17.7406005859375,5.2895002365112305,73.00499725341797,1
2023-02-13,0.6913477778434753,6.808300018310547,1.4261599779129028,0.9858999848365784,0.885890007019043,386.7969970703125,140.45899963378906,11.157899856567383,1.0677714347839355,158.52699279785156,1.2052258253097534,7.849289894104004,15182.2001953125,82.51300048828125,131.55099487304688,1266.8699951171875,18.67840003967285,4.329999923706055,0.6312298774719238,54.375,1.329609990119934,33.327999114990234,30.18079948425293,1.3357399702072144,17.921100616455078,5.213482856750488,73.07499694824219,1
2023-02-14,0.6970000863075256,6.821899890899658,1.4307399988174438,0.9858099818229675,0.8829399943351746,382.5260009765625,141.99400329589844,11.108869552612305,1.0730419158935547,160.79800415039062,1.215214490890503,7.849740028381348,15211.0,82.59739685058594,132.33700561523438,1272.93994140625,18.565040588378906,4.360000133514404,0.6361404061317444,54.65999984741211,1.3280400037765503,33.790000915527344,30.219999313354492,1.3333100080490112,17.810400009155273,5.158400058746338,74.06400299072266,1
2023-02-15,0.6987583041191101,6.825900077819824,1.4320800304412842,0.9893100261688232,0.8817700147628784,377.36700439453125,142.7689971923828,11.115349769592285,1.0735719203948975,161.89100646972656,1.2174336910247803,7.848800182342529,15179.0,82.86759948730469,132.99099731445312,1272.25,18.50480079650879,4.3470001220703125,0.6335489153862,54.926998138427734,1.3284599781036377,33.849998474121094,30.248699188232422,1.3340599536895752,17.86033058166504,5.191500186920166,73.56500244140625,1
2023-02-16,0.690689742565155,6.851900100708008,1.43163001537323,0.987089991569519,0.8881199955940247,378.94000244140625,143.15199279785156,11.134699821472168,1.0691757202148438,161.14599609375,1.2039779424667358,7.846409797668457,15210.0,82.73770141601562,133.9029998779297,1283.719970703125,18.584550857543945,4.389999866485596,0.6279789805412292,55.387001037597656,1.3354699611663818,34.25899887084961,30.302000045776367,1.3390599489212036,18.019739151000977,5.2179999351501465,73.96499633789062,1
2023-02-17,0.6862400770187378,6.8597002029418945,1.4369299411773682,0.9882100224494934,0.8905900120735168,383.5509948730469,142.99099731445312,11.133170127868652,1.0665756464004517,160.531005859375,1.197533130645752,7.84896993637085,15142.0,82.69529724121094,134.07400512695312,1288.9599609375,18.54871940612793,4.401500225067139,0.6245394349098206,55.20000076293945,1.3370100259780884,34.400001525878906,30.253000259399414,1.3473000526428223,18.122299194335938,5.216800212860107,74.68000030517578,1
2023-02-20,0.686940610408783,6.857600212097168,1.440600037574768,0.9884700179100037,0.8881099820137024,383.3710021972656,143.50399780273438,11.174530029296875,1.0684444904327393,161.5500030517578,1.2029786109924316,7.84453010559082,15159.0,82.75800323486328,134.3070068359375,1293.9200439453125,18.36737060546875,4.429500102996826,0.6236202716827393,55.42499923706055,1.337030053138733,34.41699981689453,30.373300552368164,1.3481999635696411,18.03849983215332,5.165168762207031,73.96499633789062,1
2023-02-21,0.6909002065658569,6.854100227355957,1.437059998512268,0.9861800074577332,0.887179970741272,382.4230041503906,143.5,11.04977035522461,1.068261981010437,161.70199584960938,1.2039200067520142,7.833899974822998,15162.5,82.69750213623047,134.33599853515625,1296.1099853515625,18.38520050048828,4.427999973297119,0.6257705092430115,54.935001373291016,1.3359400033950806,34.38600158691406,30.364500045776367,1.3452999591827393,18.050579071044922,5.1666998863220215,75.46399688720703,1
2023-02-22,0.686190128326416,6.872499942779541,1.441640019416809,0.9879599809646606,0.8795999884605408,382.65899658203125,143.7949981689453,11.041170120239258,1.065200924873352,163.43600463867188,1.2109322547912598,7.844799995422363,15233.0,82.86119842529297,134.9759979248047,1305.8299560546875,18.429899215698242,4.429999828338623,0.6216199398040771,55.12799835205078,1.3402299880981445,34.650001525878906,30.484500885009766,1.3534899950027466,18.240299224853516,5.166500091552734,74.61499786376953,1
2023-02-23,0.6812916994094849,6.891300201416016,1.4365099668502808,0.9876099824905396,0.8802700042724609,381.07501220703125,143.0989990234375,11.043060302734375,1.0605803728103638,162.54299926757812,1.204993486404419,7.845160007476807,15192.0,82.83529663085938,134.9320068359375,1302.8299560546875,18.364580154418945,4.439000129699707,0.6224014759063721,55.125,1.3401999473571777,34.650001525878906,30.475299835205078,1.3545399904251099,18.204700469970703,5.151199817657471,74.86499786376953,1
2023-02-24,0.6810133457183838,6.9070000648498535,1.4352200031280518,0.9894599914550781,0.8817999958992004,380.68701171875,142.66400146484375,11.050339698791504,1.0598047971725464,161.75999450683594,1.2017786502838135,7.846839904785156,15210.0,82.6178970336914,134.6280059814453,1298.0799560546875,18.36865997314453,4.43149995803833,0.6230801343917847,54.9630012512207,1.342829942703247,34.71200180053711,30.283000946044922,1.3543200492858887,18.202299118041992,5.136199951171875,75.36499786376953,1
2023-02-27,0.6735684871673584,6.954999923706055,1.4346699714660645,0.9921000003814697,0.8829900026321411,379.72900390625,143.9499969482422,11.062600135803223,1.0554758310317993,162.9949951171875,1.1952428817749023,7.847780227661133,15257.7001953125,82.91799926757812,136.39500427246094,1313.699951171875,18.39133071899414,4.433000087738037,0.6165608167648315,54.81999969482422,1.3495899438858032,34.93899917602539,30.65679931640625,1.3593699932098389,18.387500762939453,5.207799911499023,75.9800033569336,1
2023-02-28,0.6743001937866211,6.943900108337402,1.4401500225067139,0.9926400184631348,0.8795400261878967,377.56500244140625,144.60899353027344,11.016500473022461,1.0611205101013184,164.38099670410156,1.2061562538146973,7.844900131225586,15209.0,82.6520004272461,136.31700134277344,1318.3499755859375,18.366899490356445,4.4730000495910645,0.6164202094078064,55.33000183105469,1.346500039100647,34.9900016784668,30.59779930114746,1.3573999404907227,18.380229949951172,5.199699878692627,74.61499786376953,1
2023-03-01,0.6730788350105286,6.932300090789795,1.443179965019226,0.9963200092315674,0.8788300156593323,377.8970031738281,144.2050018310547,11.070579528808594,1.0577309131622314,164.04600524902344,1.2033549547195435,7.849020004272461,15240.0,82.6353988647461,136.34800720214844,1321.5999755859375,18.300939559936523,4.485000133514404,0.6186893582344055,55.44499969482422,1.348330020904541,35.21099853515625,30.64579963684082,1.3645199537277222,18.313499450683594,5.235899925231934,75.01499938964844,1
2023-03-02,0.6759798526763916,6.868000030517578,1.4498200416564941,1.0022599697113037,0.8869900107383728,372.7460021972656,145.29299926757812,11.128199577331543,1.066894292831421,163.78599548339844,1.2029930353164673,7.848100185394287,15243.0,82.4198989868164,136.19400024414062,1305.72998046875,18.115970611572266,4.46999979019165,0.6256999969482422,54.849998474121094,1.341920018196106,34.6879997253418,30.560699462890625,1.3589600324630737,18.096500396728516,5.178299903869629,75.2300033569336,1
2023-03-03,0.6735000014305115,6.91379976272583,1.4409300088882446,0.9982500076293945,0.8868499994277954,375.92498779296875,144.89599609375,11.131669998168945,1.0599732398986816,163.35899353027344,1.1951572895050049,7.849400043487549,15322.0,82.35569763183594,136.7050018310547,1311.06005859375,18.105300903320312,4.4730000495910645,0.6221303939819336,54.970001220703125,1.3473299741744995,34.81999969482422,30.601499557495117,1.3594800233840942,18.166400909423828,5.1996002197265625,75.48999786376953,1
2023-03-06,0.6754611730575562,6.906799793243408,1.4453699588775635,0.995419979095459,0.8833500146865845,378.3599853515625,144.5240020751953,11.133509635925293,1.0626201629638672,163.58900451660156,1.2028483152389526,7.84945011138916,15255.099609375,81.7125015258789,135.86000061035156,1294.780029296875,17.97800064086914,4.473499774932861,0.6209598779678345,55.5099983215332,1.345170021057129,34.53300094604492,30.498600006103516,1.3602999448776245,18.11750030517578,5.194399833679199,75.36499786376953,1
2023-03-07,0.6733099818229675,6.9293999671936035,1.4548799991607666,0.9943900108337402,0.8882899880409241,376.6730041503906,145.31100463867188,11.159700393676758,1.0688328742980957,163.50799560546875,1.2026457786560059,7.849420070648193,15352.0,81.85440063476562,135.99899291992188,1299.0,18.00135040283203,4.473499774932861,0.6198398470878601,55.05500030517578,1.345139980316162,34.43299865722656,30.575000762939453,1.3616199493408203,18.17020034790039,5.152200222015381,75.36499786376953,1
2023-03-08,0.6591001749038696,6.961400032043457,1.4503200054168701,0.9939000010490417,0.8917199969291687,378.3760070800781,144.91799926757812,11.314740180969238,1.05507493019104,162.47500610351562,1.1827740669250488,7.849689960479736,15437.0,82.07460021972656,137.39100646972656,1317.9000244140625,18.100099563598633,4.475500106811523,0.6111199259757996,55.25,1.3544600009918213,35.05400085449219,30.726299285888672,1.3747999668121338,18.3882999420166,5.190000057220459,75.56500244140625,1
2023-03-09,0.6594000458717346,6.950300216674805,1.4556299448013306,0.9924799799919128,0.8901799917221069,377.5,144.75900268554688,11.31039047241211,1.0549525022506714,162.59100341796875,1.1850166320800781,7.849460124969482,15450.0,81.9645004272461,137.2259979248047,1316.449951171875,17.97075080871582,4.521999835968018,0.6114711761474609,55.38999938964844,1.3531999588012695,35.042999267578125,30.72480010986328,1.3799400329589844,18.52199935913086,5.144400119781494,76.01499938964844,1
2023-03-10,0.6591001749038696,6.963600158691406,1.4639699459075928,0.9873999953269958,0.8877300024032593,382.8550109863281,144.35499572753906,11.352689743041992,1.0584698915481567,162.59100341796875,1.192250370979309,7.849579811096191,15489.0,82.01840209960938,136.39500427246094,1325.550048828125,18.329639434814453,4.519000053405762,0.6101207137107849,55.20000076293945,1.353219985961914,35.0,30.813899993896484,1.3831000328063965,18.560800552368164,5.163700103759766,75.81500244140625,1
2023-03-13,0.6634203791618347,6.905200004577637,1.47038996219635,0.9811400175094604,0.88441002368927,381.8160095214844,143.66000366210938,11.37405014038086,1.0683646202087402,162.9980010986328,1.2079336643218994,7.847519874572754,15472.599609375,81.95800018310547,134.97999572753906,1319.5400390625,18.31702995300293,4.517000198364258,0.6160799264907837,55.08000183105469,1.3473800420761108,34.584999084472656,30.828699111938477,1.3763799667358398,18.197200775146484,5.21560001373291,76.16500091552734,1
2023-03-14,0.6659198999404907,6.844600200653076,1.4727799892425537,0.978600025177002,0.8811299800872803,392.6210021972656,142.7429962158203,11.36046028137207,1.0725010633468628,161.98199462890625,1.2171372175216675,7.844600200653076,15409.0,82.41739654541016,133.11399841308594,1296.3800048828125,18.91908073425293,4.49429988861084,0.6216315627098083,55.16999816894531,1.3467999696731567,34.52000045776367,30.454999923706055,1.373520016670227,18.183900833129883,5.245699882507324,75.51499938964844,1
2023-03-15,0.6689097881317139,6.870500087738037,1.4683899879455566,0.9810199737548828,0.8827499747276306,389.2080078125,144.16900634765625,11.235799789428711,1.0727657079696655,163.29299926757812,1.215214490890503,7.8480000495910645,15372.0,82.30490112304688,134.39700317382812,1304.5799560546875,18.600500106811523,4.48199987411499,0.6230685114860535,54.85900115966797,1.345080018043518,34.54199981689453,30.378999710083008,1.3688900470733643,18.10569953918457,5.251699924468994,75.71499633789062,1
2023-03-16,0.6618300080299377,6.905900001525879,1.4566099643707275,0.985509991645813,0.8766099810600281,396.0060119628906,140.6750030517578,11.21677017211914,1.0583354234695435,160.38699340820312,1.20692777633667,7.848050117492676,15479.0,82.7156982421875,132.9290008544922,1311.739990234375,18.991899490356445,4.481299877166748,0.6164582371711731,55.0099983215332,1.3510099649429321,34.560001373291016,30.520000457763672,1.3764899969100952,18.36479949951172,5.287099838256836,5.0,1
2023-03-17,0.6663401126861572,6.897500038146973,1.4559500217437744,0.9862099885940552,0.8762800097465515,394.322998046875,141.552001953125,11.146759986877441,1.0614134073257446,161.48599243164062,1.2110495567321777,7.849219799041748,15422.0,82.622802734375,133.3679962158203,1301.6199951171875,18.769390106201172,4.5,0.6203396916389465,54.59000015258789,1.3459700345993042,34.43000030517578,30.548999786376953,1.3719099760055542,18.338499069213867,5.229599952697754,76.46499633789062,1
2023-03-20,0.6713212132453918,6.886099815368652,1.4639300107955933,0.9895700216293335,0.8761299848556519,396.8590087890625,141.2530059814453,11.163900375366211,1.0678855180740356,161.1959991455078,1.2187690734863281,7.848849773406982,15368.5,82.53299713134766,132.28399658203125,1307.6500244140625,18.843420028686523,4.482999801635742,0.6273211240768433,54.625,1.3404200077056885,34.05799865722656,30.618000030517578,1.3709800243377686,18.467100143432617,5.2778000831604,76.92500305175781,1
2023-03-21,0.6716899871826172,6.877699851989746,1.4651999473571777,0.995959997177124,0.8732200264930725,394.5459899902344,140.83900451660156,11.110679626464844,1.071914792060852,161.26800537109375,1.2276264429092407,7.842800140380859,15340.0,82.52909851074219,131.39199829101562,1304.93994140625,18.814599990844727,4.483500003814697,0.6242586970329285,54.20000076293945,1.3372000455856323,34.0359992980957,30.506000518798828,1.3671000003814697,18.496339797973633,5.2357001304626465,77.46499633789062,1
2023-03-22,0.667789876461029,6.882999897003174,1.4769200086593628,0.9927899837493896,0.8810099959373474,388.68499755859375,142.5850067138672,11.133899688720703,1.0774236917495728,161.7760009765625,1.2225087881088257,7.845620155334473,15294.0,82.677001953125,132.34800720214844,1303.43994140625,18.62405014038086,4.46999979019165,0.6192985773086548,54.21500015258789,1.3367799520492554,34.41299819946289,30.480100631713867,1.3708800077438354,18.512569427490234,5.240900039672852,77.21499633789062,1
2023-03-23,0.6699314713478088,6.879199981689453,1.490880012512207,0.9962800145149231,0.8850700259208679,387.0270080566406,142.58700561523438,11.189789772033691,1.0870392322540283,161.06199645996094,1.227973222732544,7.847030162811279,15251.0,82.52580261230469,131.1790008544922,1298.25,18.593360900878906,4.452499866485596,0.6232509613037109,54.349998474121094,1.329609990119934,34.209999084472656,30.350000381469727,1.3716700077056885,18.211200714111328,5.236100196838379,76.88999938964844,1
2023-03-24,0.6681597828865051,6.818399906158447,1.4861199855804443,0.9930800199508667,0.8819199800491333,383.447998046875,141.78399658203125,11.17803955078125,1.0835057497024536,160.68600463867188,1.228154182434082,7.849400043487549,15047.0,82.26529693603516,130.86500549316406,1286.2900390625,18.567899703979492,4.415500164031982,0.6246915459632874,54.275001525878906,1.3274999856948853,34.029998779296875,30.13800048828125,1.3717000484466553,18.066150665283203,5.2967000007629395,75.96499633789062,1
2023-03-27,0.665530800819397,6.867000102996826,1.4793100357055664,0.9897000193595886,0.8794999718666077,384.593994140625,141.02099609375,11.211750030517578,1.077818512916565,159.8300018310547,1.2246003150939941,7.849530220031738,15148.0,82.33879852294922,130.8459930419922,1294.8299560546875,18.427059173583984,4.42549991607666,0.6211102604866028,54.27799987792969,1.331629991531372,34.189998626708984,30.320999145507812,1.3727400302886963,18.146900177001953,5.245100021362305,77.24500274658203,1
2023-03-28,0.6660095453262329,6.884399890899658,1.4755100011825562,0.9888299703598022,0.8787400126457214,385.7380065917969,141.8179931640625,11.202019691467285,1.0807071924209595,161.3699951171875,1.229755163192749,7.849699974060059,15107.5,82.21489715576172,131.23300170898438,1297.800048828125,18.318599700927734,4.418000221252441,0.620351254940033,54.07500076293945,1.3306299448013306,34.40999984741211,30.163000106811523,1.3654099702835083,18.28619956970215,5.1971001625061035,76.5,1
2023-03-29,0.6706907749176025,6.873300075531006,1.4732600450515747,0.9975100159645081,0.879010021686554,380.96099853515625,142.03799438476562,11.2012300491333,1.0839520692825317,161.5749969482422,1.2330456972122192,7.849699974060059,15061.0,82.16429901123047,131.04600524902344,1296.97998046875,18.219200134277344,4.40749979019165,0.6253712773323059,54.27899932861328,1.3273999691009521,34.22999954223633,30.344999313354492,1.3593300580978394,18.14349937438965,5.164400100708008,76.5250015258789,1
2023-03-30,0.6682482361793518,6.8856000900268555,1.4705699682235718,0.9956700205802917,0.8806399703025818,380.4230041503906,143.7550048828125,11.272299766540527,1.0843634605407715,163.2209930419922,1.2313603162765503,7.849899768829346,15031.5,82.25540161132812,132.5760040283203,1307.1300048828125,18.094030380249023,4.419899940490723,0.6221303939819336,54.2599983215332,1.3292299509048462,34.16999816894531,30.516000747680664,1.3563100099563599,18.08591079711914,5.134200096130371,77.29000091552734,1
2023-03-31,0.6716818809509277,6.8703999519348145,1.4744399785995483,0.9959999918937683,0.8802400231361389,379.8320007324219,145.24099731445312,11.292349815368652,1.0904649496078491,164.9600067138672,1.2387275695800781,7.849569797515869,15020.0,82.10050201416016,133.2010040283203,1296.5,18.089550018310547,4.420000076293945,0.6269789338111877,54.29800033569336,1.327929973602295,34.1150016784668,30.351999282836914,1.3521900177001953,17.739900588989258,5.092700004577637,77.23999786376953,1
2023-04-03,0.6658897995948792,6.868000030517578,1.4585100412368774,0.9911199808120728,0.8791599869728088,380.3450012207031,144.04600524902344,11.259779930114746,1.0803335905075073,163.8280029296875,1.228697419166565,7.849599838256836,14988.0,82.18479919433594,133.3470001220703,1305.47998046875,18.03915023803711,4.4105000495910645,0.6224905848503113,54.26599884033203,1.3339099884033203,34.279998779296875,30.524999618530273,1.3501800298690796,17.806249618530273,5.062300205230713,77.96499633789062,1
2023-04-04,0.6788502335548401,6.877299785614014,1.4653300046920776,0.9956600069999695,0.8780500292778015,377.31500244140625,144.3179931640625,11.302220344543457,1.091226577758789,164.33999633789062,1.2423131465911865,7.8468098640441895,14915.0,82.14089965820312,132.2989959716797,1308.050048828125,18.087570190429688,4.416999816894531,0.6302706599235535,54.5099983215332,1.3260999917984009,34.20000076293945,30.478599548339844,1.343369960784912,17.795799255371094,5.0630998611450195,78.61499786376953,1
2023-04-05,0.6758081316947937,6.878799915313721,1.4723299741744995,0.992330014705658,0.8766099810600281,377.1579895019531,144.00999450683594,11.253199577331543,1.0960105657577515,164.2259979248047,1.249843716621399,7.849299907684326,14958.0,82.11479949951172,131.48500061035156,1312.4100341796875,18.112499237060547,4.4039998054504395,0.6315284371376038,54.2400016784668,1.3250700235366821,34.0099983215332,30.385299682617188,1.3437999486923218,17.88385009765625,5.070700168609619,79.26499938964844,1
2023-04-06,0.6716683506965637,6.878499984741211,1.46697998046875,0.9882299900054932,0.8748300075531006,376.57000732421875,142.7220001220703,11.347960472106934,1.090334177017212,163.10699462890625,1.2463078498840332,7.849800109863281,14956.0,81.94999694824219,130.9340057373047,1316.2099609375,18.308799743652344,4.396999835968018,0.6318516731262207,54.486000061035156,1.3281999826431274,33.939998626708984,30.540800094604492,1.3454300165176392,18.06290054321289,5.033199787139893,80.16500091552734,1
2023-04-07,0.6676012873649597,6.874899864196777,1.4735599756240845,0.9876099824905396,0.8778700232505798,375.4200134277344,143.7570037841797,11.378510475158691,1.0920130014419556,163.72799682617188,1.243900179862976,7.849740028381348,14932.0,81.831298828125,131.66900634765625,1317.93994140625,18.227100372314453,4.396500110626221,0.6245706081390381,54.4640007019043,1.3304400444030762,34.119998931884766,30.510400772094727,1.3494999408721924,18.08230972290039,5.058300018310547,81.16500091552734,1
2023-04-10,0.6673500537872314,6.86929988861084,1.4735300540924072,0.9872000217437744,0.877810001373291,374.15301513671875,144.1529998779297,11.420249938964844,1.0913575887680054,164.197998046875,1.2431625127792358,7.849699974060059,14906.0,81.88480377197266,132.0970001220703,1315.449951171875,18.134700775146484,4.4105000495910645,0.6255004405975342,54.58399963378906,1.330590009689331,34.16999816894531,30.39299964904785,1.3503999710083008,18.19420051574707,5.0543999671936035,81.06500244140625,1
2023-04-11,0.6648299694061279,6.881100177764893,1.4675899744033813,0.987820029258728,0.8770300149917603,375.14599609375,145.06199645996094,11.420599937438965,1.086932897567749,165.36700439453125,1.239218831062317,7.849400043487549,14955.0,81.98390197753906,133.468994140625,1320.8800048828125,18.14310073852539,4.410999774932861,0.6227386593818665,54.69499969482422,1.3321000337600708,34.36000061035156,30.522199630737305,1.3503400087356567,18.482900619506836,5.065299987792969,81.625,1
2023-04-12,0.6654002070426941,6.885499954223633,1.4695199728012085,0.9858199954032898,0.8781300187110901,375.7149963378906,145.84300231933594,11.400580406188965,1.0917507410049438,166.04400634765625,1.2431007623672485,7.849800109863281,14913.0,82.07009887695312,133.593994140625,1322.0899658203125,18.158899307250977,4.415999889373779,0.6195096373558044,55.0,1.3323500156402588,34.27000045776367,30.479900360107422,1.346250057220459,18.33625030517578,5.004000186920166,81.06500244140625,1
2023-04-13,0.6699000597000122,6.873700141906738,1.477869987487793,0.9850999712944031,0.8802499771118164,374.0199890136719,146.3509979248047,11.357529640197754,1.0999890565872192,166.2429962158203,1.2492660284042358,7.847209930419922,14823.5,81.96060180664062,133.0850067138672,1322.8299560546875,18.055099487304688,4.409999847412109,0.6218286752700806,55.15999984741211,1.3273799419403076,34.12200164794922,30.446500778198242,1.343999981880188,18.424089431762695,4.916900157928467,82.01499938964844,1
2023-04-14,0.6783998608589172,6.867800235748291,1.4742599725723267,0.9825299978256226,0.8822299838066101,373.5899963378906,146.41900634765625,11.340840339660645,1.1054610013961792,165.91700744628906,1.2525300979614258,7.849699974060059,14720.0,81.68070220947266,132.48699951171875,1301.4300537109375,18.018999099731445,4.3979997634887695,0.6303500533103943,55.2130012512207,1.3210999965667725,34.000999450683594,30.451000213623047,1.3339999914169312,18.034799575805664,4.926700115203857,81.66500091552734,1
2023-04-17,0.6705199480056763,6.8703999519348145,1.4678000211715698,0.9829000234603882,0.8857499957084656,373.0710144042969,147.1300048828125,11.349360466003418,1.098659634590149,166.11099243164062,1.2400178909301758,7.849279880523682,14693.0,81.84480285644531,133.9709930419922,1303.3800048828125,17.99287986755371,4.399499893188477,0.6201512217521667,55.3390007019043,1.3317400217056274,34.34000015258789,30.506000518798828,1.3365000486373901,18.095500946044922,4.908699989318848,81.51499938964844,1
2023-04-18,0.6700401306152344,6.878799915313721,1.4631600379943848,0.981660008430481,0.8827400207519531,371.83599853515625,146.8730010986328,11.307089805603027,1.0925379991531372,166.3509979248047,1.2375471591949463,7.849279880523682,14860.0,82.00370025634766,134.4250030517578,1316.0699462890625,18.03219985961914,4.41949987411499,0.618268609046936,56.029998779296875,1.3339699506759644,34.48500061035156,30.46649932861328,1.3392000198364258,18.291400909423828,4.939799785614014,82.01499938964844,1
2023-04-19,0.6735698580741882,6.874899864196777,1.469580054283142,0.9833300113677979,0.8831700086593628,370.9339904785156,147.10800170898438,11.308879852294922,1.0975382328033447,166.52699279785156,1.2425447702407837,7.849170207977295,14890.0,82.10790252685547,134.04400634765625,1315.9000244140625,18.043489456176758,4.432000160217285,0.6215118169784546,56.2400016784668,1.3321199417114258,34.279998779296875,30.451900482177734,1.3390899896621704,18.15850067138672,4.984300136566162,81.76499938964844,1
2023-04-20,0.6705514192581177,6.8850998878479,1.4749200344085693,0.983020007610321,0.8811299800872803,378.6809997558594,147.51499938964844,11.338640213012695,1.095218300819397,167.40699768066406,1.2428845167160034,7.84896993637085,15006.0,82.34010314941406,134.70399475097656,1326.760009765625,18.04050064086914,4.427499771118164,0.6161999106407166,56.29499816894531,1.3348100185394287,34.42100143432617,30.537500381469727,1.3467999696731567,18.166200637817383,5.0742998123168945,81.66500091552734,1
2023-04-21,0.6743178963661194,6.872099876403809,1.4785399436950684,0.978659987449646,0.8814399838447571,376.0899963378906,146.96099853515625,11.303790092468262,1.0970927476882935,166.6820068359375,1.2440905570983887,7.848790168762207,14946.0,82.14089965820312,133.99600219726562,1323.5999755859375,17.997909545898438,4.435500144958496,0.6179285645484924,55.93000030517578,1.3316999673843384,34.29999923706055,30.55929946899414,1.348080039024353,17.889400482177734,5.047699928283691,81.76499938964844,1
2023-04-24,0.6693485379219055,6.892499923706055,1.4876999855041504,0.9803599715232849,0.8829699754714966,376.0220031738281,147.24200439453125,11.322600364685059,1.0992271900177002,166.72999572753906,1.2449734210968018,7.847899913787842,14838.0,82.05480194091797,133.96099853515625,1329.3800048828125,17.997140884399414,4.434999942779541,0.614341139793396,55.8849983215332,1.3336399793624878,34.34700012207031,30.625,1.3538399934768677,18.07710075378418,5.047900199890137,81.41500091552734,1
2023-04-25,0.6703805327415466,6.894899845123291,1.496340036392212,0.9807599782943726,0.8845999836921692,375.67401123046875,148.24000549316406,11.319899559020996,1.1059499979019165,167.58399963378906,1.25,7.849100112915039,14945.0,81.85230255126953,134.08399963378906,1332.800048828125,17.965200424194336,4.435299873352051,0.6175889372825623,55.630001068115234,1.3322999477386475,34.290000915527344,30.57200050354004,1.353369951248169,18.13960075378418,5.033400058746338,81.45999908447266,1
2023-04-26,0.663640022277832,6.931600093841553,1.4949699640274048,0.9790899753570557,0.8841500282287598,377.8689880371094,146.78500366210938,11.310709953308105,1.0978394746780396,165.9770050048828,1.2414803504943848,7.849599838256836,14935.0,81.9916000366211,133.71099853515625,1341.0,18.0403995513916,4.442999839782715,0.6147415041923523,55.43000030517578,1.3378299474716187,34.310001373291016,30.693700790405273,1.361840009689331,18.317459106445312,5.053100109100342,80.81600189208984,1
2023-04-27,0.6608380675315857,6.92579984664917,1.5054600238800049,0.9839400053024292,0.8856300115585327,373.70001220703125,147.37899780273438,11.394630432128906,1.1047282218933105,166.41000366210938,1.2471472024917603,7.849699974060059,14841.5,81.76689910888672,133.46499633789062,1337.8299560546875,18.158550262451172,4.454999923706055,0.6120887398719788,55.55500030517578,1.3344500064849854,34.130001068115234,30.628299713134766,1.363070011138916,18.354839324951172,5.043000221252441,81.76499938964844,1
2023-04-28,0.6630398035049438,6.922299861907959,1.5002000331878662,0.9861199855804443,0.8826799988746643,373.11199951171875,147.51199340820312,11.347479820251465,1.1032048463821411,167.07000732421875,1.249750018119812,7.849899768829346,14684.0,81.76509857177734,133.802001953125,1339.3900146484375,18.024499893188477,4.460000038146973,0.6146394610404968,55.625,1.3349499702453613,34.08599853515625,30.626800537109375,1.359969973564148,18.268850326538086,4.976200103759766,81.81500244140625,1
2023-05-01,0.6612401008605957,6.911099910736084,1.4928799867630005,0.9853000044822693,0.8767799735069275,372.50799560546875,150.19700622558594,11.295319557189941,1.1010911464691162,171.2519989013672,1.2557607889175415,7.849899768829346,14663.0,81.74479675292969,136.38600158691406,1337.1700439453125,17.99139976501465,4.458000183105469,0.6172115802764893,55.470001220703125,1.3345999717712402,34.130001068115234,30.746000289916992,1.3559099435806274,18.281400680541992,4.986000061035156,80.41500091552734,1
2023-05-02,0.6622801423072815,6.910999774932861,1.4864100217819214,0.9826700091362,0.8785200119018555,372.3179931640625,150.8820037841797,11.332650184631348,1.0969241857528687,171.68499755859375,1.2485953569412231,7.849629878997803,14671.5,81.77469635009766,137.52099609375,1342.7900390625,17.93769073486328,4.458000183105469,0.6164810061454773,55.52799987792969,1.3367400169372559,34.194000244140625,30.72879981994629,1.3552000522613525,18.355600357055664,4.9878997802734375,80.66500091552734,1
2023-05-03,0.6673001646995544,6.910600185394287,1.4996099472045898,0.9825000166893005,0.8824700117111206,374.6210021972656,150.2565460205078,11.343589782714844,1.1010911464691162,170.2429962158203,1.2476606369018555,7.849760055541992,14752.5,81.77870178222656,136.46600341796875,1342.300048828125,17.97426986694336,4.461999893188477,0.6226611733436584,55.41999816894531,1.3340100049972534,34.06999969482422,30.75480079650879,1.3619500398635864,18.46319007873535,5.038400173187256,80.07499694824219,1
2023-05-04,0.6641517877578735,6.910600185394287,1.5087800025939941,0.9777500033378601,0.8805999755859375,374.9150085449219,148.91600036621094,11.349559783935547,1.1068925857543945,169.07000732421875,1.256897211074829,7.848790168762207,14680.5,81.77999877929688,134.54400634765625,1335.22998046875,17.956100463867188,4.450500011444092,0.6208904981613159,55.32500076293945,1.3299299478530884,33.849998474121094,30.646799087524414,1.3631900548934937,18.272279739379883,4.9944000244140625,79.46499633789062,1
2023-05-05,0.6696098446846008,6.905700206756592,1.490470051765442,0.9758599996566772,0.8761000037193298,372.89898681640625,147.8939971923828,11.25846004486084,1.102292776107788,168.8280029296875,1.2583364248275757,7.847099781036377,14700.0,81.71610260009766,134.1790008544922,1320.1500244140625,17.89937973022461,4.451000213623047,0.6290218234062195,55.34000015258789,1.3270000219345093,33.779998779296875,30.627899169921875,1.3523000478744507,18.280799865722656,4.982600212097168,78.46499633789062,1
2023-05-08,0.6747683882713318,6.9095001220703125,1.4742100238800049,0.9818000197410583,0.8723300099372864,371.4320068359375,148.96299743652344,11.207099914550781,1.10186767578125,170.7480010986328,1.2630568742752075,7.847179889678955,14668.0,81.72979736328125,135.19900512695312,1316.9599609375,17.76626968383789,4.434500217437744,0.6299212574958801,55.29499816894531,1.3259999752044678,33.86000061035156,30.577999114990234,1.3380000591278076,18.385950088500977,4.951700210571289,77.7750015258789,1
2023-05-09,0.6780994534492493,6.911499977111816,1.4703099727630615,0.9785400032997131,0.8717700242996216,371.9110107421875,148.51800537109375,11.183199882507324,1.0996140241622925,170.3419952392578,1.2612725496292114,7.84867000579834,14750.0,81.78710174560547,135.072998046875,1322.4100341796875,17.787580490112305,4.434999942779541,0.6338581442832947,55.435001373291016,1.325260043144226,33.810001373291016,30.58799934387207,1.3372399806976318,18.28285026550293,5.007999897003174,77.69000244140625,1
2023-05-10,0.6766906976699829,6.919400215148926,1.4665299654006958,0.9760199785232544,0.8684399724006653,371.10198974609375,148.33099365234375,11.170700073242188,1.096467137336731,170.7779998779297,1.2624667882919312,7.841700077056885,14767.0,82.1050033569336,135.28799438476562,1326.050048828125,17.743499755859375,4.447000026702881,0.6338782906532288,55.76499938964844,1.327049970626831,33.66999816894531,30.649799346923828,1.337499976158142,18.596149444580078,4.985899925231934,77.96499633789062,1
2023-05-11,0.6781914234161377,6.932199954986572,1.4687000513076782,0.9766899943351746,0.8697999715805054,369.3450012207031,147.2899932861328,11.221199989318848,1.098406195640564,169.3000030517578,1.2626996040344238,7.832149982452393,14691.0,81.9198989868164,134.08700561523438,1318.050048828125,17.537200927734375,4.447000026702881,0.6371212005615234,55.625,1.3241000175476074,33.630001068115234,30.61440086364746,1.3372100591659546,18.848400115966797,4.94290018081665,77.69000244140625,1
2023-05-12,0.669989824295044,6.947700023651123,1.4724400043487549,0.9756500124931335,0.8721100091934204,371.2799987792969,146.76246643066406,11.252799987792969,1.0912145376205444,168.19000244140625,1.2508130073547363,7.8368000984191895,14770.5,82.10030364990234,134.4980010986328,1329.8800048828125,17.57469940185547,4.462500095367432,0.6294216513633728,55.849998474121094,1.3309999704360962,33.78200149536133,30.697900772094727,1.3493000268936157,19.170499801635742,4.929500102996826,76.96499633789062,1
2023-05-15,0.6646903157234192,6.957300186157227,1.4707000255584717,0.9748799800872803,0.8715800046920776,370.010009765625,147.39500427246094,11.270560264587402,1.0852696895599365,169.09800720214844,1.2450973987579346,7.842400074005127,14743.0,82.20030212402344,135.82200622558594,1341.52001953125,17.596250534057617,4.476500034332275,0.6195594668388367,55.854000091552734,1.338610053062439,33.880001068115234,30.809999465942383,1.3553999662399292,19.155799865722656,4.920199871063232,77.32499694824219,1
2023-05-16,0.6703001260757446,6.951600074768066,1.4641400575637817,0.9736199975013733,0.8679999709129333,368.94000244140625,147.92300415039062,11.248769760131836,1.0873701572418213,170.3800048828125,1.2525207996368408,7.838319778442383,14795.0,82.2667007446289,136.0449981689453,1335.4000244140625,17.4330997467041,4.494999885559082,0.6243288516998291,56.06800079345703,1.336210012435913,33.7599983215332,30.743000030517578,1.346500039100647,18.99690055847168,4.887899875640869,79.71499633789062,1
2023-05-17,0.6657789945602417,6.976600170135498,1.4642900228500366,0.9740999937057495,0.8702399730682373,368.34698486328125,148.22900390625,11.308699607849121,1.0865668058395386,170.3040008544922,1.2484394311904907,7.8383002281188965,14885.0,82.2959976196289,136.42999267578125,1342.4300537109375,17.480300903320312,4.492000102996826,0.6237408518791199,56.18299865722656,1.3398000001907349,34.07899856567383,30.777799606323242,1.3477200269699097,19.04960060119629,4.9394001960754395,80.45500183105469,1
2023-05-18,0.6655617952346802,6.997099876403809,1.4589999914169312,0.9736999869346619,0.8682100176811218,369.56500244140625,149.14300537109375,11.323929786682129,1.0838346481323242,171.76600646972656,1.2482805252075195,7.829699993133545,14876.5,82.45030212402344,137.61399841308594,1334.1500244140625,17.606769561767578,4.519999980926514,0.624609649181366,56.018001556396484,1.3422000408172607,34.25,30.79129981994629,1.3466700315475464,19.233299255371094,4.937699794769287,79.71499633789062,1
2023-05-19,0.6629980802536011,7.035099983215332,1.4543999433517456,0.9749299883842468,0.8680700063705444,374.6919860839844,149.3699951171875,11.380510330200195,1.0775396823883057,172.04800415039062,1.2412338256835938,7.827300071716309,14916.0,82.72509765625,138.6199951171875,1334.739990234375,17.715700149536133,4.533999919891357,0.6235813498497009,55.810001373291016,1.3479700088500977,34.40999984741211,30.69029998779297,1.349769949913025,19.303850173950195,4.964399814605713,80.36499786376953,1
2023-05-22,0.666100025177002,7.006899833679199,1.4598400592803955,0.972029983997345,0.8684800267219543,374.99700927734375,149.01300048828125,11.367919921875,1.0822745561599731,171.56500244140625,1.2461059093475342,7.816800117492676,14918.0,82.90480041503906,137.69200134277344,1324.2099609375,17.7460994720459,4.535999774932861,0.6284209489822388,55.638999938964844,1.3444700241088867,34.27799987792969,30.6200008392334,1.3487999439239502,19.41200065612793,4.996799945831299,80.06500244140625,1
2023-05-23,0.6649687886238098,7.030900001525879,1.4596799612045288,0.9710000157356262,0.869350016117096,373.625,149.91000366210938,11.417130470275879,1.0811045169830322,172.41400146484375,1.243440866470337,7.828499794006348,14886.0,82.82499694824219,138.6719970703125,1313.8299560546875,17.879899978637695,4.545499801635742,0.6286303400993347,55.555999755859375,1.3458000421524048,34.459999084472656,30.660999298095703,1.3502899408340454,19.24850082397461,4.966100215911865,80.46499633789062,1
2023-05-24,0.6613581776618958,7.056399822235107,1.4538400173187256,0.970740020275116,0.8672699928283691,375.12701416015625,149.25799560546875,11.43770980834961,1.076971173286438,172.08700561523438,1.2417269945144653,7.836820125579834,14895.0,82.8906021118164,138.59800720214844,1319.8399658203125,17.958200454711914,4.566999912261963,0.6250195503234863,55.81800079345703,1.3466999530792236,34.61000061035156,30.805400848388672,1.3499399423599243,19.166799545288086,4.971199989318848,80.125,1
2023-05-25,0.6545102000236511,7.059800148010254,1.4615000486373901,0.9726200103759766,0.8694300055503845,372.1570129394531,149.8179931640625,11.520099639892578,1.0757315158843994,172.29600524902344,1.2371032238006592,7.829899787902832,14945.900390625,82.71369934082031,139.2830047607422,1318.52001953125,17.799930572509766,4.589000225067139,0.610608696937561,55.70000076293945,1.3489799499511719,34.65599822998047,30.808399200439453,1.3588500022888184,19.227100372314453,4.958600044250488,80.06500244140625,1
2023-05-26,0.6498485803604126,7.077400207519531,1.463070034980774,0.9705899953842163,0.8705099821090698,372.572998046875,150.1490020751953,11.605500221252441,1.0724436044692993,172.4239959716797,1.2318304777145386,7.835000038146973,14970.0,82.74210357666016,140.01699829101562,1330.8900146484375,17.84630012512207,4.623000144958496,0.6053400635719299,56.08000183105469,1.3548099994659424,34.729000091552734,30.75979995727539,1.3643200397491455,19.774499893188477,5.035200119018555,79.98999786376953,1
2023-05-29,0.6526989340782166,7.054800033569336,1.4586000442504883,0.9710999727249146,0.8684300184249878,370.69500732421875,151.0489959716797,11.57919979095459,1.0723055601119995,173.91700744628906,1.2346898317337036,7.834549903869629,14948.0,82.57479858398438,140.87100219726562,1322.4300537109375,17.60219955444336,4.598499774932861,0.6057815551757812,55.915000915527344,1.3529599905014038,34.72999954223633,30.684999465942383,1.3609000444412231,19.64480972290039,4.992800235748291,78.96499633789062,1
2023-05-30,0.6528502106666565,7.072299957275391,1.4564499855041504,0.9683700203895569,0.8670099973678589,371.2560119628906,150.37100219726562,11.591099739074707,1.0707669258117676,173.4199981689453,1.234933853149414,7.828000068664551,14960.0,82.57969665527344,140.4409942626953,1324.5899658203125,17.598819732666016,4.602499961853027,0.6044487357139587,56.125999450683594,1.354009985923767,34.709999084472656,30.535999298095703,1.3601000308990479,19.629989624023438,5.018099784851074,80.21499633789062,1
2023-05-31,0.6517800092697144,7.078999996185303,1.4594199657440186,0.9721999764442444,0.864579975605011,369.9570007324219,150.01199340820312,11.655799865722656,1.073306918144226,173.49200439453125,1.241187572479248,7.834070205688477,14979.0,82.68389892578125,139.79200744628906,1319.7900390625,17.65570068359375,4.5980000495910645,0.6046789884567261,56.349998474121094,1.350790023803711,34.70000076293945,30.56130027770996,1.359969973564148,19.652910232543945,5.034800052642822,79.61000061035156,1
2023-06-01,0.6506401300430298,7.110799789428711,1.4504400491714478,0.9730100035667419,0.8589000105857849,370.34100341796875,148.76300048828125,11.589099884033203,1.0695186853408813,173.15499877929688,1.244694471359253,7.831210136413574,14984.0,82.66680145263672,139.1269989013672,1321.739990234375,17.67650032043457,4.61299991607666,0.6025112867355347,56.340999603271484,1.3513000011444092,34.630001068115234,30.64590072631836,1.356600046157837,19.694950103759766,5.054800033569336,81.51499938964844,1
2023-06-02,0.657799482345581,7.0929999351501465,1.4466999769210815,0.9743800163269043,0.8590199947357178,370.7770080566406,149.29400634765625,11.626399993896484,1.0760787725448608,173.77699279785156,1.2525991201400757,7.831500053405762,14907.0,82.27670288085938,138.7480010986328,1312.8499755859375,17.538799285888672,4.611000061035156,0.6065789461135864,56.066001892089844,1.3467999696731567,34.58000183105469,30.582799911499023,1.3443000316619873,19.61090087890625,5.0131001472473145,80.96499633789062,1
2023-06-05,0.6599997878074646,7.083799839019775,1.4364299774169922,0.9731000065803528,0.8605599999427795,369.8190002441406,149.97900390625,11.567299842834473,1.0698620080947876,174.26300048828125,1.2430236339569092,7.837470054626465,14983.0,82.40979766845703,140.20700073242188,1305.1400146484375,17.550399780273438,4.574999809265137,0.6058182716369629,56.01300048828125,1.3507000207901,34.84000015258789,30.66699981689453,1.342829942703247,19.516000747680664,4.956600189208984,80.76499938964844,1
2023-06-06,0.6613494157791138,7.105000019073486,1.4403799772262573,0.9703699946403503,0.86149001121521,368.90399169921875,149.29400634765625,11.6220703125,1.0711798667907715,173.26699829101562,1.2433171272277832,7.837860107421875,14849.5,82.51119995117188,139.38299560546875,1299.7900390625,17.445899963378906,4.574999809265137,0.6070613265037537,56.02199935913086,1.349269986152649,34.7599983215332,30.64579963684082,1.3447999954223633,19.241199493408203,4.925600051879883,80.56500244140625,1
2023-06-07,0.6679089665412903,7.118800163269043,1.4333000183105469,0.970329999923706,0.8607100248336792,368.239990234375,149.25599670410156,11.675250053405762,1.0698047876358032,173.38699340820312,1.2428536415100098,7.8429999351501465,14872.0,82.51719665527344,139.52699279785156,1299.199951171875,17.367700576782227,4.605000019073486,0.6078399419784546,56.09700012207031,1.347640037536621,34.733001708984375,30.631799697875977,1.339859962463379,19.168800354003906,4.9120001792907715,81.31500244140625,1
2023-06-08,0.665860116481781,7.128799915313721,1.4315600395202637,0.9738199710845947,0.8603600263595581,367.989990234375,149.78799438476562,11.65880012512207,1.0707440376281738,174.08799743652344,1.2445859909057617,7.839739799499512,14889.0,82.61810302734375,139.8990020751953,1308.3399658203125,17.355289459228516,4.605000019073486,0.6042296290397644,56.1349983215332,1.348449945449829,34.803001403808594,30.712900161743164,1.3371599912643433,19.06744956970215,4.922399997711182,81.51499938964844,1
2023-06-09,0.671259880065918,7.111199855804443,1.4407000541687012,0.9691299796104431,0.8583800196647644,369.40899658203125,149.72000122070312,11.646200180053711,1.078271746635437,174.3769989013672,1.2559500932693481,7.836780071258545,14836.0,82.48829650878906,138.86300659179688,1296.3299560546875,17.37220001220703,4.617000102996826,0.609440267086029,56.060001373291016,1.3423999547958374,34.60300064086914,30.64579963684082,1.3361999988555908,18.8221492767334,4.922100067138672,81.9749984741211,1
2023-06-12,0.6744998693466187,7.127600193023682,1.433750033378601,0.9713000059127808,0.8544899821281433,367.77099609375,149.82000732421875,11.633529663085938,1.0750954151153564,175.3280029296875,1.25809907913208,7.838799953460693,14833.0,82.4448013305664,139.37100219726562,1286.68994140625,17.27090072631836,4.611499786376953,0.6130606532096863,56.06999969482422,1.3433500528335571,34.59000015258789,30.660999298095703,1.3336800336837769,18.68185043334961,4.877900123596191,82.69000244140625,1
2023-06-13,0.6753101944923401,7.144599914550781,1.4381999969482422,0.9776899814605713,0.8596600294113159,368.8290100097656,150.09100341796875,11.640060424804688,1.0762988328933716,174.5229949951172,1.2515331506729126,7.834420204162598,14871.5,82.33719635009766,139.4600067138672,1284.5799560546875,17.2841796875,4.617499828338623,0.6129103302955627,56.066001892089844,1.3433300256729126,34.61000061035156,30.711299896240234,1.336300015449524,18.54598045349121,4.860599994659424,83.84500122070312,1
2023-06-14,0.6769289374351501,7.166500091552734,1.436400055885315,0.9766200184822083,0.8555700182914734,369.8399963378906,151.23199462890625,11.527310371398926,1.078934907913208,176.6790008544922,1.2606843709945679,7.833310127258301,14869.0,82.29039764404297,140.177001953125,1267.6199951171875,17.233789443969727,4.613999843597412,0.6159418225288391,55.89699935913086,1.3421499729156494,34.66999816894531,30.577999114990234,1.331470012664795,18.600200653076172,4.861000061035156,83.91500091552734,1
2023-06-15,0.6796895265579224,7.162600040435791,1.4448599815368652,0.9759699702262878,0.8554099798202515,371.17999267578125,151.76499938964844,11.58215045928955,1.084304690361023,177.32400512695312,1.26708984375,7.830900192260742,14909.0,82.04499816894531,139.9770050048828,1273.989990234375,17.127399444580078,4.61899995803833,0.6196900010108948,55.930999755859375,1.3406699895858765,34.63800048828125,30.731300354003906,1.3326400518417358,18.300600051879883,4.815000057220459,83.96499633789062,1
2023-06-16,0.688029944896698,7.119900226593018,1.4472399950027466,0.9760000109672546,0.8560500144958496,372.8699951171875,153.52699279785156,11.603879928588867,1.0945948362350464,179.3260040283203,1.278576135635376,7.822569847106934,14897.0,81.9126968383789,140.26800537109375,1270.050048828125,17.12636947631836,4.623499870300293,0.623538613319397,55.7760009765625,1.3364900350570679,34.58000183105469,30.65329933166504,1.3221900463104248,18.194049835205078,4.809199810028076,83.44499969482422,1
2023-06-19,0.6875999569892883,7.1255998611450195,1.4434000253677368,0.9785000085830688,0.8525999784469604,372.79998779296875,155.17999267578125,11.643500328063965,1.0942115783691406,181.97999572753906,1.2830382585525513,7.8211798667907715,14928.0,81.91480255126953,141.86700439453125,1276.31005859375,17.0669002532959,4.611999988555908,0.6232001185417175,55.70500183105469,1.3372000455856323,34.68000030517578,30.70800018310547,1.3198000192642212,18.199600219726562,4.807000160217285,83.46499633789062,1
2023-06-20,0.6851379871368408,7.160399913787842,1.4429800510406494,0.9785799980163574,0.8537600040435791,373.2330017089844,155.0070037841797,11.727290153503418,1.0924304723739624,181.531005859375,1.2794759273529053,7.8171000480651855,15008.0,81.98139953613281,141.8990020751953,1283.239990234375,17.072999954223633,4.625,0.6202396750450134,55.722999572753906,1.3407399654388428,34.73699951171875,30.791799545288086,1.3209500312805176,18.147829055786133,4.776899814605713,83.81500244140625,1
2023-06-21,0.6788820624351501,7.180799961090088,1.444200038909912,0.9802299737930298,0.8553100228309631,371.7669982910156,154.33599853515625,11.777230262756348,1.0920368432998657,180.39700317382812,1.276535987854004,7.825799942016602,15016.0,81.9917984008789,141.3350067138672,1287.5400390625,17.20363998413086,4.638000011444092,0.6166787147521973,55.551998138427734,1.3431299924850464,34.81800079345703,30.95330047607422,1.3225599527359009,18.368900299072266,4.789299964904785,84.71399688720703,1
2023-06-22,0.6798702478408813,7.178400039672852,1.4465299844741821,0.9808800220489502,0.8607000112533569,369.3940124511719,155.73699951171875,11.698100090026855,1.0992635488510132,180.93800354003906,1.2772045135498047,7.8282999992370605,14943.0,81.94149780273438,141.68800354003906,1288.3800048828125,17.11750030517578,4.644000053405762,0.6207093596458435,55.584999084472656,1.3397400379180908,34.770999908447266,30.92300033569336,1.316100001335144,18.287870407104492,4.76230001449585,83.61499786376953,1
2023-06-23,0.6760699152946472,7.178500175476074,1.440209984779358,0.9804999828338623,0.8593999743461609,369.1159973144531,156.6999969482422,11.698360443115234,1.0958904027938843,182.2989959716797,1.2747135162353516,7.830100059509277,14935.0,81.91929626464844,143.02999877929688,1298.2099609375,17.170000076293945,4.6479997634887695,0.6182800531387329,55.54800033569336,1.3447200059890747,35.10499954223633,30.993799209594727,1.3145899772644043,18.4950008392334,4.7697367668151855,80.94999694824219,1
2023-06-26,0.6680517792701721,7.178500175476074,1.4357399940490723,0.9768999814987183,0.8567500114440918,369.9079895019531,156.54800415039062,11.69202995300293,1.0906671285629272,182.70799255371094,1.2729610204696655,7.829730033874512,14987.0,81.98480224609375,143.54100036621094,1307.6700439453125,17.1471004486084,4.673999786376953,0.614870011806488,55.755001068115234,1.3516900539398193,35.20000076293945,30.996999740600586,1.3164700269699097,18.73200035095215,4.7855000495910645,83.61499786376953,1
2023-06-27,0.6674498319625854,7.236499786376953,1.4346799850463867,0.9771999716758728,0.8579699993133545,368.86199951171875,156.51199340820312,11.699399948120117,1.091048002243042,182.3520050048828,1.2711971998214722,7.8302001953125,15039.0,82.00650024414062,143.4600067138672,1302.6600341796875,17.117000579833984,4.671000003814697,0.6163100004196167,55.683998107910156,1.3534300327301025,35.220001220703125,31.003999710083008,1.315000057220459,18.645700454711914,4.767300128936768,84.375,1
2023-06-28,0.668140172958374,7.218699932098389,1.445989966392517,0.979200005531311,0.8596600294113159,369.9729919433594,157.63800048828125,11.75197982788086,1.0957223176956177,183.3509979248047,1.2744698524475098,7.8331098556518555,14982.5,81.99839782714844,143.8820037841797,1296.5999755859375,17.076499938964844,4.6620001792907715,0.6157407760620117,55.145999908447266,1.3496500253677368,35.27000045776367,30.993499755859375,1.3197699785232544,18.50830078125,4.810500144958496,85.33999633789062,1
2023-06-29,0.6600616574287415,7.2434000968933105,1.4464399814605713,0.9787600040435791,0.8632500171661377,371.0740051269531,157.60800170898438,11.76159954071045,1.0915838479995728,182.5189971923828,1.2642544507980347,7.832940101623535,14981.0,82.02649688720703,144.38900756835938,1309.010009765625,17.08289909362793,4.669000148773193,0.6074300408363342,55.275001525878906,1.3526300191879272,35.59000015258789,31.056499481201172,1.3251800537109375,18.62380027770996,4.850500106811523,85.8550033569336,1
2023-06-30,0.6619710922241211,7.251800060272217,1.4399399757385254,0.9771599769592285,0.8614799976348877,370.9639892578125,157.34800720214844,11.803199768066406,1.0868029594421387,182.6300048828125,1.2614636421203613,7.838799953460693,15064.0,82.07540130615234,144.77999877929688,1323.0699462890625,17.10610008239746,4.669000148773193,0.606678307056427,55.439998626708984,1.35617995262146,35.619998931884766,31.117300033569336,1.3250000476837158,18.749500274658203,4.855599880218506,86.82499694824219,1
2023-07-03,0.6658321619033813,7.242400169372559,1.4451600313186646,0.9764000177383423,0.8592600226402283,372.50799560546875,157.49200439453125,11.765899658203125,1.0907504558563232,183.27699279785156,1.2693254947662354,7.837299823760986,14986.0,82.09629821777344,144.3979949951172,1315.300048828125,17.12080955505371,4.664999961853027,0.6132185459136963,55.263999938964844,1.3524999618530273,35.29999923706055,31.145999908447266,1.3250000476837158,18.8262996673584,4.784200191497803,87.91500091552734,1
2023-07-04,0.6674097180366516,7.239799976348877,1.4457099437713623,0.9778000116348267,0.8597300052642822,374.2770080566406,157.7740020751953,11.832030296325684,1.091309905052185,183.49000549316406,1.269293189048767,7.834099769592285,15056.0,81.95010375976562,144.58399963378906,1306.0999755859375,17.047000885009766,4.6645002365112305,0.6156005859375,55.257999420166016,1.3507100343704224,35.029998779296875,31.087799072265625,1.3248000144958496,18.736299514770508,4.80649995803833,89.47000122070312,1
2023-07-05,0.6692701578140259,7.213500022888184,1.4390300512313843,0.975820004940033,0.8553799986839294,375.1960144042969,157.13999938964844,11.769499778747559,1.0884946584701538,183.61000061035156,1.2717629671096802,7.831399917602539,15010.0,82.0071029663086,144.406005859375,1295.5,17.035499572753906,4.649499893188477,0.619809091091156,55.27000045776367,1.3491599559783936,34.8489990234375,31.077999114990234,1.322350025177002,18.63129997253418,4.839900016784668,89.96499633789062,1
2023-07-06,0.6656903028488159,7.246399879455566,1.4421700239181519,0.9753000140190125,0.8543999791145325,381.1449890136719,156.84300231933594,11.885199546813965,1.0856584310531616,183.52999877929688,1.2704542875289917,7.8221001625061035,15077.0,82.39409637451172,144.48899841308594,1302.969970703125,17.006080627441406,4.650000095367432,0.6176995635032654,55.459999084472656,1.353219985961914,34.9640007019043,31.224199295043945,1.3285900354385376,18.758499145507812,4.8471999168396,91.21499633789062,1
2023-07-07,0.6628398895263672,7.249199867248535,1.455430030822754,0.9749100208282471,0.8546000123023987,385.385986328125,156.75999450683594,11.90149974822998,1.0890636444091797,183.41099548339844,1.2742749452590942,7.820400238037109,15189.2998046875,82.76840209960938,143.9510040283203,1309.219970703125,17.231609344482422,4.659999847412109,0.616351842880249,55.654998779296875,1.3529900312423706,35.18000030517578,31.326900482177734,1.3365399837493896,19.08489990234375,4.918700218200684,91.21499633789062,1
2023-07-10,0.6688382029533386,7.211299896240234,1.4557000398635864,0.9748899936676025,0.8543999791145325,384.32000732421875,155.9499969482422,11.880260467529297,1.0969723463058472,182.56900024414062,1.2838947772979736,7.827300071716309,15128.0,82.61530303955078,142.20899963378906,1297.3699951171875,17.147850036621094,4.666999816894531,0.6205899715423584,55.52199935913086,1.3458000421524048,35.130001068115234,31.259000778198242,1.3278000354766846,18.80699920654297,4.8709001541137695,91.2249984741211,1
2023-07-11,0.667900025844574,7.230599880218506,1.4608399868011475,0.9740700125694275,0.8554999828338623,380.0409851074219,155.49099731445312,11.831239700317383,1.100594401359558,181.73300170898438,1.2864713668823242,7.828199863433838,15216.0,82.52529907226562,141.2969970703125,1299.5400390625,17.0447998046875,4.668000221252441,0.6206515431404114,55.54899978637695,1.3443599939346313,35.040000915527344,31.360000610351562,1.3273999691009521,18.769899368286133,4.898200035095215,90.51499938964844,1
2023-07-12,0.6693798899650574,7.209199905395508,1.4564000368118286,0.967769980430603,0.8511999845504761,378.36199951171875,154.3090057373047,11.735899925231934,1.101406455039978,181.19700622558594,1.2934770584106445,7.8267998695373535,15156.7998046875,82.39990234375,140.1179962158203,1291.510009765625,17.028900146484375,4.6554999351501465,0.6199589371681213,55.26499938964844,1.3403199911117554,34.75,31.265499114990234,1.3227699995040894,18.448200225830078,4.851500034332275,90.46499633789062,1
2023-07-13,0.6792786121368408,7.165299892425537,1.468440055847168,0.9654099941253662,0.857200026512146,374.843994140625,154.07000732421875,11.54677963256836,1.1144545078277588,179.73199462890625,1.29962956905365,7.8254899978637695,14928.0,82.00180053710938,138.31500244140625,1274.699951171875,16.89642906188965,4.6479997634887695,0.6305209994316101,54.51499938964844,1.3294600248336792,34.64400100708008,31.03380012512207,1.3182799816131592,18.122699737548828,4.81689977645874,90.46499633789062,1
2023-07-14,0.6888617873191833,7.150000095367432,1.4715800285339355,0.9641799926757812,0.8548300266265869,373.3330078125,154.95599365234375,11.450519561767578,1.1223469972610474,181.2530059814453,1.3128528594970703,7.821400165557861,14954.0,82.03079986572266,138.0749969482422,1266.8299560546875,16.846630096435547,4.586999893188477,0.6391900181770325,54.34000015258789,1.3224999904632568,34.54999923706055,30.957799911499023,1.3112499713897705,17.91230010986328,4.7947998046875,90.09500122070312,1
2023-07-17,0.6837793588638306,7.1402997970581055,1.4848999977111816,0.9677799940109253,0.8576700091362,373.5249938964844,155.70399475097656,11.49133014678955,1.1227755546569824,181.531005859375,1.3090204000473022,7.814700126647949,14951.0,82.07679748535156,138.6820068359375,1268.3399658203125,16.73870086669922,4.523499965667725,0.6365818381309509,54.34000015258789,1.3214199542999268,34.630001068115234,30.950000762939453,1.3224999904632568,18.078899383544922,4.788099765777588,90.21499633789062,1
2023-07-18,0.6810500025749207,7.170599937438965,1.4833799600601196,0.9667999744415283,0.8596400022506714,373.59600830078125,155.88699340820312,11.511469841003418,1.1237596273422241,181.3300018310547,1.307172417640686,7.81397008895874,14982.5,82.06159973144531,138.72900390625,1265.449951171875,16.713699340820312,4.5370001792907715,0.6321192383766174,54.375,1.3219000101089478,34.59000015258789,30.950000762939453,1.3201500177383423,18.020200729370117,4.805799961090088,90.56999969482422,1
2023-07-19,0.6814821362495422,7.179299831390381,1.4783300161361694,0.9630299806594849,0.8613799810409546,373.3349914550781,156.10299682617188,11.460009574890137,1.1228890419006348,181.20899963378906,1.303508996963501,7.813899993896484,14986.0,82.07540130615234,139.02699279785156,1264.93994140625,16.75214958190918,4.539999961853027,0.6296991109848022,54.35200119018555,1.3227800130844116,34.04999923706055,30.902999877929688,1.3166199922561646,17.864500045776367,4.809299945831299,90.96499633789062,1
2023-07-20,0.6769999265670776,7.225900173187256,1.4748300313949585,0.961329996585846,0.8660399913787842,377.9289855957031,156.41400146484375,11.508319854736328,1.120523452758789,180.58200073242188,1.2939791679382324,7.8084001541137695,14992.0,82.06169891357422,139.59800720214844,1265.0899658203125,16.711870193481445,4.539999961853027,0.6262878179550171,54.61600112915039,1.324779987335205,33.99399948120117,31.04330062866211,1.3163000345230103,17.833669662475586,4.789899826049805,91.91500091552734,1
2023-07-21,0.6778190732002258,7.176499843597412,1.4664000272750854,0.9645199775695801,0.8649399876594543,381.2699890136719,155.718994140625,11.51807975769043,1.113709807395935,180.01400756835938,1.2872332334518433,7.813700199127197,15051.5,82.0823974609375,139.86399841308594,1278.4000244140625,16.86590003967285,4.539999961853027,0.6230296492576599,54.6510009765625,1.326300024986267,34.189998626708984,31.037799835205078,1.3174200057983398,17.909910202026367,4.796899795532227,90.06500244140625,1
2023-07-24,0.6725800037384033,7.1778998374938965,1.471250057220459,0.963670015335083,0.8655099868774414,379.1929931640625,157.6929931640625,11.592000007629395,1.112532615661621,182.18499755859375,1.2853471040725708,7.817070007324219,15018.0,81.99030303955078,141.75,1285.6500244140625,16.974300384521484,4.563499927520752,0.6169000864028931,54.720001220703125,1.3311100006103516,34.400001525878906,31.32200050354004,1.3223999738693237,17.940099716186523,4.777400016784668,90.46499633789062,1
2023-07-25,0.6733009219169617,7.185299873352051,1.4574300050735474,0.9623200297355652,0.8633999824523926,377.64801025390625,156.54600524902344,11.51453971862793,1.1063170433044434,181.27999877929688,1.281262755393982,7.813469886779785,15021.5,81.81420135498047,141.52200317382812,1280.530029296875,16.826099395751953,4.571000099182129,0.6200205087661743,54.48500061035156,1.3318500518798828,34.54999923706055,31.299999237060547,1.3174599409103394,17.725130081176758,4.725500106811523,90.41500091552734,1
2023-07-26,0.6787599325180054,7.13539981842041,1.457170009613037,0.9553200006484985,0.8569899797439575,379.68499755859375,155.70899963378906,11.461709976196289,1.1050456762313843,181.68099975585938,1.2893908023834229,7.811200141906738,15032.0,81.95010375976562,140.91299438476562,1274.1199951171875,16.926700592041016,4.571000099182129,0.6216585636138916,54.525001525878906,1.3278299570083618,34.38800048828125,31.166000366210938,1.3187099695205688,17.52050018310547,4.748899936676025,90.16500091552734,1
2023-07-27,0.6759999394416809,7.150000095367432,1.462649941444397,0.9544500112533569,0.856939971446991,381.656005859375,155.49400329589844,11.523530006408691,1.1078368425369263,181.4429931640625,1.292724609375,7.802000045776367,15007.0,81.97550201416016,140.36700439453125,1275.1700439453125,16.86244010925293,4.550000190734863,0.6212299466133118,54.46500015258789,1.3257999420166016,34.2239990234375,31.214000701904297,1.3204599618911743,17.61009979248047,4.736199855804443,89.96499633789062,1
2023-07-28,0.6711859703063965,7.173099994659424,1.4521900415420532,0.9538400173187256,0.8580800294876099,382.02801513671875,152.43099975585938,11.537050247192383,1.0978755950927734,177.65199279785156,1.2793776988983154,7.8029398918151855,15095.0,82.3749008178711,138.86399841308594,1283.8800048828125,16.84709930419922,4.51800012588501,0.6187467575073242,54.78099822998047,1.3308500051498413,34.45399856567383,31.296300888061523,1.322700023651123,17.78904914855957,4.741600036621094,90.66500091552734,1
2023-07-31,0.6660805344581604,7.102799892425537,1.4607599973678589,0.958869993686676,0.8575999736785889,384.20599365234375,155.16799926757812,11.608799934387207,1.1024264097213745,180.91700744628906,1.2853965759277344,7.7964701652526855,15088.0,82.25279998779297,140.75799560546875,1272.3900146484375,16.68090057373047,4.552000045776367,0.6160100698471069,54.90399932861328,1.331279993057251,34.2400016784668,31.353500366210938,1.3250999450683594,17.597999572753906,4.723299980163574,92.0250015258789,1
2023-08-01,0.6716818809509277,7.095699787139893,1.4508099555969238,0.9585700035095215,0.8568699955940247,387.0199890136719,156.51300048828125,11.563220024108887,1.0997591018676758,182.6479949951172,1.283400535583496,7.797920227050781,15104.0,82.2332992553711,142.322998046875,1277.9300537109375,16.738100051879883,4.5279998779296875,0.6204898357391357,54.71900177001953,1.329740047454834,34.236000061035156,31.39889907836914,1.319200038909912,17.855199813842773,4.724699974060059,91.61499786376953,1
2023-08-02,0.6617608070373535,7.176499843597412,1.460610032081604,0.9604799747467041,0.8602399826049805,388.4859924316406,157.35400390625,11.634050369262695,1.1007881164550781,182.89700317382812,1.2795741558074951,7.7941999435424805,15131.0,82.30729675292969,142.97000122070312,1289.050048828125,16.8735294342041,4.519499778747559,0.614148736000061,54.87900161743164,1.3346400260925293,34.290000915527344,31.594999313354492,1.3268500566482544,18.240190505981445,4.791999816894531,92.375,1
2023-08-03,0.6544999480247498,7.190400123596191,1.4602400064468384,0.960099995136261,0.860319972038269,388.1839904785156,156.86099243164062,11.715909957885742,1.0944151878356934,182.31500244140625,1.2720379829406738,7.8018798828125,15220.0,82.7332992553711,143.343994140625,1295.3699951171875,17.00079917907715,4.554500102996826,0.6086301207542419,55.33100128173828,1.3414299488067627,34.45000076293945,31.63010025024414,1.33433997631073,18.442699432373047,4.810400009155273,94.01499938964844,1
2023-08-04,0.6561206579208374,7.162799835205078,1.462049961090088,0.9574300050735474,0.8611000180244446,392.8739929199219,156.15499877929688,11.677729606628418,1.095158338546753,181.31399536132812,1.2716336250305176,7.808199882507324,15161.0,82.7843017578125,142.59800720214844,1296.4000244140625,17.318199157714844,4.541500091552734,0.6082391738891602,55.72999954223633,1.340499997138977,34.560001373291016,31.640499114990234,1.3350600004196167,18.638999938964844,4.916399955749512,94.96499633789062,1
2023-08-07,0.657371461391449,7.131199836730957,1.471500039100647,0.9617699980735779,0.8630599975585938,388.72900390625,156.0959930419922,11.65250015258789,1.1002674102783203,180.85400390625,1.2747948169708252,7.811500072479248,15163.0,82.69529724121094,141.87600708007812,1303.050048828125,17.08099937438965,4.552499771118164,0.6100090146064758,55.119998931884766,1.339419960975647,34.630001068115234,31.652000427246094,1.3372999429702759,18.438800811767578,4.88539981842041,95.83999633789062,1
2023-08-08,0.6572591066360474,7.192299842834473,1.4707000255584717,0.9604399800300598,0.8607800006866455,387.8349914550781,156.8090057373047,11.651700019836426,1.100315809249878,182.14700317382812,1.2782002687454224,7.807400226593018,15232.0,82.74829864501953,142.5240020751953,1307.75,17.064699172973633,4.55649995803833,0.6106571555137634,56.19900131225586,1.340399980545044,34.81999969482422,31.66550064086914,1.3371200561523438,18.696800231933594,4.89900016784668,95.71499633789062,1
2023-08-09,0.6531601548194885,7.215700149536133,1.4713799953460693,0.9595400094985962,0.860040009021759,389.5570068359375,157.0019989013672,11.745499610900879,1.0958904027938843,182.52000427246094,1.2741613388061523,7.8140997886657715,15207.2001953125,82.84500122070312,143.2779998779297,1316.6700439453125,17.106399536132812,4.579999923706055,0.6056678295135498,56.28499984741211,1.3477699756622314,35.0,31.795499801635742,1.3424999713897705,18.907499313354492,4.898600101470947,97.16999816894531,1
2023-08-10,0.6536802053451538,7.208600044250488,1.4729700088500977,0.9626100063323975,0.8629500269889832,388.239990234375,157.7689971923828,11.706700325012207,1.0977671146392822,182.8070068359375,1.2720056772232056,7.820419788360596,15207.0,82.86630249023438,143.7270050048828,1313.6400146484375,17.059289932250977,4.56850004196167,0.606207549571991,56.29399871826172,1.3461300134658813,35.05500030517578,31.708999633789062,1.341879963874817,18.951419830322266,4.901700019836426,96.83999633789062,1
2023-08-11,0.6512498259544373,7.214700222015381,1.476349949836731,0.9629200100898743,0.8666899800300598,385.0950012207031,159.06399536132812,11.753040313720703,1.0981649160385132,183.51300048828125,1.2670094966888428,7.8196001052856445,15259.0,82.79989624023438,144.85400390625,1318.3299560546875,17.067699432373047,4.569499969482422,0.6013337969779968,56.15700149536133,1.3494700193405151,35.119998931884766,31.741500854492188,1.344480037689209,18.819900512695312,4.891499996185303,96.98999786376953,1
2023-08-14,0.6495404839515686,7.192299842834473,1.4708600044250488,0.9593799710273743,0.8620700240135193,382.37298583984375,158.48800659179688,11.851079940795898,1.094439148902893,183.83700561523438,1.2695027589797974,7.817599773406982,15317.0,82.89730072021484,144.81700134277344,1329.6099853515625,16.993989944458008,4.584499835968018,0.5984584093093872,56.571998596191406,1.3531700372695923,35.084999084472656,31.893999099731445,1.3439799547195435,18.923200607299805,4.910999774932861,99.95999908447266,1
2023-08-15,0.6488400101661682,7.257299900054932,1.468000054359436,0.9577000141143799,0.8597000241279602,383.97698974609375,158.63400268554688,11.779669761657715,1.0909883975982666,184.4499969482422,1.2685203552246094,7.819300174713135,15347.0,83.2333984375,145.43699645996094,1334.739990234375,17.045299530029297,4.617000102996826,0.5974786281585693,56.856998443603516,1.35562002658844,35.22999954223633,31.90399932861328,1.3458800315856934,19.064899444580078,4.962100028991699,96.96499633789062,1
2023-08-16,0.6457903981208801,7.281499862670898,1.4709399938583374,0.9578999876976013,0.858299970626831,387.68798828125,158.76800537109375,11.84235954284668,1.0904173851013184,184.9290008544922,1.2701315879821777,7.824100017547607,15311.5,83.19419860839844,145.60800170898438,1338.739990234375,17.12866973876953,4.632999897003174,0.5957380533218384,56.8489990234375,1.3581500053405762,35.40999984741211,31.864900588989258,1.3490099906921387,19.137699127197266,4.9832000732421875,98.46499633789062,1
2023-08-17,0.6414697170257568,7.296999931335449,1.4719899892807007,0.957069993019104,0.8543499708175659,386.56298828125,159.12399291992188,11.876179695129395,1.0874884128570557,186.2270050048828,1.2728151082992554,7.831299781799316,15362.0,83.23699951171875,146.33299255371094,1343.3299560546875,17.14409065246582,4.626999855041504,0.5931304097175598,56.625999450683594,1.360360026359558,35.46900177001953,31.912799835205078,1.353659987449646,19.174489974975586,4.9868998527526855,94.46399688720703,1
2023-08-18,0.6406888961791992,7.280399799346924,1.4729299545288086,0.9550399780273438,0.8529000282287598,384.58099365234375,158.447998046875,11.886540412902832,1.0874648094177246,185.7449951171875,1.275022268295288,7.829699993133545,15362.5,83.09829711914062,145.71400451660156,1339.0799560546875,17.09787940979004,4.650000095367432,0.5925890803337097,56.70500183105469,1.357890009880066,35.46900177001953,31.896400451660156,1.3545199632644653,19.05139923095703,4.975500106811523,94.46499633789062,1
2023-08-21,0.6414697170257568,7.280700206756592,1.472659945487976,0.9594799876213074,0.8534799814224243,382.01300048828125,158.02000427246094,11.925569534301758,1.087559461593628,185.1359405517578,1.2741937637329102,7.832640171051025,15278.0,83.16729736328125,145.30499267578125,1339.1700439453125,17.026100158691406,4.644999980926514,0.5926803946495056,56.141998291015625,1.3567399978637695,35.369998931884766,31.902000427246094,1.354159951210022,18.967199325561523,4.966899871826172,95.16500091552734,1
2023-08-22,0.6414080262184143,7.197999954223633,1.475600004196167,0.9573400020599365,0.8539999723434448,382.49200439453125,159.36700439453125,11.932519912719727,1.0898351669311523,186.5989990234375,1.2760798931121826,7.839000225067139,15318.900390625,83.1135025024414,146.23800659179688,1339.739990234375,17.012800216674805,4.646500110626221,0.5929685831069946,56.25,1.3572800159454346,35.189998626708984,31.916200637817383,1.3543000221252441,18.940000534057617,4.978700160980225,93.46499633789062,1
2023-08-23,0.6427999138832092,7.292399883270264,1.4697099924087524,0.9546200037002563,0.8518000245094299,382.6549987792969,158.10299682617188,11.85200023651123,1.0846692323684692,185.572998046875,1.2731555700302124,7.8378801345825195,15317.0,83.07330322265625,145.76300048828125,1339.68994140625,16.906450271606445,4.645999908447266,0.5940676331520081,56.1349983215332,1.3575799465179443,35.02000045776367,31.976999282836914,1.3550100326538086,18.76995086669922,4.937099933624268,94.46499633789062,1
2023-08-24,0.6480587720870972,7.170499801635742,1.4694000482559204,0.9532999992370605,0.8541300296783447,382.22698974609375,157.1909942626953,11.854499816894531,1.086578607559204,184.02200317382812,1.2720541954040527,7.840799808502197,15294.099609375,82.5447006225586,144.67300415039062,1327.780029296875,16.77910041809082,4.645999908447266,0.5974286794662476,56.415000915527344,1.3517999649047852,34.90299987792969,31.85580062866211,1.352370023727417,18.454099655151367,4.855100154876709,94.96600341796875,1
2023-08-25,0.6413956880569458,7.276500225067139,1.4671499729156494,0.9559100270271301,0.8574900031089783,383.43499755859375,157.72500610351562,11.885000228881836,1.07991361618042,183.9290008544922,1.2592872381210327,7.841300010681152,15239.0,82.64140319824219,146.06700134277344,1326.6199951171875,16.830610275268555,4.64300012588501,0.591957688331604,56.619998931884766,1.3567999601364136,34.9900016784668,31.81410026550293,1.358680009841919,18.790630340576172,4.880300045013428,94.46499633789062,1
2023-08-28,0.6416714191436768,7.289000034332275,1.4677200317382812,0.955299973487854,0.8575999736785889,381.3800048828125,158.20799255371094,11.925620079040527,1.0797386169433594,184.46299743652344,1.2589701414108276,7.843339920043945,15288.0,82.66429901123047,146.531005859375,1323.6099853515625,16.718799591064453,4.637499809265137,0.5910863876342773,56.59600067138672,1.3554400205612183,35.06700134277344,31.812000274658203,1.3594000339508057,18.61829948425293,4.8703999519348145,95.46499633789062,1
2023-08-29,0.6428180932998657,7.289100170135498,1.472309947013855,0.9564099907875061,0.8583599925041199,383.21600341796875,158.5449981689453,11.871620178222656,1.0825556516647339,184.6959991455078,1.2611136436462402,7.84591007232666,15255.5,82.69149780273438,146.46400451660156,1322.8199462890625,16.785999298095703,4.6519999504089355,0.5907477140426636,56.71099853515625,1.355139970779419,35.22999954223633,31.81800079345703,1.3601100444793701,18.55430030822754,4.872600078582764,94.46499633789062,1
2023-08-30,0.647659957408905,7.279399871826172,1.4736299514770508,0.955299973487854,0.8600800037384033,380.79998779296875,158.66900634765625,11.820799827575684,1.0869210958480835,184.468994140625,1.2636793851852417,7.846199989318848,15196.5,82.49469757080078,145.98800659179688,1321.0699462890625,16.786699295043945,4.64300012588501,0.5967476963996887,56.67399978637695,1.3494999408721924,35.0,31.767000198364258,1.3558900356292725,18.448299407958984,4.85129976272583,95.38999938964844,1
2023-08-31,0.6478782296180725,7.283599853515625,1.4788000583648682,0.9596800208091736,0.859749972820282,379.2820129394531,159.66799926757812,11.840849876403809,1.0932546854019165,185.69400024414062,1.271179437637329,7.845860004425049,15216.0,82.70040130615234,146.0989990234375,1323.030029296875,16.757129669189453,4.637499809265137,0.5952983498573303,56.75899887084961,1.3496700525283813,34.994998931884766,31.798799514770508,1.3535300493240356,18.693910598754883,4.888400077819824,96.26499938964844,1
2023-09-01,0.6488408446311951,7.256899833679199,1.4649200439453125,0.9577199816703796,0.8556399941444397,380.77099609375,157.74899291992188,11.871769905090332,1.0844104290008545,184.33200073242188,1.2672826051712036,7.842400074005127,15231.0,82.68240356445312,145.47300720214844,1324.6400146484375,16.998220443725586,4.637499809265137,0.5976964831352234,56.6150016784668,1.3502999544143677,35.00199890136719,31.80780029296875,1.3509700298309326,18.831050872802734,4.953800201416016,95.83999633789062,1
2023-09-04,0.6452862024307251,7.140100002288818,1.4644999504089355,0.9539999961853027,0.8557999730110168,384.07501220703125,157.36000061035156,11.89109992980957,1.07758629322052,183.8800048828125,1.2591445446014404,7.845590114593506,15233.0,82.6969985961914,146.0570068359375,1317.4599609375,17.073270797729492,4.644999980926514,0.5942582488059998,56.529998779296875,1.3539199829101562,35.099998474121094,31.863000869750977,1.3594499826431274,18.79694938659668,4.97629976272583,96.37000274658203,1
2023-09-05,0.6458100080490112,7.271900177001953,1.4674700498580933,0.9547799825668335,0.8548700213432312,382.0140075683594,158.13600158691406,11.871760368347168,1.0794472694396973,184.92999267578125,1.2623074054718018,7.835700035095215,15227.0,82.7345962524414,146.54299926757812,1317.949951171875,17.17608070373535,4.652500152587891,0.5937396287918091,56.57500076293945,1.3550000190734863,35.26100158691406,31.857799530029297,1.3598699569702148,19.098100662231445,4.936200141906738,96.21499633789062,1
2023-09-06,0.6375396251678467,7.303400039672852,1.4625999927520752,0.9538400173187256,0.8531200289726257,387.2690124511719,158.1300048828125,11.89795970916748,1.0726161003112793,185.35499572753906,1.2570552825927734,7.841599941253662,15298.0,83.08609771728516,147.4709930419922,1331.72998046875,17.382600784301758,4.642499923706055,0.58841872215271,56.970001220703125,1.3608200550079346,35.44499969482422,31.904499053955078,1.3638900518417358,19.117799758911133,4.966700077056885,96.73500061035156,1
2023-09-07,0.6383001804351807,7.315899848937988,1.4626100063323975,0.9558699727058411,0.8579699993133545,389.0660095214844,158.39700317382812,11.914520263671875,1.0724204778671265,184.60800170898438,1.2498750686645508,7.842599868774414,15336.0,83.25740051269531,147.70899963378906,1333.4599609375,17.578899383544922,4.671999931335449,0.5870990753173828,56.92100143432617,1.3640600442886353,35.55099868774414,31.933900833129883,1.3638999462127686,19.202199935913086,4.9770002365112305,97.76499938964844,1
2023-09-08,0.6377400159835815,7.3277997970581055,1.4637500047683716,0.9549400210380554,0.857450008392334,386.9309997558594,157.60299682617188,11.915610313415527,1.0697818994522095,183.77999877929688,1.2475050687789917,7.836880207061768,15342.0,83.24150085449219,147.33099365234375,1334.02001953125,17.577299118041992,4.677000045776367,0.588200032711029,56.67900085449219,1.365470051765442,35.63199996948242,32.03139877319336,1.3683500289916992,19.130800247192383,4.976099967956543,98.46499633789062,1
2023-09-11,0.6397993564605713,7.232399940490723,1.460479974746704,0.9559299945831299,0.8580700159072876,385.67999267578125,157.6540069580078,11.878239631652832,1.071811318397522,183.71499633789062,1.2489992380142212,7.840419769287109,15318.0,83.03130340576172,147.11300659179688,1335.3199462890625,17.543140411376953,4.673999786376953,0.5901411175727844,56.65999984741211,1.3634999990463257,35.5,32.084999084472656,1.3626999855041504,19.064199447631836,4.982999801635742,97.71499633789062,1
2023-09-12,0.643200159072876,7.288000106811523,1.459380030632019,0.9578499794006348,0.8591899871826172,383.5539855957031,157.64100646972656,11.915369987487793,1.0750375986099243,183.4510040283203,1.2508755922317505,7.831860065460205,15339.099609375,82.94329833984375,146.67799377441406,1320.43994140625,17.281030654907227,4.671999931335449,0.5916810035705566,56.68600082397461,1.3605400323867798,35.5,31.9064998626709,1.3578699827194214,18.84149932861328,4.9293999671936035,95.01499938964844,1
2023-09-13,0.6428180932998657,7.290900230407715,1.4572299718856812,0.9585199952125549,0.8607000112533569,384.8869934082031,158.22500610351562,11.933050155639648,1.075326681137085,183.7989959716797,1.2491724491119385,7.827400207519531,15350.2001953125,82.84300231933594,147.1580047607422,1324.0999755859375,17.21339988708496,4.675000190734863,0.5909885764122009,56.61899948120117,1.3606699705123901,35.59000015258789,31.96380043029785,1.3551000356674194,18.92310905456543,4.946599960327148,94.86900329589844,1
2023-09-14,0.6421617865562439,7.268799781799316,1.4544099569320679,0.958899974822998,0.859279990196228,383.6960144042969,158.1320037841797,11.943280220031738,1.0734220743179321,184.01100158691406,1.248953938484192,7.826300144195557,15353.0,82.93679809570312,147.3459930419922,1329.77001953125,17.130599975585938,4.675000190734863,0.5920312404632568,56.62200164794922,1.361050009727478,35.7400016784668,31.894899368286133,1.3552500009536743,18.80760955810547,4.91540002822876,95.96499633789062,1
2023-09-15,0.6432398557662964,7.275899887084961,1.4373300075531006,0.9531000256538391,0.8575500249862671,384.1090087890625,156.8459930419922,11.89840030670166,1.0637166500091553,182.87399291992188,1.2401869297027588,7.82919979095459,15395.0,83.0282974243164,147.48199462890625,1327.06005859375,17.106359481811523,4.678999900817871,0.5906001329421997,56.73099899291992,1.3643100261688232,35.779998779296875,31.868900299072266,1.3514800071716309,19.02672004699707,4.868199825286865,95.46499633789062,1
2023-09-18,0.6440501809120178,7.273900032043457,1.4425100088119507,0.9567800164222717,0.8604599833488464,383.4320068359375,157.74099731445312,11.903790473937988,1.0668259859085083,183.30799865722656,1.2397565841674805,7.8254499435424805,15346.0,83.08580017089844,147.8679962158203,1328.4200439453125,17.047399520874023,4.68149995803833,0.5905383825302124,56.86000061035156,1.3627500534057617,35.709999084472656,31.878000259399414,1.3521900177001953,18.976980209350586,4.867000102996826,96.76499938964844,1
2023-09-19,0.643960177898407,7.290599822998047,1.442039966583252,0.9593700170516968,0.8633800148963928,383.3290100097656,157.81500244140625,11.914380073547363,1.0692671537399292,182.77000427246094,1.2383747100830078,7.81820011138916,15377.0,83.25489807128906,147.60499572753906,1329.6600341796875,17.11669921875,4.686500072479248,0.5921399593353271,56.597999572753906,1.363420009613037,35.665000915527344,31.898500442504883,1.3487000465393066,19.005699157714844,4.853700160980225,95.91500091552734,1
2023-09-20,0.646600067615509,7.295599937438965,1.4357800483703613,0.9584500193595886,0.8618299961090088,383.531005859375,157.80499267578125,11.915289878845215,1.0682048797607422,183.08900451660156,1.2393569946289062,7.820899963378906,15384.5,83.19499969482422,147.74200439453125,1328.530029296875,17.06485939025879,4.693999767303467,0.5951495170593262,56.736000061035156,1.3643399477005005,36.00899887084961,31.979999542236328,1.3442699909210205,18.905000686645508,4.865799903869629,97.46600341796875,1
2023-09-21,0.6436100006103516,7.285999774932861,1.4353699684143066,0.9579399824142456,0.8639100193977356,384.0719909667969,157.9720001220703,11.876370429992676,1.065303087234497,182.83399963378906,1.2328935861587524,7.823800086975098,15361.0,83.08699798583984,148.3209991455078,1332.3399658203125,17.092159271240234,4.683499813079834,0.5925294160842896,56.74800109863281,1.3662400245666504,36.22999954223633,32.0088996887207,1.3476699590682983,18.850400924682617,4.878799915313721,95.98999786376953,1
2023-09-22,0.6409598588943481,7.30649995803833,1.4367200136184692,0.9643099904060364,0.8671200275421143,387.70001220703125,157.39700317382812,11.908089637756348,1.0661548376083374,181.49899291992188,1.2294225692749023,7.821000099182129,15400.5,82.89129638671875,147.6439971923828,1341.1700439453125,17.21109962463379,4.689000129699707,0.5931796431541443,56.766998291015625,1.3665599822998047,36.119998931884766,32.13800048828125,1.347749948501587,18.95039939880371,4.934899806976318,96.06400299072266,1
2023-09-25,0.6440999507904053,7.297500133514404,1.4345999956130981,0.9658799767494202,0.8697500228881836,389.25799560546875,158.04400634765625,11.840299606323242,1.0648492574691772,181.69200134277344,1.2241849899291992,7.820409774780273,15368.0,82.97480010986328,148.4340057373047,1334.6600341796875,17.173599243164062,4.684999942779541,0.595710039138794,56.8120002746582,1.365820050239563,35.970001220703125,32.13100051879883,1.3476999998092651,18.740999221801758,4.933899879455566,96.26499938964844,1
2023-09-26,0.6422001123428345,7.309899806976318,1.4245400428771973,0.9660400152206421,0.867110013961792,390.24798583984375,157.6009979248047,11.717630386352539,1.0591648817062378,181.72999572753906,1.2213143110275269,7.816359996795654,15405.0,83.0282974243164,148.81100463867188,1338.449951171875,17.3843994140625,4.683000087738037,0.5967299342155457,56.849998474121094,1.3662099838256836,36.14400100708008,32.10279846191406,1.345039963722229,18.766300201416016,4.968299865722656,94.80500030517578,1
2023-09-27,0.6393861770629883,7.310699939727783,1.428760051727295,0.9678999781608582,0.8700299859046936,390.58099365234375,157.51699829101562,11.629340171813965,1.0569483041763306,181.02000427246094,1.2146830558776855,7.821300029754639,15493.0,83.29869842529297,149.0449981689453,1353.75,17.54500961303711,4.6875,0.5947707891464233,57.21699905395508,1.368899941444397,36.39699935913086,32.18980026245117,1.3519599437713623,19.061100006103516,4.986199855804443,96.56500244140625,1
2023-09-28,0.634759783744812,7.30810022354126,1.4181300401687622,0.9673100113868713,0.8656200170516968,392.34100341796875,157.04200744628906,11.618780136108398,1.0505305528640747,181.40699768066406,1.2135332822799683,7.821080207824707,15569.0,83.22270202636719,149.4980010986328,1352.8199462890625,17.68695068359375,4.705999851226807,0.591621458530426,56.96699905395508,1.3729300498962402,36.66999816894531,32.225799560546875,1.350100040435791,19.198400497436523,5.042200088500977,96.06999969482422,1
2023-09-29,0.6427974700927734,7.299900054931641,1.4249099493026733,0.9662200212478638,0.8653900027275085,391.64300537109375,157.7310028076172,11.536760330200195,1.0562450885772705,182.2480010986328,1.2204796075820923,7.829349994659424,15474.0,83.19300079345703,149.33700561523438,1347.8499755859375,17.5389404296875,4.705999851226807,0.5964398384094238,56.63800048828125,1.3660399913787842,36.566001892089844,32.06079864501953,1.3490999937057495,18.97266960144043,5.032800197601318,96.61499786376953,1
2023-10-02,0.6437202095985413,7.163599967956543,1.4338699579238892,0.9670699834823608,0.866349995136261,389.51800537109375,157.96200561523438,11.539640426635742,1.0565240383148193,182.30999755859375,1.2193039655685425,7.831600189208984,15448.0,83.03479766845703,149.5399932861328,1351.93994140625,17.39539909362793,4.692800045013428,0.5995886921882629,56.69499969482422,1.3669400215148926,36.67399978637695,32.244998931884766,1.3573700189590454,18.879199981689453,5.042799949645996,97.96499633789062,1
2023-10-03,0.6362699270248413,7.179900169372559,1.4332599639892578,0.9619699716567993,0.8667399883270264,388.6199951171875,157.04200744628906,11.582759857177734,1.0480751991271973,181.17300415039062,1.209116816520691,7.831900119781494,15516.0,83.3593978881836,149.8509979248047,1354.18994140625,17.662500381469727,4.7144999504089355,0.5941911935806274,56.763999938964844,1.373329997062683,37.02399826049805,32.306800842285156,1.3676300048828125,19.211999893188477,5.061500072479248,98.76499938964844,1
2023-10-04,0.6308901309967041,7.194300174713135,1.4347000122070312,0.9642000198364258,0.8667200207710266,389.489013671875,156.16000366210938,11.594590187072754,1.0472300052642822,180.1820068359375,1.2078461647033691,7.832600116729736,15622.0,83.22979736328125,149.19200134277344,1359.219970703125,18.0093994140625,4.7220001220703125,0.5913485288619995,56.83000183105469,1.3734300136566162,37.09000015258789,32.31169891357422,1.3709100484848022,19.298099517822266,5.166299819946289,100.96499633789062,1
2023-10-05,0.6329101920127869,7.200300216674805,1.4440300464630127,0.9631699919700623,0.8656100034713745,387.0780029296875,156.5070037841797,11.613459587097168,1.0507071018218994,180.78900146484375,1.2137395143508911,7.828800201416016,15591.0,83.44979858398438,148.96600341796875,1351.1600341796875,17.978099822998047,4.729000091552734,0.5918700695037842,56.60900115966797,1.3717800378799438,36.91600036621094,32.29119873046875,1.3744200468063354,19.319599151611328,5.154600143432617,99.46499633789062,1
2023-10-06,0.6371049880981445,7.197700023651123,1.4455100297927856,0.9625599980354309,0.8652899861335754,387.4280090332031,156.56300354003906,11.6148099899292,1.0546631813049316,180.9219970703125,1.2187690734863281,7.831099987030029,15631.0,83.22489929199219,148.46299743652344,1346.06005859375,18.278139114379883,4.724999904632568,0.596640944480896,56.63100051879883,1.3673700094223022,36.935001373291016,32.20370101928711,1.3705699443817139,19.507299423217773,5.164999961853027,100.08999633789062,1
2023-10-09,0.6371999979019165,7.30049991607666,1.4435499906539917,0.9604099988937378,0.8646600246429443,386.8340148925781,157.61599731445312,11.596150398254395,1.056747317314148,182.2740020751953,1.222090482711792,7.831459999084473,15603.0,83.12460327148438,149.16000366210938,1343.3599853515625,18.22800064086914,4.710999965667725,0.5972787737846375,56.68000030517578,1.3660000562667847,36.939998626708984,32.11800003051758,1.3661099672317505,19.356670379638672,5.145699977874756,100.96499633789062,1
2023-10-10,0.6420900225639343,7.29040002822876,1.436579942703247,0.9573000073432922,0.8635299801826477,388.4530029296875,156.90914916992188,11.581609725952148,1.0578875541687012,181.68299865722656,1.2250398397445679,7.828700065612793,15691.400390625,83.27030181884766,148.32699584960938,1346.8900146484375,18.207679748535156,4.729499816894531,0.6031108498573303,56.880001068115234,1.3640899658203125,36.90999984741211,32.137298583984375,1.358049988746643,19.138900756835938,5.135200023651123,99.21499633789062,1
2023-10-11,0.643347442150116,7.295000076293945,1.4403899908065796,0.9592499732971191,0.8628299832344055,387.27801513671875,157.5989990234375,11.525320053100586,1.0604791641235352,182.63600158691406,1.229135513305664,7.819240093231201,15718.5,83.25029754638672,148.6280059814453,1341.8900146484375,17.934030532836914,4.723999977111816,0.6041894555091858,56.77899932861328,1.3627500534057617,36.5629997253418,32.01649856567383,1.3583600521087646,19.00029945373535,5.051000118255615,100.26480102539062,1
2023-10-12,0.6418097615242004,7.298699855804443,1.4441800117492676,0.9572100043296814,0.8624899983406067,386.18798828125,158.32899475097656,11.580599784851074,1.0624282360076904,183.53399658203125,1.2316333055496216,7.819699764251709,15693.0,83.21800231933594,149.03599548339844,1338.260009765625,17.837169647216797,4.716000080108643,0.6019490957260132,56.527000427246094,1.3625799417495728,36.41999816894531,32.059200286865234,1.3594499826431274,18.809789657592773,5.049600124359131,97.71600341796875,1
2023-10-13,0.6316800117492676,7.301499843597412,1.4416799545288086,0.9564800262451172,0.8647699952125549,387.06201171875,157.81199645996094,11.570779800415039,1.0536741018295288,182.47000122070312,1.2183235883712769,7.823800086975098,15739.0,83.26239776611328,149.7899932861328,1348.3399658203125,17.97064971923828,4.710000038146973,0.5921609997749329,56.77299880981445,1.3694499731063843,36.39899826049805,32.1697998046875,1.3683799505233765,19.011600494384766,5.045899868011475,97.69000244140625,1
2023-10-16,0.6312999725341797,7.168099880218506,1.4354599714279175,0.9495999813079834,0.8656200170516968,387.71600341796875,157.35499572753906,11.582320213317871,1.0521553754806519,181.75999450683594,1.215376853942871,7.823309898376465,15676.0,83.28230285644531,149.5659942626953,1352.0699462890625,18.049999237060547,4.72599983215332,0.5906604528427124,56.79999923706055,1.3690299987792969,36.185001373291016,32.19490051269531,1.3644299507141113,18.971750259399414,5.0482001304626465,97.66500091552734,1
2023-10-17,0.6337798237800598,7.309299945831299,1.4368000030517578,0.9502999782562256,0.864139974117279,386.12701416015625,157.86300659179688,11.525400161743164,1.0554312467575073,182.656005859375,1.2211503982543945,7.817500114440918,15675.0,83.19950103759766,149.5780029296875,1347.760009765625,17.90700912475586,4.733500003814697,0.5901515483856201,56.619998931884766,1.3684200048446655,36.29399871826172,32.186500549316406,1.3614399433135986,18.77475929260254,5.037600040435791,97.31500244140625,1
2023-10-18,0.6362699270248413,7.311699867248535,1.443410038948059,0.9516100287437439,0.8680999875068665,384.24200439453125,158.30999755859375,11.537349700927734,1.057305932044983,182.36000061035156,1.2178784608840942,7.8242998123168945,15728.2001953125,83.26429748535156,149.75900268554688,1352.989990234375,18.001800537109375,4.734000205993652,0.5894801616668701,56.61199951171875,1.3681000471115112,36.36000061035156,32.32500076293945,1.3653000593185425,18.793899536132812,5.037399768829346,97.99500274658203,1
2023-10-19,0.6332400441169739,7.313499927520752,1.4451500177383423,0.9471200108528137,0.8678200244903564,383.9410095214844,157.78900146484375,11.614800453186035,1.053851842880249,181.78700256347656,1.214343786239624,7.828589916229248,15807.0,83.26860046386719,149.74200439453125,1354.56005859375,18.235200881958008,4.742000102996826,0.5853909850120544,56.82600021362305,1.3729000091552734,36.32899856567383,32.395301818847656,1.3713799715042114,18.971750259399414,5.056099891662598,98.07499694824219,1
2023-10-20,0.6326999664306641,7.311200141906738,1.4517500400543213,0.9439100027084351,0.8720899820327759,382.37200927734375,158.54800415039062,11.590720176696777,1.0586491823196411,181.76800537109375,1.2137248516082764,7.8236799240112305,15856.0,83.12229919433594,149.802001953125,1356.22998046875,18.308500289916992,4.762499809265137,0.5842998623847961,56.755001068115234,1.3726199865341187,36.354000091552734,32.34830093383789,1.3715300559997559,19.00149917602539,5.062900066375732,96.1500015258789,1
2023-10-23,0.6320393085479736,7.315400123596191,1.4512799978256226,0.9458799958229065,0.8705400228500366,382.0369873046875,158.71200561523438,11.624340057373047,1.0589966773986816,182.29600524902344,1.2163970470428467,7.825240135192871,15868.0,83.15979766845703,149.8800048828125,1349.3399658203125,18.201099395751953,4.764999866485596,0.5829306244850159,56.755001068115234,1.3725500106811523,36.529998779296875,32.332000732421875,1.370300054550171,18.970500946044922,5.031300067901611,95.41500091552734,1
2023-10-24,0.6336702108383179,7.3140997886657715,1.4604500532150269,0.9504200220108032,0.8708999752998352,381.4330139160156,159.7899932861328,11.707260131835938,1.0669853687286377,183.447998046875,1.2250248193740845,7.8238701820373535,15874.0,83.02940368652344,149.7689971923828,1334.43994140625,18.132299423217773,4.764999866485596,0.5851101279258728,56.65599822998047,1.366729974746704,36.28900146484375,32.236000061035156,1.3688499927520752,18.951120376586914,5.01230001449585,94.46499633789062,1
2023-10-25,0.6360999345779419,7.309000015258789,1.455880045890808,0.9461699724197388,0.8711299896240234,382.9469909667969,158.76400756835938,11.782360076904297,1.059535264968872,182.2310028076172,1.216189980506897,7.823550224304199,15868.0,82.98780059814453,149.85400390625,1343.6400146484375,18.259069442749023,4.787499904632568,0.5846996307373047,56.67900085449219,1.3679499626159668,36.15999984741211,32.20399856567383,1.3741600513458252,19.009899139404297,4.991000175476074,93.44499969482422,1
2023-10-26,0.6296999454498291,7.315700054168701,1.4585000276565552,0.9474499821662903,0.873009979724884,384.4070129394531,158.5989990234375,11.775360107421875,1.056725025177002,181.64999389648438,1.210345983505249,7.821899890899658,15877.5,83.1709976196289,150.09800720214844,1352.6800537109375,18.32740020751953,4.7769999504089355,0.5792199373245239,56.76100158691406,1.3723200559616089,36.220001220703125,32.38029861450195,1.3802900314331055,19.12700080871582,4.994699954986572,93.96499633789062,1
2023-10-27,0.6335999369621277,7.314899921417236,1.4594999551773071,0.9495199918746948,0.8704100251197815,382.5570068359375,158.8419952392578,11.768630027770996,1.0564459562301636,182.4720001220703,1.213710069656372,7.820400238037109,15920.0,83.28250122070312,150.36599731445312,1350.3399658203125,18.136199951171875,4.78380012512207,0.5828898549079895,56.88100051879883,1.368690013885498,36.220001220703125,32.3588981628418,1.3813999891281128,18.93269920349121,4.985300064086914,93.61499786376953,1
2023-10-30,0.6338903307914734,7.158699989318848,1.4642200469970703,0.9531099796295166,0.8719000220298767,383.35198974609375,158.14599609375,11.783289909362793,1.0562450885772705,181.36900329589844,1.2113723754882812,7.821569919586182,15903.5,83.41339874267578,149.73300170898438,1355.219970703125,18.10548973083496,4.776000022888184,0.5808415412902832,56.875999450683594,1.3700599670410156,36.097999572753906,32.41400146484375,1.3863400220870972,18.76535987854004,4.952030181884766,94.16500091552734,1
2023-10-31,0.637100100517273,7.312099933624268,1.4678000211715698,0.9575099945068359,0.8723999857902527,382.4219970703125,158.26199340820312,11.826740264892578,1.061503529548645,181.38299560546875,1.2165746688842773,7.820700168609619,15843.0,83.29650115966797,149.11099243164062,1348.0699462890625,18.048099517822266,4.760000228881836,0.584030270576477,56.707000732421875,1.3647799491882324,35.90999984741211,32.247501373291016,1.3828599452972412,18.834699630737305,5.04610013961792,92.5199966430664,1
2023-11-01,0.6339948177337646,7.315499782562256,1.467900037765503,0.962440013885498,0.8707000017166138,382.3489990234375,160.05799865722656,11.818920135498047,1.0579099655151367,183.8350067138672,1.215214490890503,7.82436990737915,15748.7001953125,83.2771987915039,151.29400634765625,1350.1600341796875,18.04669952392578,4.760000228881836,0.5807403326034546,56.78200149536133,1.36899995803833,36.099998474121094,32.40290069580078,1.387660026550293,18.617799758911133,5.03410005569458,93.29000091552734,1
2023-11-02,0.642259955406189,7.315899848937988,1.4645299911499023,0.9586600065231323,0.8689699769020081,383.40399169921875,159.41000366210938,11.815779685974121,1.05870521068573,183.40699768066406,1.2182197570800781,7.822189807891846,15900.0,85.19400024414062,150.5749969482422,1347.8399658203125,17.76235008239746,4.769000053405762,0.5879793763160706,56.654998779296875,1.366320013999939,36.01300048828125,32.376800537109375,1.3834400177001953,18.44729995727539,4.953700065612793,92.57499694824219,1
2023-11-03,0.6427900195121765,7.3140997886657715,1.4593100547790527,0.9618800282478333,0.8707699775695801,381.70098876953125,159.75399780273438,11.798529624938965,1.0619093179702759,183.43899536132812,1.2191851139068604,7.824520111083984,15838.0,83.24729919433594,150.4969940185547,1333.6800537109375,17.527000427246094,4.749000072479248,0.5895808935165405,56.494998931884766,1.3649200201034546,35.95899963378906,32.159000396728516,1.3746999502182007,18.402099609375,4.952899932861328,93.23999786376953,1
2023-11-06,0.6516865491867065,7.298500061035156,1.465939998626709,0.964900016784668,0.867330014705658,377.30999755859375,160.3820037841797,11.674200057983398,1.0732147693634033,184.8939971923828,1.237378716468811,7.824120044708252,15582.099609375,83.15850067138672,149.44900512695312,1307.8399658203125,17.472129821777344,4.72599983215332,0.5996102690696716,55.691001892089844,1.353559970855713,35.518001556396484,32.08940124511719,1.3660600185394287,18.26289939880371,4.899199962615967,91.69599914550781,1
2023-11-07,0.6489419341087341,7.268599987030029,1.4675999879837036,0.9638199806213379,0.8680999875068665,378.89801025390625,160.7550048828125,11.699769973754883,1.0721560716629028,185.14199829101562,1.2345526218414307,7.820899963378906,15570.0,83.2228012084961,149.98899841308594,1297.1099853515625,17.53529930114746,4.632999897003174,0.5963000655174255,55.731998443603516,1.350600004196167,35.4900016784668,32.10200119018555,1.369729995727539,18.29010009765625,4.884099960327148,92.62000274658203,1
2023-11-08,0.6430099010467529,7.27810001373291,1.4726099967956543,0.9625999927520752,0.8700799942016602,377.90301513671875,160.8520050048828,11.67786979675293,1.0696102380752563,184.83900451660156,1.2291808128356934,7.819699764251709,15643.599609375,83.23269653320312,150.39599609375,1304.550048828125,17.470199584960938,4.632999897003174,0.5936000347137451,55.93000030517578,1.354449987411499,35.49700164794922,32.0802001953125,1.3768500089645386,18.333499908447266,4.871500015258789,92.06500244140625,1
2023-11-09,0.6405698657035828,7.279300212860107,1.4772100448608398,0.9629200100898743,0.8717399835586548,378.802001953125,161.5679931640625,11.660099983215332,1.0710422992706299,185.3070068359375,1.2285012006759644,7.81466007232666,15616.0,83.21769714355469,150.86399841308594,1308.1199951171875,17.52519989013672,4.681300163269043,0.5912017226219177,55.75,1.3559000492095947,35.529998779296875,32.215999603271484,1.3793200254440308,18.48189926147461,4.909299850463867,91.81500244140625,1
2023-11-10,0.6361699104309082,7.282299995422363,1.47298002243042,0.9634400010108948,0.8730400204658508,378.4670104980469,161.4320068359375,11.649629592895508,1.0667576789855957,184.86700439453125,1.2217023372650146,7.808899879455566,15713.7001953125,83.31939697265625,151.3489990234375,1315.199951171875,17.78936004638672,4.690000057220459,0.5889298915863037,55.944000244140625,1.360610008239746,35.76499938964844,32.253501892089844,1.3806999921798706,18.65369987487793,4.933899879455566,91.63999938964844,1
2023-11-13,0.6364598870277405,7.18179988861084,1.4750200510025024,0.964169979095459,0.8741599917411804,376.6969909667969,161.91099548339844,11.630929946899414,1.069015622138977,185.20599365234375,1.2228227853775024,7.811180114746094,15683.0,83.29889678955078,151.468994140625,1319.6199951171875,17.656400680541992,4.690000057220459,0.5894210338592529,55.89699935913086,1.3599799871444702,36.077999114990234,32.34579849243164,1.379889965057373,18.726430892944336,4.893379211425781,92.16999816894531,1
2023-11-14,0.6381002068519592,7.289000034332275,1.4768699407577515,0.964460015296936,0.8713300228118896,376.8160095214844,162.27000427246094,11.5770902633667,1.0701825618743896,186.1999969482422,1.228063702583313,7.808599948883057,15667.0,83.19760131835938,151.64599609375,1319.0699462890625,17.600099563598633,4.705999851226807,0.5882906913757324,55.79999923706055,1.358780026435852,35.9900016784668,32.24449920654297,1.3801499605178833,18.674400329589844,4.906199932098389,91.87999725341797,1
2023-11-15,0.6499837636947632,7.252099990844727,1.4901399612426758,0.9671599864959717,0.8705999851226807,375.5140075683594,163.68899536132812,11.51630973815918,1.0878314971923828,187.9980010986328,1.2494533061981201,7.805319786071777,15281.0,82.98159790039062,150.48500061035156,1304.239990234375,17.332500457763672,4.71750020980835,0.6004491448402405,55.49800109863281,1.3492599725723267,35.49700164794922,32.07699966430664,1.3699400424957275,18.22150993347168,4.864500045776367,90.5,1
2023-11-16,0.6511502265930176,7.245800018310547,1.4851399660110474,0.9628700017929077,0.8737499713897705,376.3280029296875,164.1300048828125,11.434220314025879,1.0854581594467163,187.82400512695312,1.2422360181808472,7.807069778442383,15487.7998046875,83.18620300292969,151.21499633789062,1301.8599853515625,17.29616928100586,4.670000076293945,0.6028890609741211,55.72999954223633,1.350000023841858,35.500999450683594,32.00859832763672,1.368340015411377,18.179100036621094,4.860899925231934,89.41999816894531,1
2023-11-17,0.6470816731452942,7.241000175476074,1.4924800395965576,0.9642400145530701,0.874180018901825,376.35101318359375,163.55599975585938,11.484040260314941,1.0853756666183472,187.0749969482422,1.2414957284927368,7.8023600578308105,15475.0,83.12030029296875,150.7050018310547,1292.449951171875,17.225799560546875,4.670000076293945,0.596530556678772,55.619998931884766,1.347059965133667,35.19499969482422,31.836999893188477,1.3752100467681885,18.36479949951172,4.862199783325195,89.31500244140625,1
2023-11-20,0.6513597369194031,7.209700107574463,1.4962600469589233,0.9662500023841858,0.8757200241088867,377.6730041503906,163.53399658203125,11.451000213623047,1.090702772140503,186.72799682617188,1.2454540729522705,7.7954301834106445,15399.400390625,83.29149627685547,149.94200134277344,1294.5,17.219680786132812,4.670000076293945,0.599621057510376,55.38600158691406,1.3435300588607788,35.10499954223633,31.734699249267578,1.371899962425232,18.333599090576172,4.819177150726318,89.33999633789062,1
2023-11-21,0.6564001441001892,7.167500019073486,1.5019899606704712,0.9679499864578247,0.8749799728393555,379.5719909667969,162.37899780273438,11.422940254211426,1.0945948362350464,185.5679931640625,1.2509069442749023,7.792290210723877,15382.099609375,83.32219696044922,148.36199951171875,1288.1500244140625,17.110740661621094,4.662499904632568,0.6039800047874451,55.119998931884766,1.3375699520111084,35.15299987792969,31.468000411987305,1.3724100589752197,18.323789596557617,4.851799964904785,88.5199966430664,1
2023-11-22,0.6559097170829773,7.086900234222412,1.4957200288772583,0.9643999934196472,0.870199978351593,380.1889953613281,161.73599243164062,11.40824031829834,1.0918222665786743,185.83399963378906,1.2544218301773071,7.795599937438965,15501.2998046875,83.345703125,148.15199279785156,1295.18994140625,17.189599990844727,4.650000095367432,0.6054185032844543,55.28499984741211,1.337730050086975,35.11800003051758,31.374000549316406,1.3701000213623047,18.60733985900879,4.8993000984191895,88.20999908447266,1
2023-11-23,0.6542789936065674,7.154200077056885,1.4907499551773071,0.9625399708747864,0.8717399835586548,380.9020080566406,162.72999572753906,11.405440330505371,1.0890873670578003,186.66299438476562,1.2490007877349854,7.796500205993652,15612.7998046875,83.54830169677734,149.4600067138672,1298.7900390625,17.1951904296875,4.67549991607666,0.6021299958229065,55.32099914550781,1.3420699834823608,35.237998962402344,31.51799964904785,1.3692500591278076,18.870590209960938,4.9054999351501465,88.36499786376953,1
2023-11-24,0.6560100317001343,7.0858001708984375,1.4933700561523438,0.964460015296936,0.8700000047683716,379.1889953613281,163.16000366210938,11.432250022888184,1.0906314849853516,187.5279998779297,1.2533526420593262,7.798299789428711,15495.0,83.34400177001953,149.63499450683594,1300.1800537109375,17.186500549316406,4.676499843597412,0.604880154132843,55.21200180053711,1.3406000137329102,35.27399826049805,31.61400032043457,1.3695000410079956,18.80643081665039,4.902500152587891,88.23999786376953,1
2023-11-27,0.658129870891571,7.081900119781494,1.4910000562667847,0.9651700258255005,0.8682000041007996,378.7449951171875,163.6280059814453,11.435919761657715,1.0940439701080322,188.44900512695312,1.2600330114364624,7.7916998863220215,15560.0,83.31449890136719,149.5709991455078,1289.7900390625,17.113859176635742,4.683000087738037,0.6077501177787781,55.4911003112793,1.3399300575256348,35.37300109863281,31.63599967956543,1.3630499839782715,18.78289031982422,4.900899887084961,89.24500274658203,1
2023-11-28,0.661250114440918,7.130300045013428,1.4908699989318848,0.9643800258636475,0.8673099875450134,379.3349914550781,162.63999938964844,11.414690017700195,1.0958423614501953,187.54200744628906,1.2634397745132446,7.788690090179443,15466.5,83.364501953125,148.45199584960938,1302.530029296875,17.158599853515625,4.682000160217285,0.6103999614715576,55.34000015258789,1.3363100290298462,34.99399948120117,31.524999618530273,1.360700011253357,18.642900466918945,4.895500183105469,89.04000091552734,1
2023-11-29,0.6658999919891357,7.063799858093262,1.492400050163269,0.9650999903678894,0.8655800223350525,377.10101318359375,161.8159942626953,11.344050407409668,1.100594401359558,186.92999267578125,1.2712295055389404,7.7945098876953125,15259.0,83.41809844970703,147.06300354003906,1287.530029296875,17.121000289916992,4.670499801635742,0.614601731300354,54.83000183105469,1.3301899433135986,34.65999984741211,31.27199935913086,1.3562999963760376,18.572799682617188,4.869800090789795,88.84500122070312,1
2023-11-30,0.6619009971618652,7.07889986038208,1.4912300109863281,0.9583500027656555,0.8642899990081787,377.60400390625,161.34300231933594,11.355210304260254,1.0973695516586304,186.65899658203125,1.2696397304534912,7.804100036621094,15407.0,83.3302993774414,147.03900146484375,1288.3599853515625,17.282800674438477,4.670499801635742,0.6155892014503479,55.20000076293945,1.3324300050735474,34.801998138427734,31.069000244140625,1.3590199947357178,18.729299545288086,4.904099941253662,88.66500091552734,1
2023-12-01,0.6606799960136414,7.075399875640869,1.4764699935913086,0.952709972858429,0.8622000217437744,379.9570007324219,161.1929931640625,11.425800323486328,1.0892059803009033,186.927001953125,1.2631685733795166,7.810259819030762,15549.2998046875,83.35269927978516,147.99899291992188,1296.6600341796875,17.376300811767578,4.6570000648498535,0.6157673001289368,55.50199890136719,1.336940050125122,35.25699996948242,31.374000549316406,1.3556499481201172,18.83856964111328,4.923099994659424,89.94000244140625,1
2023-12-04,0.6682884097099304,7.061800003051758,1.4685800075531006,0.944890022277832,0.856410026550293,378.3789978027344,159.38699340820312,11.28400993347168,1.088814616203308,186.0919952392578,1.2713103294372559,7.814080238342285,15437.400390625,83.21859741210938,146.39300537109375,1299.18994140625,17.18876075744629,4.670499801635742,0.6215388178825378,55.236000061035156,1.3325200080871582,34.733001708984375,31.18899917602539,1.348870038986206,18.58839988708496,4.902159214019775,91.19000244140625,1
2023-12-05,0.6617100238800049,7.135200023651123,1.4667999744415283,0.9453999996185303,0.8577799797058105,379.5450134277344,159.66299438476562,11.298749923706055,1.0837758779525757,186.1199951171875,1.2634079456329346,7.815529823303223,15519.900390625,83.41709899902344,147.32699584960938,1307.800048828125,17.454099655151367,4.670000076293945,0.6165000200271606,55.32500076293945,1.3376400470733643,35.21500015258789,31.423599243164062,1.3538999557495117,18.797170639038086,4.9430999755859375,91.46499633789062,1
2023-12-06,0.6554699540138245,7.145599842071533,1.4669300317764282,0.9444199800491333,0.8569499850273132,379.4670104980469,158.85499572753906,11.309700012207031,1.0793657302856445,185.35699462890625,1.2594457864761353,7.8190999031066895,15457.0,83.31590270996094,147.18499755859375,1313.3699951171875,17.358299255371094,4.6620001792907715,0.613399088382721,55.12099838256836,1.340399980545044,35.2400016784668,31.516000747680664,1.3590999841690063,18.948999404907227,4.927700042724609,90.17749786376953,1
2023-12-07,0.6551401019096375,7.144599914550781,1.4632500410079956,0.9416199922561646,0.8571699857711792,379.9750061035156,158.4510040283203,11.271989822387695,1.076669692993164,184.8159942626953,1.2558711767196655,7.810770034790039,15480.0,83.28959655761719,147.1840057373047,1313.719970703125,17.287460327148438,4.666500091552734,0.6140506863594055,55.25400161743164,1.341629981994629,35.196998596191406,31.489099502563477,1.359179973602295,18.960559844970703,4.901199817657471,92.76499938964844,1
2023-12-08,0.6594479084014893,7.148799896240234,1.4672600030899048,0.9446600079536438,0.8569999933242798,381.2959899902344,155.66900634765625,11.200380325317383,1.079214334487915,181.5989990234375,1.258954405784607,7.811500072479248,15500.0,83.35489654541016,144.2779998779297,1312.760009765625,17.472049713134766,4.671999931335449,0.616158127784729,55.37300109863281,1.3395700454711914,35.11000061035156,31.427000045776367,1.3598599433898926,18.80590057373047,4.910099983215332,92.4000015258789,1
2023-12-11,0.6579799652099609,7.1265997886657715,1.461959958076477,0.9469199776649475,0.8574399948120117,379.8789978027344,156.0760040283203,11.260430335998535,1.0765769481658936,182.0070037841797,1.2554770708084106,7.809460163116455,15560.2001953125,83.43009948730469,144.98300170898438,1316.510009765625,17.34709930419922,4.662499904632568,0.6124711632728577,55.362998962402344,1.3413100242614746,35.46200180053711,31.409500122070312,1.3580800294876099,18.903989791870117,4.893286228179932,92.12000274658203,1
2023-12-12,0.6565001010894775,7.174200057983398,1.4616999626159668,0.9453999996185303,0.8575000166893005,382.72698974609375,157.2570037841797,11.285699844360352,1.076658010482788,183.3719940185547,1.2554612159729004,7.80620002746582,15647.0,83.34349822998047,146.0850067138672,1313.6199951171875,17.36989974975586,4.679999828338623,0.612291157245636,55.54600143432617,1.3438299894332886,35.68000030517578,31.327999114990234,1.357800006866455,19.072500228881836,4.936699867248535,90.92500305175781,1
2023-12-13,0.6564600467681885,7.176000118255615,1.4669100046157837,0.9449700117111206,0.8589800000190735,381.8479919433594,156.8679962158203,11.259770393371582,1.0798670053482056,182.59800720214844,1.2570710182189941,7.809500217437744,15569.0,83.39600372314453,145.27999877929688,1310.1400146484375,17.303760528564453,4.682000160217285,0.6137492060661316,55.527000427246094,1.3411500453948975,35.650001525878906,31.473100662231445,1.3585000038146973,18.924299240112305,4.9644999504089355,90.26499938964844,1
2023-12-14,0.6665000319480896,7.1717000007629395,1.4699599742889404,0.9478499889373779,0.8621199727058411,378.8559875488281,155.3800048828125,11.214059829711914,1.0886130332946777,180.2100067138672,1.2622915506362915,7.811399936676025,15275.0,83.2853012084961,142.7729949951172,1292.010009765625,17.26226043701172,4.697500228881836,0.6190800070762634,55.47999954223633,1.3327800035476685,35.08700180053711,31.156999588012695,1.3508100509643555,18.652429580688477,4.918399810791016,89.31500244140625,1
2023-12-15,0.6702682375907898,7.066999912261963,1.4738199710845947,0.9532600045204163,0.8608599901199341,379.24798583984375,156.4080047607422,11.256580352783203,1.0993602275848389,181.66099548339844,1.2771391868591309,7.8069000244140625,15468.0,83.29660034179688,142.2790069580078,1291.9200439453125,17.190380096435547,4.670000076293945,0.6213298439979553,55.65599822998047,1.3283300399780273,34.880001068115234,31.18429946899414,1.3407000303268433,18.31279945373535,4.914599895477295,89.48999786376953,1
2023-12-18,0.6698910593986511,7.070499897003174,1.4579099416732788,0.9485700130462646,0.8597400188446045,381.96099853515625,155.05099487304688,11.182979583740234,1.0895264148712158,180.32899475097656,1.2672343254089355,7.802299976348877,15282.7998046875,83.04170227050781,142.31300354003906,1276.469970703125,17.221200942993164,4.670000076293945,0.6209907531738281,55.736000061035156,1.3332099914550781,34.95199966430664,31.34779930114746,1.3381600379943848,18.28679084777832,4.919657230377197,90.61499786376953,1
2023-12-19,0.6703715920448303,7.131999969482422,1.4634499549865723,0.9471799731254578,0.863349974155426,384.2449951171875,155.89300537109375,11.156270027160645,1.092382788658142,180.5449981689453,1.2651821374893188,7.795100212097168,15454.400390625,83.11119842529297,142.7220001220703,1302.9300537109375,17.162700653076172,4.691500186920166,0.6213804483413696,55.65399932861328,1.332110047340393,34.939998626708984,31.375,1.3397799730300903,18.57699966430664,4.895899772644043,90.48999786376953,1
2023-12-20,0.6762998700141907,7.067599773406982,1.4641599655151367,0.9451000094413757,0.8624100089073181,384.093994140625,157.9969940185547,11.151689529418945,1.0981045961380005,183.16400146484375,1.2732689380645752,7.799600124359131,15455.0,83.09159851074219,143.88900756835938,1297.760009765625,17.059799194335938,4.682000160217285,0.6270418167114258,55.590999603271484,1.3282999992370605,34.83000183105469,31.270000457763672,1.3334200382232666,18.32509994506836,4.866499900817871,90.44000244140625,1
2023-12-21,0.6739816665649414,7.134099960327148,1.461609959602356,0.9440199732780457,0.8656899929046631,383.625,157.01699829101562,11.11598014831543,1.0945708751678467,181.40899658203125,1.2641266584396362,7.806859970092773,15518.0,83.26719665527344,143.5229949951172,1296.97998046875,17.133169174194336,4.656000137329102,0.6253986954689026,55.619998931884766,1.3317099809646606,34.952999114990234,31.309999465942383,1.335819959640503,18.252349853515625,4.914599895477295,90.05500030517578,1
2023-12-22,0.6796802878379822,7.138500213623047,1.4619499444961548,0.9423900246620178,0.8676499724388123,381.93798828125,156.3070068359375,11.099120140075684,1.100618600845337,180.11399841308594,1.268499493598938,7.8095598220825195,15440.0,83.13159942626953,142.07000732421875,1291.7099609375,17.031269073486328,4.6529998779296875,0.6294692158699036,55.2599983215332,1.3265000581741333,34.685001373291016,31.19300079345703,1.3283900022506714,18.16320037841797,4.881800174713135,92.86000061035156,1
2023-12-25,0.6808788776397705,7.0833001136779785,1.4573500156402588,0.9422199726104736,0.8649200201034546,380.6310119628906,156.7899932861328,11.004369735717773,1.102657437324524,181.17361450195312,1.2677003145217896,7.809879779815674,15409.2001953125,83.16500091552734,142.3419952392578,1297.3599853515625,16.978370666503906,4.6529998779296875,0.6319299340248108,55.23500061035156,1.3219599723815918,34.39400100708008,31.079999923706055,1.3256800174713135,18.46660041809082,4.86984395980835,92.08999633789062,1
2023-12-26,0.6806008219718933,7.135499954223633,1.4601600170135498,0.9431700110435486,0.8670300245285034,380.17401123046875,156.71200561523438,10.997260093688965,1.1020255088806152,180.66400146484375,1.27048659324646,7.809899806976318,15460.0,83.17230224609375,142.22999572753906,1294.5799560546875,16.975200653076172,4.629499912261963,0.6306001543998718,55.38999938964844,1.3245999813079834,34.507999420166016,31.119699478149414,1.3250000476837158,18.446199417114258,4.869743824005127,91.9574966430664,1
2023-12-27,0.6823800802230835,7.142399787902832,1.4572099447250366,0.9426900148391724,0.8676199913024902,381.2019958496094,157.2949981689453,11.020660400390625,1.1043012142181396,181.26300048828125,1.272718071937561,7.80679988861084,15400.0,83.18280029296875,142.46099853515625,1293.9200439453125,16.973600387573242,4.636000156402588,0.6328513026237488,55.314998626708984,1.3229000568389893,34.47100067138672,30.94300079345703,1.3195199966430664,18.64900016784668,4.813499927520752,91.59500122070312,1
2023-12-28,0.6854700446128845,7.140200138092041,1.466539978981018,0.9358000159263611,0.8674700260162354,382.0069885253906,157.06300354003906,11.037639617919922,1.110864281654358,180.9499969482422,1.2800819873809814,7.809899806976318,15373.0,83.26719665527344,141.3990020751953,1294.760009765625,16.91360092163086,4.626999855041504,0.6349488496780396,55.54899978637695,1.3195699453353882,34.19499969482422,30.845699310302734,1.320199966430664,18.348079681396484,4.826099872589111,91.61000061035156,1
2023-12-29,0.6826302409172058,7.10699987411499,1.4640899896621704,0.933459997177124,0.8691400289535522,382.2980041503906,156.52699279785156,11.03026008605957,1.1068191528320312,180.04100036621094,1.2733986377716064,7.811800003051758,15425.0,82.302001953125,141.42999267578125,1277.8399658203125,16.951200485229492,4.605000019073486,0.6334887742996216,55.314998626708984,1.3198000192642212,34.290000915527344,30.697999954223633,1.3229600191116333,18.56730079650879,4.850200176239014,88.44000244140625,1
2024-01-01,0.6820491552352905,7.068600177764893,1.460710048675537,0.9283699989318848,0.8665300011634827,382.1109924316406,155.8993377685547,11.126799583435059,1.1055831909179688,179.38800048828125,1.272999882698059,7.808000087738037,15383.099609375,83.24859619140625,140.95199584960938,1293.530029296875,16.96343994140625,4.59250020980835,0.6319698691368103,55.25,1.3190399408340454,34.41999816894531,30.682100296020508,1.3239200115203857,18.26959991455078,4.850500106811523,89.21499633789062,1
2024-01-02,0.6810504198074341,7.068600177764893,1.461609959602356,0.9291700124740601,0.8670700192451477,381.0570068359375,155.76499938964844,11.095430374145508,1.1038745641708374,179.61399841308594,1.2728800773620605,7.809659957885742,15383.0,83.20259857177734,141.12600708007812,1293.5400390625,16.962509155273438,4.59250020980835,0.6315284371376038,55.38800048828125,1.3193000555038452,34.32600021362305,30.66860008239746,1.3242000341415405,18.300399780273438,4.852399826049805,89.21499633789062,1
2024-01-03,0.6765698194503784,7.089600086212158,1.4574600458145142,0.9302499890327454,0.8667700290679932,381.26300048828125,155.53599548339844,11.165639877319336,1.0941756963729858,179.427001953125,1.2623074054718018,7.814929962158203,15498.0,83.25700378417969,142.15499877929688,1307.6199951171875,17.019399642944336,4.60099983215332,0.625,55.5629997253418,1.3263399600982666,34.209999084472656,30.878999710083008,1.332200050354004,18.55558967590332,4.922500133514404,90.3949966430664,1
2024-01-04,0.6736002564430237,7.098899841308594,1.458240032196045,0.9276999831199646,0.8620100021362305,380.0950012207031,156.22799682617188,11.230039596557617,1.0927767753601074,181.2030029296875,1.2674272060394287,7.807499885559082,15555.0,83.31809997558594,142.99899291992188,1309.530029296875,17.012149810791016,4.60099983215332,0.6251289248466492,55.67300033569336,1.3283900022506714,34.439998626708984,31.041900634765625,1.3347699642181396,18.674299240112305,4.9191999435424805,91.96499633789062,1
2024-01-05,0.6706593036651611,7.110000133514404,1.461840033531189,0.9305999875068665,0.8630300164222717,378.4859924316406,158.46800231933594,11.173569679260254,1.0947387218475342,183.60499572753906,1.2684078216552734,7.809100151062012,15511.0,83.2406005859375,144.76499938964844,1311.25,17.00860023498535,4.632999897003174,0.6231298446655273,55.52299880981445,1.329390048980713,34.48899841308594,31.054000854492188,1.3355000019073486,18.686899185180664,4.895599842071533,91.31500244140625,1
2024-01-08,0.6716412901878357,7.09250020980835,1.4617199897766113,0.9308300018310547,0.860319972038269,377.4949951171875,158.33999633789062,11.224869728088379,1.0942236185073853,184.03799438476562,1.271779179573059,7.811240196228027,15477.5,83.19110107421875,144.71600341796875,1313.1300048828125,16.880939483642578,4.6519999504089355,0.6248789429664612,55.49399948120117,1.3296200037002563,34.637001037597656,30.95199966430664,1.3359800577163696,18.670289993286133,4.8606672286987305,90.8949966430664,1
2024-01-09,0.6720001101493835,7.090000152587891,1.4618500471115112,0.9286999702453613,0.8592100143432617,377.22900390625,157.9340057373047,11.197859764099121,1.095170259475708,183.7899932861328,1.274518609046936,7.806000232696533,15495.5,83.05069732666016,144.22999572753906,1311.800048828125,16.83370018005371,4.64900016784668,0.6251797676086426,55.64799880981445,1.328660011291504,34.939998626708984,30.72100067138672,1.3349000215530396,18.564199447631836,4.86899995803833,90.8949966430664,1
2024-01-10,0.6684702038764954,7.101600170135498,1.4636499881744385,0.931850016117096,0.8599600195884705,378.2659912109375,157.88600158691406,11.201339721679688,1.0932426452636719,183.57699584960938,1.2712942361831665,7.815820217132568,15534.5,83.131103515625,144.42799377441406,1319.7900390625,16.966659545898438,4.640999794006348,0.6238303184509277,56.08700180053711,1.3309400081634521,34.91400146484375,31.061100006103516,1.338919997215271,18.63878059387207,4.905099868774414,90.8949966430664,1
2024-01-11,0.6703999042510986,7.170400142669678,1.4681999683380127,0.9333800077438354,0.8610100150108337,377.9330139160156,159.93899536132812,11.209810256958008,1.0975141525268555,185.7310028076172,1.274518609046936,7.819900035858154,15555.0,83.02559661865234,145.73399353027344,1317.5,16.981660842895508,4.640999794006348,0.6229597926139832,56.03099822998047,1.3308000564575195,35.01300048828125,31.117799758911133,1.3378499746322632,18.631759643554688,4.89139986038208,90.88999938964844,1
2024-01-12,0.6698498129844666,7.103099822998047,1.4692399501800537,0.934499979019165,0.8593900203704834,378.82501220703125,159.26800537109375,11.251059532165527,1.0981649160385132,185.3070068359375,1.2777756452560425,7.817800045013428,15556.5,83.07610321044922,145.04600524902344,1311.989990234375,16.901559829711914,4.643499851226807,0.6242314577102661,55.94499969482422,1.3294999599456787,34.98699951171875,30.893999099731445,1.3379900455474854,18.645099639892578,4.869699954986572,89.88999938964844,1
2024-01-15,0.6689097881317139,7.100599765777588,1.467650055885315,0.9339600205421448,0.8593299984931946,378.96099853515625,158.86399841308594,11.246129989624023,1.0945708751678467,184.85699462890625,1.273658275604248,7.81997013092041,15503.2001953125,82.87210083007812,145.1490020751953,1312.8499755859375,16.869070053100586,4.644499778747559,0.6232999563217163,55.78200149536133,1.3319100141525269,34.946998596191406,31.075599670410156,1.340939998626709,18.60658073425293,4.85290002822876,89.88999938964844,1
2024-01-16,0.6650399565696716,7.0970001220703125,1.4704400300979614,0.9369099736213684,0.8606100082397461,378.4259948730469,159.56300354003906,11.296159744262695,1.0945708751678467,185.36700439453125,1.2716174125671387,7.822720050811768,15546.0,82.8593978881836,145.79400634765625,1319.7099609375,16.88479995727539,4.666999816894531,0.6190685629844666,55.729000091552734,1.3339500427246094,34.959999084472656,31.19499969482422,1.3435800075531006,18.649099349975586,4.862199783325195,89.88999938964844,1
2024-01-17,0.6588900089263916,7.116499900817871,1.4674299955368042,0.9371799826622009,0.8607199788093567,379.1520080566406,160.17999267578125,11.345999717712402,1.087878942489624,186.07699584960938,1.26385498046875,7.826300144195557,15625.0,83.08899688720703,147.24600219726562,1337.7900390625,17.197900772094727,4.644000053405762,0.6140884160995483,55.902000427246094,1.3424299955368042,35.38600158691406,31.45800018310547,1.3489999771118164,18.959089279174805,4.924900054931641,87.94999694824219,1
2024-01-18,0.6551997661590576,7.114500045776367,1.469730019569397,0.9408000111579895,0.8586199879646301,380.06500244140625,161.22300720214844,11.36439037322998,1.0885775089263916,187.74200439453125,1.2676842212677002,7.822490215301514,15624.0,83.17759704589844,148.1179962158203,1344.050048828125,17.19260025024414,4.715000152587891,0.611340343952179,55.90700149536133,1.3443800210952759,35.57500076293945,31.542499542236328,1.3502800464630127,19.079200744628906,4.934000015258789,88.62000274658203,1
2024-01-19,0.6582845449447632,7.114999771118164,1.4671200513839722,0.944350004196167,0.85589998960495,382.156005859375,161.1269989013672,11.400259971618652,1.0879143476486206,188.22300720214844,1.2709871530532837,7.821310043334961,15613.099609375,83.16059875488281,148.1280059814453,1337.6600341796875,17.168359756469727,4.715000152587891,0.6120250821113586,55.702999114990234,1.3437199592590332,35.529998779296875,31.58060073852539,1.348620057106018,18.921100616455078,4.92609977722168,88.62000274658203,1
2024-01-22,0.6595479249954224,7.107100009918213,1.463189959526062,0.9459199905395508,0.8576599955558777,381.90301513671875,161.33999633789062,11.387430191040039,1.089229702949524,188.10299682617188,1.2699863910675049,7.8170599937438965,15601.0,83.12470245361328,148.12100219726562,1333.2099609375,17.093149185180664,4.711999893188477,0.6118303537368774,55.86399841308594,1.340399980545044,35.529998779296875,31.383800506591797,1.3431600332260132,19.008899688720703,4.904642105102539,89.41999816894531,1
2024-01-23,0.6570599675178528,7.192699909210205,1.4660099744796753,0.945389986038208,0.8560100197792053,383.3219909667969,161.13699340820312,11.382909774780273,1.088020920753479,188.2310028076172,1.2706964015960693,7.817440032958984,15655.5,83.09510040283203,148.14199829101562,1338.739990234375,17.174699783325195,4.723999977111816,0.607389509677887,56.332000732421875,1.3422499895095825,35.57899856567383,31.368000030517578,1.347790002822876,19.193300247192383,4.98829984664917,87.98999786376953,1
2024-01-24,0.6586300730705261,7.077600002288818,1.4608999490737915,0.9441999793052673,0.8553100228309631,386.0260009765625,160.94900512695312,11.37240982055664,1.0857881307601929,188.12600708007812,1.269196629524231,7.822000026702881,15715.0,83.22139739990234,148.25100708007812,1336.780029296875,17.306060791015625,4.723999977111816,0.610340416431427,56.29100036621094,1.3408499956130981,35.643001556396484,31.395000457763672,1.3456000089645386,18.91320037841797,4.952199935913086,87.98999786376953,1
2024-01-25,0.6576697826385498,7.081999778747559,1.471709966659546,0.9390699863433838,0.8555200099945068,386.81298828125,160.58999633789062,11.35359001159668,1.088174819946289,187.68800354003906,1.271876335144043,7.817699909210205,15714.5,83.09760284423828,147.59100341796875,1329.8900146484375,17.234159469604492,4.726500034332275,0.6108586192131042,56.18199920654297,1.339669942855835,35.709999084472656,31.29199981689453,1.3525400161743164,18.877979278564453,4.932499885559082,88.69000244140625,1
2024-01-26,0.6585879921913147,7.081099987030029,1.4618300199508667,0.9403600096702576,0.8535000085830688,384.8810119628906,160.218994140625,11.318909645080566,1.0847046375274658,187.70700073242188,1.270825743675232,7.818399906158447,15808.0,83.14610290527344,147.72300720214844,1336.030029296875,17.18950080871582,4.729000091552734,0.6108884811401367,56.505001068115234,1.3402899503707886,35.72999954223633,31.315000534057617,1.3477699756622314,18.880399703979492,4.915800094604492,88.0,1
2024-01-29,0.6578601002693176,7.086599826812744,1.4587700366973877,0.9369800090789795,0.8539199829101562,387.9360046386719,160.61700439453125,11.342350006103516,1.0843517780303955,188.0800018310547,1.2697607278823853,7.813119888305664,15767.599609375,83.12129974365234,148.13999938964844,1336.760009765625,17.16861915588379,4.724999904632568,0.609289824962616,56.22200012207031,1.3419899940490723,35.60300064086914,31.273099899291992,1.3453999757766724,18.757030487060547,4.913599967956543,88.0,1
2024-01-30,0.6614194512367249,7.084499835968018,1.4527000188827515,0.933139979839325,0.8521000146865845,389.0119934082031,159.75599670410156,11.31033992767334,1.0834470987319946,187.46200561523438,1.2713264226913452,7.813799858093262,15828.0,83.1530990600586,147.46800231933594,1333.2099609375,17.219560623168945,4.73199987411499,0.613481879234314,56.32500076293945,1.3396300077438354,35.43000030517578,31.184999465942383,1.3411400318145752,18.778499603271484,4.950200080871582,89.2699966430664,1
2024-01-31,0.659480094909668,7.094099998474121,1.4530999660491943,0.934499979019165,0.8540300130844116,386.0509948730469,159.781005859375,11.286100387573242,1.08433997631073,187.07899475097656,1.269551157951355,7.816999912261963,15785.0,83.10970306396484,147.36900329589844,1326.6199951171875,17.1527099609375,4.725500106811523,0.613180935382843,56.29999923706055,1.3393000364303589,35.35100173950195,31.159099578857422,1.3401700258255005,18.779300689697266,4.950300216674805,89.73999786376953,1
2024-02-01,0.656150758266449,7.1006999015808105,1.451449990272522,0.9316200017929077,0.8521000146865845,383.4620056152344,158.7830047607422,11.232500076293945,1.0803920030593872,186.3459930419922,1.2678449153900146,7.817500114440918,15769.0,83.05359649658203,146.99600219726562,1333.9100341796875,17.217529296875,4.7270002365112305,0.611190915107727,56.09600067138672,1.3404099941253662,35.54899978637695,31.2450008392334,1.3435499668121338,18.6135196685791,4.951900005340576,89.9800033569336,1
2024-02-02,0.6574898362159729,7.088500022888184,1.4553300142288208,0.9326000213623047,0.8530700206756592,382.59600830078125,159.24899291992188,11.281959533691406,1.0874648094177246,186.63699340820312,1.27472984790802,7.820099830627441,15726.0,82.92759704589844,146.4510040283203,1328.949951171875,17.0674991607666,4.725599765777588,0.6145714521408081,55.92900085449219,1.3365800380706787,35.29800033569336,31.233999252319336,1.3382999897003174,18.56529998779297,4.914999961853027,90.41000366210938,1
2024-02-05,0.6505080461502075,7.112599849700928,1.4520200490951538,0.9345800280570984,0.8540499806404114,383.4670104980469,160.08099365234375,11.325469970703125,1.0780043601989746,187.427001953125,1.2621959447860718,7.821340084075928,15727.2001953125,82.99929809570312,148.50100708007812,1337.72998046875,17.15069007873535,4.715000152587891,0.6064502000808716,56.16400146484375,1.3434900045394897,35.57500076293945,31.3257999420166,1.3470100164413452,18.882320404052734,4.932938098907471,90.98999786376953,1
2024-02-06,0.6480293273925781,7.108500003814697,1.4543999433517456,0.9352399706840515,0.856939971446991,386.1960144042969,159.65199279785156,11.388319969177246,1.0741831064224243,186.30099487304688,1.2534469366073608,7.821599960327148,15711.5,83.10369873046875,148.63999938964844,1333.3900146484375,17.109100341796875,4.747799873352051,0.6053085327148438,56.297000885009766,1.3470100164413452,35.7599983215332,31.340299606323242,1.3543000221252441,19.048900604248047,4.9499430656433105,90.98999786376953,1
2024-02-07,0.6529674530029297,7.100100040435791,1.450950026512146,0.9352800250053406,0.8533300161361694,386.1400146484375,158.99099731445312,11.29345989227295,1.075719952583313,186.27999877929688,1.2606525421142578,7.822229862213135,15733.0,83.07060241699219,147.8179931640625,1326.7900390625,17.027999877929688,4.763000011444092,0.6099792718887329,56.124000549316406,1.3436599969863892,35.54999923706055,31.20199966430664,1.34893000125885,18.81760025024414,4.962299823760986,90.51000213623047,1
2024-02-08,0.6521880626678467,7.101099967956543,1.4503999948501587,0.9419699907302856,0.8530200123786926,388.0050048828125,159.5724334716797,11.284259796142578,1.077574610710144,186.98399353027344,1.2627378702163696,7.8190999031066895,15647.0,83.01260375976562,148.08599853515625,1327.6199951171875,17.045400619506836,4.758999824523926,0.6109594106674194,55.95000076293945,1.3432600498199463,35.481998443603516,31.36680030822754,1.3464000225067139,18.898700714111328,4.969299793243408,90.51000213623047,1
2024-02-09,0.6497599482536316,7.10699987411499,1.450469970703125,0.9412999749183655,0.8538900017738342,388.3689880371094,160.8459930419922,11.282649993896484,1.0777255296707153,188.35400390625,1.2620525360107422,7.821300029754639,15660.2998046875,82.98529815673828,149.25900268554688,1331.469970703125,17.13170051574707,4.767499923706055,0.6107914447784424,55.965999603271484,1.346809983253479,35.83000183105469,31.303300857543945,1.3459999561309814,18.966400146484375,4.9918999671936035,91.16999816894531,1
2024-02-12,0.6525583267211914,7.178999900817871,1.4531199932098389,0.9439100027084351,0.8544399738311768,387.0320129394531,161.0679931640625,11.27577018737793,1.0798202753067017,188.49200439453125,1.2637271881103516,7.819580078125,15598.0,83.0145034790039,149.16700744628906,1330.06005859375,17.075429916381836,4.762499809265137,0.6147717237472534,55.869998931884766,1.3451800346374512,35.87200164794922,31.367799758911133,1.3457800149917603,18.976049423217773,4.953100204467773,91.37000274658203,1
2024-02-13,0.6528898477554321,7.192200183868408,1.4492000341415405,0.9433000087738037,0.8529599905014038,386.52801513671875,160.91000366210938,11.201640129089355,1.0772264003753662,188.63299560546875,1.2627538442611694,7.8176798820495605,15579.5,82.99019622802734,149.40499877929688,1328.5,17.067760467529297,4.762499809265137,0.6127901673316956,55.891998291015625,1.3447599411010742,35.87099838256836,31.288400650024414,1.3455300331115723,18.89859962463379,4.952199935913086,91.37000274658203,1
2024-02-14,0.6453399062156677,7.188700199127197,1.4525699615478516,0.9502800107002258,0.850409984588623,386.8139953613281,161.38999938964844,11.329070091247559,1.0708931684494019,189.72900390625,1.2590652704238892,7.81935977935791,15661.5,83.07460021972656,150.7239990234375,1340.7900390625,17.202009201049805,4.763999938964844,0.6057815551757812,56.025001525878906,1.3510600328445435,36.0620002746582,31.468700408935547,1.3565800189971924,19.07659912109375,4.952000141143799,91.5,1
2024-02-15,0.6498798131942749,7.175899982452393,1.4529000520706177,0.9498999714851379,0.8538600206375122,388.5119934082031,161.55996704101562,11.274259567260742,1.0732147693634033,189.19500732421875,1.2568340301513672,7.81810998916626,15553.099609375,83.04309844970703,150.54400634765625,1326.0,17.075199127197266,4.7829999923706055,0.609061598777771,56.034000396728516,1.3477599620819092,36.05500030517578,31.34510040283203,1.3538700342178345,19.028560638427734,4.968299865722656,91.63999938964844,1
2024-02-16,0.6525498628616333,7.163899898529053,1.450659990310669,0.9478499889373779,0.8550999760627747,388.8110046386719,161.53399658203125,11.256460189819336,1.0773887634277344,188.89100646972656,1.259921908378601,7.820030212402344,15672.0,83.00959777832031,149.9459991455078,1327.6600341796875,17.040170669555664,4.7779998779296875,0.6111199259757996,55.819000244140625,1.3455599546432495,36.040000915527344,31.262699127197266,1.3465299606323242,18.939529418945312,4.972400188446045,92.2699966430664,1
2024-02-19,0.6537913680076599,7.118599891662598,1.453510046005249,0.9497500061988831,0.8551599979400635,388.22900390625,161.86700439453125,11.234199523925781,1.0784927606582642,189.27099609375,1.2611136436462402,7.8206000328063965,15628.599609375,83.01599884033203,150.09100341796875,1331.5799560546875,17.042930603027344,4.777500152587891,0.6136400103569031,55.959999084472656,1.3453199863433838,35.94499969482422,31.333200454711914,1.3477799892425537,18.825109481811523,4.965099811553955,92.2699966430664,1
2024-02-20,0.6530783176422119,7.197199821472168,1.4545700550079346,0.9512500166893005,0.8560000061988831,387.9639892578125,161.89300537109375,11.193790435791016,1.0775396823883057,189.11399841308594,1.2587641477584839,7.820899963378906,15634.0,83.02100372314453,150.27000427246094,1333.3399658203125,17.03420066833496,4.7845001220703125,0.6142581701278687,55.99800109863281,1.3463200330734253,36.119998931884766,31.402099609375,1.3497999906539917,18.93931007385254,4.956399917602539,92.47000122070312,1
2024-02-21,0.6553500890731812,7.189700126647949,1.4618099927902222,0.9532999992370605,0.8561699986457825,387.2539978027344,162.11099243164062,11.192689895629883,1.0813149213790894,189.3090057373047,1.2627378702163696,7.8209099769592285,15661.0,82.8291015625,149.93899536132812,1333.75,17.059799194335938,4.796299934387207,0.616819441318512,55.8489990234375,1.3436700105667114,35.97999954223633,31.37779998779297,1.3521900177001953,18.9064998626709,4.926400184631348,92.0999984741211,1
2024-02-22,0.6553199887275696,7.1880998611450195,1.4603300094604492,0.9513499736785889,0.8561300039291382,386.9540100097656,162.6840057373047,11.20592975616455,1.0820403099060059,189.99000549316406,1.2638070583343506,7.820650100708008,15642.0,82.93840026855469,150.35499572753906,1332.8699951171875,17.033100128173828,4.792500019073486,0.6180316805839539,55.81999969482422,1.3439099788665771,35.840999603271484,31.426300048828125,1.3496999740600586,18.896129608154297,4.934899806976318,92.0999984741211,1
2024-02-23,0.6559101939201355,7.193299770355225,1.4593499898910522,0.9526799917221069,0.8548200130462646,386.989013671875,162.8979949951172,11.167420387268066,1.0825674533843994,190.53900146484375,1.266367793083191,7.822500228881836,15588.0,82.87229919433594,150.48300170898438,1327.1700439453125,17.10733985900879,4.775000095367432,0.6195287704467773,55.76300048828125,1.3423000574111938,35.93000030517578,31.45400047302246,1.348140001296997,19.14780044555664,4.962399959564209,93.04000091552734,1
2024-02-26,0.6565384864807129,7.194399833679199,1.461400032043457,0.95346999168396,0.8537700176239014,388.5329895019531,162.83099365234375,11.161890029907227,1.0820051431655884,190.70700073242188,1.2672665119171143,7.823939800262451,15586.099609375,82.88179779052734,150.4980010986328,1330.0,17.113929748535156,4.7729997634887695,0.6186893582344055,55.867000579833984,1.3433300256729126,35.9370002746582,31.601999282836914,1.3507200479507446,19.30579948425293,4.993500232696533,93.04000091552734,1
2024-02-27,0.6539598107337952,7.196300029754639,1.4651399850845337,0.9548199772834778,0.8553400039672852,389.0669860839844,163.3509979248047,11.152130126953125,1.0850930213928223,190.9669952392578,1.268455982208252,7.824220180511475,15638.5,82.85199737548828,150.5659942626953,1331.719970703125,17.08169937133789,4.775000095367432,0.6167091131210327,56.03099822998047,1.3442800045013428,35.930999755859375,31.5487003326416,1.3501299619674683,19.212600708007812,4.978899955749512,91.87000274658203,1
2024-02-28,0.6543898582458496,7.197400093078613,1.4670000076293945,0.953000009059906,0.8548099994659424,390.5889892578125,163.14700317382812,11.17078971862793,1.084481120109558,190.83399963378906,1.268166422843933,7.82450008392334,15653.0,82.94819641113281,150.4949951171875,1331.7900390625,17.066959381103516,4.760000228881836,0.6170287728309631,56.071998596191406,1.3439199924468994,35.880001068115234,31.576000213623047,1.3531700372695923,19.069400787353516,4.932400226593018,91.87000274658203,1
2024-02-29,0.6494700312614441,7.196000099182129,1.4714800119400024,0.9523100256919861,0.8560199737548828,393.1889953613281,163.24600219726562,11.18082046508789,1.0838816165924072,190.66900634765625,1.2663036584854126,7.8277997970581055,15712.2001953125,82.91190338134766,150.656005859375,1333.3800048828125,17.087299346923828,4.766499996185303,0.6097100377082825,56.21099853515625,1.345960021018982,35.95399856567383,31.647899627685547,1.3577500581741333,19.25309944152832,4.967299938201904,91.87000274658203,1
2024-03-01,0.6498401165008545,7.18720006942749,1.4665100574493408,0.9557099938392639,0.8557500243186951,392.364990234375,162.16700744628906,11.202460289001465,1.0804970264434814,189.48300170898438,1.2625465393066406,7.828390121459961,15704.0,82.910400390625,150.09500122070312,1335.199951171875,17.050060272216797,4.742000102996826,0.6085797548294067,56.165000915527344,1.3459199666976929,35.83000183105469,31.614900588989258,1.3573700189590454,19.180419921875,4.969799995422363,91.48999786376953,1
2024-03-04,0.6527883410453796,7.195799827575684,1.469349980354309,0.9577100276947021,0.8563799858093262,393.6549987792969,162.7469940185547,11.174200057983398,1.084269404411316,190.02999877929688,1.26603102684021,7.8282999992370605,15691.900390625,82.84609985351562,150.10499572753906,1330.9000244140625,17.009370803833008,4.743000030517578,0.6103813648223877,56.0099983215332,1.343809962272644,35.797000885009766,31.55929946899414,1.355239987373352,19.07699966430664,4.952700138092041,91.48999786376953,1
2024-03-05,0.6507620811462402,7.19890022277832,1.4733400344848633,0.9607999920845032,0.8552899956703186,394.66900634765625,163.31900024414062,11.2493896484375,1.0855170488357544,190.9320068359375,1.269196629524231,7.824900150299072,15766.0,82.9104995727539,150.46600341796875,1328.93994140625,16.95507049560547,4.7210001945495605,0.6096594333648682,55.96799850463867,1.3433799743652344,35.70100021362305,31.509300231933594,1.357200026512146,19.03030014038086,4.944900035858154,91.48999786376953,1
2024-03-06,0.6503900289535522,7.196000099182129,1.4752299785614014,0.9591599702835083,0.8544399738311768,393.5090026855469,162.8719940185547,11.26807975769043,1.0855995416641235,190.6199951171875,1.27048659324646,7.824379920959473,15751.5,82.88480377197266,150.0489959716797,1333.4300537109375,16.932100296020508,4.732500076293945,0.6087798476219177,55.93299865722656,1.342960000038147,35.777000427246094,31.54050064086914,1.3589999675750732,18.94070053100586,4.957099914550781,91.61000061035156,1
2024-03-07,0.6566298604011536,7.195899963378906,1.4726300239562988,0.9614400267601013,0.8557800054550171,393.635986328125,162.6840057373047,11.209959983825684,1.089953899383545,190.09100341796875,1.2735446691513062,7.823999881744385,15668.0,82.81909942626953,149.2689971923828,1327.0899658203125,16.867799758911133,4.730000019073486,0.6127901673316956,55.80699920654297,1.3384100198745728,35.58700180053711,31.464000701904297,1.3512699604034424,18.775400161743164,4.943600177764893,90.80999755859375,1
2024-03-08,0.6621301770210266,7.192299842834473,1.4731099605560303,0.9606999754905701,0.854449987411499,395.02301025390625,161.9080047607422,11.188209533691406,1.0950144529342651,189.46499633789062,1.2815583944320679,7.820400238037109,15621.0,82.7522964477539,147.8679962158203,1321.1800537109375,16.864700317382812,4.730000019073486,0.6178789138793945,55.70100021362305,1.3329499959945679,35.492000579833984,31.434799194335938,1.3451999425888062,18.66390037536621,4.933800220489502,90.80999755859375,1
2024-03-11,0.6624314785003662,7.185200214385986,1.4755500555038452,0.9602299928665161,0.8512300252914429,393.40301513671875,160.60899353027344,11.171629905700684,1.0942955017089844,188.6709747314453,1.2855123281478882,7.82036018371582,15536.2998046875,82.7520980834961,146.7740020751953,1315.97998046875,16.803619384765625,4.682000160217285,0.6179400086402893,55.56999969482422,1.3312900066375732,35.39799880981445,31.452999114990234,1.348449945449829,18.79785919189453,4.977540016174316,90.94000244140625,1
2024-03-12,0.6615506410598755,7.183800220489502,1.4731700420379639,0.9589999914169312,0.8526099920272827,394.18701171875,160.38900756835938,11.186790466308594,1.093135118484497,188.0970001220703,1.2819806337356567,7.821400165557861,15518.0,82.7782974243164,146.73199462890625,1310.5400390625,16.798969268798828,4.681000232696533,0.6170782446861267,55.29499816894531,1.3301700353622437,35.38999938964844,31.362199783325195,1.347749948501587,18.652700424194336,4.977399826049805,90.48999786376953,1
2024-03-13,0.6607297658920288,7.181000232696533,1.4743200540542603,0.9587000012397766,0.8539199829101562,398.72198486328125,161.29100036621094,11.180139541625977,1.0927767753601074,188.8719940185547,1.2795906066894531,7.824039936065674,15546.0,82.83509826660156,147.61900329589844,1311.1500244140625,16.784299850463867,4.675099849700928,0.614960789680481,55.44300079345703,1.332319974899292,35.729000091552734,31.398799896240234,1.349310040473938,18.65049934387207,4.968699932098389,91.72000122070312,1
2024-03-14,0.6627599000930786,7.186600208282471,1.4749300479888916,0.9620800018310547,0.8555499911308289,395.77099609375,161.68699645996094,11.186690330505371,1.0955302715301514,188.94000244140625,1.2802129983901978,7.823080062866211,15574.0,82.83110046386719,147.62100219726562,1313.6500244140625,16.669330596923828,4.685999870300293,0.6165000200271606,55.34700012207031,1.3318699598312378,35.612998962402344,31.406600952148438,1.3466299772262573,18.553699493408203,4.969200134277344,91.33999633789062,1
2024-03-15,0.6579297780990601,7.192200183868408,1.473289966583252,0.9623399972915649,0.8538500070571899,395.0530090332031,161.3769989013672,11.259380340576172,1.0883406400680542,188.99899291992188,1.2745835781097412,7.82204008102417,15630.0,82.9655990600586,148.29600524902344,1321.9200439453125,16.701860427856445,4.685999870300293,0.6124786734580994,55.49399948120117,1.336300015449524,35.7599983215332,31.525999069213867,1.3537700176239014,18.730600357055664,4.992700099945068,91.33999633789062,1
2024-03-18,0.6557978987693787,7.195000171661377,1.474120020866394,0.9615600109100342,0.8547599911689758,392.6619873046875,162.0970001220703,11.276599884033203,1.0882576704025269,189.6300048828125,1.2731393575668335,7.82181978225708,15639.2998046875,82.88890075683594,148.9550018310547,1329.3399658203125,16.720399856567383,4.702000141143799,0.608698308467865,55.571998596191406,1.3381099700927734,35.900001525878906,31.603700637817383,1.3546099662780762,18.749780654907227,4.968047142028809,92.5199966430664,1
2024-03-19,0.655750572681427,7.197199821472168,1.4716999530792236,0.9650300145149231,0.8542199730873108,394.635009765625,162.17300415039062,11.327500343322754,1.087393879890442,189.8040008544922,1.272718071937561,7.819429874420166,15743.0,82.86360168457031,149.1439971923828,1336.0899658203125,16.830860137939453,4.716000080108643,0.6082687973976135,55.65700149536133,1.3391900062561035,35.970001220703125,31.641000747680664,1.3534799814224243,18.943300247192383,5.029399871826172,92.5199966430664,1
2024-03-20,0.6526401042938232,7.197999954223633,1.474429965019226,0.9652199745178223,0.8540099859237671,394.3810119628906,164.05499267578125,11.330400466918945,1.0863306522369385,192.0959930419922,1.2719409465789795,7.822700023651123,15718.0,83.04239654541016,151.03500366210938,1337.02001953125,16.79990005493164,4.730000019073486,0.6048984527587891,55.84000015258789,1.3424099683761597,36.04999923706055,31.73040008544922,1.3573100566864014,18.908790588378906,5.03000020980835,91.44000244140625,1
2024-03-21,0.6597799062728882,7.1975998878479,1.4733099937438965,0.9685800075531006,0.8544099926948547,393.63800048828125,164.87899780273438,11.331279754638672,1.0937210321426392,192.93600463867188,1.2798361778259277,7.822999954223633,15687.0,83.05460357666016,150.75999450683594,1330.1099853515625,16.667699813842773,4.738500118255615,0.6089614629745483,56.0359992980957,1.3389899730682373,35.91699981689453,31.76219940185547,1.347190022468567,18.672300338745117,4.96619987487793,91.44000244140625,1
2024-03-22,0.657418966293335,7.198200225830078,1.4692800045013428,0.9750000238418579,0.8578000068664551,393.8139953613281,164.7030029296875,11.364359855651855,1.0862362384796143,191.97500610351562,1.2661913633346558,7.820799827575684,15723.5,83.22660064697266,151.63299560546875,1334.6800537109375,16.7268009185791,4.712299823760986,0.6046388149261475,55.959999084472656,1.3430999517440796,36.29100036621094,31.882999420166016,1.3526999950408936,18.81909942626953,4.9745001792907715,92.3499984741211,1
2024-03-25,0.6515804529190063,7.228099822998047,1.4710400104522705,0.9700899720191956,0.8578500151634216,396.9590148925781,163.52099609375,11.415610313415527,1.0807539224624634,190.67771911621094,1.25979483127594,7.82144021987915,15802.599609375,83.59359741210938,151.30499267578125,1343.5999755859375,16.75830078125,4.735000133514404,0.5990211963653564,56.262001037597656,1.3494800329208374,36.3390007019043,31.934999465942383,1.3611500263214111,18.985200881958008,5.000899791717529,92.12000274658203,1
2024-03-26,0.6538896560668945,7.208399772644043,1.4722599983215332,0.9748499989509583,0.8575699925422668,396.6990051269531,164.04800415039062,11.458439826965332,1.0838228464126587,191.28399658203125,1.2637910842895508,7.821420192718506,15784.0,83.41739654541016,151.3730010986328,1339.1300048828125,16.670700073242188,4.7220001220703125,0.6001608371734619,56.22999954223633,1.3458499908447266,36.34000015258789,31.733999252319336,1.3584599494934082,18.885700225830078,4.9721999168396,92.4749984741211,1
2024-03-27,0.6538982391357422,7.217700004577637,1.470960021018982,0.9788399934768677,0.8578000068664551,395.03900146484375,164.0399932861328,11.464590072631836,1.0832358598709106,191.21800231933594,1.2628495693206787,7.822969913482666,15828.0,83.34549713134766,151.52999877929688,1343.06005859375,16.63159942626953,4.718999862670898,0.6007593870162964,56.242000579833984,1.3452800512313843,36.310001373291016,31.885299682617188,1.3581000566482544,18.960399627685547,4.9756999015808105,92.47000122070312,1
2024-03-28,0.6521999835968018,7.225800037384033,1.4689600467681885,0.979200005531311,0.85698002576828,394.4179992675781,163.5290069580078,11.50275993347168,1.0813382863998413,190.80999755859375,1.261670470237732,7.823500156402588,15877.0,83.36499786376953,151.28700256347656,1349.800048828125,16.55069923400879,4.730500221252441,0.5992509126663208,56.2599983215332,1.3487099409103394,36.400001525878906,31.979400634765625,1.3586000204086304,18.924489974975586,4.990300178527832,92.44000244140625,1
2024-03-29,0.6516780853271484,7.226500034332275,1.4606499671936035,0.9724000096321106,0.8547899723052979,393.552001953125,163.41000366210938,11.542900085449219,1.0794472694396973,191.1529998779297,1.26262629032135,7.825699806213379,15877.0,83.39299774169922,151.44000244140625,1349.800048828125,16.602840423583984,4.730500221252441,0.5974700450897217,56.18000030517578,1.349810004234314,36.36000061035156,32.01810073852539,1.353600025177002,18.896699905395508,5.014100074768066,92.44000244140625,1
2024-04-01,0.6533001661300659,7.220300197601318,1.45933997631073,0.9734600186347961,0.8540099859237671,394.45001220703125,163.3939971923828,11.523480415344238,1.0792726278305054,191.3000030517578,1.2637271881103516,7.825510025024414,15848.0,83.36479949951172,151.3979949951172,1345.31005859375,16.555450439453125,4.7220001220703125,0.5986589789390564,56.15999984741211,1.3476899862289429,36.40299987792969,31.93400001525879,1.3521900177001953,18.84830093383789,5.013199806213379,92.56999969482422,1
2024-04-02,0.6487903594970703,7.229700088500977,1.4573899507522583,0.9717400074005127,0.8557400107383728,394.60699462890625,162.75100708007812,11.59570026397705,1.0737217664718628,190.1719970703125,1.2545477151870728,7.825200080871582,15945.7998046875,83.40969848632812,151.58099365234375,1355.530029296875,16.608800888061523,4.7270002365112305,0.5952416062355042,56.207000732421875,1.3525500297546387,36.59000015258789,32.01499938964844,1.3573700189590454,18.944650650024414,5.053599834442139,92.27999877929688,1
2024-04-03,0.651439905166626,7.232399940490723,1.4606000185012817,0.9775500297546387,0.8561800122261047,394.6889953613281,163.1790008544922,11.563420295715332,1.076855182647705,190.5800018310547,1.2576876878738403,7.828400135040283,15955.0,83.35030364990234,151.5399932861328,1350.72998046875,16.54990005493164,4.751999855041504,0.5969401001930237,56.301998138427734,1.351349949836731,36.571998596191406,32.03900146484375,1.3564300537109375,18.75790023803711,5.0644001960754395,92.27999877929688,1
2024-04-04,0.6568998694419861,7.234399795532227,1.465649962425232,0.9785900115966797,0.8566399812698364,392.3840026855469,164.27699279785156,11.527290344238281,1.0838346481323242,191.76100158691406,1.2651821374893188,7.828479766845703,15936.0,83.37329864501953,151.58099365234375,1344.8399658203125,16.527000427246094,4.752500057220459,0.6014711856842041,56.34299850463867,1.347890019416809,36.582000732421875,31.968700408935547,1.3523800373077393,18.65250015258789,5.038599967956543,92.44999694824219,1
2024-04-05,0.6587702035903931,7.23390007019043,1.4676799774169922,0.9769399762153625,0.857200026512146,392.0660095214844,163.94500732421875,11.536299705505371,1.0837054252624512,191.22999572753906,1.26401948928833,7.82919979095459,15904.5,83.47779846191406,151.29200744628906,1351.3599853515625,16.573200225830078,4.736999988555908,0.6027800440788269,56.6619987487793,1.3484599590301514,36.678001403808594,32.04800033569336,1.354449987411499,18.676809310913086,5.057400226593018,92.44999694824219,1
2024-04-08,0.6570215821266174,7.231400012969971,1.4733400344848633,0.9779999852180481,0.8578199744224548,389.4960021972656,164.2830047607422,11.532730102539062,1.0830481052398682,191.5,1.2625305652618408,7.828579902648926,15881.0,83.29679870605469,151.69000244140625,1350.27001953125,16.45199966430664,4.744999885559082,0.6004491448402405,56.5,1.3487999439239502,36.65999984741211,32.11119842529297,1.3604099750518799,18.712160110473633,5.054900169372559,92.56999969482422,1
2024-04-09,0.6604998111724854,7.229700088500977,1.4739700555801392,0.9830300211906433,0.8580600023269653,389.6929931640625,164.9219970703125,11.465579986572266,1.0863661766052246,192.18499755859375,1.2658709287643433,7.831699848175049,15918.0,83.26959991455078,151.84300231933594,1354.219970703125,16.314300537109375,4.75,0.6034383773803711,56.39500045776367,1.3473299741744995,36.689998626708984,32.07279968261719,1.3570799827575684,18.63089942932129,5.023900032043457,92.62000274658203,1
2024-04-10,0.662850022315979,7.2307000160217285,1.473829984664917,0.9805899858474731,0.856440007686615,390.14801025390625,164.802001953125,11.448800086975098,1.0859296321868896,192.39999389648438,1.2677645683288574,7.8304901123046875,15892.2998046875,83.22429656982422,151.77699279785156,1348.5400390625,16.383310317993164,4.745500087738037,0.6067924499511719,56.323001861572266,1.344730019569397,36.33000183105469,31.96619987487793,1.3572900295257568,18.42840003967285,5.007599830627441,92.62000274658203,1
2024-04-11,0.6507201194763184,7.231500148773193,1.4703400135040283,0.9807199835777283,0.8568000197410583,391.09698486328125,164.29200744628906,11.51791000366211,1.074171543121338,191.74000549316406,1.2537612915039062,7.835299968719482,15998.2001953125,83.4126968383789,152.96400451660156,1363.760009765625,16.452499389648438,4.745500087738037,0.5974607467651367,56.56399917602539,1.353950023651123,36.71900177001953,32.18299865722656,1.3687000274658203,18.77739906311035,5.066199779510498,92.88999938964844,1
2024-04-12,0.6540607213973999,7.235899925231934,1.4680999517440796,0.9759200215339661,0.8543400168418884,389.5580139160156,164.31700134277344,11.501399993896484,1.0726851224899292,192.31700134277344,1.2554770708084106,7.837800025939941,16007.0,83.34929656982422,153.19200134277344,1367.8399658203125,16.42609977722168,4.745500087738037,0.600121259689331,56.44900131225586,1.352810025215149,36.4109992980957,32.2244987487793,1.368690013885498,18.709800720214844,5.090400218963623,92.88999938964844,1
2024-04-15,0.6475803256034851,7.235599994659424,1.465000033378601,0.9729599952697754,0.8543999791145325,392.43701171875,163.2100067138672,11.561820030212402,1.0649627447128296,191.00999450683594,1.2461835145950317,7.837279796600342,16111.0,83.61109924316406,153.2830047607422,1379.6099853515625,16.611080169677734,4.767499923706055,0.594558596611023,56.60599899291992,1.3597999811172485,36.619998931884766,32.25400161743164,1.3758000135421753,18.857799530029297,5.117099761962891,93.30000305175781,1
2024-04-16,0.644250214099884,7.236999988555908,1.4648100137710571,0.9688100218772888,0.8536199927330017,393.9960021972656,163.8300018310547,11.561260223388672,1.0625749826431274,191.92999267578125,1.2447409629821777,7.82889986038208,16075.0,83.50599670410156,154.20599365234375,1387.6700439453125,16.694400787353516,4.776500225067139,0.5902804136276245,56.880001068115234,1.3629800081253052,36.7599983215332,32.38880157470703,1.3786300420761108,18.97052001953125,5.183700084686279,93.30000305175781,1
2024-04-17,0.6412801146507263,7.236199855804443,1.4676599502563477,0.9692400097846985,0.8543999791145325,395.0669860839844,164.29600524902344,11.612680435180664,1.0621461868286133,192.2899932861328,1.2431007623672485,7.831920146942139,16312.2001953125,83.6675033569336,154.697998046875,1387.3399658203125,17.033340454101562,4.774499893188477,0.5892091989517212,57.11600112915039,1.364609956741333,36.66600036621094,32.49789810180664,1.3818800449371338,19.005800247192383,5.2855000495910645,93.30000305175781,1
2024-04-18,0.6439813375473022,7.237400054931641,1.4693200588226318,0.9715499877929688,0.856689989566803,392.8389892578125,164.66200256347656,11.672410011291504,1.0669398307800293,192.20199584960938,1.2453765869140625,7.830090045928955,16246.0,83.5958023071289,154.3419952392578,1379.5400390625,16.956300735473633,4.790500164031982,0.5912995934486389,57.209999084472656,1.3602700233459473,36.77000045776367,32.3380012512207,1.3771799802780151,18.980899810791016,5.232600212097168,94.13999938964844,1
2024-04-19,0.6424699425697327,7.236700057983398,1.4655400514602661,0.9711300134658813,0.8558200001716614,394.0979919433594,164.5590057373047,11.678099632263184,1.0644185543060303,192.27099609375,1.2437657117843628,7.831500053405762,16220.0,83.54499816894531,154.61000061035156,1379.4000244140625,17.074960708618164,4.78249979019165,0.5903501510620117,57.209999084472656,1.3619999885559082,36.79600143432617,32.41590118408203,1.3769299983978271,19.137449264526367,5.241700172424316,93.69999694824219,1
2024-04-22,0.6425991654396057,7.2393999099731445,1.4643000364303589,0.9709600210189819,0.8611999750137329,393.9469909667969,164.80999755859375,11.643070220947266,1.065825343132019,191.36500549316406,1.2375777959823608,7.831709861755371,16210.2998046875,83.38529968261719,154.63999938964844,1373.9300537109375,17.091999053955078,4.781000137329102,0.5900297164916992,57.47600173950195,1.361299991607666,36.869998931884766,32.50400161743164,1.373900055885315,19.121599197387695,5.206200122833252,93.69999694824219,1
2024-04-23,0.6452862024307251,7.242499828338623,1.4595500230789185,0.9714999794960022,0.8626000285148621,393.9159851074219,164.9250030517578,11.593079566955566,1.065405249595642,191.18299865722656,1.2350252866744995,7.83558988571167,16246.0,83.38619995117188,154.81300354003906,1378.8399658203125,17.136980056762695,4.7754998207092285,0.5921199917793274,57.52299880981445,1.3619600534439087,37.06800079345703,32.58300018310547,1.3700499534606934,19.18004035949707,5.1656999588012695,93.0199966430664,1
2024-04-24,0.6488901376724243,7.244500160217285,1.4615999460220337,0.9757800102233887,0.8594200015068054,392.86700439453125,165.61300659179688,11.567449569702148,1.0704345703125,192.69500732421875,1.2453300952911377,7.834199905395508,16140.2001953125,83.2833023071289,154.74400329589844,1370.47998046875,16.949199676513672,4.777500152587891,0.5936902165412903,57.38999938964844,1.3603999614715576,36.887001037597656,32.503501892089844,1.3660600185394287,19.093299865722656,5.130499839782715,93.0199966430664,1
2024-04-25,0.6496999263763428,7.244200229644775,1.4662400484085083,0.9783899784088135,0.858709990978241,393.6050109863281,166.11599731445312,11.639699935913086,1.0699878931045532,193.43699645996094,1.2459505796432495,7.830699920654297,16220.0,83.3405990600586,155.25900268554688,1376.969970703125,17.070100784301758,4.776000022888184,0.593591570854187,57.87099838256836,1.361199975013733,37.04100036621094,32.62730026245117,1.370419979095459,19.21780014038086,5.145500183105469,93.47000122070312,1
2024-04-26,0.6523199677467346,7.23859977722168,1.465190052986145,0.9789299964904785,0.8575999736785889,392.8370056152344,166.9080047607422,11.672829627990723,1.072961449623108,194.61700439453125,1.2509069442749023,7.827700138092041,16202.0,83.30180358886719,155.5970001220703,1371.699951171875,17.201810836791992,4.775000095367432,0.5958410501480103,57.698001861572266,1.3590999841690063,37.00699996948242,32.53099822998047,1.3658000230789185,19.01930046081543,5.158599853515625,92.2699966430664,1
2024-04-29,0.6541398763656616,7.24459981918335,1.4620800018310547,0.9782999753952026,0.85589998960495,392.1809997558594,169.39999389648438,11.695520401000977,1.0706866979599,197.91099548339844,1.2510477304458618,7.828869819641113,16203.0,83.40229797363281,158.2239990234375,1377.0899658203125,17.16404914855957,4.764999866485596,0.5947707891464233,57.70000076293945,1.361430048942566,36.981998443603516,32.558998107910156,1.36558997631073,18.797500610351562,5.115499973297119,92.2699966430664,1
2024-04-30,0.6561899185180664,7.23769998550415,1.4643900394439697,0.9760000109672546,0.8531399965286255,391.16900634765625,167.39599609375,11.714110374450684,1.0715701580047607,196.3179931640625,1.2559815645217896,7.825500011444092,16246.0,83.45110321044922,156.31399536132812,1374.6400146484375,17.011560440063477,4.763000011444092,0.5971611142158508,57.64400100708008,1.3600599765777588,36.999000549316406,32.433998107910156,1.36667001247406,18.63031005859375,5.117000102996826,93.41999816894531,1
2024-05-01,0.6478001475334167,7.240699768066406,1.469480037689209,0.9807800054550171,0.8539699912071228,390.6419982910156,168.21499633789062,11.751350402832031,1.0666552782058716,196.98199462890625,1.2490164041519165,7.823599815368652,16273.0,83.49839782714844,157.7220001220703,1385.4599609375,17.149919509887695,4.764999866485596,0.5879517197608948,57.8129997253418,1.3652100563049316,37.17599868774414,32.613800048828125,1.3776999711990356,18.778099060058594,5.193900108337402,93.41999816894531,1
2024-05-02,0.653190016746521,7.2399001121521,1.470710039138794,0.9821699857711792,0.8547400236129761,390.125,166.8800048828125,11.69182014465332,1.0721560716629028,195.2030029296875,1.2539342641830444,7.821770191192627,16190.400390625,83.40640258789062,155.70399475097656,1375.0,16.928600311279297,4.769999980926514,0.5930107831954956,57.590999603271484,1.359969973564148,36.9640007019043,32.47600173950195,1.3723000288009644,18.543699264526367,5.194399833679199,93.26000213623047,1
2024-05-03,0.6571398973464966,7.238399982452393,1.4662799835205078,0.976170003414154,0.8555099964141846,389.14599609375,164.21600341796875,11.650679588317871,1.073306918144226,191.91299438476562,1.2540600299835205,7.81387996673584,16097.0,83.40630340576172,153.0449981689453,1364.6400146484375,16.961700439453125,4.751999855041504,0.5963882803916931,57.439998626708984,1.3537299633026123,36.79999923706055,32.34600067138672,1.3666199445724487,18.54047966003418,5.110300064086914,93.26000213623047,1
2024-05-06,0.6609079837799072,7.236199855804443,1.472890019416809,0.974590003490448,0.8578000068664551,389.1510009765625,165.2010040283203,11.638460159301758,1.0758124589920044,192.5760040283203,1.2541072368621826,7.809969902038574,16077.0,83.37999725341797,153.5659942626953,1355.050048828125,16.980260848999023,4.737500190734863,0.6007593870162964,57.12900161743164,1.3508700132369995,36.720001220703125,32.27690124511719,1.3691500425338745,18.533300399780273,5.070899963378906,93.26000213623047,1
2024-05-07,0.6623920202255249,7.208000183105469,1.4718999862670898,0.9762300252914429,0.8572700023651123,388.375,166.0780029296875,11.638509750366211,1.0767507553100586,193.7169952392578,1.2559815645217896,7.818260192871094,16034.0,83.4728012084961,154.23699951171875,1352.1700439453125,16.88334083557129,4.736999988555908,0.6009507179260254,57.1619987487793,1.3516600131988525,36.75,32.26300048828125,1.3670899868011475,18.472700119018555,5.074900150299072,91.06999969482422,1
2024-05-08,0.6589199900627136,7.218400001525879,1.4758000373840332,0.9767699837684631,0.8599200248718262,389.0069885253906,166.35699462890625,11.68120002746582,1.0750491619110107,193.44700622558594,1.25014066696167,7.820610046386719,16073.0,83.46990203857422,154.7480010986328,1357.72998046875,16.90406036376953,4.735499858856201,0.5997199416160583,57.17499923706055,1.3544000387191772,36.939998626708984,32.363800048828125,1.3733199834823608,18.49570083618164,5.073299884796143,91.06999969482422,1
2024-05-09,0.657680094242096,7.223800182342529,1.4751800298690796,0.9757800102233887,0.8601599931716919,388.4150085449219,166.99899291992188,11.721500396728516,1.0746910572052002,194.15899658203125,1.2493284940719604,7.8165998458862305,16074.0,83.46430206298828,155.41900634765625,1361.93994140625,16.9160099029541,4.739999771118164,0.6004202961921692,57.38800048828125,1.3554799556732178,36.917999267578125,32.33300018310547,1.3727200031280518,18.56555938720703,5.087900161743164,91.27999877929688,1
2024-05-10,0.6620998978614807,7.218699932098389,1.4746500253677368,0.9766899943351746,0.8607800006866455,387.75,167.53399658203125,11.6875,1.078515887260437,194.6230010986328,1.2525677680969238,7.8140997886657715,16030.0,83.45939636230469,155.38900756835938,1365.4000244140625,16.779499053955078,4.730500221252441,0.6036205291748047,57.24700164794922,1.3517999649047852,36.70000076293945,32.33879852294922,1.3677799701690674,18.451549530029297,5.1407999992370605,91.62000274658203,1
2024-05-13,0.6601008772850037,7.225800037384033,1.4730199575424194,0.9762600064277649,0.8600299954414368,387.7349853515625,167.81700134277344,11.68004035949707,1.077040672302246,195.11900329589844,1.2522854804992676,7.815000057220459,16038.0,83.5248031616211,155.8179931640625,1370.1099853515625,16.767200469970703,4.736499786376953,0.6018512845039368,57.45000076293945,1.354200005531311,36.790000915527344,32.42399978637695,1.3676999807357788,18.41230010986328,5.123260021209717,91.62000274658203,1
2024-05-14,0.6612882018089294,7.2322998046875,1.4749499559402466,0.9797999858856201,0.8592000007629395,386.6159973144531,168.58999633789062,11.694709777832031,1.079354166984558,196.24000549316406,1.2561867237091064,7.812399864196777,16121.0,83.50550079345703,156.23300170898438,1363.7900390625,16.783199310302734,4.729499816894531,0.6023406982421875,57.821998596191406,1.3524999618530273,36.7760009765625,32.371498107910156,1.366569995880127,18.341760635375977,5.154200077056885,91.62000274658203,1
2024-05-15,0.6626027226448059,7.2322998046875,1.476449966430664,0.9806200265884399,0.859279990196228,385.6180114746094,169.24099731445312,11.672320365905762,1.0814552307128906,196.94700622558594,1.2585265636444092,7.811600208282471,16102.0,83.52420043945312,156.4980010986328,1362.550048828125,16.844160079956055,4.712500095367432,0.6043282151222229,57.707000732421875,1.352020025253296,36.55699920654297,32.31370162963867,1.365280032157898,18.379100799560547,5.127799987792969,91.31999969482422,1
2024-05-16,0.6701065301895142,7.217700004577637,1.480430006980896,0.9806200265884399,0.857990026473999,385.52301025390625,168.0019989013672,11.595979690551758,1.0889805555343628,195.76699829101562,1.2690032720565796,7.807549953460693,15914.0,83.40509796142578,154.28199768066406,1353.5999755859375,16.681060791015625,4.704500198364258,0.6130606532096863,57.36899948120117,1.343559980392456,36.2599983215332,32.03129959106445,1.3596999645233154,18.249399185180664,5.133600234985352,90.74500274658203,1
2024-05-17,0.6683151721954346,7.2170000076293945,1.4795900583267212,0.9846500158309937,0.8576099872589111,386.70599365234375,168.85400390625,11.64076042175293,1.0867793560028076,196.88400268554688,1.2672007083892822,7.801270008087158,15930.7998046875,83.47010040283203,155.37899780273438,1346.0400390625,16.678159713745117,4.683000087738037,0.6124201416969299,57.37099838256836,1.3458000421524048,36.189998626708984,32.12379837036133,1.3614599704742432,18.16309928894043,5.128600120544434,90.74500274658203,1
2024-05-20,0.6700705885887146,7.222700119018555,1.4795299768447876,0.9882100224494934,0.8556699752807617,386.739013671875,169.34500122070312,11.632769584655762,1.0875475406646729,197.89999389648438,1.2706480026245117,7.802249908447266,15958.0,83.30039978027344,155.75399780273438,1353.3900146484375,16.586299896240234,4.684999942779541,0.6136701107025146,57.68000030517578,1.34483003616333,36.119998931884766,32.16400146484375,1.3607900142669678,18.152099609375,5.1020002365112305,90.74500274658203,1
2024-05-21,0.6672093272209167,7.2316999435424805,1.4795000553131104,0.9883999824523926,0.8544399738311768,385.7439880371094,169.82200622558594,11.595100402832031,1.086082935333252,198.74600219726562,1.2710840702056885,7.798699855804443,16031.0,83.31500244140625,156.3699951171875,1360.1600341796875,16.552570343017578,4.68149995803833,0.6108101606369019,58.029998779296875,1.3473399877548218,36.125,32.2057991027832,1.3621000051498413,18.150100708007812,5.103099822998047,90.29000091552734,1
2024-05-22,0.6667097806930542,7.237599849700928,1.48062002658844,0.9890999794006348,0.8539400100708008,385.30499267578125,169.60699462890625,11.605310440063477,1.0855170488357544,198.60499572753906,1.2711325883865356,7.804520130157471,16005.0,83.31680297851562,156.25100708007812,1363.4200439453125,16.606599807739258,4.690000057220459,0.6093807816505432,58.152000427246094,1.3472199440002441,36.354000091552734,32.234798431396484,1.3640300035476685,18.050399780273438,5.1219000816345215,90.31999969482422,1
2024-05-23,0.6619185209274292,7.240300178527832,1.4818799495697021,0.9907000064849854,0.8509600162506104,386.8890075683594,169.6320037841797,11.620590209960938,1.0825204849243164,199.33900451660156,1.2721028327941895,7.8038201332092285,16040.7001953125,83.26709747314453,156.70399475097656,1365.81005859375,16.661630630493164,4.690000057220459,0.6100090146064758,57.99800109863281,1.3499000072479248,36.4900016784668,32.223899841308594,1.368899941444397,18.276899337768555,5.151100158691406,90.31999969482422,1
2024-05-24,0.6601487994194031,7.241499900817871,1.4847999811172485,0.9886500239372253,0.8517199754714966,386.07501220703125,169.71400451660156,11.608559608459473,1.0812681913375854,199.22300720214844,1.2694060802459717,7.808509826660156,16095.0,83.2863998413086,156.97300720214844,1367.6199951171875,16.730369567871094,4.702000141143799,0.609730064868927,58.21500015258789,1.3517800569534302,36.63199996948242,32.22079849243164,1.3732099533081055,18.46339988708496,5.143099784851074,91.62000274658203,1
2024-05-27,0.6624007821083069,7.241499900817871,1.4826699495315552,0.991890013217926,0.8517000079154968,384.3890075683594,170.16099548339844,11.564539909362793,1.0847634077072144,199.781005859375,1.2736095190048218,7.81220006942749,16038.0,83.05220031738281,156.8699951171875,1365.7099609375,16.673799514770508,4.709000110626221,0.6121711730957031,58.18000030517578,1.3495999574661255,36.63999938964844,32.18899917602539,1.3666000366210938,18.414939880371094,5.1697998046875,91.62000274658203,1
2024-05-28,0.6655617952346802,7.241499900817871,1.4802800416946411,0.9919000267982483,0.8502900004386902,384.3609924316406,170.3470001220703,11.522290229797363,1.0861891508102417,200.3090057373047,1.2772371768951416,7.806819915771484,16071.0,83.14569854736328,156.84500122070312,1360.9300537109375,16.6623592376709,4.694499969482422,0.6152294278144836,58.08700180053711,1.3485699892044067,36.54999923706055,32.06999969482422,1.3628900051116943,18.301300048828125,5.1717000007629395,91.62000274658203,1
2024-05-29,0.6647999286651611,7.244999885559082,1.4809199571609497,0.9900400042533875,0.8505399823188782,384.2070007324219,170.6540069580078,11.478489875793457,1.0851871967315674,200.63099670410156,1.275835633277893,7.811110019683838,16117.0,83.20649719238281,157.26199340820312,1362.760009765625,16.781400680541992,4.691299915313721,0.6140695810317993,57.88600158691406,1.3483999967575073,36.573001861572266,32.17380142211914,1.3645999431610107,18.271739959716797,5.161300182342529,91.62000274658203,1
2024-05-30,0.6613699793815613,7.2494001388549805,1.481660008430481,0.9862800240516663,0.8506500124931335,387.5820007324219,170.21600341796875,11.529419898986816,1.0801819562911987,200.11900329589844,1.2697993516921997,7.813570022583008,16232.099609375,83.3656005859375,157.60800170898438,1370.550048828125,17.017580032348633,4.703000068664551,0.6113590598106384,58.430999755859375,1.3520100116729736,36.779998779296875,32.37699890136719,1.3717000484466553,18.421499252319336,5.202099800109863,89.56999969482422,1
2024-05-31,0.6630301475524902,7.233500003814697,1.4820899963378906,0.9784799814224243,0.8508800268173218,389.2030029296875,169.99600219726562,11.467029571533203,1.0835410356521606,199.78599548339844,1.27304208278656,7.817200183868408,16228.0,83.3208999633789,156.9530029296875,1375.6199951171875,17.00581932067871,4.701499938964844,0.6116507053375244,58.439998626708984,1.3496999740600586,36.680999755859375,32.35639953613281,1.3683300018310547,18.706300735473633,5.202099800109863,89.56999969482422,1
2024-06-03,0.6656903028488159,7.241000175476074,1.4780000448226929,0.9781799912452698,0.8515300154685974,389.4800109863281,170.5800018310547,11.398599624633789,1.0853049755096436,200.31100463867188,1.2743724584579468,7.819699764251709,16243.0,83.45079803466797,157.17999267578125,1382.0999755859375,16.97260093688965,4.704500198364258,0.6148586869239807,58.57500076293945,1.3506100177764893,36.75,32.46500015258789,1.3618899583816528,18.76715087890625,5.2444000244140625,90.41999816894531,1
2024-06-04,0.669008195400238,7.242000102996826,1.48649001121521,0.9762300252914429,0.8514000177383423,390.2070007324219,170.22799682617188,11.349920272827148,1.0907385349273682,199.9199981689453,1.2810165882110596,7.819900035858154,16203.0,83.09339904785156,156.0760040283203,1370.7900390625,17.700429916381836,4.704500198364258,0.6193599700927734,58.6150016784668,1.3450000286102295,36.573001861572266,32.314300537109375,1.3628699779510498,18.51609992980957,5.249000072479248,89.31999969482422,1
2024-06-05,0.6646201014518738,7.242000102996826,1.4881700277328491,0.968500018119812,0.8519499897956848,392.9909973144531,168.79600524902344,11.338640213012695,1.0881866216659546,198.1199951171875,1.2773023843765259,7.813899993896484,16276.0,83.62940216064453,155.12399291992188,1373.719970703125,17.81191062927246,4.69950008392334,0.6174706816673279,58.88399887084961,1.3466500043869019,36.55400085449219,32.328800201416016,1.3676199913024902,18.711809158325195,5.287700176239014,88.52999877929688,1
2024-06-06,0.6657789945602417,7.246699810028076,1.4885499477386475,0.9706400036811829,0.8498899936676025,390.35400390625,169.55599975585938,11.295450210571289,1.087453007698059,199.48500061035156,1.2794759273529053,7.809999942779541,16315.0,83.38079833984375,155.9290008544922,1368.739990234375,17.50349998474121,4.695499897003174,0.6196286082267761,58.74700164794922,1.3478399515151978,36.56999969482422,32.25199890136719,1.36899995803833,18.934490203857422,5.3003997802734375,89.04549407958984,1
2024-06-07,0.6669601202011108,7.244100093841553,1.4886399507522583,0.968999981880188,0.85139000415802,389.5450134277344,169.5749969482422,11.312419891357422,1.0894432067871094,199.1649932861328,1.2793285846710205,7.809319972991943,16241.7001953125,83.47309875488281,155.69700622558594,1365.25,17.879959106445312,4.691999912261963,0.6197015643119812,58.599998474121094,1.3450000286102295,36.39500045776367,32.208900451660156,1.366819977760315,18.95404052734375,5.2571001052856445,89.32048797607422,1
2024-06-10,0.6582714915275574,7.246799945831299,1.4829800128936768,0.9659600257873535,0.8467299938201904,390.0889892578125,169.0399932861328,11.372730255126953,1.0778882503509521,199.61000061035156,1.2729448080062866,7.811600208282471,16270.0,83.52760314941406,156.83299255371094,1379.050048828125,18.325849533081055,4.688499927520752,0.6106199026107788,58.69499969482422,1.3519999980926514,36.90999984741211,32.404998779296875,1.3759000301361084,18.886199951171875,5.270441055297852,88.8342514038086,1
2024-06-11,0.6608948111534119,7.246799945831299,1.4811400175094604,0.9650200009346008,0.845740020275116,392.7969970703125,169.02000427246094,11.276339530944824,1.0764262676239014,199.843994140625,1.2726370096206665,7.8119001388549805,16312.0,83.52980041503906,157.0399932861328,1373.9599609375,18.57221031188965,4.718500137329102,0.6128314733505249,58.81999969482422,1.3526999950408936,36.709999084472656,32.33399963378906,1.3761199712753296,18.721900939941406,5.352799892425537,88.8700180053711,1
2024-06-12,0.6607699394226074,7.246699810028076,1.477220058441162,0.9642199873924255,0.8428999781608582,394.99700927734375,168.7209930419922,11.258099555969238,1.0740330219268799,200.14300537109375,1.274047613143921,7.811920166015625,16305.400390625,83.5968017578125,157.10499572753906,1377.3599853515625,18.58061981201172,4.7170000076293945,0.614601731300354,58.75899887084961,1.3529599905014038,36.70800018310547,32.315799713134766,1.3754899501800537,18.541900634765625,5.3649001121521,89.24626922607422,1
2024-06-13,0.6662899851799011,7.238100051879883,1.4831000566482544,0.966949999332428,0.8450000286102295,394.7659912109375,169.52000427246094,11.222900390625,1.0813149213790894,200.63099670410156,1.27962327003479,7.808300018310547,16230.0,83.5343017578125,156.8000030517578,1370.4100341796875,18.754140853881836,4.715000152587891,0.6186816692352295,58.277000427246094,1.3479900360107422,36.619998931884766,32.20100021362305,1.372189998626709,18.361360549926758,5.401000022888184,88.9970932006836,1
2024-06-14,0.6633102893829346,7.2515997886657715,1.4757299423217773,0.9599300026893616,0.8418200016021729,396.7179870605469,168.7259979248047,11.251879692077637,1.0738831758499146,200.4199981689453,1.2755101919174194,7.810359954833984,16286.0,83.52210235595703,157.1280059814453,1373.739990234375,18.415180206298828,4.704999923706055,0.6161011457443237,58.67599868774414,1.3510700464248657,36.749000549316406,32.29899978637695,1.3740999698638916,18.415130615234375,5.361599922180176,87.87535095214844,1
2024-06-17,0.6612882018089294,7.254300117492676,1.4698699712753296,0.953249990940094,0.8438000082969666,397.8429870605469,168.60400390625,11.239999771118164,1.0702168941497803,199.80299377441406,1.2683112621307373,7.811950206756592,16479.900390625,83.55180358886719,157.54600524902344,1382.280029296875,18.455799102783203,4.7170000076293945,0.6137416958808899,58.689998626708984,1.3534899950027466,36.68000030517578,32.3489990234375,1.3732999563217163,18.338899612426758,5.3572001457214355,88.06436157226562,1
2024-06-18,0.6622077822685242,7.255000114440918,1.47284996509552,0.9541100263595581,0.8447999954223633,395.510009765625,169.36900329589844,11.242300033569336,1.0740677118301392,200.48899841308594,1.2715997695922852,7.810500144958496,16479.0,83.51010131835938,157.6999969482422,1379.06005859375,18.52090072631836,4.71750020980835,0.613800048828125,58.56700134277344,1.3509000539779663,36.810001373291016,32.30099868774414,1.3713300228118896,18.229450225830078,5.423999786376953,88.72040557861328,1
2024-06-19,0.6661200523376465,7.252699851989746,1.4730099439620972,0.9495999813079834,0.8450000286102295,393.8039855957031,169.49400329589844,11.20829963684082,1.0742292404174805,200.56199645996094,1.2707449197769165,7.8073601722717285,16379.0,83.37409973144531,157.87100219726562,1378.6099853515625,18.399099349975586,4.711999893188477,0.614058256149292,58.60499954223633,1.3511500358581543,36.641998291015625,32.34749984741211,1.3716200590133667,18.022899627685547,5.439899921417236,85.37165832519531,1
2024-06-20,0.6675300002098083,7.25629997253418,1.472499966621399,0.9505100250244141,0.8449000120162964,395.9289855957031,169.76300048828125,11.217900276184082,1.0751532316207886,200.927001953125,1.2721998691558838,7.8061299324035645,16380.900390625,83.41950225830078,157.95799255371094,1381.1500244140625,18.427440643310547,4.703999996185303,0.6139414310455322,58.755001068115234,1.3506100177764893,36.66699981689453,32.38079833984375,1.3705799579620361,17.918500900268555,5.422399997711182,83.49625396728516,1
2024-06-21,0.6660698652267456,7.259099960327148,1.4650499820709229,0.9543700218200684,0.8456100225448608,396.5769958496094,170.1510009765625,11.235210418701172,1.0706409215927124,201.20599365234375,1.2660471200942993,7.804810047149658,16491.900390625,83.60160064697266,158.93099975585938,1391.8199462890625,18.34238052368164,4.708000183105469,0.6122798919677734,58.847999572753906,1.3542300462722778,36.71699905395508,32.340999603271484,1.3684699535369873,17.970890045166016,5.452400207519531,87.37244415283203,1
2024-06-24,0.6635000109672546,7.259200096130371,1.4643100500106812,0.9559000134468079,0.8456699848175049,396.04400634765625,170.85000610351562,11.235159873962402,1.0687757730484009,202.0189971923828,1.2639029026031494,7.803299903869629,16443.0,83.5625,159.86099243164062,1388.3900146484375,18.129789352416992,4.7104997634887695,0.6111199259757996,58.86000061035156,1.3552000522613525,36.7599983215332,32.362998962402344,1.370129942893982,17.99489974975586,5.426126003265381,87.3442153930664,1
2024-06-25,0.6654599905014038,7.257699966430664,1.4657700061798096,0.9585999846458435,0.8461899757385254,394.85699462890625,171.375,11.239789962768555,1.0732723474502563,202.51300048828125,1.268343448638916,7.808000087738037,16394.099609375,83.46040344238281,159.68600463867188,1386.1099853515625,17.944719314575195,4.709000110626221,0.6120513081550598,58.685001373291016,1.3528300523757935,36.597999572753906,32.32149887084961,1.3657900094985962,18.093839645385742,5.3892998695373535,87.99541473388672,1
2024-06-26,0.6644800901412964,7.26140022277832,1.462980031967163,0.9587799906730652,0.844290018081665,395.56500244140625,171.00999450683594,11.255069732666016,1.0709619522094727,202.5399932861328,1.268399715423584,7.808899879455566,16401.0,83.41459655761719,159.68600463867188,1390.8900146484375,18.111299514770508,4.702000141143799,0.6119089722633362,58.744998931884766,1.3546899557113647,36.72999954223633,32.4734992980957,1.3661099672317505,18.23785972595215,5.450699806213379,87.4979476928711,1
2024-06-27,0.6644783020019531,7.263500213623047,1.4634499549865723,0.9579799771308899,0.8461300134658813,396.7099914550781,171.53500366210938,11.295499801635742,1.068010926246643,202.71600341796875,1.262179970741272,7.808700084686279,16434.0,83.58039855957031,160.62100219726562,1393.3800048828125,18.301000595092773,4.710000038146973,0.6080284118652344,58.93299865722656,1.3588500022888184,36.93299865722656,32.582298278808594,1.3704500198364258,18.147300720214844,5.522500038146973,88.2453842163086,1
2024-06-28,0.6650599241256714,7.267199993133545,1.4669300317764282,0.9621999859809875,0.846780002117157,396.2090148925781,172.06500244140625,11.375089645385742,1.0708472728729248,203.18899536132812,1.2645741701126099,7.809000015258789,16374.400390625,83.45089721679688,160.68699645996094,1386.949951171875,18.42976951599121,4.7170000076293945,0.6084686517715454,58.60300064086914,1.3580000400543213,36.81999969482422,32.52199935913086,1.3699300289154053,18.433900833129883,5.500500202178955,84.99630737304688,1
2024-07-01,0.6674007773399353,7.2657999992370605,1.4677499532699585,0.9664499759674072,0.8487100005149841,394.6159973144531,172.72999572753906,11.342599868774414,1.0735257863998413,203.47999572753906,1.2648621797561646,7.808629989624023,16343.0,83.36750030517578,160.90699768066406,1380.2900390625,18.265300750732422,4.715000152587891,0.6099197268486023,58.47999954223633,1.354699969291687,36.66999816894531,32.50400161743164,1.3672699928283691,18.041200637817383,5.591899871826172,85.50910186767578,1
2024-07-02,0.6654599905014038,7.266900062561035,1.4749499559402466,0.9697399735450745,0.8490200042724609,394.5119934082031,173.3990020751953,11.39663028717041,1.0737102031707764,204.22900390625,1.2645741701126099,7.812260150909424,16390.0,83.44129943847656,161.51199340820312,1383.4200439453125,18.36639976501465,4.7104997634887695,0.6064796447753906,58.73899841308594,1.3577300310134888,36.71500015258789,32.52170181274414,1.3737800121307373,18.352500915527344,5.65500020980835,86.7470474243164,1
2024-07-03,0.6668298244476318,7.269400119781494,1.4699900150299072,0.971310019493103,0.8468999862670898,394.59100341796875,173.5850067138672,11.36299991607666,1.0748412609100342,204.89999389648438,1.2690355777740479,7.813499927520752,16391.0,83.4791030883789,161.50399780273438,1383.4200439453125,18.252199172973633,4.7164998054504395,0.6082206964492798,58.777000427246094,1.3559800386428833,36.810001373291016,32.57279968261719,1.3676799535751343,18.589599609375,5.67549991607666,87.84622192382812,1
2024-07-04,0.6710900068283081,7.268599987030029,1.4711500406265259,0.972100019454956,0.8464999794960022,394.7799987792969,174.3939971923828,11.310409545898438,1.0793308019638062,206.00900268554688,1.2747784852981567,7.8084001541137695,16340.0,83.49120330810547,161.62100219726562,1385.77001953125,18.174360275268555,4.7144999504089355,0.6107205748558044,58.650001525878906,1.3532400131225586,36.6349983215332,32.621498107910156,1.3633300065994263,18.405500411987305,5.5553998947143555,88.49542999267578,1
2024-07-08,0.6746591329574585,7.2677998542785645,1.476639986038208,0.9691699743270874,0.8453099727630615,392.5249938964844,173.9029998779297,11.39050006866455,1.082602620124817,205.70899963378906,1.2806508541107178,7.8126301765441895,16245.0,83.47209930419922,160.63800048828125,1376.5699462890625,18.088279724121094,4.708000183105469,0.6141110062599182,58.5260009765625,1.3487199544906616,36.5,32.393001556396484,1.363800048828125,18.226900100708008,5.471290111541748,87.1934585571289,1
2024-07-09,0.6743202209472656,7.267099857330322,1.4761699438095093,0.9723399877548218,0.8450899720191956,394.5320129394531,174.21299743652344,11.460909843444824,1.0830950736999512,206.14199829101562,1.2815583944320679,7.809830188751221,16277.2001953125,83.45760345458984,160.85699462890625,1382.75,17.973600387573242,4.708000183105469,0.6131207942962646,58.46200180053711,1.3494999408721924,36.38999938964844,32.47100067138672,1.3629499673843384,18.088199615478516,5.470399856567383,86.61963653564453,1
2024-07-10,0.6741496920585632,7.271699905395508,1.4742100238800049,0.9706199765205383,0.8456299901008606,393.8909912109375,174.44000244140625,11.407919883728027,1.0814785957336426,206.31199645996094,1.2787723541259766,7.811800003051758,16277.0,83.49299621582031,161.33099365234375,1382.4200439453125,17.895339965820312,4.704999923706055,0.6127113103866577,58.48699951171875,1.3506300449371338,36.40999984741211,32.50749969482422,1.3630000352859497,18.13990020751953,5.417099952697754,86.4906997680664,1
2024-07-11,0.6751797795295715,7.274499893188477,1.475100040435791,0.9741700291633606,0.8428000211715698,393.26800537109375,175.0709991455078,11.42080020904541,1.083329677581787,207.7030029296875,1.285264492034912,7.810800075531006,16198.0,83.49590301513672,161.60699462890625,1382.989990234375,17.836530685424805,4.697999954223633,0.6087983250617981,58.189998626708984,1.3486900329589844,36.31999969482422,32.58689880371094,1.3617199659347534,18.097759246826172,5.414700031280518,88.34503173828125,1
2024-07-12,0.6768500804901123,7.254799842834473,1.4812500476837158,0.9742299914360046,0.8413400053977966,393.5329895019531,172.0070037841797,11.411580085754395,1.0872756242752075,204.4340057373047,1.292373776435852,7.807459831237793,16104.0,83.51850128173828,158.2010040283203,1371.27001953125,17.753259658813477,4.689499855041504,0.6094588041305542,58.15800094604492,1.342170000076294,36.02899932861328,32.38679885864258,1.3624399900436401,17.976499557495117,5.438000202178955,86.99708557128906,1
2024-07-15,0.6771998405456543,7.2494001388549805,1.485550045967102,0.9761999845504761,0.8394500017166138,392.0929870605469,172.32699584960938,11.493499755859375,1.0885539054870605,205.2689971923828,1.2966804504394531,7.807350158691406,16108.0,83.52030181884766,158.31300354003906,1374.1099853515625,17.69873046875,4.666999816894531,0.6095516681671143,58.4010009765625,1.343000054359436,36.18000030517578,32.54800033569336,1.3645999431610107,17.985000610351562,5.422800064086914,86.76679992675781,1
2024-07-16,0.6763300895690918,7.258900165557861,1.4900000095367432,0.9758999943733215,0.8402799963951111,391.0639953613281,172.33599853515625,11.552729606628418,1.0901559591293335,205.08200073242188,1.2970000505447388,7.8069000244140625,16195.0,83.58760070800781,158.14100646972656,1383.68994140625,17.71579933166504,4.669000148773193,0.6076810956001282,58.35100173950195,1.3435100317001343,36.11000061035156,32.57400131225586,1.3675999641418457,18.198299407958984,5.446800231933594,87.99429321289062,1
2024-07-17,0.6731998324394226,7.137899875640869,1.4902199506759644,0.9738699793815613,0.839959979057312,391.9419860839844,172.6179962158203,11.537139892578125,1.0902509689331055,205.48199462890625,1.29776930809021,7.807469844818115,16173.0,83.52960205078125,158.35000610351562,1382.6400146484375,17.650419235229492,4.673500061035156,0.6069099307060242,58.31700134277344,1.343999981880188,35.97600173950195,32.56330108642578,1.3669500350952148,18.02429962158203,5.424300193786621,88.49625396728516,1
2024-07-18,0.6730697751045227,7.259399890899658,1.4964599609375,0.9650700092315674,0.8410300016403198,390.8009948730469,170.29600524902344,11.537050247192383,1.094020128250122,202.48599243164062,1.3007453680038452,7.806700229644775,16138.0,83.57209777832031,155.68600463867188,1378.6500244140625,17.720199584960938,4.660999774932861,0.608061671257019,58.150001525878906,1.3393000364303589,35.867000579833984,32.49079895019531,1.3678699731826782,18.117799758911133,5.48769998550415,88.4801025390625,1
2024-07-19,0.6705500483512878,7.258900165557861,1.493589997291565,0.9673200249671936,0.8416399955749512,390.52398681640625,171.31700134277344,11.545599937438965,1.0901559591293335,203.51499938964844,1.2951691150665283,7.809999942779541,16185.0,83.67430114746094,157.14999389648438,1385.239990234375,17.958499908447266,4.664999961853027,0.6043793559074402,58.191001892089844,1.3436199426651,36.13999938964844,32.638999938964844,1.3702000379562378,18.2362003326416,5.5432000160217285,88.39669799804688,1
2024-07-21,0.6705500483512878,7.269000053405762,1.493589997291565,0.9673200249671936,0.8416399955749512,390.52398681640625,171.31700134277344,11.545599937438965,1.0901559591293335,203.51499938964844,1.2951691150665283,7.809999942779541,16184.0,83.67430114746094,157.14999389648438,1385.239990234375,17.958499908447266,4.664999961853027,0.6043793559074402,58.191001892089844,1.3436199426651,36.13999938964844,32.638999938964844,1.3702000379562378,18.2362003326416,5.611199855804443,88.39669799804688,1
2024-07-22,0.6688694953918457,7.269000053405762,1.493899941444397,0.9676700234413147,0.8427299857139587,390.2349853515625,171.5240020751953,11.611160278320312,1.089680790901184,203.5189971923828,1.2926744222640991,7.809700012207031,16184.0,83.68000030517578,157.4510040283203,1388.030029296875,17.993000030517578,4.683000087738037,0.6015399098396301,58.349998474121094,1.3445299863815308,36.33300018310547,32.79100036621094,1.3710999488830566,18.214799880981445,5.611199855804443,87.67500305175781,1
